binder_id,target_id,binder,source,A_length,af3_ipSAE_min,af3_ipSAE_max,af3_ipSAE_avg,af3_LIS,af3_iptm_avg,af3_iptm_model_0,af3_ptm_avg,af3_ipae,af3_min_pae_contact,af3_pDockQ_min,af3_pDockQ2_max,RMSD_chA_aft_chB_align_input_af3,RMSD_complex_input_af3,af3_rosetta_interface_dG,af3_rosetta_interface_dG_SASA_ratio,af3_rosetta_interface_dSASA,af3_rosetta_interface_sc,af3_rosetta_interface_packstat,af3_rosetta_surface_hydrophobicity,af3_rosetta_interface_interface_hbonds,input_rosetta_interface_sc,input_rosetta_interface_dG,input_rosetta_interface_dG_SASA_ratio,input_rosetta_interface_dSASA,input_rosetta_interface_packstat,af3_pymol_delta_SASA,af3_pymol_percent_nonpolar,af3_pymol_hbonds,af3_pymol_num_interface_residues
2bnr_04_4000_145_0_11,pMHC_NY1,0,pMHC screening NY1,104.0,0.614,0.816,0.408,0.733,0.95,0.95,0.95,3.686,0.9,0.44,0.93,1.29,1.43,-67.07,-2.58,2599.02,0.64,0.68,0.35,10.0,0.59,-58.47,-2.3,2544.23,0.61,1430.307,44.118,9.0,68.0
2bnr_05_4200_137_0_3,pMHC_NY1,0,pMHC screening NY1,123.0,0.503,0.771,0.341,0.649,0.94,0.94,0.94,4.602,1.1,0.399,0.876,1.59,2.7,-69.84,-2.43,2870.57,0.57,0.66,0.31,11.0,0.6,-73.89,-2.65,2788.16,0.66,1480.969,46.377,6.0,69.0
2bnr_16_22_3_7,pMHC_NY1,0,pMHC screening NY1,144.0,0.45,0.702,0.286,0.582,0.91,0.91,0.93,5.846,1.6,0.319,0.636,1.12,1.35,-63.66,-2.34,2725.97,0.6,0.61,0.32,9.0,0.59,-71.74,-2.59,2765.51,0.55,1488.207,52.941,4.0,68.0
2bnr_27_7_3_9_temp001_dldesign_177_af2pred,pMHC_NY1,1,pMHC screening NY2,145.0,0.657,0.872,0.444,0.721,0.95,0.95,0.95,3.654,0.8,0.456,0.941,1.07,1.45,-68.95,-2.45,2810.75,0.65,0.72,0.4,7.0,0.66,-73.29,-2.54,2889.59,0.64,1445.543,44.444,10.0,72.0
2bnr_27_7_3_9_temp001_dldesign_284_af2pred,pMHC_NY1,0,pMHC screening NY2,145.0,0.63,0.843,0.413,0.696,0.94,0.94,0.95,4.188,0.9,0.451,0.929,2.0,1.78,-68.83,-2.49,2769.81,0.63,0.69,0.37,12.0,0.6,-71.84,-2.42,2967.88,0.69,1540.016,43.243,10.0,74.0
2bnr_27_7_3_9_temp01_dldesign_172_af2pred,pMHC_NY1,1,pMHC screening NY2,145.0,0.66,0.877,0.445,0.72,0.95,0.95,0.95,3.683,0.8,0.457,0.944,1.18,1.61,-73.23,-2.51,2919.97,0.67,0.74,0.43,10.0,0.69,-74.99,-2.55,2939.93,0.7,1475.125,43.478,10.0,69.0
2bnr_27_7_3_9_temp01_dldesign_566_af2pred,pMHC_NY1,0,pMHC screening NY2,145.0,0.586,0.82,0.382,0.678,0.93,0.94,0.94,4.469,1.0,0.424,0.906,1.1,1.41,-65.06,-2.26,2876.77,0.58,0.68,0.19,11.0,0.64,-67.01,-2.35,2852.22,0.66,1505.709,41.667,8.0,72.0
2bnr_27_7_3_9_temp01_dldesign_638_af2pred,pMHC_NY1,1,pMHC screening NY2,145.0,0.62,0.856,0.414,0.708,0.95,0.95,0.95,3.949,0.9,0.432,0.933,1.18,1.56,-71.89,-2.54,2834.84,0.69,0.64,0.27,11.0,0.66,-72.79,-2.52,2883.61,0.66,1424.654,42.647,9.0,68.0
AKAP9_binder_10_dldesign_0_af2pred,pMHC_SILSY1,0,pMHC screening SILSY1,124.0,0.628,0.844,0.405,0.704,0.94,0.95,0.95,3.808,0.9,0.403,0.939,1.74,2.79,-62.14,-2.2,2826.66,0.63,0.67,0.36,17.0,0.63,-72.04,-2.41,2988.23,0.67,1509.955,36.486,11.0,74.0
AKAP9_binder_17,pMHC_SILSY1,0,pMHC screening SILSY1,124.0,0.496,0.693,0.311,0.599,0.92,0.92,0.93,5.12,1.3,0.372,0.835,2.36,3.14,-67.16,-2.33,2881.34,0.6,0.67,0.31,6.0,0.63,-76.71,-2.65,2891.55,0.69,1528.053,44.444,6.0,72.0
AKAP9_binder_20_dldesign_27_af2pred,pMHC_SILSY1,0,pMHC screening SILSY1,124.0,0.668,0.868,0.442,0.735,0.95,0.96,0.95,3.425,0.9,0.432,0.943,1.17,1.4,-75.15,-2.6,2891.14,0.66,0.66,0.27,9.0,0.68,-79.24,-2.57,3078.05,0.66,1684.508,37.333,12.0,75.0
AKAP9_binder_22_renumb_84_dldesign_0_af2pred,pMHC_SILSY1,0,pMHC screening SILSY1,124.0,0.529,0.706,0.326,0.601,0.93,0.93,0.94,5.21,1.1,0.392,0.863,1.05,1.16,-63.43,-2.08,3055.45,0.62,0.62,0.4,11.0,0.61,-61.38,-2.13,2875.09,0.62,1708.037,35.897,16.0,78.0
AKAP9_binder_26,pMHC_SILSY1,0,pMHC screening SILSY1,124.0,0.504,0.725,0.325,0.575,0.93,0.93,0.94,5.046,1.2,0.4,0.822,1.27,2.34,-67.58,-2.24,3015.55,0.61,0.62,0.3,16.0,0.62,-59.9,-2.03,2955.23,0.66,1563.305,40.278,12.0,72.0
AKAP9_binder_30_dldesign_21_af2pred,pMHC_SILSY1,0,pMHC screening SILSY1,146.0,0.491,0.735,0.313,0.51,0.93,0.93,0.94,5.921,1.1,0.403,0.815,0.9,1.47,-64.82,-2.11,3075.44,0.64,0.59,0.52,7.0,0.63,-74.33,-2.43,3059.51,0.6,1627.055,50.602,7.0,83.0
EHEE_rd4_0110_min_rise1_21_000000015_0001,VirB8,0,Cao et al VirB8,40.0,0.069,0.086,0.023,0.221,0.5,0.59,0.81,11.438,4.7,0.146,0.099,40.37,24.88,-47.0,-2.79,1683.25,0.64,0.63,0.38,4.0,0.79,-56.78,-4.34,1307.41,0.74,838.399,55.0,2.0,40.0
Grafting_Motif0040_ems_3hM_3083_0001_0002,FGFR2,0,Cao et al FGFR2,62.0,0.014,0.025,0.013,0.116,0.31,0.37,0.64,14.793,25.0,0.062,0.036,24.09,29.68,-37.29,-2.54,1466.21,0.62,0.54,0.11,3.0,0.79,-68.65,-4.0,1715.34,0.72,816.455,42.857,6.0,42.0
Grafting_Motif0042_ems_3hM_148_0001,FGFR2,0,Cao et al FGFR2,61.0,0.015,0.042,0.013,0.13,0.38,0.39,0.66,14.924,7.5,0.178,0.047,18.81,17.57,-39.95,-2.28,1749.27,0.64,0.55,0.17,4.0,0.72,-57.64,-3.64,1585.44,0.71,877.796,52.381,4.0,42.0
Grafting_Motif0042_ems_3hM_1661_0001,FGFR2,0,Cao et al FGFR2,64.0,0.11,0.116,0.062,0.266,0.41,0.51,0.67,10.732,25.0,0.184,0.124,4.3,6.27,-36.85,-2.66,1386.55,0.62,0.63,0.03,2.0,0.72,-69.96,-3.45,2025.95,0.64,852.795,51.282,2.0,39.0
Grafting_Motif0042_ems_3hM_257_0001,FGFR2,0,Cao et al FGFR2,64.0,0.015,0.016,0.014,0.151,0.28,0.3,0.62,15.67,25.0,0.124,0.034,21.8,23.14,-39.41,-2.71,1454.13,0.52,0.61,0.13,3.0,0.73,-64.78,-3.92,1651.73,0.73,818.093,43.182,4.0,44.0
Grafting_Motif0072_ems_4hM_3622_0001_0001_0003,FGFR2,0,Cao et al FGFR2,63.0,0.015,0.015,0.013,0.132,0.29,0.32,0.63,15.091,25.0,0.119,0.024,14.67,10.69,-53.54,-3.15,1698.37,0.71,0.63,0.11,2.0,0.7,-78.92,-3.89,2031.23,0.67,1064.448,53.191,4.0,47.0
Grafting_Motif0253_bcov_4helix_03939_0001,FGFR2,0,Cao et al FGFR2,65.0,0.699,0.708,0.397,0.686,0.87,0.87,0.87,4.848,1.1,0.377,0.712,18.08,21.58,-46.84,-2.6,1800.69,0.76,0.6,0.22,4.0,0.71,-53.87,-3.27,1645.66,0.65,994.388,48.98,2.0,49.0
Grafting_Motif0263_ems_3hC_984_0001,FGFR2,0,Cao et al FGFR2,63.0,0.098,0.128,0.042,0.216,0.4,0.5,0.66,11.099,5.1,0.263,0.092,4.14,5.11,-44.4,-3.05,1454.67,0.73,0.68,0.24,3.0,0.76,-66.06,-3.81,1733.57,0.71,898.138,52.381,2.0,42.0
Grafting_Motif0272_ems_3hM_3297_0001,FGFR2,0,Cao et al FGFR2,62.0,0.019,0.041,0.017,0.227,0.3,0.31,0.63,13.942,5.0,0.102,0.041,2.05,3.17,-45.34,-2.95,1536.43,0.64,0.63,0.07,2.0,0.68,-59.37,-3.43,1731.11,0.72,706.105,51.429,2.0,35.0
Grafting_Motif0324_ems_3hM_2622_0001_0002,FGFR2,0,Cao et al FGFR2,63.0,0.014,0.018,0.012,0.117,0.29,0.3,0.63,14.335,25.0,0.093,0.037,19.56,21.15,-32.92,-2.19,1503.21,0.54,0.52,0.06,0.0,0.68,-64.75,-3.69,1754.51,0.65,806.029,53.659,1.0,41.0
Grafting_Motif0355_bcov_4helix_05147_0001_0002,FGFR2,0,Cao et al FGFR2,65.0,0.016,0.016,0.014,0.166,0.31,0.32,0.62,13.95,25.0,0.061,0.047,21.73,21.6,-31.46,-2.55,1235.4,0.59,0.61,0.13,2.0,0.77,-64.87,-3.55,1828.59,0.68,740.335,50.0,2.0,34.0
Grafting_Motif0388_bcov_4helix_11672_0001_0002,FGFR2,0,Cao et al FGFR2,65.0,0.018,0.064,0.014,0.151,0.41,0.42,0.65,12.821,25.0,0.11,0.045,18.54,21.38,-35.41,-2.51,1411.14,0.64,0.66,0.2,2.0,0.66,-57.47,-3.15,1824.13,0.69,811.154,46.154,1.0,39.0
Grafting_Motif0612_p1_14H_GBL_16H_GABBL_15H_0265_0001_0001_0001_0001_0002,FGFR2,0,Cao et al FGFR2,53.0,0.099,0.131,0.049,0.264,0.43,0.47,0.69,10.65,4.5,0.1,0.129,9.83,10.15,-34.23,-2.85,1201.98,0.69,0.6,0.17,1.0,0.75,-75.89,-3.82,1986.04,0.71,707.078,55.882,1.0,34.0
Grafting_Motif0666_bcov_4helix_01991_0001,FGFR2,0,Cao et al FGFR2,65.0,0.014,0.017,0.012,0.106,0.3,0.31,0.63,15.394,7.8,0.09,0.027,19.03,24.95,-43.94,-2.63,1671.06,0.54,0.59,0.25,6.0,0.68,-61.73,-3.36,1838.22,0.67,900.951,54.167,3.0,48.0
Grafting_Motif0666_bcov_4helix_07438_0001,FGFR2,0,Cao et al FGFR2,65.0,0.015,0.018,0.013,0.117,0.25,0.27,0.59,16.5,25.0,0.049,0.024,20.33,20.56,-38.33,-2.78,1376.73,0.56,0.6,0.2,1.0,0.72,-66.4,-3.36,1977.27,0.68,767.502,52.5,2.0,40.0
Grafting_Motif0713_ems_3hM_2074_0001,FGFR2,0,Cao et al FGFR2,64.0,0.019,0.025,0.014,0.152,0.29,0.34,0.61,14.942,25.0,0.1,0.038,23.75,24.69,-38.46,-2.97,1293.87,0.71,0.63,0.07,2.0,0.71,-64.67,-3.59,1803.57,0.68,723.889,53.846,2.0,39.0
Grafting_Motif1196_HHH_eva_0404_0001_0002,FGFR2,0,Cao et al FGFR2,61.0,0.16,0.17,0.097,0.26,0.51,0.56,0.71,10.132,5.4,0.232,0.125,23.52,17.68,-44.39,-2.52,1758.87,0.7,0.57,0.17,2.0,0.71,-68.42,-3.55,1928.77,0.69,959.842,48.889,4.0,45.0
HEEHE_3366_000000012_0001,FGFR2,0,Cao et al FGFR2,65.0,0.644,0.717,0.345,0.636,0.83,0.84,0.87,5.065,1.1,0.368,0.741,3.23,2.83,-52.12,-3.38,1543.25,0.71,0.67,0.17,1.0,0.7,-73.03,-4.02,1815.57,0.68,771.73,53.659,2.0,41.0
IL7Ra_binder_AF2_10,IL7Ra,0,IL7Ra Watson et al,84.0,0.014,0.019,0.013,0.123,0.45,0.46,0.74,15.591,8.3,0.158,0.062,27.8,36.92,-39.34,-2.4,1639.91,0.49,0.46,0.07,5.0,0.7,-55.87,-3.34,1672.69,0.6,720.977,46.341,3.0,41.0
IL7Ra_binder_AF2_19,IL7Ra,0,IL7Ra Watson et al,74.0,0.483,0.625,0.269,0.503,0.8,0.8,0.87,6.354,1.8,0.186,0.688,2.34,3.94,-44.15,-2.57,1719.57,0.55,0.58,0.1,5.0,0.53,-57.85,-2.87,2012.58,0.53,770.532,39.474,2.0,38.0
IL7Ra_binder_AF2_23,IL7Ra,1,IL7Ra Watson et al,78.0,0.638,0.707,0.37,0.585,0.86,0.86,0.89,5.332,1.2,0.273,0.789,2.06,2.69,-47.46,-3.09,1536.23,0.58,0.5,0.08,7.0,0.65,-49.86,-3.06,1629.14,0.54,844.568,43.59,5.0,39.0
IL7Ra_binder_AF2_5,IL7Ra,0,IL7Ra Watson et al,85.0,0.602,0.654,0.334,0.551,0.84,0.84,0.87,5.93,1.4,0.329,0.77,4.52,4.69,-45.0,-2.78,1620.57,0.62,0.63,0.07,6.0,0.66,-50.77,-2.89,1754.61,0.61,796.235,47.5,5.0,40.0
IL7Ra_binder_AF2_60,IL7Ra,0,IL7Ra Watson et al,65.0,0.495,0.63,0.276,0.539,0.83,0.83,0.88,5.713,1.8,0.302,0.678,1.13,1.84,-37.64,-2.21,1704.12,0.63,0.63,0.15,2.0,0.61,-39.32,-2.4,1635.25,0.52,878.852,48.889,2.0,45.0
IL7Ra_binder_AF2_61,IL7Ra,1,IL7Ra Watson et al,83.0,0.578,0.678,0.357,0.565,0.82,0.82,0.88,5.689,1.5,0.242,0.75,4.11,6.16,-47.92,-2.65,1805.39,0.58,0.61,0.11,11.0,0.59,-50.76,-2.84,1785.23,0.65,926.678,43.75,11.0,48.0
IL7Ra_binder_AF2_81,IL7Ra,0,IL7Ra Watson et al,65.0,0.603,0.702,0.299,0.566,0.87,0.87,0.88,5.828,1.2,0.261,0.806,2.1,2.15,-41.74,-2.5,1669.69,0.61,0.58,0.3,4.0,0.69,-53.68,-3.37,1593.52,0.63,738.156,43.59,5.0,39.0
Insulin_receptor_binder_AF2_16,InsulinR,0,InsulinR Watson et al,89.0,0.606,0.66,0.399,0.607,0.83,0.84,0.9,4.941,1.9,0.317,0.761,1.6,1.4,-45.58,-2.38,1914.55,0.64,0.64,0.13,4.0,0.67,-46.12,-2.44,1893.93,0.57,1001.655,39.216,8.0,51.0
Insulin_receptor_binder_AF2_52,InsulinR,0,InsulinR Watson et al,99.0,0.251,0.273,0.168,0.282,0.55,0.57,0.78,9.15,3.8,0.219,0.286,1.49,1.69,-36.61,-2.31,1587.13,0.51,0.57,0.17,4.0,0.66,-45.39,-2.73,1659.7,0.65,970.45,37.5,9.0,48.0
Insulin_receptor_binder_AF2_59,InsulinR,0,InsulinR Watson et al,63.0,0.489,0.681,0.282,0.583,0.77,0.79,0.86,5.882,1.5,0.111,0.798,7.06,6.2,-41.48,-3.16,1311.56,0.71,0.6,0.22,4.0,0.56,-32.41,-2.22,1457.39,0.59,695.703,51.351,7.0,37.0
Insulin_receptor_binder_AF2_60,InsulinR,1,InsulinR Watson et al,85.0,0.419,0.472,0.27,0.468,0.75,0.75,0.86,7.07,2.4,0.384,0.562,4.28,3.16,-64.4,-2.93,2201.15,0.63,0.57,0.07,9.0,0.78,-65.53,-3.43,1911.12,0.61,1313.835,37.288,6.0,59.0
Insulin_receptor_binder_AF2_71,InsulinR,0,InsulinR Watson et al,87.0,0.61,0.658,0.389,0.607,0.83,0.83,0.89,5.327,1.8,0.364,0.761,2.3,2.32,-48.43,-2.41,2011.74,0.67,0.54,0.15,7.0,0.7,-55.7,-3.17,1758.2,0.65,1085.601,45.283,8.0,53.0
Insulin_receptor_binder_AF2_81,InsulinR,0,InsulinR Watson et al,65.0,0.615,0.781,0.376,0.611,0.85,0.85,0.9,4.992,1.1,0.232,0.804,2.45,2.49,-44.4,-2.97,1495.82,0.69,0.72,0.16,3.0,0.63,-36.69,-2.66,1380.19,0.56,885.706,42.222,9.0,45.0
Insulin_receptor_binder_AF2_88,InsulinR,0,InsulinR Watson et al,85.0,0.458,0.477,0.278,0.482,0.76,0.77,0.85,6.745,2.4,0.27,0.555,1.34,1.99,-60.36,-2.8,2156.68,0.5,0.6,0.09,7.0,0.62,-59.98,-2.83,2121.76,0.56,1223.142,43.333,14.0,60.0
Motif0003_HEEHE_3227_0001_7763_0001,FGFR2,0,Cao et al FGFR2,65.0,0.313,0.353,0.145,0.342,0.6,0.65,0.74,8.756,2.6,0.201,0.239,20.74,18.72,-49.23,-3.22,1527.46,0.64,0.64,0.26,4.0,0.73,-76.24,-4.13,1847.39,0.61,846.434,50.0,2.0,38.0
Motif0004_HEEHE_0874_0001_0001_900_0001,FGFR2,0,Cao et al FGFR2,65.0,0.016,0.028,0.014,0.166,0.34,0.36,0.64,13.922,25.0,0.182,0.04,23.14,16.8,-42.09,-2.38,1768.19,0.6,0.6,0.09,3.0,0.78,-75.48,-4.04,1866.14,0.67,971.438,53.191,4.0,47.0
Motif0005_HEEHE_0687_0001_0002_3617_0001,FGFR2,0,Cao et al FGFR2,65.0,0.591,0.654,0.326,0.604,0.83,0.84,0.86,5.226,1.4,0.44,0.75,4.29,2.46,-54.71,-3.03,1808.15,0.77,0.62,0.1,1.0,0.7,-67.59,-3.34,2022.96,0.67,963.34,53.488,7.0,43.0
Motif0005_HEEHE_1712_0001_0002_6532_0001,FGFR2,0,Cao et al FGFR2,65.0,0.601,0.717,0.336,0.601,0.82,0.82,0.86,5.591,1.0,0.255,0.691,3.82,3.65,-50.02,-3.15,1590.32,0.78,0.64,0.14,2.0,0.8,-61.8,-3.59,1720.33,0.7,772.962,52.5,2.0,40.0
Motif0023_HEEHE_1360_0001_2317_0001,FGFR2,0,Cao et al FGFR2,65.0,0.013,0.015,0.012,0.088,0.24,0.28,0.6,16.776,25.0,0.052,0.032,14.62,9.97,-30.79,-2.76,1113.98,0.65,0.63,0.27,0.0,0.76,-80.07,-3.97,2018.3,0.69,575.814,58.621,0.0,29.0
Motif0041_HEEHE_1936_0001_0001_2858_0001,FGFR2,0,Cao et al FGFR2,65.0,0.014,0.028,0.013,0.12,0.33,0.38,0.65,13.994,25.0,0.095,0.041,15.97,12.24,-44.16,-3.23,1367.53,0.66,0.58,0.29,3.0,0.72,-68.89,-3.58,1921.91,0.6,752.411,57.895,6.0,38.0
Motif0063_ems_3hM_75_0001_7199_0001,FGFR2,0,Cao et al FGFR2,61.0,0.017,0.018,0.014,0.133,0.28,0.32,0.62,15.061,25.0,0.145,0.038,22.49,20.35,-35.83,-2.46,1456.79,0.6,0.7,0.03,4.0,0.76,-61.72,-3.61,1711.04,0.71,872.521,53.488,5.0,43.0
Motif0082_ems_3hM_3092_0001_0001_2399_0001,FGFR2,0,Cao et al FGFR2,63.0,0.015,0.016,0.012,0.101,0.29,0.31,0.62,16.053,25.0,0.133,0.038,26.03,25.66,-37.05,-2.48,1491.46,0.65,0.57,0.12,3.0,0.68,-64.04,-3.66,1747.58,0.64,892.248,58.974,6.0,39.0
Motif0092_bcov_4helix_12405_0001_0001,EGFR,0,Cao et al EGFR,65.0,0.039,0.067,0.014,0.137,0.44,0.44,0.8,13.241,6.1,0.103,0.066,9.6,5.53,-26.06,-1.74,1495.48,0.56,0.64,0.21,2.0,0.69,-52.75,-3.16,1670.94,0.65,807.821,50.0,3.0,44.0
Motif0138_ems_3hM_411_0001_0001,EGFR,0,Cao et al EGFR,62.0,0.07,0.088,0.033,0.154,0.46,0.5,0.82,10.984,25.0,0.199,0.067,5.88,10.17,-32.01,-1.69,1895.77,0.45,0.59,0.04,4.0,0.8,-57.84,-3.38,1710.41,0.67,1079.874,38.0,8.0,50.0
Motif0141_ems_3hM_2999_0001,SARS_CoV2_RBD,0,Cao et al SARS_CoV2_RBD,63.0,0.0,0.0,0.0,0.0,0.25,0.28,0.73,20.45,25.0,0.0,0.0,20.44,31.18,-30.43,-1.71,1777.82,0.56,0.62,0.0,3.0,0.7,-59.36,-3.13,1895.11,0.67,1054.972,39.216,9.0,51.0
Motif0158_bcov_4helix_05715_0001_268_0001,FGFR2,0,Cao et al FGFR2,65.0,0.016,0.018,0.014,0.159,0.29,0.3,0.61,15.307,25.0,0.062,0.04,18.97,22.62,-36.62,-2.67,1369.38,0.57,0.63,0.21,0.0,0.79,-63.35,-3.39,1870.34,0.69,732.916,51.282,0.0,39.0
Motif0164_bcov_4helix_00208_0001_0001,EGFR,0,Cao et al EGFR,65.0,0.0,0.0,0.0,0.0,0.17,0.21,0.72,22.487,25.0,0.0,0.0,17.48,22.68,-12.96,-1.71,757.94,0.5,0.58,0.25,2.0,0.69,-62.77,-3.32,1890.24,0.62,472.463,50.0,1.0,24.0
Motif0225_bcov_4helix_07465_0001_0001_338_0001,FGFR2,0,Cao et al FGFR2,65.0,0.012,0.015,0.012,0.08,0.29,0.31,0.63,15.629,25.0,0.099,0.039,20.47,23.59,-21.59,-1.81,1194.75,0.56,0.62,0.22,1.0,0.71,-65.41,-3.94,1661.19,0.7,651.89,47.059,1.0,34.0
Motif0242_HHH_eva_0478_0001_6559_0001,FGFR2,0,Cao et al FGFR2,52.0,0.271,0.404,0.176,0.502,0.69,0.71,0.8,7.097,2.6,0.192,0.615,16.71,18.08,-36.86,-2.98,1236.45,0.64,0.69,0.24,0.0,0.78,-67.09,-3.67,1829.66,0.68,661.819,51.613,2.0,31.0
Motif0364_ems_3hM_1815_0001_0001_0001,EGFR,0,Cao et al EGFR,62.0,0.013,0.016,0.012,0.104,0.27,0.29,0.77,17.545,25.0,0.123,0.029,18.57,23.46,-24.83,-2.04,1217.03,0.72,0.6,0.09,3.0,0.64,-59.07,-3.3,1787.97,0.62,683.338,45.714,2.0,35.0
Motif0524_ems_3hM_2617_0001_0002_0001,EGFR,0,Cao et al EGFR,61.0,0.498,0.716,0.316,0.517,0.82,0.83,0.9,5.554,1.7,0.418,0.63,8.91,10.42,-42.21,-2.53,1668.1,0.69,0.66,0.07,6.0,0.73,-58.81,-3.19,1842.69,0.66,958.946,48.936,7.0,47.0
Motif0563_ems_3hM_1673_0001_0001,EGFR,0,Cao et al EGFR,60.0,0.226,0.377,0.126,0.242,0.63,0.65,0.86,9.114,3.5,0.182,0.357,9.43,12.0,-35.62,-2.35,1514.28,0.68,0.64,0.1,3.0,0.73,-57.35,-3.34,1719.45,0.65,760.629,57.143,2.0,42.0
Motif0573_bcov_4helix_04331_0001,SARS_CoV2_RBD,0,Cao et al SARS_CoV2_RBD,65.0,0.0,0.0,0.0,0.0,0.29,0.3,0.73,20.177,25.0,0.0,0.0,16.89,51.92,-34.45,-1.94,1771.48,0.46,0.66,0.28,10.0,0.74,-51.38,-3.03,1696.22,0.68,814.594,32.558,7.0,43.0
Motif0582_ems_3hM_1213_0001_0001_2146_0001,FGFR2,0,Cao et al FGFR2,63.0,0.065,0.111,0.029,0.195,0.38,0.45,0.66,13.037,4.9,0.077,0.116,23.92,22.07,-41.17,-3.39,1213.31,0.76,0.62,0.1,0.0,0.68,-71.83,-3.7,1943.81,0.61,693.86,51.515,1.0,33.0
Motif0612_bcov_4helix_11045_0001_2960_0001,FGFR2,0,Cao et al FGFR2,65.0,0.244,0.264,0.133,0.316,0.58,0.63,0.74,8.529,3.1,0.26,0.254,18.58,21.81,-42.66,-2.89,1475.41,0.63,0.59,0.19,3.0,0.79,-66.15,-3.83,1729.08,0.69,812.752,55.814,4.0,43.0
Motif1004_bcov_4helix_09701_0001_0001_9637_0001,FGFR2,0,Cao et al FGFR2,65.0,0.012,0.013,0.011,0.06,0.2,0.22,0.59,17.587,25.0,0.054,0.019,17.47,14.43,-22.41,-2.45,913.7,0.63,0.54,0.17,2.0,0.79,-68.76,-4.14,1662.53,0.68,551.033,50.0,1.0,32.0
Motif1005_HEEHE_2487_0001_0001_5903_0001,FGFR2,0,Cao et al FGFR2,65.0,0.015,0.038,0.013,0.125,0.35,0.42,0.65,13.798,25.0,0.122,0.043,18.72,17.98,-28.87,-2.28,1265.49,0.55,0.63,0.13,2.0,0.76,-65.22,-3.69,1769.08,0.68,771.095,45.946,0.0,37.0
Motif1005_ems_3hM_1050_0001_0001_1362_0001,FGFR2,1,Cao et al FGFR2,60.0,0.019,0.039,0.016,0.203,0.29,0.32,0.62,14.317,25.0,0.159,0.037,20.38,17.3,-27.91,-1.65,1696.23,0.47,0.65,0.1,1.0,0.77,-71.71,-3.77,1900.36,0.58,963.777,47.917,1.0,48.0
Motif1011_ems_3hM_2393_0001_0001_6766_0001,FGFR2,0,Cao et al FGFR2,62.0,0.017,0.029,0.014,0.178,0.32,0.33,0.63,13.951,6.5,0.066,0.046,22.92,27.71,-42.48,-3.02,1407.6,0.66,0.56,0.2,1.0,0.75,-61.89,-3.64,1698.85,0.64,697.052,60.0,1.0,35.0
Motif1023_ems_3hC_369_0001_0001_2901_0001,FGFR2,0,Cao et al FGFR2,62.0,0.02,0.022,0.016,0.187,0.3,0.33,0.63,13.985,6.0,0.134,0.056,3.7,4.05,-37.1,-2.74,1354.75,0.66,0.56,0.07,2.0,0.77,-65.76,-4.08,1613.41,0.72,693.713,50.0,2.0,38.0
Motif1031_HEEHE_0581_0001_3234_0001,FGFR2,0,Cao et al FGFR2,65.0,0.609,0.691,0.347,0.588,0.83,0.84,0.86,5.765,1.0,0.299,0.794,3.12,3.29,-48.38,-3.69,1309.96,0.75,0.76,0.1,3.0,0.64,-61.65,-3.72,1658.28,0.64,648.452,58.333,1.0,36.0
Motif1031_HEEHE_1173_0001_9065_0001,FGFR2,0,Cao et al FGFR2,65.0,0.135,0.143,0.037,0.202,0.45,0.5,0.69,10.853,25.0,0.114,0.118,22.82,19.3,-30.6,-2.3,1329.49,0.58,0.57,0.18,2.0,0.79,-69.37,-3.91,1776.18,0.72,815.657,48.837,1.0,43.0
Motif1031_HEEHE_3018_0001_2620_0001,FGFR2,0,Cao et al FGFR2,65.0,0.016,0.033,0.014,0.128,0.33,0.34,0.64,15.321,25.0,0.073,0.047,21.0,26.39,-41.74,-3.03,1376.66,0.65,0.67,0.19,1.0,0.75,-73.82,-3.72,1984.54,0.62,702.005,63.636,1.0,33.0
Motif1050_HEEHE_3016_0001_123_0001,FGFR2,0,Cao et al FGFR2,65.0,0.049,0.072,0.02,0.222,0.35,0.4,0.65,12.977,25.0,0.149,0.062,21.63,20.52,-37.92,-2.95,1284.01,0.69,0.64,0.16,3.0,0.75,-69.99,-3.72,1883.53,0.64,781.249,57.895,1.0,38.0
Motif1056_ems_3hC_1321_0002_0001_8084_0001,FGFR2,0,Cao et al FGFR2,63.0,0.016,0.019,0.013,0.121,0.27,0.3,0.62,15.655,25.0,0.082,0.034,17.96,16.99,-23.98,-1.79,1341.44,0.61,0.53,0.18,3.0,0.71,-61.16,-3.5,1747.17,0.62,710.443,51.515,1.0,33.0
Motif1061_HEEHE_1392_0001_4186_0001,FGFR2,0,Cao et al FGFR2,65.0,0.359,0.416,0.214,0.406,0.69,0.7,0.79,7.545,2.2,0.236,0.388,3.2,3.7,-64.49,-3.93,1639.28,0.72,0.64,0.2,6.0,0.7,-61.44,-3.66,1676.6,0.66,813.508,51.163,7.0,43.0
Motif1062_ems_3hM_446_0001_0002_2042_0001,FGFR2,0,Cao et al FGFR2,62.0,0.015,0.021,0.014,0.156,0.33,0.35,0.64,13.034,25.0,0.122,0.06,18.67,24.21,-35.82,-2.5,1432.32,0.59,0.61,0.25,0.0,0.8,-69.38,-3.95,1756.91,0.68,778.282,52.632,1.0,38.0
Motif1069_HHH_eva_0468_0001_1304_0001,FGFR2,1,Cao et al FGFR2,54.0,0.231,0.297,0.134,0.391,0.64,0.66,0.77,7.786,3.1,0.347,0.293,2.71,3.41,-42.0,-2.84,1477.75,0.67,0.58,0.13,5.0,0.73,-53.97,-3.12,1730.6,0.72,788.658,60.976,2.0,41.0
Motif1078_HEEHE_3164_0001_0001_5966_0001,FGFR2,0,Cao et al FGFR2,65.0,0.299,0.375,0.164,0.404,0.67,0.68,0.77,8.131,2.3,0.183,0.392,23.72,20.33,-36.15,-3.03,1192.83,0.69,0.63,0.23,0.0,0.75,-66.91,-3.49,1917.43,0.71,670.634,55.556,0.0,36.0
Motif1091_HHH_eva_0026_0001_0001_3543_0001,FGFR2,0,Cao et al FGFR2,60.0,0.016,0.036,0.014,0.14,0.35,0.38,0.66,13.754,25.0,0.073,0.062,23.87,20.68,-37.61,-2.91,1291.54,0.68,0.59,0.13,0.0,0.72,-71.13,-3.56,1998.09,0.69,758.769,55.0,1.0,40.0
Motif1126_ems_3hC_875_0001_0001_1894_0001,FGFR2,0,Cao et al FGFR2,64.0,0.016,0.034,0.014,0.171,0.31,0.31,0.64,13.508,25.0,0.101,0.046,20.5,21.16,-36.45,-2.64,1381.43,0.64,0.65,0.13,2.0,0.67,-66.4,-3.64,1822.18,0.63,716.863,48.78,1.0,41.0
Motif1134_ems_3hM_3059_0002_9904_0001,FGFR2,0,Cao et al FGFR2,62.0,0.177,0.2,0.101,0.293,0.54,0.58,0.71,9.681,4.0,0.325,0.226,24.92,29.28,-45.03,-2.66,1691.71,0.66,0.64,0.2,4.0,0.82,-60.5,-3.56,1697.57,0.68,976.991,52.941,7.0,51.0
Motif1208_ems_3hM_2791_0001_1097_0001,FGFR2,0,Cao et al FGFR2,60.0,0.065,0.071,0.017,0.173,0.34,0.41,0.65,12.331,25.0,0.109,0.077,4.73,6.59,-35.09,-3.11,1128.7,0.76,0.65,0.07,0.0,0.75,-62.18,-3.47,1793.88,0.65,709.949,52.778,2.0,36.0
Motif1280_ems_3hC_844_0001_0001_9213_0001,FGFR2,0,Cao et al FGFR2,62.0,0.074,0.082,0.025,0.244,0.39,0.47,0.66,12.201,25.0,0.234,0.076,2.87,2.51,-43.09,-2.82,1528.81,0.67,0.65,0.14,2.0,0.72,-58.69,-3.3,1778.41,0.7,841.055,56.818,0.0,44.0
Motif1320_p1_14H_GBL_16H_GABBL_15H_0052_0001_0001_0002_0001_6656_0001,FGFR2,0,Cao et al FGFR2,53.0,0.408,0.529,0.237,0.598,0.75,0.75,0.82,5.904,1.8,0.249,0.502,3.75,3.17,-41.29,-3.16,1304.79,0.77,0.66,0.12,1.0,0.79,-64.58,-3.67,1761.37,0.66,751.684,58.537,0.0,41.0
Motif1399_bcov_4helix_09135_0001_5185_0001,FGFR2,1,Cao et al FGFR2,65.0,0.68,0.759,0.392,0.685,0.85,0.86,0.88,4.612,0.9,0.351,0.821,3.13,2.48,-47.37,-3.6,1316.44,0.76,0.67,0.23,4.0,0.77,-58.12,-3.59,1619.58,0.68,721.855,56.41,2.0,39.0
Motif1443_ems_3hM_1452_0001_0002_5419_0001,FGFR2,0,Cao et al FGFR2,62.0,0.358,0.374,0.195,0.464,0.71,0.74,0.8,6.938,2.4,0.349,0.517,3.96,3.75,-48.75,-2.81,1731.93,0.63,0.66,0.08,4.0,0.73,-71.96,-3.72,1932.75,0.68,823.147,47.826,3.0,46.0
Motif1482_bcov_4helix_10824_0001_0002_1_9627_0001,FGFR2,0,Cao et al FGFR2,65.0,0.036,0.043,0.017,0.204,0.35,0.38,0.63,13.943,25.0,0.11,0.05,10.07,7.01,-43.57,-2.85,1526.22,0.72,0.54,0.26,3.0,0.73,-69.04,-3.57,1932.07,0.62,864.344,47.619,1.0,42.0
Motif1523_bcov_4helix_09143_0001_0001_1_9622_0001,FGFR2,0,Cao et al FGFR2,65.0,0.014,0.046,0.013,0.115,0.33,0.38,0.65,13.594,25.0,0.129,0.057,19.4,17.95,-27.84,-2.07,1347.32,0.55,0.48,0.19,2.0,0.67,-57.75,-3.28,1758.38,0.65,759.789,56.818,1.0,44.0
Motif1547_HHH_b2_02078_0001,SARS_CoV2_RBD,0,Cao et al SARS_CoV2_RBD,55.0,0.0,0.0,0.0,0.0,0.1,0.11,0.7,26.228,25.0,0.0,0.0,20.32,32.11,-40.17,-2.43,1655.12,0.64,0.69,0.08,6.0,0.67,-43.81,-2.58,1700.73,0.66,953.083,41.176,5.0,51.0
Motif1874_HHH_b1_04636_0001,SARS_CoV2_RBD,1,Cao et al SARS_CoV2_RBD,56.0,0.647,0.79,0.4,0.671,0.9,0.9,0.89,5.482,1.1,0.376,0.86,2.12,2.39,-54.2,-2.93,1851.73,0.63,0.68,0.08,8.0,0.67,-59.88,-3.25,1842.26,0.68,974.022,36.0,8.0,50.0
Motif2017_HHH_b1_00518_0001,SARS_CoV2_RBD,0,Cao et al SARS_CoV2_RBD,57.0,0.0,0.0,0.0,0.0,0.08,0.08,0.7,28.178,25.0,0.0,0.0,9.4,8.63,-21.05,-1.4,1499.42,0.41,0.64,0.13,2.0,0.72,-49.85,-3.18,1569.58,0.72,776.219,35.714,10.0,42.0
Motif2464_bcov_4helix_10293_0001_0002,SARS_CoV2_RBD,0,Cao et al SARS_CoV2_RBD,65.0,0.0,0.0,0.0,0.0,0.2,0.23,0.68,21.851,25.0,0.0,0.0,50.56,31.4,-48.04,-2.56,1880.0,0.58,0.51,0.38,3.0,0.69,-58.51,-3.45,1694.06,0.69,969.77,58.333,2.0,48.0
NYESO_parent_binder_partial_10_2_66_dldesign_0_af2pred,pMHC_NY1,0,pMHC screening NY2,145.0,0.559,0.801,0.365,0.659,0.93,0.93,0.94,4.767,1.1,0.409,0.898,1.2,1.73,-65.11,-2.29,2843.55,0.6,0.69,0.39,8.0,0.58,-65.57,-2.21,2962.49,0.61,1499.822,40.845,11.0,71.0
Pdl1_binder_AF2_20,Pdl1,0,Pdl1 Watson et al,89.0,0.754,0.812,0.501,0.697,0.88,0.88,0.9,3.662,1.0,0.328,0.84,28.15,19.94,-39.47,-2.52,1565.86,0.65,0.71,0.17,9.0,0.62,-51.54,-2.8,1839.44,0.66,773.119,51.163,5.0,43.0
Pdl1_binder_AF2_30,Pdl1,0,Pdl1 Watson et al,90.0,0.139,0.149,0.072,0.27,0.46,0.47,0.7,10.844,4.1,0.262,0.097,13.07,13.72,-36.23,-2.07,1748.5,0.45,0.61,0.12,4.0,0.69,-49.07,-2.51,1954.18,0.59,1015.63,38.462,6.0,52.0
Pdl1_binder_AF2_35,Pdl1,0,Pdl1 Watson et al,88.0,0.798,0.854,0.562,0.738,0.91,0.91,0.92,3.466,0.9,0.564,0.888,0.98,1.06,-45.81,-2.59,1768.0,0.69,0.64,0.05,5.0,0.65,-46.09,-2.66,1730.55,0.67,947.634,48.936,9.0,47.0
Pdl1_binder_AF2_59,Pdl1,0,Pdl1 Watson et al,90.0,0.771,0.781,0.534,0.719,0.88,0.89,0.91,3.618,1.1,0.578,0.798,1.61,1.83,-54.55,-2.63,2071.45,0.63,0.68,0.08,8.0,0.58,-44.66,-2.35,1896.91,0.69,1012.805,42.308,8.0,52.0
Pdl1_binder_AF2_60,Pdl1,1,Pdl1 Watson et al,94.0,0.798,0.827,0.559,0.729,0.89,0.9,0.91,3.538,0.9,0.548,0.844,1.62,1.44,-46.23,-2.46,1879.85,0.57,0.66,0.1,6.0,0.54,-44.86,-2.49,1798.81,0.62,880.22,44.681,5.0,47.0
Pdl1_binder_AF2_78,Pdl1,0,Pdl1 Watson et al,97.0,0.631,0.69,0.42,0.629,0.82,0.83,0.88,4.586,1.4,0.489,0.754,1.47,1.37,-43.19,-2.31,1872.3,0.61,0.65,0.05,6.0,0.55,-46.64,-2.51,1854.99,0.67,998.997,41.667,9.0,48.0
Reed_HARRISON_model_56_119_0,EGFR,0,Adaptyv binder comp round 2,74.0,0.595,0.726,0.298,0.494,0.93,0.93,0.71,12.813,1.3,0.502,0.809,37.72,44.06,-51.97,-2.39,2176.6,0.69,0.77,0.14,8.0,0.52,-38.12,-1.32,2880.44,0.64,1158.01,46.774,13.0,62.0
Trka_binder_AF2_1,TrkA,0,TrkA Watson et al,65.0,0.348,0.413,0.206,0.514,0.74,0.74,0.79,7.825,2.1,0.396,0.324,1.5,1.75,-36.15,-2.06,1755.56,0.56,0.53,0.15,3.0,0.67,-42.53,-2.4,1771.86,0.6,890.696,41.463,3.0,41.0
Trka_binder_AF2_24,TrkA,0,TrkA Watson et al,65.0,0.632,0.7,0.363,0.626,0.83,0.84,0.83,6.344,1.0,0.367,0.542,1.55,2.06,-52.51,-3.08,1702.71,0.67,0.6,0.31,6.0,0.73,-51.78,-2.85,1819.17,0.67,950.324,40.909,9.0,44.0
Trka_binder_AF2_27,TrkA,0,TrkA Watson et al,97.0,0.804,0.807,0.57,0.719,0.89,0.89,0.92,3.534,0.9,0.546,0.841,2.24,1.9,-62.49,-2.98,2096.96,0.66,0.58,0.2,10.0,0.65,-52.24,-2.61,1998.84,0.57,1028.38,49.123,13.0,57.0
Trka_binder_AF2_4,TrkA,0,TrkA Watson et al,84.0,0.775,0.837,0.557,0.741,0.9,0.9,0.92,3.403,0.9,0.53,0.917,1.52,2.0,-53.72,-2.97,1807.06,0.61,0.65,0.21,7.0,0.66,-56.1,-3.11,1803.24,0.6,967.905,39.13,6.0,46.0
Trka_binder_AF2_59,TrkA,0,TrkA Watson et al,85.0,0.821,0.823,0.566,0.74,0.91,0.91,0.92,3.252,0.9,0.43,0.937,3.19,2.42,-38.68,-2.75,1404.46,0.69,0.57,0.22,3.0,0.71,-44.82,-3.07,1458.97,0.64,847.835,42.857,7.0,42.0
Trka_binder_AF2_78,TrkA,0,TrkA Watson et al,65.0,0.713,0.801,0.475,0.74,0.87,0.87,0.89,3.435,1.0,0.479,0.885,1.5,1.95,-51.9,-2.89,1794.02,0.63,0.66,0.23,6.0,0.7,-47.05,-2.51,1871.43,0.61,878.724,46.512,4.0,43.0
Trka_binder_AF2_90,TrkA,0,TrkA Watson et al,62.0,0.705,0.835,0.451,0.718,0.88,0.89,0.9,3.859,0.9,0.528,0.875,2.09,2.5,-49.88,-3.13,1592.76,0.77,0.71,0.28,5.0,0.63,-29.09,-2.18,1336.21,0.62,754.151,46.154,8.0,39.0
akshayc_5_run_3_1002_dldesign_0_cycle1_af2pred,EGFR,0,Adaptyv binder comp round 1,130.0,0.454,0.579,0.249,0.351,0.83,0.83,0.7,14.286,2.3,0.572,0.528,37.41,42.01,-62.01,-2.27,2734.62,0.58,0.61,0.36,7.0,0.54,-56.99,-1.77,3218.72,0.63,1528.701,43.59,10.0,78.0
alan_blakely_12_3,EGFR,1,Adaptyv binder comp round 2,228.0,0.645,0.701,0.353,0.476,0.59,0.59,0.62,20.824,1.6,0.55,0.211,35.24,56.61,-82.28,-2.3,3584.79,0.63,0.65,0.31,15.0,0.64,-81.58,-1.69,4820.69,0.62,2053.828,37.736,25.0,106.0
bcov_6ala_r1_HEEH_14223_000000004_0001_1_21_H____ems_3hM_3569_0001_0003_0001_0001,TrkA,0,Cao et al TrkA,61.0,0.161,0.197,0.09,0.24,0.54,0.56,0.72,9.588,4.3,0.235,0.141,8.23,6.59,-35.48,-2.58,1377.33,0.62,0.57,0.1,5.0,0.68,-62.32,-4.08,1528.58,0.64,862.895,47.727,6.0,44.0
bcov_v3_r2_ems_3hM_634_000000018_0001_0001_45_64_H____ems_3hM_1055_0001_0002_0001_0001_0001,IL7Ra,0,Cao et al IL7Ra,62.0,0.014,0.015,0.012,0.095,0.42,0.44,0.77,15.473,9.0,0.152,0.055,16.07,27.16,-46.8,-3.12,1498.7,0.66,0.67,0.08,5.0,0.7,-49.86,-2.97,1680.64,0.61,742.45,46.341,4.0,41.0
ccalia_conf17_183_3,EGFR,0,Adaptyv binder comp round 1,96.0,0.074,0.128,0.014,0.093,0.68,0.68,0.65,18.889,6.5,0.502,0.09,2.08,4.36,-53.59,-2.45,2191.4,0.6,0.6,0.39,7.0,0.58,-51.26,-2.44,2099.79,0.63,1238.57,48.529,10.0,68.0
ccalia_conf94_139_2,EGFR,0,Adaptyv binder comp round 1,91.0,0.455,0.525,0.25,0.378,0.87,0.87,0.7,14.278,2.8,0.563,0.556,33.9,41.44,-63.97,-2.62,2441.79,0.69,0.61,0.23,5.0,0.63,-64.11,-2.29,2794.39,0.58,1306.549,48.387,9.0,62.0
chenceshi1105_steven_binder_design_l75_s60968_it100_mpnn0,EGFR,0,Adaptyv binder comp round 2,75.0,0.417,0.611,0.203,0.424,0.88,0.88,0.69,14.215,2.2,0.48,0.536,3.76,6.7,-63.58,-2.79,2275.59,0.71,0.64,0.26,5.0,0.7,-58.12,-2.65,2192.45,0.62,1283.92,50.847,6.0,59.0
cside_mot_3h_hb1_4484_000000008_0001_1_11_H___HHH_eva_0246_0001_0001,EGFR,1,Cao et al EGFR,61.0,0.012,0.015,0.012,0.072,0.4,0.4,0.79,14.759,25.0,0.134,0.044,21.27,27.08,-32.06,-2.18,1471.85,0.66,0.55,0.09,6.0,0.65,-52.71,-2.67,1970.54,0.66,888.999,54.348,6.0,46.0
cside_pol_b582341f4521fc137b88f2339bc4a0f8_0001_000000015_0001,EGFR,0,Cao et al EGFR,65.0,0.0,0.0,0.0,0.0,0.24,0.27,0.75,18.504,25.0,0.0,0.0,11.54,15.35,-36.6,-2.39,1531.54,0.57,0.6,0.21,7.0,0.57,-54.82,-2.67,2051.17,0.6,837.079,45.833,3.0,48.0
csplice_r1_4b397ff321495f1cf064223b6ad1b1e1_0001_000000002_0001_0001_24_33_H____02b6d93368eea7bfe586da0c467e1cba_0001_0001_0001_0001_0001_15_46_HHH_30_13985_25_0001,VirB8,0,Cao et al VirB8,65.0,0.013,0.014,0.012,0.089,0.38,0.43,0.73,15.094,25.0,0.138,0.035,44.39,36.32,-34.85,-1.98,1762.8,0.56,0.61,0.4,2.0,0.77,-65.32,-3.82,1710.83,0.69,840.057,60.465,2.0,43.0
csplice_r1_4b397ff321495f1cf064223b6ad1b1e1_0001_000000002_0001_0001_24_33_H____02b6d93368eea7bfe586da0c467e1cba_0001_0001_0001_0001_0001_15_46_HHH_31_03848_17_0001,VirB8,0,Cao et al VirB8,65.0,0.469,0.721,0.318,0.565,0.8,0.82,0.85,8.314,1.1,0.338,0.58,7.81,7.46,-51.32,-2.81,1827.91,0.68,0.6,0.11,4.0,0.8,-64.57,-3.81,1695.13,0.74,836.289,56.41,2.0,39.0
csplice_r1_4b397ff321495f1cf064223b6ad1b1e1_0001_000000002_0001_0001_24_33_H____ems_p1_14H_GBL_16H_GBL_16H_0697_0001_0001_0001_0001_0001_0001_0001_18_51_HHH_33_24307_29_0001,VirB8,0,Cao et al VirB8,65.0,0.015,0.015,0.013,0.062,0.25,0.27,0.7,19.132,25.0,0.075,0.018,44.55,36.46,-32.51,-2.52,1288.19,0.63,0.67,0.31,3.0,0.78,-62.86,-3.87,1625.35,0.75,704.652,53.846,2.0,39.0
ems_3hC_406_0002_000000013_0001,FGFR2,0,Cao et al FGFR2,63.0,0.016,0.041,0.015,0.165,0.32,0.35,0.64,13.591,25.0,0.062,0.047,11.05,12.33,-27.78,-2.45,1135.96,0.56,0.55,0.03,1.0,0.67,-60.67,-3.37,1801.72,0.66,682.588,56.41,1.0,39.0
eugene_valkov_rfdiff_design_22_33_dldesign_0_af2pred,EGFR,0,Adaptyv binder comp round 1,72.0,0.0,0.0,0.0,0.0,0.35,0.36,0.61,25.859,25.0,0.0,0.0,33.76,41.26,-43.46,-1.89,2294.37,0.63,0.66,0.43,4.0,0.51,-12.11,-0.93,1301.93,0.62,1122.795,41.071,9.0,56.0
gabriong_design1,EGFR,0,Adaptyv binder comp round 1,156.0,0.0,0.0,0.0,0.0,0.12,0.12,0.48,30.357,25.0,0.0,0.0,34.24,64.33,-24.59,-1.11,2211.02,0.43,0.65,0.14,11.0,0.63,-21.24,-0.77,2763.41,0.58,1515.297,23.171,9.0,82.0
il10ra_site1_normal_mot_b26a303360aa2756ef5b79665ce52f45_0001_000000179_0001_1_11_H___HHH_b2_00927_0001_0000100005_0000001_0,IL10Ra,0,Bennet paper IL10Ra prospective,57.0,0.016,0.017,0.012,0.091,0.32,0.35,0.75,18.455,8.0,0.038,0.07,43.71,48.34,-9.15,-1.83,498.96,0.64,0.65,0.21,1.0,0.62,-61.03,-3.08,1978.92,0.64,256.363,33.333,1.0,12.0
il10ra_site1_sap_16_mot_HHH_b2_00440_af2_000000075_0001_42_56_H___HHH_b1_01499_0001_0000100006_0000001_0_0001,IL10Ra,0,Bennet paper IL10Ra prospective,55.0,0.0,0.0,0.0,0.0,0.25,0.28,0.74,20.4,25.0,0.0,0.0,58.26,58.74,-18.78,-1.75,1074.18,0.39,0.62,0.21,3.0,0.67,-45.47,-2.64,1723.45,0.74,554.157,38.71,3.0,31.0
klima_jason_egfr_7wmio_1_30,EGFR,0,Adaptyv binder comp round 1,200.0,0.519,0.527,0.309,0.355,0.82,0.82,0.7,16.244,2.7,0.468,0.261,53.44,60.58,-54.63,-2.1,2600.95,0.58,0.62,0.14,12.0,0.5,-6.57,-0.7,941.09,0.55,1619.922,34.483,14.0,87.0
lennart_nickel_EGFR_l114_s69310_mpnn7,EGFR,0,Adaptyv binder comp round 2,114.0,0.3,0.377,0.158,0.255,0.75,0.78,0.62,17.673,4.4,0.32,0.278,42.2,44.74,-50.62,-2.23,2273.51,0.64,0.63,0.3,5.0,0.57,-53.13,-1.6,3316.47,0.62,1274.156,41.071,8.0,56.0
lhallee_lhallee_40_target_driveid_10,EGFR,0,Adaptyv binder comp round 2,40.0,0.0,0.0,0.0,0.0,0.33,0.35,0.68,24.491,25.0,0.0,0.0,12.46,46.0,-60.05,-2.07,2907.2,0.56,0.63,0.32,2.0,0.55,-29.93,-1.34,2240.16,0.55,1507.68,48.75,5.0,80.0
longxing_Grafting2_HHH_eva_0506_0001_0008_0001_0001,IL7Ra,0,Cao et al IL7Ra,55.0,0.012,0.012,0.012,0.035,0.34,0.35,0.76,18.168,25.0,0.055,0.023,20.03,40.71,-36.33,-2.36,1539.23,0.58,0.5,0.23,1.0,0.77,-57.35,-3.53,1622.92,0.58,706.006,54.839,1.0,31.0
longxing_ems_3hM_2812_000000000_0001_0001,IL7Ra,0,Cao et al IL7Ra,60.0,0.016,0.017,0.013,0.119,0.4,0.42,0.77,16.283,25.0,0.104,0.047,7.06,5.03,-38.8,-2.43,1595.47,0.52,0.52,0.12,2.0,0.72,-59.94,-3.45,1739.0,0.63,857.707,44.444,5.0,45.0
ltk_site1_normal_mot_HHH_b1_03302_af2_000000020_0001_3_19_H___HHH_b1_02056_af2_0001_0000500019_0000001_0,LTK,0,Bennet paper LTK prospective,56.0,0.428,0.717,0.197,0.53,0.82,0.87,0.9,6.36,1.9,0.206,0.474,3.45,6.35,-60.89,-3.3,1842.48,0.74,0.69,0.07,12.0,0.62,-48.21,-2.8,1723.28,0.74,867.874,45.455,7.0,44.0
ltk_site1_sap_16_mot_HHH_b1_00150_000000027_0001_23_39_H___HHH_b1_03258_0001_0000200012_0000001_0_0001,LTK,0,Bennet paper LTK prospective,57.0,0.154,0.373,0.079,0.236,0.71,0.71,0.88,9.836,3.5,0.216,0.199,2.77,2.81,-47.92,-2.55,1882.39,0.62,0.56,0.07,6.0,0.65,-58.07,-2.66,2184.57,0.66,953.471,47.727,7.0,44.0
mot_H_buried_HEEH_21875_000000000_0001_8_17_H___EHEE_hb1_3343_0001_0001_0001,FGFR2,0,Cao et al FGFR2,65.0,0.013,0.015,0.012,0.096,0.24,0.28,0.59,17.423,25.0,0.103,0.023,26.73,17.47,-42.13,-2.52,1671.65,0.6,0.58,0.18,3.0,0.79,-53.83,-3.46,1554.5,0.71,908.546,53.333,3.0,45.0
mot_H_buried_ems_3hM_2811_000000000_0001_10_17_H___3h_hb1_5452_0001_0001_0001,FGFR2,0,Cao et al FGFR2,60.0,0.139,0.172,0.066,0.275,0.45,0.54,0.69,10.57,3.7,0.245,0.126,2.95,3.18,-56.37,-3.23,1742.79,0.75,0.61,0.06,6.0,0.63,-53.37,-3.35,1592.38,0.69,845.436,50.0,1.0,48.0
mot_H_fastrot_cor_3h_hb1_641_000000003_0001_49_56_H___EHEE_hb1_4647_0001_0002_0001_0001,FGFR2,0,Cao et al FGFR2,65.0,0.416,0.487,0.237,0.521,0.7,0.71,0.79,6.75,1.9,0.251,0.291,9.35,9.05,-62.37,-3.19,1955.2,0.62,0.59,0.13,9.0,0.75,-56.07,-3.59,1561.59,0.74,1014.652,47.059,3.0,51.0
mot_H_fastrot_cor_3h_hb1_641_000000003_0001_49_56_H___f10feec5f1dd8bd04af866802ae95a53_0001_0001_0003_0001_0001,FGFR2,0,Cao et al FGFR2,65.0,0.478,0.486,0.269,0.545,0.75,0.76,0.81,6.189,1.9,0.213,0.369,19.5,18.35,-51.21,-2.81,1820.88,0.63,0.6,0.13,5.0,0.61,-57.32,-3.23,1772.18,0.64,917.638,55.319,4.0,47.0
mot_H_fastrot_cor_85931e5ecd843587efdb8cd577e0fb5b_0001_000000016_0001_36_43_H___3h_hb1_6391_0001_0002_0001_0001,FGFR2,0,Cao et al FGFR2,59.0,0.442,0.504,0.268,0.548,0.73,0.74,0.8,6.206,1.6,0.306,0.52,2.28,2.95,-51.25,-3.14,1634.21,0.62,0.59,0.11,7.0,0.71,-63.82,-3.67,1740.89,0.7,880.962,53.191,7.0,47.0
mot_H_fastrot_cor_85931e5ecd843587efdb8cd577e0fb5b_0001_000000016_0001_36_43_H___437a5fede93567ffaede7a99f46ccfd3_0001_1_0001_0001,FGFR2,0,Cao et al FGFR2,65.0,0.015,0.044,0.012,0.105,0.29,0.34,0.63,14.079,25.0,0.054,0.043,9.12,8.83,-25.3,-2.26,1121.12,0.58,0.57,0.23,1.0,0.79,-62.1,-4.14,1498.75,0.68,586.198,57.143,0.0,35.0
mot_H_fastrot_cor_ems_3hC_1462_0001_000000008_0001_26_30_H___p1_15H_GBL_16H_GABBL_16H_0222_0001_0001_0002_0001_0001,FGFR2,0,Cao et al FGFR2,55.0,0.107,0.132,0.063,0.234,0.46,0.48,0.7,10.358,4.4,0.115,0.158,21.58,19.25,-38.45,-2.78,1384.16,0.66,0.62,0.13,2.0,0.74,-58.99,-3.33,1770.93,0.68,761.316,50.0,2.0,38.0
mot_H_fastrot_cor_ems_3hM_1062_000000000_0001_47_55_H___4h_hb1_3423_0001_0001_0001_0001,FGFR2,0,Cao et al FGFR2,64.0,0.011,0.012,0.011,0.042,0.22,0.26,0.61,17.721,25.0,0.124,0.02,22.83,22.83,-33.46,-2.12,1577.81,0.54,0.58,0.31,1.0,0.68,-47.15,-3.18,1483.91,0.67,956.351,60.417,3.0,48.0
mot_H_fastrot_cor_ems_3hM_199_000000020_0001_56_61_H___3b4bd1c4b5dd2289e39b68410bd4536f_0001_0001_0002_0001,FGFR2,0,Cao et al FGFR2,65.0,0.015,0.021,0.013,0.116,0.32,0.34,0.63,14.072,25.0,0.058,0.056,19.83,21.38,-28.3,-2.38,1190.98,0.52,0.59,0.1,2.0,0.73,-57.47,-3.14,1830.7,0.65,670.194,42.857,4.0,35.0
mot_H_fastrot_cor_ems_3hM_199_000000020_0001_56_61_H___3h_hb1_3853_0001_0003_0001_0001,FGFR2,0,Cao et al FGFR2,63.0,0.115,0.132,0.056,0.279,0.43,0.49,0.68,10.903,5.7,0.216,0.104,16.1,25.58,-46.64,-2.91,1603.25,0.64,0.64,0.14,1.0,0.76,-58.97,-3.2,1842.68,0.69,888.705,50.0,1.0,42.0
mot_H_fastrot_cor_ems_3hM_199_000000020_0001_56_61_H___EHEE_hb1_4624_0001_0001_0001_0001,FGFR2,0,Cao et al FGFR2,65.0,0.188,0.194,0.097,0.288,0.51,0.57,0.71,10.134,3.5,0.212,0.138,17.05,23.38,-51.94,-2.47,2103.34,0.69,0.56,0.15,8.0,0.76,-53.98,-3.12,1730.99,0.7,1038.402,45.283,5.0,53.0
mot_H_fastrot_cor_ems_3hM_199_000000020_0001_56_61_H___HEEHE_0649_0001_0001_0001,FGFR2,0,Cao et al FGFR2,65.0,0.017,0.078,0.015,0.162,0.41,0.46,0.67,12.98,25.0,0.16,0.071,10.9,25.7,-32.92,-2.21,1491.93,0.53,0.55,0.17,4.0,0.67,-51.4,-3.46,1485.47,0.74,708.168,47.368,1.0,38.0
mot_H_fastrot_cor_ems_3hM_199_000000020_0001_57_61_H___3h_hb1_1361_0001_0002_0001_0001,FGFR2,0,Cao et al FGFR2,63.0,0.238,0.31,0.148,0.412,0.54,0.65,0.73,7.778,3.0,0.229,0.36,3.11,2.63,-41.3,-2.46,1681.81,0.68,0.64,0.13,6.0,0.75,-72.11,-3.59,2008.33,0.65,760.441,52.5,3.0,40.0
mot_H_fastrot_cor_ems_3hM_3402_000000021_0001_49_57_H___3h_hb1_660_0001_0001_0001_0001,FGFR2,0,Cao et al FGFR2,62.0,0.012,0.016,0.012,0.083,0.23,0.24,0.61,17.613,25.0,0.053,0.026,14.03,26.49,-34.06,-3.21,1062.49,0.75,0.57,0.15,3.0,0.72,-47.38,-2.94,1611.27,0.68,580.497,48.571,1.0,35.0
mot_H_fastrot_cor_ems_3hM_3402_000000021_0001_49_57_H___ba607f760f1b46b1d4ae745735460e53_0001_1_0001_0001_0001_0001,FGFR2,0,Cao et al FGFR2,65.0,0.015,0.019,0.013,0.111,0.27,0.29,0.62,15.653,25.0,0.1,0.035,9.44,9.82,-34.45,-2.51,1374.43,0.63,0.58,0.27,2.0,0.65,-48.6,-3.2,1518.5,0.7,674.031,52.632,1.0,38.0
mot_H_fastrot_cor_f8f8a4152cc90f14bb898546c27f9520_0001_000000007_0001_34_42_H___3h_hb1_6161_0001_0001_0001_0001,FGFR2,1,Cao et al FGFR2,63.0,0.392,0.431,0.22,0.5,0.73,0.73,0.8,6.859,2.1,0.316,0.444,2.74,3.48,-48.64,-3.29,1476.59,0.73,0.63,0.1,2.0,0.79,-64.74,-3.92,1653.19,0.63,824.547,48.78,3.0,41.0
mot_H_fastrot_ems_3hM_3402_000000020_0001_49_59_H___3h_hb1_4434_0001_0001_0001_0001,FGFR2,0,Cao et al FGFR2,61.0,0.018,0.02,0.015,0.202,0.28,0.3,0.62,14.088,5.5,0.072,0.055,21.63,21.94,-28.17,-2.19,1286.27,0.59,0.6,0.03,4.0,0.71,-62.5,-3.81,1638.66,0.65,719.389,48.649,2.0,37.0
mot_H_normal_3h_hb1_3209_000000013_0001_58_63_H___ems_3hM_620_0001_0001_0001,FGFR2,1,Cao et al FGFR2,61.0,0.677,0.753,0.358,0.66,0.86,0.86,0.88,4.771,0.9,0.386,0.634,2.83,2.8,-58.57,-3.55,1650.14,0.77,0.64,0.0,5.0,0.64,-56.47,-3.3,1712.25,0.65,857.51,46.512,1.0,43.0
mot_H_normal_3h_hb1_3209_000000013_0001_59_63_H___b45c388b82f320e8d514545a9d291eb3_0001_1_0001_0001_0001,FGFR2,0,Cao et al FGFR2,65.0,0.663,0.717,0.372,0.655,0.84,0.85,0.85,5.182,1.0,0.299,0.535,2.96,2.67,-46.6,-2.99,1560.19,0.66,0.59,0.31,3.0,0.71,-59.45,-3.61,1645.99,0.73,795.402,54.762,4.0,42.0
mot_H_normal_3h_hb1_3627_000000010_0001_51_57_H___EHEE_hb1_5731_0001_0001_0001_0001,FGFR2,0,Cao et al FGFR2,65.0,0.017,0.021,0.015,0.168,0.29,0.32,0.62,14.798,25.0,0.086,0.034,12.71,21.31,-30.89,-1.97,1566.95,0.5,0.57,0.1,1.0,0.67,-47.36,-2.99,1583.07,0.63,827.183,50.0,1.0,50.0
mot_H_normal_3h_hb1_3627_000000010_0001_51_57_H___b63d070246a9104a50153f3fca402244_0001_0001_0002_0001_0001,FGFR2,0,Cao et al FGFR2,65.0,0.165,0.166,0.063,0.229,0.49,0.53,0.7,11.468,25.0,0.193,0.126,19.98,21.58,-46.79,-2.82,1659.37,0.63,0.53,0.38,5.0,0.62,-47.93,-2.83,1694.39,0.59,994.116,54.167,3.0,48.0
mot_H_normal_3h_hb1_5666_000000013_0001_34_42_H___3h_hb1_859_0001_0001_0001,FGFR2,0,Cao et al FGFR2,63.0,0.192,0.239,0.119,0.292,0.55,0.6,0.72,9.731,3.4,0.235,0.199,3.29,5.3,-40.97,-2.17,1888.93,0.67,0.61,0.17,6.0,0.69,-67.36,-3.58,1880.73,0.71,917.852,48.936,6.0,47.0
mot_H_normal_3h_hb1_5666_000000013_0001_34_42_H___7cf75d11038663e8c36c0056d15c868c_0001_0001_0001_0001,FGFR2,0,Cao et al FGFR2,65.0,0.591,0.615,0.342,0.621,0.8,0.83,0.83,5.616,1.4,0.461,0.668,17.96,33.13,-53.64,-2.9,1848.2,0.66,0.59,0.36,3.0,0.74,-53.26,-3.21,1660.62,0.63,1051.71,54.717,1.0,53.0
mot_H_normal_3h_hb1_641_000000001_0001_59_63_H___3h_hb1_3130_0001_0002_0001,FGFR2,0,Cao et al FGFR2,63.0,0.502,0.51,0.266,0.581,0.78,0.79,0.8,6.137,1.5,0.331,0.623,2.66,2.27,-46.27,-3.11,1486.56,0.68,0.5,0.0,4.0,0.69,-62.02,-3.94,1573.33,0.67,871.199,48.718,1.0,39.0
mot_H_normal_3h_hb1_6816_000000000_0001_50_58_H___HEEHE_0928_0001_0002_0001_0001,FGFR2,0,Cao et al FGFR2,65.0,0.016,0.017,0.012,0.119,0.29,0.3,0.63,15.67,25.0,0.087,0.033,5.57,7.98,-39.73,-2.79,1424.37,0.71,0.67,0.1,2.0,0.78,-61.0,-3.86,1579.34,0.69,736.197,39.474,1.0,38.0
mot_H_normal_3h_hb1_6816_000000000_0001_50_58_H___HEEHE_2550_0001_0002_0001_0001,FGFR2,0,Cao et al FGFR2,65.0,0.09,0.109,0.033,0.226,0.45,0.49,0.69,11.92,4.2,0.158,0.107,19.99,19.46,-41.6,-2.84,1462.87,0.7,0.57,0.21,3.0,0.72,-61.76,-3.46,1782.71,0.66,777.863,46.512,1.0,43.0
mot_H_normal_3h_hb1_786_000000000_0001_53_61_H___HEEHE_1353_0001_0002_0001_0001,FGFR2,0,Cao et al FGFR2,65.0,0.071,0.073,0.027,0.228,0.4,0.42,0.67,12.836,8.6,0.15,0.053,23.05,17.71,-33.82,-2.24,1510.06,0.63,0.62,0.07,4.0,0.71,-69.05,-3.3,2091.41,0.64,850.082,48.718,4.0,39.0
mot_H_normal_7cf2a164dd1dda7714d81555d2b1cb79_0001_1_000000002_0001_39_45_H___ems_3hM_3503_0001_0003_0001_0001,FGFR2,0,Cao et al FGFR2,64.0,0.167,0.192,0.103,0.277,0.49,0.51,0.71,9.543,3.7,0.132,0.133,18.2,17.29,-29.66,-2.49,1189.2,0.65,0.62,0.03,1.0,0.76,-67.14,-4.17,1609.68,0.71,594.048,48.387,0.0,31.0
mot_H_normal_85931e5ecd843587efdb8cd577e0fb5b_0001_000000017_0001_37_43_H___ems_3hM_3074_0001_0001_0001,FGFR2,0,Cao et al FGFR2,64.0,0.579,0.594,0.333,0.63,0.79,0.81,0.82,5.424,1.2,0.309,0.704,3.4,2.71,-44.75,-2.98,1501.71,0.64,0.61,0.16,5.0,0.65,-58.34,-3.45,1690.58,0.64,755.727,51.351,1.0,37.0
mot_H_normal_HEEH_08864_000000001_0001_54_58_H___43642e40158d6d50ca32f4d9c2045359_0001_0001_0003_0001,FGFR2,1,Cao et al FGFR2,65.0,0.012,0.014,0.011,0.068,0.24,0.25,0.59,16.937,25.0,0.08,0.026,21.17,29.65,-34.27,-2.44,1405.5,0.58,0.59,0.33,3.0,0.76,-68.17,-3.91,1744.5,0.69,755.011,56.41,2.0,39.0
mot_H_normal_HEEH_22123_000000005_0001_54_60_H___027b36d3bfc5a772878090e7ab12d434_0001_1_0001_0001_0001,FGFR2,0,Cao et al FGFR2,65.0,0.613,0.637,0.352,0.632,0.82,0.83,0.85,5.197,1.3,0.409,0.64,20.15,18.97,-40.42,-2.54,1594.07,0.66,0.55,0.28,3.0,0.69,-49.78,-3.27,1520.44,0.64,947.473,52.083,9.0,48.0
mot_H_normal_beeaf63b05778b6dc4e0d4755a79d7be_0001_1_000000001_0001_39_45_H___396dd29e30fe426866cb32428f9bc3bf_0001_0001_0002_0001_0001,FGFR2,0,Cao et al FGFR2,65.0,0.044,0.05,0.019,0.214,0.34,0.41,0.64,13.061,5.4,0.158,0.046,14.7,10.29,-46.5,-2.71,1713.36,0.57,0.53,0.33,4.0,0.71,-61.43,-3.36,1829.34,0.7,981.763,54.545,3.0,44.0
mot_H_normal_beeaf63b05778b6dc4e0d4755a79d7be_0001_1_000000001_0001_39_45_H___3h_hb1_5728_0001_0001_0001_0001,FGFR2,0,Cao et al FGFR2,61.0,0.014,0.014,0.012,0.093,0.26,0.38,0.61,14.656,25.0,0.16,0.028,29.12,23.81,-46.88,-2.54,1843.06,0.52,0.54,0.15,5.0,0.65,-51.16,-3.15,1622.49,0.68,1097.813,48.98,8.0,49.0
mot_H_normal_beeaf63b05778b6dc4e0d4755a79d7be_0001_1_000000001_0001_39_45_H___ems_3hM_3088_0001_0002_0001_0001,FGFR2,0,Cao et al FGFR2,60.0,0.074,0.086,0.023,0.206,0.36,0.39,0.66,12.235,5.0,0.12,0.087,24.55,22.41,-32.77,-2.4,1365.17,0.58,0.64,0.18,2.0,0.64,-60.15,-3.09,1946.98,0.58,800.926,53.191,2.0,47.0
mot_H_normal_ems_3hM_1872_000000001_0001_6_16_H___8f7673196af927889658b7cc1a87e08a_0001_0001_0001_0001_0001,FGFR2,0,Cao et al FGFR2,65.0,0.014,0.015,0.012,0.105,0.25,0.29,0.61,15.565,25.0,0.075,0.029,11.02,11.55,-27.39,-2.01,1361.4,0.6,0.63,0.24,1.0,0.68,-56.09,-3.35,1673.11,0.62,727.541,48.718,3.0,39.0
mot_H_normal_ems_3hM_2051_000000000_0001_53_60_H___a92930de42878b93532055831583cd50_0001_0001_0001_0001,FGFR2,0,Cao et al FGFR2,65.0,0.013,0.013,0.012,0.069,0.24,0.25,0.6,17.352,25.0,0.072,0.022,18.87,19.11,-28.18,-1.95,1442.79,0.59,0.53,0.3,1.0,0.72,-52.45,-3.12,1678.88,0.63,704.32,59.459,1.0,37.0
mot_H_normal_ems_4hM_3459_000000001_0001_49_54_H___EHEE_hb1_6363_0001_0001_0001,FGFR2,0,Cao et al FGFR2,65.0,0.628,0.76,0.401,0.588,0.83,0.84,0.86,5.216,0.9,0.473,0.711,28.54,16.14,-63.64,-3.36,1895.66,0.71,0.7,0.13,3.0,0.69,-52.02,-3.37,1541.63,0.64,1025.52,50.909,3.0,55.0
mot_H_normal_f8f8a4152cc90f14bb898546c27f9520_0001_000000018_0001_34_43_H___0b0875affbeac7cafe68af4134fa176c_0001_1_0001_0001_0001,FGFR2,0,Cao et al FGFR2,65.0,0.019,0.021,0.015,0.177,0.31,0.33,0.62,14.385,5.6,0.088,0.054,22.04,20.24,-35.68,-2.26,1581.77,0.65,0.64,0.14,2.0,0.74,-54.0,-3.29,1643.3,0.65,800.814,47.368,3.0,38.0
mot_H_normal_f8f8a4152cc90f14bb898546c27f9520_0001_000000018_0001_34_43_H___0b4f62a65cd7ed5ad050ce79976a0ca1_0001_1_0001_0001,FGFR2,0,Cao et al FGFR2,65.0,0.573,0.596,0.336,0.607,0.83,0.83,0.83,6.185,1.2,0.347,0.878,51.31,23.86,-33.74,-3.1,1088.03,0.7,0.65,0.26,4.0,0.71,-56.14,-3.49,1609.12,0.67,590.469,56.25,6.0,32.0
mot_P_fastrot_cor_EHEE_hb1_6550_000000002_0001_48_52_59_63_P___EHEE_hb1_5589_0001_0001_0001,FGFR2,0,Cao et al FGFR2,65.0,0.283,0.289,0.139,0.324,0.6,0.64,0.75,8.775,3.1,0.218,0.202,27.35,28.47,-50.06,-2.57,1947.28,0.55,0.53,0.11,6.0,0.73,-48.68,-3.04,1599.1,0.65,1110.775,46.154,4.0,52.0
mot_P_normal_ferr_hb1_229_000000018_0001_4_6_56_62_P___EHEE_hb1_2375_0001_0001,FGFR2,0,Cao et al FGFR2,65.0,0.165,0.208,0.078,0.303,0.58,0.59,0.73,10.067,3.1,0.207,0.15,24.46,19.48,-40.35,-2.49,1618.7,0.64,0.66,0.18,5.0,0.72,-53.51,-3.07,1742.8,0.68,836.923,47.5,4.0,40.0
mot_P_normal_proteinG_4859_000000006_0001_3_9_52_56_P___proteinG_2786_0001_0001_0001,FGFR2,0,Cao et al FGFR2,57.0,0.078,0.118,0.034,0.187,0.47,0.53,0.7,10.854,5.8,0.174,0.117,14.66,25.11,-46.16,-2.87,1610.58,0.67,0.57,0.26,6.0,0.69,-53.1,-3.24,1639.41,0.61,905.681,43.182,6.0,44.0
nasr_kaveh_ZistRayaneshDesign_03,EGFR,0,Adaptyv binder comp round 1,80.0,0.0,0.0,0.0,0.0,0.2,0.22,0.59,28.408,25.0,0.0,0.0,50.2,56.01,-29.17,-1.85,1575.58,0.64,0.63,0.57,8.0,0.51,-48.08,-1.91,2517.2,0.61,925.586,49.057,6.0,53.0
nasr_kaveh_ZistRayaneshDesign_06,EGFR,0,Adaptyv binder comp round 1,80.0,0.377,0.626,0.143,0.333,0.87,0.87,0.78,11.468,2.3,0.398,0.435,2.42,8.22,-57.87,-2.4,2406.73,0.67,0.56,0.42,9.0,0.63,-39.01,-2.25,1732.59,0.63,1261.424,34.375,9.0,64.0
nsplice_r1_a2de759c170706188c6e693fd8ea43cc_0001_000000001_0001_0001_38_47_H____ems_p1_15H_GBL_16H_GABBL_16H_0410_0001_0001_0001_0001_0001_0001_0001_19_54_HHH_01_06167_32_0001_58_crosslinked,VirB8,0,Cao et al VirB8,65.0,0.0,0.0,0.0,0.0,0.18,0.27,0.67,21.11,25.0,0.0,0.0,8.84,6.79,-46.71,-3.05,1529.85,0.71,0.55,0.17,4.0,0.59,-56.0,-3.37,1664.12,0.68,837.66,47.5,4.0,40.0
nsplice_r1_ems_3hM_1972_000000001_0001_0001_2_11_H____593acf383257a6a844d80bac74f798c8_0001_0001_0001_0001_0001_33_64_HHH_06_16220_39_0001_49_crosslinked,VirB8,0,Cao et al VirB8,65.0,0.012,0.012,0.011,0.057,0.23,0.26,0.69,18.775,25.0,0.068,0.018,38.44,25.17,-42.92,-2.37,1811.22,0.63,0.61,0.28,4.0,0.74,-59.49,-3.77,1579.46,0.66,926.97,46.667,3.0,45.0
p53_AF2_30,Mdm2,0,Mdm2 Watson et al,81.0,0.522,0.696,0.322,0.554,0.84,0.84,0.81,5.856,1.2,0.374,0.764,1.66,1.62,-52.23,-2.75,1900.26,0.62,0.6,0.02,4.0,0.71,-61.04,-3.29,1854.21,0.62,989.065,37.5,6.0,48.0
p53_AF2_33,Mdm2,0,Mdm2 Watson et al,98.0,0.695,0.804,0.465,0.663,0.89,0.9,0.86,4.349,0.9,0.415,0.844,5.64,4.47,-55.05,-2.89,1906.68,0.74,0.59,0.14,5.0,0.62,-47.25,-2.59,1823.13,0.49,896.511,44.681,7.0,47.0
p53_AF2_51,Mdm2,1,Mdm2 Watson et al,113.0,0.759,0.785,0.477,0.685,0.89,0.9,0.89,4.119,0.8,0.483,0.806,1.73,1.64,-65.8,-3.37,1953.64,0.64,0.58,0.2,7.0,0.63,-64.25,-3.35,1919.29,0.62,1099.191,42.0,6.0,50.0
p53_AF2_79,Mdm2,0,Mdm2 Watson et al,71.0,0.624,0.745,0.444,0.665,0.84,0.85,0.85,4.445,1.0,0.535,0.832,1.99,1.61,-57.31,-2.5,2296.41,0.66,0.62,0.05,5.0,0.65,-53.96,-2.39,2258.19,0.58,1264.111,42.105,7.0,57.0
p53_AF2_82,Mdm2,1,Mdm2 Watson et al,98.0,0.75,0.786,0.533,0.707,0.88,0.89,0.88,3.943,0.9,0.46,0.878,3.07,2.24,-50.32,-2.79,1806.35,0.61,0.64,0.15,5.0,0.59,-61.56,-3.01,2047.03,0.64,1005.515,44.0,5.0,50.0
p53_AF2_94,Mdm2,1,Mdm2 Watson et al,119.0,0.789,0.804,0.575,0.723,0.9,0.9,0.9,3.496,0.9,0.553,0.786,2.42,1.73,-57.66,-2.42,2384.41,0.63,0.6,0.23,4.0,0.62,-56.47,-2.44,2316.74,0.52,1236.505,46.032,6.0,63.0
pol_032056ae41f3f19c18ff640e933baf35_0001_1_000000011_0001_0001,FGFR2,0,Cao et al FGFR2,65.0,0.094,0.106,0.043,0.206,0.45,0.5,0.68,11.327,25.0,0.21,0.099,23.79,20.9,-34.7,-2.34,1482.53,0.66,0.56,0.29,4.0,0.7,-53.04,-2.88,1844.83,0.69,806.798,54.762,2.0,42.0
pol_3h_hb1_3583_000000017_0001_0001,FGFR2,1,Cao et al FGFR2,62.0,0.377,0.446,0.235,0.56,0.71,0.72,0.79,6.189,2.3,0.239,0.441,2.87,2.02,-49.47,-3.47,1425.22,0.76,0.59,0.04,4.0,0.7,-53.49,-3.25,1643.68,0.68,811.207,52.381,3.0,42.0
pol_7c6b886add9f91368b31f738486d7933_0001_000000018_0001_0001,FGFR2,0,Cao et al FGFR2,65.0,0.464,0.507,0.269,0.486,0.72,0.76,0.77,7.295,1.9,0.243,0.422,3.6,3.24,-40.94,-2.83,1446.89,0.69,0.65,0.13,1.0,0.62,-51.76,-3.0,1725.77,0.68,798.238,53.659,0.0,41.0
pol_EHEE_hb1_2510_000000017_0001_0001,FGFR2,0,Cao et al FGFR2,65.0,0.019,0.036,0.014,0.151,0.37,0.38,0.65,13.126,7.0,0.089,0.053,3.32,3.18,-48.77,-3.34,1461.64,0.7,0.69,0.06,4.0,0.71,-58.88,-3.41,1727.17,0.75,881.504,47.727,5.0,44.0
pol_EHEE_hb1_3473_000000024_0001_0001,FGFR2,0,Cao et al FGFR2,65.0,0.014,0.014,0.012,0.06,0.21,0.23,0.59,18.933,25.0,0.08,0.02,20.28,22.81,-38.44,-2.37,1621.95,0.63,0.61,0.28,6.0,0.72,-54.09,-3.2,1690.27,0.68,926.352,48.889,6.0,45.0
pol_ems_ferrM_6502_000000024_0001_0001,FGFR2,0,Cao et al FGFR2,63.0,0.196,0.264,0.116,0.332,0.56,0.57,0.72,9.407,3.5,0.196,0.269,24.37,25.03,-44.66,-2.82,1585.99,0.67,0.62,0.39,2.0,0.74,-54.23,-3.32,1634.44,0.71,879.103,54.762,4.0,42.0
qiuzhen_li_Seq6,EGFR,0,Adaptyv binder comp round 1,17.0,0.06,0.511,0.029,0.337,0.85,0.86,0.67,12.102,2.7,0.415,0.214,12.66,47.21,-49.27,-2.44,2019.59,0.71,0.67,0.71,8.0,0.57,-22.03,-1.48,1492.05,0.64,1020.863,47.059,9.0,51.0
rif_fastrot_67198c453617f372f96340e15b96a035_0001_000000000_0001_0001,FGFR2,0,Cao et al FGFR2,65.0,0.119,0.134,0.054,0.26,0.46,0.49,0.68,11.288,4.3,0.168,0.063,9.03,4.05,-39.73,-2.69,1475.56,0.59,0.59,0.29,3.0,0.75,-59.31,-3.24,1832.62,0.6,833.926,52.381,1.0,42.0
rif_fastrot_EHEE_09194_000000002_0001,FGFR2,0,Cao et al FGFR2,65.0,0.084,0.101,0.04,0.206,0.5,0.51,0.71,11.232,5.4,0.217,0.09,23.35,29.91,-54.37,-2.72,1999.09,0.65,0.5,0.17,6.0,0.67,-52.25,-2.9,1800.13,0.7,1009.713,54.902,3.0,51.0
rif_fastrot_EHEE_hb1_3319_000000013_0001_0001,FGFR2,0,Cao et al FGFR2,65.0,0.012,0.012,0.012,0.054,0.18,0.21,0.56,20.56,25.0,0.047,0.018,27.02,35.44,-29.47,-3.09,954.69,0.69,0.63,0.17,2.0,0.71,-58.95,-2.95,1998.52,0.68,536.513,64.286,1.0,28.0
rif_fastrot_cor_EHEE_hb1_4218_000000011_0001,FGFR2,0,Cao et al FGFR2,65.0,0.015,0.017,0.012,0.111,0.28,0.32,0.62,16.14,25.0,0.118,0.03,28.46,22.3,-34.03,-2.06,1656.06,0.45,0.61,0.06,3.0,0.72,-55.36,-3.26,1700.18,0.67,981.784,52.0,5.0,50.0
rif_fastrot_ems_ferrM_6903_000000002_0001_0001,FGFR2,0,Cao et al FGFR2,61.0,0.304,0.327,0.172,0.363,0.64,0.65,0.75,8.354,2.8,0.271,0.339,19.42,24.06,-40.13,-2.67,1500.76,0.49,0.57,0.14,4.0,0.63,-57.46,-2.92,1964.79,0.66,908.286,47.619,3.0,42.0
rif_normal_31165ca5d73b231e8d3f0ca771af4589_0001_1_000000016_0001_0001,FGFR2,0,Cao et al FGFR2,65.0,0.012,0.012,0.011,0.053,0.2,0.22,0.58,18.757,25.0,0.077,0.018,7.86,15.05,-34.17,-2.5,1367.13,0.54,0.48,0.28,1.0,0.73,-49.03,-3.15,1555.04,0.62,731.655,62.162,1.0,37.0
rif_normal_425598cd2a03172a6184fadf0c55fcc5_0001_000000000_0001_0001,FGFR2,0,Cao et al FGFR2,65.0,0.107,0.108,0.058,0.236,0.39,0.44,0.65,10.832,25.0,0.096,0.092,23.0,19.75,-34.1,-2.8,1216.69,0.64,0.59,0.21,3.0,0.63,-47.88,-2.95,1625.25,0.67,670.479,57.143,2.0,35.0
rif_normal_66e4b3f9012c0890b5305507c66df479_0001_000000000_0001_0001,FGFR2,0,Cao et al FGFR2,65.0,0.572,0.694,0.319,0.618,0.8,0.81,0.81,8.182,1.1,0.35,0.697,16.57,9.49,-41.05,-3.13,1311.22,0.72,0.64,0.18,2.0,0.68,-50.2,-2.69,1867.63,0.71,808.865,53.659,2.0,41.0
rif_normal_8176ac102b98803e971ec1e023b34246_0001_000000002_0001_0001,FGFR2,0,Cao et al FGFR2,65.0,0.089,0.092,0.032,0.179,0.45,0.48,0.69,11.439,25.0,0.213,0.101,22.09,22.71,-37.65,-2.35,1603.66,0.53,0.65,0.17,2.0,0.75,-53.6,-3.27,1639.73,0.72,827.035,54.762,2.0,42.0
rif_normal_EHEE_11194_000000016_0001_0001,FGFR2,1,Cao et al FGFR2,65.0,0.012,0.012,0.011,0.045,0.19,0.21,0.58,19.122,25.0,0.06,0.015,23.85,27.97,-36.79,-2.19,1680.51,0.65,0.58,0.22,3.0,0.73,-58.23,-3.42,1703.5,0.73,813.744,38.095,0.0,42.0
rif_normal_EHEE_hb1_1571_000000005_0001_0001,FGFR2,0,Cao et al FGFR2,65.0,0.217,0.242,0.108,0.29,0.59,0.61,0.73,10.0,3.6,0.148,0.268,4.44,2.84,-39.98,-2.95,1355.43,0.64,0.64,0.18,2.0,0.73,-53.38,-3.04,1758.51,0.71,771.593,41.86,3.0,43.0
rif_normal_EHEE_hb1_6635_000000002_0001_0001,FGFR2,0,Cao et al FGFR2,65.0,0.016,0.017,0.014,0.166,0.25,0.26,0.58,15.571,25.0,0.081,0.031,31.73,20.28,-36.07,-2.83,1275.52,0.59,0.67,0.09,2.0,0.72,-46.74,-2.94,1590.76,0.66,625.252,47.059,2.0,34.0
rif_normal_ems_ferrM_3735_0002_000000016_0001_0001,FGFR2,0,Cao et al FGFR2,63.0,0.012,0.012,0.011,0.054,0.2,0.24,0.59,17.608,25.0,0.106,0.02,9.0,8.36,-37.13,-2.29,1619.75,0.69,0.58,0.25,3.0,0.71,-49.63,-3.08,1612.34,0.62,780.278,43.182,2.0,44.0
rif_normal_ems_ferrM_6383_000000001_0001_0001,FGFR2,0,Cao et al FGFR2,64.0,0.013,0.016,0.012,0.091,0.34,0.35,0.64,14.622,25.0,0.115,0.039,23.75,23.24,-30.53,-2.41,1265.71,0.63,0.61,0.33,2.0,0.75,-60.46,-3.7,1635.27,0.66,615.942,52.778,2.0,36.0
rif_normal_proteinG_2535_000000006_0001_0001,FGFR2,0,Cao et al FGFR2,57.0,0.012,0.015,0.011,0.061,0.32,0.34,0.64,16.237,25.0,0.135,0.026,16.05,28.4,-36.54,-2.36,1546.04,0.72,0.57,0.25,3.0,0.71,-52.61,-3.55,1482.62,0.66,973.054,45.833,4.0,48.0
salireza111_mini_26_1_,EGFR,0,Adaptyv binder comp round 1,16.0,0.0,0.0,0.0,0.0,0.47,0.48,0.62,23.293,25.0,0.0,0.0,6.63,31.47,-33.49,-2.75,1216.68,0.65,0.58,0.5,4.0,0.73,-29.38,-2.68,1095.69,0.59,677.896,44.737,10.0,38.0
spacecruiser42_d2_prompt_binder_t1_0_22,EGFR,0,Adaptyv binder comp round 2,19.0,0.015,0.018,0.014,0.13,0.58,0.66,0.74,15.927,25.0,0.192,0.067,11.67,44.71,-49.68,-2.4,2067.29,0.56,0.66,0.42,8.0,0.56,-45.12,-2.13,2118.11,0.57,1075.43,37.931,10.0,58.0
z_peplib_pepseq_design_9,EGFR,0,Adaptyv binder comp round 2,50.0,0.0,0.0,0.0,0.0,0.26,0.27,0.64,25.951,25.0,0.0,0.0,19.02,35.42,-50.27,-2.03,2475.06,0.53,0.54,0.39,3.0,0.54,-42.96,-1.66,2594.83,0.61,1284.303,41.558,5.0,77.0
2bnr_04_4200_46_0_9,pMHC_NY1,0,pMHC screening NY1,142.0,0.576,0.826,0.403,0.683,0.94,0.94,0.95,4.019,1.0,0.419,0.917,1.15,1.32,-81.41,-2.59,3145.43,0.59,0.68,0.12,6.0,0.62,-80.01,-2.61,3062.77,0.66,1686.16,45.205,6.0,73.0
2bnr_150_14_1_7,pMHC_NY1,0,pMHC screening NY1,122.0,0.498,0.733,0.319,0.645,0.92,0.92,0.94,4.975,1.3,0.34,0.857,1.2,1.31,-67.45,-2.48,2724.3,0.65,0.7,0.22,8.0,0.64,-63.31,-2.51,2517.32,0.71,1401.436,41.791,6.0,67.0
2bnr_27_7_3_9_temp003_dldesign_151_af2pred,pMHC_NY1,1,pMHC screening NY2,145.0,0.636,0.86,0.419,0.709,0.94,0.95,0.95,3.975,0.9,0.448,0.934,1.06,1.32,-80.07,-2.73,2937.73,0.64,0.72,0.35,12.0,0.66,-76.31,-2.72,2804.69,0.66,1428.781,44.928,12.0,69.0
2bnr_27_7_3_9_temp003_dldesign_382_af2pred,pMHC_NY1,1,pMHC screening NY2,145.0,0.66,0.875,0.44,0.722,0.95,0.95,0.95,3.731,0.8,0.464,0.941,1.01,1.34,-64.17,-2.33,2750.45,0.64,0.72,0.38,9.0,0.68,-80.08,-2.69,2975.62,0.68,1498.246,44.444,10.0,72.0
2bnr_27_7_3_9_temp01_dldesign_926_af2pred,pMHC_NY1,1,pMHC screening NY2,145.0,0.65,0.873,0.445,0.714,0.95,0.95,0.95,3.702,0.8,0.456,0.94,1.09,1.55,-76.49,-2.64,2898.85,0.61,0.73,0.33,11.0,0.68,-76.26,-2.63,2905.15,0.64,1482.863,44.444,10.0,72.0
2bnr_27_7_3_9_temp03_dldesign_889_af2pred,pMHC_NY1,0,pMHC screening NY2,145.0,0.603,0.834,0.4,0.684,0.94,0.94,0.95,4.37,0.9,0.439,0.922,0.95,1.24,-72.53,-2.6,2791.76,0.69,0.76,0.26,9.0,0.7,-74.68,-2.69,2778.36,0.72,1461.426,44.0,8.0,75.0
2bnr_33_17_3_1,pMHC_NY1,0,pMHC screening NY1,107.0,0.27,0.45,0.17,0.41,0.87,0.89,0.9,7.575,2.6,0.327,0.514,0.9,1.45,-51.97,-2.05,2532.67,0.56,0.66,0.49,3.0,0.55,-57.32,-2.29,2508.28,0.64,1411.033,47.826,2.0,69.0
AKAP9_binder_11_renumb_93_dldesign_0_af2pred,pMHC_SILSY1,0,pMHC screening SILSY1,124.0,0.501,0.686,0.325,0.591,0.93,0.93,0.94,4.937,1.1,0.391,0.855,1.39,2.13,-56.25,-1.94,2904.41,0.58,0.65,0.24,8.0,0.59,-67.61,-2.28,2970.44,0.68,1529.916,40.541,12.0,74.0
AKAP9_binder_21,pMHC_SILSY1,0,pMHC screening SILSY1,124.0,0.556,0.758,0.37,0.636,0.94,0.95,0.94,4.308,1.0,0.404,0.879,1.99,3.34,-65.24,-2.18,2992.15,0.56,0.59,0.29,10.0,0.64,-69.9,-2.26,3090.08,0.62,1538.047,40.541,9.0,74.0
AKAP9_binder_23_renumb_53_dldesign_0_af2pred,pMHC_SILSY1,0,pMHC screening SILSY1,124.0,0.56,0.764,0.355,0.656,0.94,0.94,0.94,4.476,1.1,0.417,0.897,1.3,2.23,-59.34,-1.96,3021.17,0.58,0.56,0.27,8.0,0.55,-62.39,-2.09,2989.55,0.63,1522.424,38.356,11.0,73.0
AKAP9_binder_24_renumb_24_dldesign_0_af2pred,pMHC_SILSY1,0,pMHC screening SILSY1,124.0,0.587,0.795,0.366,0.687,0.94,0.94,0.94,4.332,1.0,0.407,0.901,1.27,1.38,-62.68,-2.2,2854.63,0.6,0.63,0.26,12.0,0.56,-62.77,-2.12,2963.54,0.54,1468.732,35.714,17.0,70.0
AKAP9_binder_26_dldesign_15_af2pred,pMHC_SILSY1,0,pMHC screening SILSY1,124.0,0.394,0.598,0.254,0.533,0.9,0.92,0.92,5.823,1.3,0.402,0.771,1.51,3.16,-51.09,-1.87,2726.4,0.57,0.67,0.33,6.0,0.61,-59.02,-2.04,2900.07,0.67,1459.834,40.278,11.0,72.0
AKAP9_binder_8_renumb_54_dldesign_0_af2pred,pMHC_SILSY1,0,pMHC screening SILSY1,124.0,0.577,0.777,0.367,0.677,0.94,0.94,0.94,4.272,1.1,0.395,0.896,1.3,1.38,-59.52,-2.03,2931.28,0.59,0.68,0.31,8.0,0.59,-63.98,-2.24,2855.13,0.61,1477.92,39.706,11.0,68.0
EHEE_11625_000000007_0001,VirB8,0,Cao et al VirB8,65.0,0.014,0.015,0.012,0.111,0.35,0.4,0.72,15.632,25.0,0.173,0.031,43.28,22.5,-39.74,-2.32,1715.08,0.68,0.56,0.11,6.0,0.76,-52.0,-3.49,1489.1,0.67,967.514,54.545,5.0,44.0
Grafting_Motif0040_ems_3hM_2156_0001,FGFR2,0,Cao et al FGFR2,62.0,0.188,0.229,0.093,0.331,0.53,0.58,0.72,9.638,3.4,0.176,0.16,2.6,2.49,-43.22,-2.6,1662.26,0.67,0.59,0.07,4.0,0.68,-65.91,-3.38,1951.36,0.68,852.894,51.163,1.0,43.0
Grafting_Motif0072_ems_3hC_1683_0001_0001,FGFR2,0,Cao et al FGFR2,64.0,0.526,0.633,0.308,0.578,0.77,0.78,0.83,5.7,1.4,0.286,0.618,8.52,8.43,-39.09,-2.51,1556.62,0.63,0.64,0.14,2.0,0.79,-64.94,-4.34,1496.06,0.71,827.981,47.5,2.0,40.0
Grafting_Motif0176_HHH_eva_0440_0001,FGFR2,0,Cao et al FGFR2,52.0,0.141,0.156,0.078,0.262,0.44,0.54,0.71,9.718,3.9,0.166,0.186,19.51,24.99,-31.53,-2.57,1228.04,0.67,0.66,0.07,1.0,0.75,-61.86,-3.31,1869.15,0.64,695.352,54.054,4.0,37.0
Grafting_Motif0184_ems_3hM_1196_0001_0002,FGFR2,0,Cao et al FGFR2,64.0,0.021,0.028,0.017,0.214,0.33,0.34,0.63,13.982,5.1,0.099,0.059,6.39,5.74,-34.58,-2.26,1530.81,0.67,0.65,0.11,2.0,0.74,-66.67,-3.45,1931.09,0.7,820.59,43.243,1.0,37.0
Grafting_Motif0363_bcov_4helix_14040_0001_0001,FGFR2,0,Cao et al FGFR2,65.0,0.13,0.148,0.066,0.211,0.52,0.58,0.71,10.341,4.7,0.161,0.187,21.61,20.89,-38.61,-2.84,1359.9,0.66,0.63,0.22,5.0,0.69,-57.73,-3.23,1786.75,0.72,814.48,51.351,5.0,37.0
Grafting_Motif0374_ems_3hM_501_0001,FGFR2,1,Cao et al FGFR2,62.0,0.026,0.081,0.019,0.228,0.32,0.37,0.63,12.677,25.0,0.09,0.065,22.31,20.8,-30.98,-2.4,1293.7,0.73,0.59,0.12,1.0,0.74,-63.57,-3.58,1775.91,0.67,719.172,44.737,2.0,38.0
Grafting_Motif0374_ems_3hM_805_0001,FGFR2,0,Cao et al FGFR2,64.0,0.017,0.029,0.015,0.165,0.34,0.37,0.66,13.153,25.0,0.119,0.08,9.27,10.31,-32.72,-2.38,1376.22,0.62,0.62,0.16,1.0,0.67,-61.7,-3.22,1916.33,0.77,760.047,46.154,1.0,39.0
Grafting_Motif0374_p1_16H_GBL_16H_GABBL_15H_0072_0001_0001_0001_0001_0002,FGFR2,0,Cao et al FGFR2,55.0,0.014,0.016,0.012,0.104,0.27,0.33,0.64,15.019,25.0,0.063,0.044,22.02,22.21,-22.1,-2.28,967.14,0.52,0.56,0.31,3.0,0.72,-67.73,-3.63,1865.45,0.68,557.704,50.0,3.0,28.0
Grafting_Motif0394_ems_3hM_2783_0001,FGFR2,0,Cao et al FGFR2,59.0,0.035,0.043,0.017,0.199,0.35,0.42,0.64,13.05,25.0,0.14,0.061,3.39,6.52,-38.1,-2.41,1578.56,0.63,0.57,0.07,2.0,0.73,-61.74,-3.37,1831.13,0.63,704.601,54.054,0.0,37.0
Grafting_Motif0612_p1_14H_GBL_16H_GABBL_15H_0530_0001_0001_0002_0001,FGFR2,0,Cao et al FGFR2,53.0,0.015,0.035,0.013,0.135,0.31,0.33,0.66,13.982,25.0,0.097,0.047,20.63,24.36,-38.99,-2.94,1326.59,0.59,0.52,0.27,3.0,0.7,-52.61,-3.34,1574.71,0.64,736.947,45.0,1.0,40.0
Grafting_Motif1405_ems_3hM_3567_0001,FGFR2,1,Cao et al FGFR2,63.0,0.516,0.631,0.302,0.62,0.79,0.8,0.84,5.159,1.5,0.263,0.727,21.73,20.08,-53.87,-3.58,1504.24,0.75,0.71,0.04,5.0,0.72,-51.82,-3.44,1507.19,0.72,821.375,47.5,2.0,40.0
Grafting_Motif1491_ems_3hM_167_0001,FGFR2,0,Cao et al FGFR2,61.0,0.727,0.776,0.435,0.712,0.88,0.89,0.89,3.762,0.9,0.395,0.818,2.22,2.1,-50.73,-3.25,1561.21,0.77,0.61,0.03,7.0,0.75,-72.3,-4.03,1795.43,0.71,787.51,51.351,6.0,37.0
IL7Ra_binder_AF2_62,IL7Ra,1,IL7Ra Watson et al,88.0,0.73,0.748,0.42,0.615,0.89,0.89,0.89,5.066,1.1,0.39,0.828,2.19,3.3,-53.35,-2.96,1801.85,0.67,0.56,0.14,8.0,0.6,-54.84,-2.79,1963.04,0.52,868.401,43.478,8.0,46.0
IL7Ra_binder_AF2_7,IL7Ra,0,IL7Ra Watson et al,92.0,0.626,0.667,0.37,0.583,0.84,0.84,0.88,5.497,1.5,0.451,0.735,2.92,3.25,-42.51,-2.3,1848.59,0.65,0.64,0.1,4.0,0.54,-49.48,-2.52,1966.37,0.59,1032.297,45.098,6.0,51.0
IL7Ra_binder_AF2_72,IL7Ra,0,IL7Ra Watson et al,84.0,0.012,0.013,0.011,0.053,0.25,0.27,0.7,19.402,25.0,0.084,0.029,24.26,33.26,-25.37,-1.68,1505.95,0.6,0.62,0.09,1.0,0.6,-58.09,-2.83,2049.69,0.6,820.129,35.714,4.0,42.0
Insulin_receptor_binder_AF2_2,InsulinR,0,InsulinR Watson et al,91.0,0.672,0.751,0.441,0.579,0.84,0.85,0.89,5.25,1.2,0.274,0.849,2.01,2.24,-50.23,-3.2,1568.65,0.69,0.59,0.37,7.0,0.64,-52.53,-3.13,1676.78,0.64,870.427,40.0,7.0,45.0
Insulin_receptor_binder_AF2_28,InsulinR,0,InsulinR Watson et al,83.0,0.649,0.71,0.401,0.638,0.85,0.85,0.89,5.044,1.4,0.243,0.82,1.77,1.85,-46.7,-2.33,2005.67,0.65,0.58,0.1,5.0,0.57,-47.19,-2.6,1818.0,0.56,1082.331,31.25,6.0,48.0
Insulin_receptor_binder_AF2_64,InsulinR,0,InsulinR Watson et al,88.0,0.4,0.563,0.257,0.462,0.74,0.74,0.85,7.001,2.3,0.254,0.638,2.15,2.03,-53.56,-2.66,2016.41,0.62,0.6,0.09,8.0,0.7,-59.53,-3.04,1958.77,0.6,973.097,38.298,8.0,47.0
Insulin_receptor_binder_AF2_89,InsulinR,0,InsulinR Watson et al,98.0,0.676,0.732,0.427,0.624,0.84,0.85,0.89,4.555,1.5,0.281,0.744,1.09,0.99,-57.86,-2.68,2156.02,0.58,0.6,0.1,11.0,0.62,-56.06,-2.8,2002.04,0.59,1184.324,38.333,9.0,60.0
Insulin_receptor_binder_AF2_9,InsulinR,0,InsulinR Watson et al,65.0,0.388,0.501,0.245,0.457,0.73,0.75,0.85,6.436,2.3,0.243,0.535,1.57,2.12,-55.35,-2.82,1963.99,0.72,0.66,0.1,10.0,0.7,-63.27,-3.45,1834.02,0.64,932.128,47.917,6.0,48.0
Motif0004_HEEHE_2041_0001_9439_0001,FGFR2,0,Cao et al FGFR2,65.0,0.195,0.206,0.096,0.31,0.56,0.62,0.74,9.554,3.3,0.255,0.298,18.25,17.46,-30.66,-2.15,1422.98,0.58,0.63,0.17,2.0,0.74,-66.03,-3.81,1731.38,0.65,734.142,54.054,2.0,37.0
Motif0005_HEEHE_2372_0001_0002_909_0001,FGFR2,0,Cao et al FGFR2,65.0,0.262,0.329,0.112,0.314,0.59,0.61,0.74,9.566,2.6,0.217,0.232,19.33,14.58,-48.01,-2.99,1606.34,0.62,0.66,0.15,6.0,0.65,-63.04,-3.8,1657.94,0.53,872.216,52.381,4.0,42.0
Motif0016_bcov_4helix_04211_0001_0001_3633_0001,FGFR2,0,Cao et al FGFR2,65.0,0.367,0.4,0.206,0.457,0.66,0.7,0.75,7.711,2.3,0.239,0.392,21.42,15.69,-34.26,-2.44,1405.92,0.63,0.59,0.18,4.0,0.76,-63.04,-3.6,1751.47,0.64,745.328,52.632,5.0,38.0
Motif0017_bcov_4helix_02413_0001_0001,EGFR,0,Cao et al EGFR,65.0,0.0,0.0,0.0,0.0,0.13,0.13,0.73,24.888,25.0,0.0,0.0,8.01,12.23,-18.39,-1.85,994.96,0.61,0.67,0.21,4.0,0.74,-61.46,-3.71,1658.33,0.71,569.901,43.75,4.0,32.0
Motif0021_HEEHE_3038_0001_0002_9957_0001,FGFR2,0,Cao et al FGFR2,65.0,0.073,0.148,0.022,0.175,0.43,0.53,0.69,11.581,25.0,0.185,0.14,20.56,17.08,-44.02,-2.9,1516.41,0.64,0.6,0.16,4.0,0.74,-66.52,-3.44,1935.68,0.65,853.952,51.163,3.0,43.0
Motif0025_HEEHE_2000_0001_0001_382_0001,FGFR2,0,Cao et al FGFR2,65.0,0.015,0.02,0.013,0.129,0.28,0.32,0.63,15.859,25.0,0.045,0.057,28.17,24.62,-26.26,-2.93,896.71,0.66,0.6,0.16,3.0,0.79,-81.99,-3.76,2178.37,0.66,476.251,55.556,2.0,27.0
Motif0034_bcov_4helix_07443_0001_0002_1930_0001,FGFR2,1,Cao et al FGFR2,65.0,0.134,0.134,0.083,0.26,0.43,0.49,0.68,10.297,25.0,0.165,0.094,18.79,18.49,-38.1,-2.34,1625.71,0.49,0.59,0.14,3.0,0.73,-55.66,-3.17,1754.91,0.56,906.926,54.762,1.0,42.0
Motif0041_bcov_4helix_09506_0001_0002_8764_0001,FGFR2,0,Cao et al FGFR2,65.0,0.013,0.013,0.012,0.06,0.24,0.24,0.61,17.923,25.0,0.11,0.024,17.67,17.47,-37.4,-2.56,1462.33,0.68,0.58,0.21,4.0,0.76,-65.65,-3.79,1732.03,0.68,744.072,51.351,1.0,37.0
Motif0064_HHH_b2_03819_0001,SARS_CoV2_RBD,0,Cao et al SARS_CoV2_RBD,52.0,0.013,0.013,0.011,0.072,0.35,0.36,0.77,17.486,25.0,0.089,0.018,18.48,41.73,-37.31,-2.2,1693.97,0.65,0.67,0.13,7.0,0.63,-47.4,-2.79,1699.16,0.66,881.707,40.0,5.0,45.0
Motif0084_HEEHE_0805_0001_5860_0001,FGFR2,0,Cao et al FGFR2,65.0,0.152,0.154,0.046,0.237,0.51,0.52,0.71,11.263,3.7,0.155,0.147,22.78,21.26,-39.1,-2.87,1361.43,0.61,0.65,0.15,0.0,0.8,-66.64,-3.69,1807.8,0.7,757.881,50.0,1.0,42.0
Motif0099_ems_3hM_3398_0001,SARS_CoV2_RBD,0,Cao et al SARS_CoV2_RBD,62.0,0.0,0.0,0.0,0.0,0.2,0.23,0.72,22.226,25.0,0.0,0.0,4.82,7.78,-41.02,-2.4,1709.74,0.69,0.65,0.17,1.0,0.73,-55.02,-3.27,1680.37,0.66,895.674,42.857,0.0,42.0
Motif0104_bcov_4helix_01558_0001_0001_9258_0001,FGFR2,0,Cao et al FGFR2,65.0,0.547,0.632,0.314,0.581,0.77,0.8,0.83,5.625,1.3,0.315,0.648,5.9,3.79,-48.29,-3.45,1400.57,0.65,0.58,0.19,3.0,0.73,-68.01,-4.02,1692.17,0.65,677.203,58.824,1.0,34.0
Motif0117_bcov_4helix_01103_0001_467_0001,FGFR2,0,Cao et al FGFR2,65.0,0.012,0.016,0.011,0.07,0.26,0.28,0.61,15.617,25.0,0.083,0.031,7.32,7.15,-35.74,-2.95,1210.09,0.6,0.53,0.25,1.0,0.73,-62.03,-3.48,1784.57,0.65,656.794,60.606,2.0,33.0
Motif0153_ems_3hC_923_0001_0001_0002_6920_0001,FGFR2,1,Cao et al FGFR2,64.0,0.61,0.667,0.3,0.606,0.82,0.83,0.84,5.526,1.1,0.3,0.661,2.81,3.11,-53.0,-3.56,1488.84,0.74,0.67,0.06,2.0,0.76,-70.02,-3.86,1811.84,0.68,848.687,51.064,2.0,47.0
Motif0232_bcov_4helix_12293_0001_0001_8582_0001,FGFR2,1,Cao et al FGFR2,65.0,0.018,0.02,0.015,0.167,0.29,0.34,0.62,14.366,5.7,0.12,0.048,18.26,17.76,-38.47,-2.92,1319.19,0.63,0.6,0.19,2.0,0.72,-59.26,-3.42,1733.89,0.69,744.149,51.282,2.0,39.0
Motif0233_ems_3hM_313_0001_4964_0001,FGFR2,0,Cao et al FGFR2,62.0,0.513,0.547,0.308,0.597,0.78,0.79,0.83,5.502,1.8,0.297,0.549,2.89,2.45,-50.96,-3.25,1566.14,0.67,0.63,0.07,6.0,0.71,-74.05,-3.9,1899.18,0.66,786.897,53.659,4.0,41.0
Motif0265_bcov_4helix_09453_0001_0001,EGFR,0,Cao et al EGFR,65.0,0.015,0.015,0.012,0.079,0.28,0.3,0.77,17.726,25.0,0.103,0.031,8.34,7.74,-23.02,-1.84,1249.49,0.68,0.64,0.12,3.0,0.67,-59.9,-3.49,1718.45,0.62,700.727,44.737,5.0,38.0
Motif0290_ems_3hC_617_0002_0001_0003_0001,InsulinR,1,Cao et al Insulin receptor,63.0,0.691,0.831,0.428,0.693,0.88,0.89,0.91,4.209,1.1,0.15,0.846,2.48,3.02,-58.42,-3.59,1627.36,0.78,0.62,0.11,4.0,0.8,-72.46,-4.23,1714.41,0.67,847.322,46.154,3.0,39.0
Motif0330_ems_3hM_772_0001_0001,EGFR,0,Cao et al EGFR,62.0,0.082,0.138,0.03,0.153,0.57,0.58,0.84,10.871,25.0,0.202,0.137,10.21,14.44,-40.62,-2.39,1702.02,0.68,0.65,0.12,3.0,0.7,-47.56,-3.18,1494.2,0.59,879.858,48.936,4.0,47.0
Motif0355_bcov_4helix_12307_0001,SARS_CoV2_RBD,0,Cao et al SARS_CoV2_RBD,65.0,0.0,0.0,0.0,0.0,0.22,0.25,0.71,22.006,25.0,0.0,0.0,17.84,43.85,-41.81,-2.59,1617.3,0.59,0.6,0.25,3.0,0.66,-55.77,-3.01,1851.29,0.67,805.724,48.837,5.0,43.0
Motif0363_ems_3hC_414_0001_0001_0003_8639_0001,FGFR2,0,Cao et al FGFR2,64.0,0.224,0.255,0.136,0.363,0.55,0.6,0.71,8.752,3.1,0.21,0.223,4.53,3.99,-41.16,-2.56,1607.24,0.55,0.61,0.1,6.0,0.75,-70.91,-3.99,1777.2,0.72,807.548,45.238,3.0,42.0
Motif0459_HHH_eva_0033_0001_4316_0001,FGFR2,0,Cao et al FGFR2,63.0,0.016,0.027,0.013,0.124,0.34,0.35,0.64,14.101,25.0,0.128,0.042,19.67,18.94,-41.83,-2.63,1591.21,0.55,0.51,0.12,3.0,0.74,-71.39,-3.67,1942.88,0.67,803.521,55.814,2.0,43.0
Motif0463_p1_16H_GBL_16H_GABBL_15H_0060_0001_0001_0002_0001,SARS_CoV2_RBD,0,Cao et al SARS_CoV2_RBD,55.0,0.0,0.0,0.0,0.0,0.18,0.28,0.73,19.199,25.0,0.0,0.0,12.04,23.24,-33.06,-2.06,1607.81,0.65,0.68,0.2,5.0,0.59,-48.24,-2.86,1684.46,0.68,914.814,36.17,4.0,47.0
Motif0489_ems_3hC_79_0001_0001_690_0001,FGFR2,1,Cao et al FGFR2,62.0,0.74,0.759,0.424,0.7,0.88,0.89,0.88,4.323,0.9,0.428,0.763,2.49,2.16,-59.14,-3.42,1730.24,0.73,0.66,0.1,4.0,0.75,-68.98,-3.95,1746.34,0.69,937.288,53.333,4.0,45.0
Motif0582_bcov_4helix_08512_0001_3591_0001,FGFR2,1,Cao et al FGFR2,65.0,0.109,0.124,0.047,0.261,0.41,0.48,0.66,11.224,4.8,0.154,0.084,4.68,4.21,-48.59,-3.01,1613.14,0.65,0.62,0.24,2.0,0.73,-60.63,-3.35,1811.04,0.61,794.23,59.524,2.0,42.0
Motif0767_HHH_b2_04984_0001,SARS_CoV2_RBD,0,Cao et al SARS_CoV2_RBD,56.0,0.0,0.0,0.0,0.0,0.22,0.24,0.74,21.098,25.0,0.0,0.0,9.8,9.67,-36.14,-2.17,1661.76,0.47,0.62,0.07,7.0,0.64,-55.26,-3.17,1743.98,0.65,937.163,34.091,7.0,44.0
Motif0851_bcov_4helix_08769_0001_0001,EGFR,0,Cao et al EGFR,65.0,0.012,0.013,0.011,0.056,0.27,0.32,0.76,16.729,25.0,0.229,0.025,12.97,17.75,-47.38,-2.81,1688.87,0.66,0.58,0.15,9.0,0.63,-55.32,-3.32,1666.64,0.63,851.001,47.917,4.0,48.0
Motif1002_bcov_4helix_04373_0001_4437_0001,FGFR2,0,Cao et al FGFR2,65.0,0.055,0.059,0.018,0.191,0.38,0.4,0.65,12.65,5.9,0.103,0.069,20.63,18.43,-35.76,-2.73,1309.14,0.63,0.71,0.29,4.0,0.69,-56.47,-3.53,1600.24,0.65,658.876,50.0,4.0,36.0
Motif1005_HEEHE_2516_0001_0001_811_0001,FGFR2,0,Cao et al FGFR2,65.0,0.107,0.11,0.034,0.222,0.45,0.48,0.69,11.959,5.2,0.269,0.068,13.35,14.21,-38.49,-2.65,1454.98,0.53,0.64,0.18,1.0,0.8,-72.26,-4.0,1807.08,0.73,884.281,55.319,4.0,47.0
Motif1005_bcov_4helix_06750_0001_0003_4028_0001,FGFR2,1,Cao et al FGFR2,65.0,0.516,0.594,0.267,0.584,0.79,0.8,0.82,6.2,1.3,0.291,0.399,2.55,2.36,-49.62,-3.47,1431.59,0.7,0.62,0.26,4.0,0.73,-62.61,-3.7,1694.23,0.75,774.289,52.778,5.0,36.0
Motif1005_ems_3hM_3523_0001_0003_3191_0001,FGFR2,1,Cao et al FGFR2,64.0,0.015,0.018,0.014,0.143,0.28,0.3,0.63,13.641,25.0,0.127,0.053,26.75,26.54,-29.18,-2.23,1307.17,0.56,0.6,0.13,5.0,0.78,-64.81,-3.95,1640.22,0.64,718.702,43.902,5.0,41.0
Motif1017_bcov_4helix_07429_0001_0003_3981_0001,FGFR2,0,Cao et al FGFR2,65.0,0.178,0.219,0.109,0.32,0.51,0.53,0.69,9.863,3.4,0.09,0.2,24.95,22.35,-29.58,-2.48,1193.14,0.77,0.6,0.17,1.0,0.74,-66.73,-3.74,1785.05,0.62,621.643,60.0,2.0,35.0
Motif1019_ems_3hM_805_0001_0001_7278_0001,FGFR2,0,Cao et al FGFR2,64.0,0.014,0.017,0.012,0.118,0.33,0.38,0.64,14.445,25.0,0.153,0.046,6.68,5.34,-42.25,-2.67,1580.16,0.62,0.54,0.16,3.0,0.68,-63.08,-3.55,1775.51,0.64,812.765,51.163,2.0,43.0
Motif1025_bcov_4helix_11216_0001_0002_6293_0001,FGFR2,0,Cao et al FGFR2,65.0,0.046,0.052,0.015,0.149,0.33,0.38,0.63,13.045,6.0,0.076,0.068,5.57,5.56,-35.95,-2.56,1401.55,0.73,0.61,0.3,1.0,0.73,-70.28,-3.4,2066.01,0.66,661.387,54.286,2.0,35.0
Motif1026_HEEHE_0001_0001_0001_8324_0001,FGFR2,0,Cao et al FGFR2,65.0,0.043,0.07,0.018,0.203,0.38,0.41,0.65,13.199,25.0,0.137,0.051,12.22,12.69,-38.36,-2.25,1701.59,0.68,0.58,0.13,3.0,0.69,-66.17,-3.59,1843.96,0.66,915.602,60.87,4.0,46.0
Motif1031_HEEHE_2488_0001_0002_7857_0001,FGFR2,0,Cao et al FGFR2,65.0,0.501,0.648,0.288,0.479,0.78,0.79,0.81,6.91,1.1,0.228,0.64,24.46,21.07,-35.84,-3.09,1159.2,0.61,0.64,0.2,1.0,0.79,-67.96,-3.41,1995.7,0.6,621.326,56.25,2.0,32.0
Motif1031_ems_3hM_791_0001_0001_8272_0001,FGFR2,0,Cao et al FGFR2,61.0,0.642,0.727,0.344,0.66,0.85,0.85,0.87,4.859,1.0,0.441,0.593,2.63,3.03,-67.49,-3.36,2007.12,0.79,0.6,0.1,4.0,0.81,-83.88,-4.06,2068.54,0.72,928.134,53.333,2.0,45.0
Motif1033_bcov_4helix_08595_0001_0001_8071_0001,FGFR2,0,Cao et al FGFR2,65.0,0.6,0.766,0.378,0.564,0.84,0.85,0.86,5.359,1.0,0.419,0.798,2.44,2.48,-55.55,-3.75,1481.6,0.75,0.63,0.3,6.0,0.74,-71.81,-4.09,1756.49,0.62,872.389,56.098,5.0,41.0
Motif1045_HEEHE_2209_0001_0001_7234_0001,FGFR2,0,Cao et al FGFR2,65.0,0.133,0.153,0.065,0.26,0.52,0.53,0.71,10.798,4.0,0.214,0.113,19.82,18.29,-44.75,-2.69,1661.31,0.66,0.6,0.21,3.0,0.72,-69.63,-3.94,1767.58,0.72,794.018,53.659,3.0,41.0
Motif1061_HEEHE_0230_0001_0001_4622_0001,FGFR2,0,Cao et al FGFR2,65.0,0.016,0.02,0.014,0.176,0.31,0.32,0.63,14.972,25.0,0.108,0.032,10.95,11.52,-38.66,-2.62,1477.99,0.59,0.58,0.19,4.0,0.77,-83.53,-4.05,2062.07,0.71,799.033,59.524,3.0,42.0
Motif1062_bcov_4helix_14277_0001_9615_0001,FGFR2,0,Cao et al FGFR2,65.0,0.014,0.017,0.012,0.093,0.24,0.28,0.61,16.403,25.0,0.074,0.033,10.8,11.64,-42.24,-3.38,1248.42,0.64,0.57,0.28,1.0,0.67,-65.45,-3.72,1760.78,0.71,629.321,58.824,1.0,34.0
Motif1090_ems_3hM_1581_0001_0001_2080_0001,FGFR2,0,Cao et al FGFR2,62.0,0.055,0.091,0.021,0.22,0.39,0.42,0.67,12.789,25.0,0.127,0.054,21.21,22.94,-40.17,-2.57,1563.65,0.58,0.62,0.12,6.0,0.74,-58.3,-3.52,1656.26,0.68,879.125,51.02,4.0,49.0
Motif1105_bcov_4helix_08021_0001_5771_0001,FGFR2,0,Cao et al FGFR2,65.0,0.383,0.413,0.241,0.503,0.73,0.73,0.81,6.636,2.5,0.291,0.43,3.41,2.98,-53.99,-3.13,1724.31,0.71,0.61,0.21,3.0,0.8,-71.78,-3.78,1900.62,0.7,987.943,54.902,1.0,51.0
Motif1108_p1_15H_GBL_16H_GABBL_15H_0361_0001_0001_0001_0001_9126_0001,FGFR2,0,Cao et al FGFR2,54.0,0.495,0.558,0.27,0.608,0.79,0.8,0.84,5.633,1.6,0.251,0.664,3.96,5.86,-42.07,-3.08,1367.76,0.68,0.65,0.2,2.0,0.72,-60.07,-3.31,1816.79,0.71,696.264,53.846,2.0,39.0
Motif1115_HHH_eva_0016_0001_0002_3011_0001,FGFR2,0,Cao et al FGFR2,59.0,0.012,0.015,0.012,0.075,0.23,0.23,0.61,17.392,25.0,0.085,0.028,14.85,22.84,-19.03,-1.98,959.57,0.55,0.61,0.22,2.0,0.7,-66.83,-3.7,1805.17,0.69,693.399,52.778,1.0,36.0
Motif1140_ems_3hC_875_0001_0002_5701_0001,FGFR2,0,Cao et al FGFR2,64.0,0.013,0.013,0.012,0.072,0.25,0.26,0.6,18.172,25.0,0.118,0.021,21.25,34.04,-29.81,-2.18,1365.86,0.62,0.64,0.19,3.0,0.77,-55.24,-3.58,1543.17,0.66,836.036,39.474,1.0,38.0
Motif1222_bcov_4helix_12069_0001_0001_2446_0001,FGFR2,0,Cao et al FGFR2,65.0,0.013,0.018,0.012,0.098,0.27,0.3,0.62,16.534,25.0,0.075,0.037,14.15,15.75,-28.96,-2.17,1334.32,0.61,0.59,0.17,2.0,0.71,-62.29,-3.58,1741.74,0.66,819.55,47.5,3.0,40.0
Motif1227_ems_3hM_3153_0001_0002_9314_0001,FGFR2,0,Cao et al FGFR2,60.0,0.017,0.019,0.013,0.129,0.29,0.33,0.63,14.112,25.0,0.087,0.077,22.38,23.66,-27.94,-2.63,1061.05,0.71,0.64,0.1,1.0,0.73,-61.98,-3.18,1948.15,0.69,728.642,44.444,1.0,36.0
Motif1309_ems_3hC_438_0001_0002_5428_0001,FGFR2,0,Cao et al FGFR2,61.0,0.094,0.094,0.042,0.217,0.49,0.51,0.71,11.23,25.0,0.209,0.079,18.5,14.84,-40.96,-2.47,1655.16,0.65,0.64,0.13,1.0,0.76,-69.21,-3.42,2021.72,0.64,911.36,50.0,5.0,48.0
Motif1379_HEEHE_2274_0001_0001_3508_0001,FGFR2,1,Cao et al FGFR2,65.0,0.046,0.053,0.018,0.21,0.35,0.38,0.65,13.347,5.5,0.124,0.049,9.49,10.71,-44.26,-2.67,1657.09,0.62,0.52,0.17,1.0,0.74,-61.86,-3.72,1664.63,0.67,896.475,59.091,2.0,44.0
Motif1400_ems_3hM_482_0001_7396_0001,FGFR2,1,Cao et al FGFR2,61.0,0.687,0.748,0.4,0.693,0.86,0.87,0.87,4.391,1.0,0.318,0.883,1.73,2.24,-51.19,-3.39,1509.75,0.72,0.68,0.03,7.0,0.72,-60.88,-4.0,1520.91,0.64,772.033,47.222,4.0,36.0
Motif1482_HHH_eva_0404_0001_4514_0001,FGFR2,0,Cao et al FGFR2,61.0,0.459,0.583,0.249,0.537,0.76,0.78,0.83,5.929,1.7,0.284,0.484,3.56,4.03,-66.32,-3.93,1685.82,0.73,0.63,0.1,5.0,0.71,-64.16,-3.52,1822.21,0.6,859.226,54.545,2.0,44.0
Motif1955_bcov_4helix_07796_0002,SARS_CoV2_RBD,0,Cao et al SARS_CoV2_RBD,65.0,0.014,0.014,0.012,0.103,0.36,0.43,0.73,15.243,25.0,0.113,0.025,51.05,34.64,-63.04,-3.01,2094.51,0.63,0.58,0.11,3.0,0.52,-47.9,-2.92,1640.4,0.71,1061.192,56.364,4.0,55.0
NYESO_parent_binder_partial_10_2_355_dldesign_1_af2pred,pMHC_NY1,0,pMHC screening NY2,145.0,0.539,0.783,0.345,0.63,0.93,0.93,0.94,5.041,1.2,0.415,0.864,1.09,1.46,-67.86,-2.45,2773.98,0.61,0.66,0.19,9.0,0.64,-74.5,-2.65,2812.06,0.68,1489.678,41.176,8.0,68.0
NYESO_parent_binder_partial_10_3_366_dldesign_1_af2pred,pMHC_NY1,0,pMHC screening NY2,145.0,0.532,0.772,0.344,0.633,0.92,0.93,0.93,5.003,1.2,0.398,0.885,1.29,1.83,-58.0,-2.05,2823.1,0.61,0.64,0.27,8.0,0.6,-67.59,-2.48,2722.89,0.63,1399.682,46.269,8.0,67.0
Pdl1_binder_AF2_18,Pdl1,0,Pdl1 Watson et al,65.0,0.051,0.064,0.023,0.218,0.38,0.4,0.7,12.77,5.9,0.21,0.07,24.65,21.37,-31.83,-2.17,1469.5,0.48,0.72,0.19,2.0,0.59,-40.74,-2.35,1733.97,0.54,768.409,50.0,4.0,44.0
Pdl1_binder_AF2_26,Pdl1,0,Pdl1 Watson et al,96.0,0.751,0.816,0.533,0.708,0.88,0.88,0.91,3.874,1.0,0.428,0.886,1.55,1.49,-37.42,-2.27,1651.22,0.65,0.64,0.17,3.0,0.53,-37.15,-2.33,1591.45,0.58,885.228,36.735,6.0,49.0
Pdl1_binder_AF2_5,Pdl1,1,Pdl1 Watson et al,88.0,0.789,0.838,0.556,0.734,0.9,0.9,0.92,3.69,0.9,0.571,0.885,1.77,1.35,-59.83,-3.38,1769.15,0.73,0.69,0.13,7.0,0.73,-53.29,-2.78,1916.09,0.61,944.52,41.304,7.0,46.0
Pdl1_binder_AF2_6,Pdl1,0,Pdl1 Watson et al,89.0,0.708,0.777,0.518,0.713,0.85,0.86,0.89,3.782,1.0,0.462,0.778,25.61,14.7,-43.08,-2.79,1545.14,0.62,0.66,0.17,8.0,0.68,-46.02,-2.75,1674.65,0.67,923.4,36.17,7.0,47.0
Pdl1_binder_AF2_71,Pdl1,0,Pdl1 Watson et al,99.0,0.566,0.646,0.389,0.6,0.79,0.8,0.85,5.046,1.6,0.398,0.658,1.99,1.53,-41.54,-2.58,1610.87,0.56,0.67,0.12,7.0,0.58,-42.05,-2.74,1534.59,0.69,892.651,34.884,10.0,43.0
Pdl1_binder_AF2_86,Pdl1,0,Pdl1 Watson et al,82.0,0.618,0.697,0.378,0.607,0.81,0.82,0.87,4.963,1.3,0.474,0.776,1.11,1.3,-38.39,-2.84,1352.42,0.69,0.67,0.36,3.0,0.69,-34.53,-2.45,1406.46,0.64,755.03,47.368,3.0,38.0
Trka_binder_AF2_14,TrkA,0,TrkA Watson et al,65.0,0.575,0.702,0.36,0.66,0.82,0.82,0.87,4.572,1.3,0.39,0.882,1.79,1.52,-31.01,-2.29,1355.7,0.65,0.63,0.26,2.0,0.7,-34.11,-2.55,1338.87,0.58,701.574,44.444,5.0,36.0
Trka_binder_AF2_17,TrkA,1,TrkA Watson et al,88.0,0.761,0.83,0.53,0.713,0.9,0.9,0.91,3.639,0.9,0.457,0.934,2.15,1.99,-54.05,-3.08,1753.84,0.73,0.53,0.14,12.0,0.74,-49.12,-2.9,1692.82,0.72,947.107,37.778,7.0,45.0
Trka_binder_AF2_22,TrkA,0,TrkA Watson et al,65.0,0.657,0.783,0.436,0.683,0.85,0.86,0.89,3.97,1.0,0.394,0.823,4.08,4.28,-47.01,-2.86,1641.01,0.7,0.62,0.16,7.0,0.65,-44.19,-2.64,1675.47,0.56,888.185,42.222,7.0,45.0
Trka_binder_AF2_32,TrkA,0,TrkA Watson et al,52.0,0.226,0.381,0.134,0.475,0.69,0.7,0.78,7.738,2.6,0.225,0.3,2.14,2.2,-44.43,-2.96,1502.21,0.7,0.66,0.24,6.0,0.69,-51.95,-3.27,1586.61,0.64,836.834,41.86,9.0,43.0
Trka_binder_AF2_43,TrkA,0,TrkA Watson et al,65.0,0.735,0.836,0.489,0.699,0.89,0.89,0.91,3.791,0.8,0.411,0.894,1.88,2.12,-44.75,-2.97,1505.1,0.7,0.68,0.3,7.0,0.68,-40.34,-3.13,1290.36,0.74,777.381,40.541,2.0,37.0
Trka_binder_AF2_51,TrkA,0,TrkA Watson et al,92.0,0.817,0.835,0.57,0.736,0.9,0.9,0.92,3.482,0.9,0.499,0.84,3.3,2.61,-53.52,-2.73,1962.67,0.7,0.6,0.27,10.0,0.68,-54.77,-2.78,1970.8,0.54,1082.453,40.351,6.0,57.0
aqamar_seq2,EGFR,0,Adaptyv binder comp round 1,67.0,0.0,0.0,0.0,0.0,0.2,0.2,0.59,28.204,25.0,0.0,0.0,23.41,49.74,-24.36,-1.84,1324.0,0.57,0.7,0.41,3.0,0.54,-16.42,-1.27,1296.48,0.64,709.09,30.233,2.0,43.0
aqamar_seq7,EGFR,0,Adaptyv binder comp round 1,51.0,0.0,0.0,0.0,0.0,0.16,0.17,0.54,29.363,25.0,0.0,0.0,61.13,59.45,-30.0,-1.89,1586.97,0.55,0.63,0.57,3.0,0.56,-36.94,-1.4,2634.8,0.58,882.203,43.478,3.0,46.0
aswinijavadi160197_8_A,EGFR,0,Adaptyv binder comp round 2,100.0,0.0,0.0,0.0,0.0,0.13,0.13,0.54,29.752,25.0,0.0,0.0,42.79,69.05,-23.86,-2.03,1174.45,0.49,0.61,0.11,6.0,0.52,-34.36,-1.68,2046.41,0.59,886.455,27.451,10.0,51.0
bcov_r3_HEEH_16868_000000008_0001_0001,IL7Ra,1,Cao et al IL7Ra,64.0,0.012,0.012,0.011,0.048,0.23,0.26,0.72,20.607,25.0,0.043,0.017,20.92,40.49,-40.79,-2.87,1422.54,0.66,0.59,0.19,3.0,0.75,-53.41,-3.21,1665.8,0.7,687.356,45.946,2.0,37.0
bcov_revert_r1_HEEH_24497_000000002_0001_43_64_H____ems_3hC_786_0001_0006_0001_0001,TrkA,0,Cao et al TrkA,62.0,0.0,0.0,0.0,0.0,0.23,0.25,0.58,19.882,25.0,0.0,0.0,21.28,34.95,-32.33,-2.37,1365.07,0.63,0.53,0.16,2.0,0.77,-54.7,-3.37,1623.22,0.6,818.162,34.146,4.0,41.0
cameron_kroll_Gertrude_gen6,EGFR,0,Adaptyv binder comp round 2,147.0,0.603,0.623,0.352,0.424,0.88,0.88,0.7,14.67,1.8,0.472,0.653,51.23,49.61,-64.14,-2.63,2438.57,0.63,0.48,0.09,9.0,0.54,-19.55,-1.31,1495.25,0.61,1459.99,29.688,15.0,64.0
carlos_bueno_WWB62,EGFR,0,Adaptyv binder comp round 1,200.0,0.0,0.0,0.0,0.0,0.17,0.16,0.51,29.56,25.0,0.0,0.0,45.84,67.02,-25.9,-1.57,1646.27,0.66,0.57,0.29,6.0,0.59,-28.29,-1.48,1917.87,0.6,922.283,45.833,3.0,48.0
carson_vaux_Baker1_18,EGFR,0,Adaptyv binder comp round 2,65.0,0.282,0.471,0.139,0.329,0.84,0.84,0.7,15.191,3.6,0.377,0.369,39.02,45.96,-51.1,-2.68,1909.85,0.61,0.71,0.07,7.0,0.56,-56.17,-2.11,2667.5,0.65,1019.992,36.735,16.0,49.0
cside_mot_3c286613f92827190e5a3baf2c2c7df1_0001_1_000000012_0001_3_7_H___ems_3hM_2011_0001_0001_0001,EGFR,0,Cao et al EGFR,64.0,0.0,0.0,0.0,0.0,0.21,0.28,0.74,18.792,25.0,0.0,0.0,6.87,7.32,-38.59,-2.28,1692.53,0.68,0.59,0.13,7.0,0.66,-58.96,-3.29,1792.85,0.6,865.824,52.273,1.0,44.0
cside_mot_3h_hb1_1541_000000003_0001_2_11_H___ems_3hC_921_0001_0001_0002_0001,EGFR,1,Cao et al EGFR,63.0,0.577,0.75,0.346,0.651,0.85,0.86,0.91,4.433,1.4,0.394,0.778,4.04,5.95,-37.79,-2.35,1607.2,0.68,0.67,0.07,4.0,0.66,-65.61,-2.99,2195.42,0.68,741.923,43.182,6.0,44.0
cside_mot_61cd24ae9e8da695c346381293a6097e_0001_000000000_0001_6_12_H___bcov_4helix_06251_0001_0001,EGFR,0,Cao et al EGFR,65.0,0.711,0.849,0.446,0.714,0.91,0.91,0.94,3.541,1.1,0.502,0.834,4.29,3.6,-47.77,-2.62,1825.9,0.6,0.52,0.26,6.0,0.66,-57.05,-3.07,1861.19,0.67,864.718,50.0,8.0,54.0
cside_mot_e72bd83c11a18befedc8dd72dd1711c1_0001_1_000000023_0001_54_61_H___bcov_4helix_11261_0001_0003_0001,EGFR,0,Cao et al EGFR,65.0,0.396,0.66,0.267,0.367,0.75,0.79,0.88,7.062,1.9,0.294,0.43,3.37,3.28,-40.44,-2.09,1936.69,0.69,0.59,0.11,9.0,0.62,-48.64,-2.65,1837.25,0.71,960.181,40.426,9.0,47.0
csplice_r1_4b397ff321495f1cf064223b6ad1b1e1_0001_000000002_0001_0001_24_33_H____107009d5f73eb0e6f3dc327d02cea2e3_0001_1_0001_0001_0001_0001_16_51_HHH_34_01743_13_0001_1_crosslinked,VirB8,0,Cao et al VirB8,65.0,0.045,0.063,0.016,0.132,0.48,0.54,0.76,13.764,6.0,0.222,0.069,20.03,25.71,-34.76,-2.32,1495.47,0.63,0.56,0.14,2.0,0.79,-57.66,-3.61,1597.34,0.71,837.338,45.0,1.0,40.0
csplice_r1_HHH_eva_0411_000000000_0001_0001_4_13_H____ems_3hC_913_0002_0001_0001_0001_23_63_HHH_38_14332_30_0001_22_crosslinked,VirB8,0,Cao et al VirB8,65.0,0.067,0.108,0.021,0.148,0.47,0.52,0.76,12.081,6.0,0.15,0.088,41.46,25.07,-45.39,-2.96,1531.65,0.65,0.66,0.21,3.0,0.73,-56.87,-3.43,1659.65,0.72,707.56,58.974,2.0,39.0
csplice_r1_e89fb2437918932c2cfbe071013e3412_0001_000000004_0001_0001_56_65_H____ems_3hM_1021_0001_0003_0001_0001_4_40_HHH_32_08610_29_0001_23_crosslinked,VirB8,0,Cao et al VirB8,65.0,0.081,0.184,0.029,0.177,0.54,0.61,0.79,10.579,5.1,0.154,0.145,42.99,26.18,-31.01,-2.36,1312.11,0.64,0.61,0.18,1.0,0.81,-68.6,-3.99,1717.17,0.71,630.324,58.333,0.0,36.0
ems_3hC_1399_0001_000000027_0001,FGFR2,1,Cao et al FGFR2,64.0,0.176,0.205,0.103,0.271,0.51,0.53,0.69,10.066,4.2,0.19,0.187,10.97,14.29,-45.76,-3.27,1397.24,0.74,0.61,0.14,1.0,0.73,-62.14,-3.56,1747.05,0.68,687.52,57.143,1.0,35.0
ems_3hC_174_000000017_0001,FGFR2,0,Cao et al FGFR2,62.0,0.051,0.121,0.02,0.174,0.41,0.52,0.66,11.913,25.0,0.104,0.113,4.15,3.99,-27.39,-2.11,1298.29,0.54,0.57,0.16,0.0,0.77,-73.18,-3.99,1834.43,0.67,713.336,51.282,3.0,39.0
ems_bGM_524_000000006_0001,VirB8,0,Cao et al VirB8,53.0,0.0,0.0,0.0,0.0,0.21,0.24,0.7,20.173,25.0,0.0,0.0,18.43,23.71,-30.0,-2.44,1227.21,0.64,0.65,0.2,2.0,0.76,-54.32,-3.61,1505.69,0.71,687.714,50.0,1.0,36.0
flowuenne_nf_proteindesign_design8,EGFR,0,Adaptyv binder comp round 2,50.0,0.0,0.0,0.0,0.0,0.18,0.2,0.6,28.216,25.0,0.0,0.0,28.96,73.88,-30.7,-2.18,1407.3,0.56,0.66,0.22,1.0,0.49,-44.01,-1.87,2347.74,0.6,513.396,53.846,0.0,39.0
il10ra_site1_normal_mot_HHH_b1_01880_000000285_0001_23_39_H___ems_3hC_921_af2_0001_0000800051_0000001_0_af2pred_dldesign_0_af2pred,IL10Ra,0,Bennet paper IL10Ra prospective,63.0,0.726,0.797,0.368,0.654,0.92,0.92,0.89,5.121,1.0,0.514,0.868,1.66,1.87,-43.36,-2.36,1833.48,0.55,0.6,0.07,3.0,0.62,-55.4,-2.58,2148.23,0.61,1002.81,46.939,4.0,49.0
il10ra_site1_normal_mot_HHH_b2_00345_af2_000000013_0001_42_56_H___HHH_b2_00722_0001_0000500022_0000001_0,IL10Ra,0,Bennet paper IL10Ra prospective,56.0,0.0,0.0,0.0,0.0,0.17,0.25,0.72,20.77,25.0,0.0,0.0,45.4,49.23,-15.81,-1.47,1072.06,0.41,0.61,0.24,5.0,0.59,-60.54,-3.04,1990.45,0.62,631.929,28.125,4.0,32.0
jakublala_epitope_1_20aa_pdb,EGFR,0,Adaptyv binder comp round 2,20.0,0.0,0.0,0.0,0.0,0.33,0.34,0.71,23.699,25.0,0.0,0.0,12.0,52.76,-41.42,-1.8,2301.92,0.55,0.61,0.53,4.0,0.62,-24.75,-1.44,1721.17,0.56,1196.348,40.625,2.0,64.0
longxing_CationpiFixed_ems_3hM_2142_000000005_0001_0004,TrkA,0,Cao et al TrkA,63.0,0.582,0.628,0.304,0.59,0.82,0.82,0.83,6.568,1.1,0.474,0.569,2.74,2.78,-49.04,-2.63,1866.75,0.63,0.62,0.09,5.0,0.72,-60.27,-3.45,1748.73,0.68,934.862,34.043,10.0,47.0
longxing_Grafting2_ems_3hC_306_0001_0002_0009_0001_0001,IL7Ra,0,Cao et al IL7Ra,60.0,0.015,0.019,0.013,0.134,0.35,0.42,0.77,15.195,25.0,0.132,0.041,21.63,39.3,-46.6,-2.59,1800.23,0.57,0.53,0.07,8.0,0.74,-59.5,-3.72,1597.97,0.58,883.948,44.444,3.0,45.0
longxing_Grafting2_ems_3hC_836_0001_0010_0001_0001,IL7Ra,0,Cao et al IL7Ra,61.0,0.282,0.359,0.158,0.319,0.72,0.73,0.85,8.591,2.8,0.202,0.497,2.67,3.62,-51.44,-3.11,1652.81,0.72,0.66,0.03,6.0,0.78,-58.99,-3.74,1577.23,0.63,821.844,42.105,2.0,38.0
longxing_Grafting2_ems_p1_15H_GBL_16H_GABBL_16H_0381_0001_0001_0002_0001_0001_0001_0001,IL7Ra,0,Cao et al IL7Ra,55.0,0.012,0.013,0.011,0.054,0.29,0.42,0.75,16.051,25.0,0.11,0.031,18.12,42.68,-34.35,-2.47,1393.18,0.64,0.69,0.23,2.0,0.78,-61.45,-3.77,1629.63,0.63,762.212,43.59,0.0,39.0
longxing_HHH_eva_0175_000000022_0001_0001,IL7Ra,0,Cao et al IL7Ra,60.0,0.026,0.044,0.014,0.152,0.42,0.43,0.78,13.764,6.9,0.104,0.065,10.36,8.04,-36.38,-2.27,1604.47,0.62,0.58,0.03,4.0,0.69,-64.67,-3.76,1721.28,0.68,755.976,46.341,2.0,41.0
longxing_HHH_eva_0366_000000018_0001_0001,IL7Ra,0,Cao et al IL7Ra,63.0,0.016,0.026,0.013,0.121,0.44,0.45,0.78,14.84,25.0,0.091,0.063,7.38,6.92,-33.31,-2.27,1467.29,0.49,0.66,0.14,4.0,0.76,-49.52,-3.32,1493.67,0.68,889.456,42.222,4.0,45.0
longxing_ems_3hM_3046_000000007_0001_0001,IL7Ra,0,Cao et al IL7Ra,62.0,0.257,0.346,0.156,0.294,0.68,0.69,0.84,9.084,3.2,0.218,0.344,2.02,2.43,-48.65,-2.89,1680.78,0.54,0.5,0.12,7.0,0.72,-63.71,-3.78,1685.82,0.66,861.319,46.154,5.0,39.0
ltk_site1_normal_mot_HHH_b1_03805_af2_000000202_0001_1_19_H___HHH_b1_04109_af2_0001_0000400012_0000001_0_af2pred_0001,LTK,0,Bennet paper LTK prospective,57.0,0.179,0.5,0.099,0.288,0.72,0.73,0.88,10.262,3.7,0.163,0.188,2.3,2.39,-54.54,-2.89,1887.8,0.67,0.59,0.07,8.0,0.67,-51.25,-2.92,1756.52,0.58,890.096,50.0,9.0,46.0
ltk_site1_normal_mot_HHH_b2_06008_af2_000000207_0001_38_51_H___HHH_b1_00192_0001_0000100011_0000002_0,LTK,0,Bennet paper LTK prospective,55.0,0.382,0.671,0.182,0.465,0.84,0.85,0.91,6.718,2.1,0.309,0.467,2.42,3.25,-64.6,-3.05,2115.84,0.66,0.57,0.16,10.0,0.68,-61.43,-2.66,2307.66,0.68,1015.113,53.061,8.0,49.0
lyu_1,EGFR,0,Adaptyv binder comp round 2,100.0,0.505,0.572,0.276,0.402,0.86,0.87,0.68,15.227,2.2,0.507,0.603,37.99,43.63,-56.87,-2.29,2482.04,0.65,0.59,0.25,11.0,0.55,-60.76,-2.07,2928.95,0.62,1527.574,41.667,15.0,72.0
markus_braun_egfr_binder_8,EGFR,0,Adaptyv binder comp round 2,250.0,0.0,0.0,0.0,0.0,0.11,0.12,0.48,30.5,25.0,0.0,0.0,36.97,46.15,-28.28,-2.18,1296.49,0.6,0.56,0.3,4.0,0.53,-31.01,-1.36,2275.95,0.57,882.725,38.462,10.0,52.0
martin_EGFR_l177_s77884_mpnn7,EGFR,0,Adaptyv binder comp round 2,177.0,0.0,0.0,0.0,0.0,0.21,0.23,0.5,28.116,25.0,0.0,0.0,29.73,45.44,-55.62,-2.02,2747.18,0.63,0.64,0.3,10.0,0.6,-45.12,-2.01,2242.05,0.63,1763.988,36.17,16.0,94.0
mot_H_9abadfa308aada7ec3b7866b3b500928_0001_000000003_0001_59_65_H___EHEE_hb1_2041_0001_0001,InsulinR,0,Cao et al Insulin receptor,65.0,0.013,0.013,0.012,0.057,0.24,0.29,0.7,18.701,25.0,0.089,0.021,27.87,22.23,-33.35,-2.06,1621.73,0.58,0.53,0.15,6.0,0.72,-59.65,-3.15,1892.05,0.68,917.371,40.0,6.0,50.0
mot_H_buried_3h_hb1_1810_000000005_0001_5_10_H___3h_hb1_6854_0001_0002_0001,FGFR2,0,Cao et al FGFR2,62.0,0.025,0.062,0.021,0.166,0.35,0.43,0.65,14.046,25.0,0.096,0.083,24.26,28.42,-44.06,-3.16,1393.86,0.74,0.64,0.35,2.0,0.78,-72.67,-4.05,1793.22,0.68,743.258,54.545,2.0,33.0
mot_H_buried_3h_hb1_1810_000000005_0001_6_10_H___3b8857a2e21967fa2c78ef48ab8b857b_0001_0001_0001_0001,FGFR2,0,Cao et al FGFR2,65.0,0.02,0.024,0.016,0.173,0.31,0.35,0.62,15.081,25.0,0.091,0.069,15.54,8.72,-41.51,-2.8,1483.62,0.68,0.63,0.33,3.0,0.75,-61.52,-3.87,1588.1,0.64,672.782,59.459,0.0,37.0
mot_H_fastrot_3h_hb1_1389_000000000_0001_55_59_H___1fff0394edc8abfb79f738926a078c58_0001_0001_0001_0001,FGFR2,0,Cao et al FGFR2,65.0,0.014,0.015,0.012,0.093,0.32,0.34,0.63,15.532,25.0,0.135,0.036,16.82,19.68,-33.7,-2.21,1526.22,0.64,0.61,0.38,3.0,0.69,-56.97,-3.59,1588.33,0.7,859.314,53.333,0.0,45.0
mot_H_fastrot_3h_hb1_3344_000000001_0001_47_55_H___EHEE_hb1_1227_0001_0001,FGFR2,0,Cao et al FGFR2,65.0,0.05,0.054,0.02,0.199,0.45,0.47,0.67,13.299,5.4,0.169,0.059,21.65,18.77,-54.57,-3.05,1786.4,0.65,0.69,0.11,4.0,0.73,-64.67,-3.35,1928.0,0.69,946.714,57.778,4.0,45.0
mot_H_fastrot_3h_hb1_427_000000001_0001_54_59_H___3h_hb1_131_0001_0002_0001_0001,FGFR2,0,Cao et al FGFR2,63.0,0.014,0.016,0.012,0.104,0.26,0.29,0.62,15.146,25.0,0.071,0.038,23.04,27.1,-33.04,-2.46,1343.44,0.62,0.59,0.13,2.0,0.64,-60.8,-3.49,1741.67,0.64,686.697,51.515,2.0,33.0
mot_H_fastrot_cor_3h_hb1_641_000000003_0001_49_56_H___HEEHE_2120_0001_0001,FGFR2,0,Cao et al FGFR2,65.0,0.211,0.221,0.088,0.261,0.54,0.56,0.72,9.969,3.4,0.099,0.168,19.68,19.17,-35.13,-3.28,1070.79,0.67,0.66,0.17,3.0,0.69,-55.67,-3.49,1594.86,0.65,753.72,47.368,5.0,38.0
mot_H_fastrot_cor_abde7b46eeb91f9ac4683c589f713694_0001_000000000_0001_42_46_H___EHEE_hb1_2191_0001_0001_0001,FGFR2,0,Cao et al FGFR2,65.0,0.015,0.015,0.013,0.116,0.25,0.27,0.6,16.896,25.0,0.084,0.019,27.89,23.52,-29.76,-2.11,1407.5,0.64,0.63,0.05,4.0,0.68,-58.54,-3.33,1758.17,0.69,910.134,48.889,9.0,45.0
mot_H_fastrot_cor_ems_3hC_1462_0001_000000008_0001_26_30_H___3edfc330ec4e36e7b1b929697a88f680_0001_1_0001_0001_0001,FGFR2,0,Cao et al FGFR2,65.0,0.205,0.227,0.128,0.307,0.6,0.63,0.74,9.478,3.7,0.19,0.212,17.32,34.43,-47.34,-2.93,1615.2,0.77,0.6,0.41,1.0,0.69,-43.03,-2.74,1571.86,0.63,836.692,60.465,3.0,43.0
mot_H_fastrot_cor_ems_3hC_898_000000000_0001_31_39_H___ffc8530cc3987bf120756695d8da17cc_0001_0001_0001_0001,FGFR2,0,Cao et al FGFR2,65.0,0.014,0.015,0.012,0.115,0.27,0.3,0.61,15.049,25.0,0.068,0.039,24.65,23.15,-23.11,-2.12,1091.91,0.66,0.56,0.12,0.0,0.69,-50.14,-2.91,1723.94,0.71,601.979,48.485,2.0,33.0
mot_H_fastrot_cor_ems_3hM_199_000000020_0001_56_61_H___3h_hb1_283_0001_0002_0001,FGFR2,0,Cao et al FGFR2,63.0,0.652,0.732,0.384,0.66,0.84,0.85,0.86,5.001,1.0,0.347,0.707,2.61,2.37,-43.49,-2.77,1572.78,0.7,0.68,0.04,10.0,0.68,-49.8,-2.96,1680.55,0.65,797.762,42.105,7.0,38.0
mot_H_fastrot_cor_ems_3hM_199_000000020_0001_56_61_H___3h_hb1_6072_0001_0001,FGFR2,0,Cao et al FGFR2,58.0,0.47,0.478,0.237,0.557,0.79,0.81,0.82,6.205,2.1,0.358,0.544,2.37,4.61,-50.09,-3.13,1599.35,0.73,0.52,0.07,3.0,0.77,-57.74,-3.27,1764.27,0.67,824.476,52.381,7.0,42.0
mot_H_fastrot_cor_ems_3hM_199_000000020_0001_56_61_H___3h_hb1_6090_0001_0002_0001_0001,FGFR2,0,Cao et al FGFR2,63.0,0.425,0.556,0.224,0.527,0.72,0.73,0.78,8.275,1.4,0.328,0.604,12.53,36.26,-45.02,-2.71,1660.28,0.64,0.58,0.04,5.0,0.75,-53.85,-3.24,1664.12,0.68,773.409,55.814,4.0,43.0
mot_H_fastrot_cor_ems_3hM_199_000000020_0001_56_61_H___77bfef3c7fea007363e57f55ebfa3835_0001_0001_0003_0001,FGFR2,0,Cao et al FGFR2,65.0,0.721,0.786,0.416,0.695,0.87,0.88,0.88,4.255,1.0,0.42,0.772,2.2,2.94,-57.25,-3.41,1678.59,0.71,0.64,0.07,6.0,0.67,-58.24,-3.29,1768.33,0.57,946.836,47.917,6.0,48.0
mot_H_fastrot_cor_ems_3hM_3402_000000021_0001_49_57_H___771a758504c8f7eec939e47482519297_0001_0001_0002_0001_0001,FGFR2,0,Cao et al FGFR2,65.0,0.013,0.015,0.012,0.119,0.29,0.31,0.62,15.663,25.0,0.103,0.04,19.25,31.56,-41.64,-2.86,1454.99,0.69,0.57,0.29,5.0,0.7,-46.76,-2.76,1691.11,0.7,814.497,47.727,3.0,44.0
mot_H_fastrot_cor_ems_3hM_3402_000000021_0001_49_57_H___ems_3hC_3_0002_0001_0001_0001,FGFR2,0,Cao et al FGFR2,62.0,0.445,0.502,0.254,0.565,0.75,0.76,0.81,6.252,1.7,0.262,0.571,19.11,26.0,-36.69,-2.92,1256.4,0.67,0.62,0.22,2.0,0.7,-53.59,-3.11,1724.7,0.63,716.124,56.757,2.0,37.0
mot_H_normal_3h_hb1_1975_000000000_0001_25_33_H___EHEE_hb1_1117_0001_0003_0001_0001,FGFR2,0,Cao et al FGFR2,65.0,0.308,0.347,0.169,0.387,0.71,0.71,0.75,8.759,2.5,0.247,0.187,25.25,17.61,-54.91,-2.94,1868.18,0.72,0.61,0.08,2.0,0.71,-62.1,-3.46,1793.27,0.7,959.948,59.184,3.0,49.0
mot_H_normal_3h_hb1_3209_000000013_0001_58_63_H___HHH_eva_0184_0001_0001_0001,FGFR2,0,Cao et al FGFR2,60.0,0.19,0.244,0.105,0.342,0.55,0.56,0.72,9.634,3.0,0.134,0.167,20.42,19.91,-31.69,-2.18,1456.71,0.6,0.67,0.16,7.0,0.65,-53.83,-2.85,1890.61,0.7,774.597,46.154,5.0,39.0
mot_H_normal_3h_hb1_3209_000000013_0001_59_63_H___EHEE_hb1_2527_0001_0001_0001,FGFR2,1,Cao et al FGFR2,65.0,0.613,0.656,0.311,0.599,0.82,0.82,0.84,5.93,1.1,0.24,0.416,2.7,3.49,-42.04,-2.86,1469.95,0.64,0.61,0.08,7.0,0.64,-51.46,-2.94,1751.29,0.69,790.276,44.186,2.0,43.0
mot_H_normal_3h_hb1_3627_000000010_0001_51_57_H___ems_3hC_696_0001_0002_0001,FGFR2,0,Cao et al FGFR2,64.0,0.03,0.08,0.018,0.221,0.31,0.42,0.62,13.032,5.6,0.13,0.094,5.07,4.94,-35.07,-2.7,1296.61,0.67,0.66,0.1,2.0,0.76,-57.87,-3.4,1704.36,0.65,731.293,54.054,3.0,37.0
mot_H_normal_3h_hb1_5890_000000015_0001_50_60_H___3h_hb1_3255_0001_0004_0001_0001,FGFR2,0,Cao et al FGFR2,63.0,0.017,0.019,0.013,0.134,0.31,0.36,0.64,14.534,25.0,0.101,0.04,21.07,23.21,-44.49,-2.72,1637.12,0.72,0.55,0.16,4.0,0.74,-61.69,-3.23,1912.35,0.66,827.886,51.163,4.0,43.0
mot_H_normal_3h_hb1_5890_000000015_0001_54_62_H___8c3586e872728e3bb421d053ab28960a_0001_0001_0001_0001,FGFR2,0,Cao et al FGFR2,65.0,0.548,0.679,0.321,0.56,0.77,0.8,0.82,6.044,1.2,0.35,0.7,8.84,9.56,-51.4,-3.56,1441.81,0.76,0.52,0.24,4.0,0.73,-56.37,-3.56,1584.37,0.72,722.69,46.154,4.0,39.0
mot_H_normal_3h_hb1_6816_000000000_0001_50_58_H___273b0fa8776461986dc9ac97c33cf008_0001_0001_0001_0001_0001,FGFR2,0,Cao et al FGFR2,65.0,0.649,0.663,0.368,0.658,0.85,0.85,0.85,5.433,1.2,0.39,0.563,19.29,17.45,-54.65,-3.19,1715.14,0.71,0.61,0.21,5.0,0.69,-57.83,-3.32,1741.06,0.65,882.528,54.167,1.0,48.0
mot_H_normal_3h_hb1_6816_000000000_0001_50_58_H___proteinG_2686_0001_0001_0001_0001,FGFR2,0,Cao et al FGFR2,57.0,0.016,0.017,0.013,0.131,0.3,0.33,0.62,15.296,25.0,0.088,0.03,12.07,15.08,-41.93,-3.05,1373.96,0.76,0.64,0.13,3.0,0.74,-51.26,-3.06,1678.01,0.72,830.148,45.0,4.0,40.0
mot_H_normal_3h_hb1_689_000000001_0001_52_58_H___3h_hb1_3534_0001_0001_0001_0001,FGFR2,1,Cao et al FGFR2,64.0,0.573,0.614,0.314,0.627,0.8,0.81,0.83,5.572,1.3,0.306,0.629,2.22,2.61,-50.06,-3.23,1549.09,0.67,0.58,0.06,7.0,0.71,-61.7,-3.37,1833.41,0.66,792.452,46.341,2.0,41.0
mot_H_normal_HEEHE_2363_000000001_0001_43_52_H___HEEHE_1519_0001_0001_0001,FGFR2,0,Cao et al FGFR2,65.0,0.016,0.019,0.013,0.124,0.31,0.32,0.63,15.319,25.0,0.097,0.043,19.76,19.35,-35.72,-2.63,1356.04,0.62,0.58,0.17,2.0,0.7,-55.06,-3.33,1652.77,0.71,693.689,55.0,1.0,40.0
mot_H_normal_HEEH_08864_000000001_0001_54_58_H___3h_hb1_4894_0001_0001_0001_0001,FGFR2,0,Cao et al FGFR2,65.0,0.43,0.635,0.246,0.465,0.78,0.79,0.79,8.591,1.1,0.245,0.43,6.46,8.06,-47.76,-2.86,1672.12,0.72,0.59,0.15,6.0,0.67,-63.19,-3.66,1726.59,0.64,835.944,57.5,4.0,40.0
mot_H_normal_HEEH_08897_000000013_0001_46_56_H___HEEHE_1089_0001_0001_0001,FGFR2,0,Cao et al FGFR2,65.0,0.016,0.017,0.014,0.145,0.31,0.31,0.63,14.502,7.4,0.097,0.052,24.16,19.4,-38.42,-2.93,1313.28,0.71,0.62,0.12,2.0,0.75,-62.92,-3.35,1880.82,0.65,766.579,46.154,5.0,39.0
mot_H_normal_HEEH_08897_000000013_0001_46_56_H___HEEHE_3255_0001_0001_0001_0001,FGFR2,0,Cao et al FGFR2,65.0,0.444,0.5,0.257,0.532,0.75,0.76,0.82,6.614,1.9,0.218,0.637,27.32,19.67,-35.38,-2.67,1323.24,0.59,0.69,0.07,3.0,0.74,-77.75,-3.86,2012.72,0.7,745.928,55.556,4.0,36.0
mot_H_normal_HHH_eva_0047_000000004_0001_10_18_H___3h_hb1_771_0001_0001,FGFR2,0,Cao et al FGFR2,63.0,0.045,0.086,0.022,0.224,0.34,0.38,0.64,13.22,4.7,0.156,0.047,8.63,7.49,-44.51,-1.99,2232.08,0.59,0.68,0.06,4.0,0.7,-56.06,-2.99,1878.05,0.66,1122.271,49.02,4.0,51.0
mot_H_normal_HHH_eva_0047_000000004_0001_10_18_H___EHEE_hb1_3021_0001_0002_0001_0001,FGFR2,0,Cao et al FGFR2,65.0,0.014,0.015,0.012,0.09,0.23,0.29,0.6,16.496,25.0,0.098,0.022,5.87,8.08,-43.48,-2.55,1703.1,0.6,0.58,0.08,4.0,0.75,-58.16,-3.29,1767.72,0.72,950.184,47.917,4.0,48.0
mot_H_normal_HHH_eva_0053_000000019_0001_25_31_H___3h_hb1_232_0001_0001_0001_0001,FGFR2,0,Cao et al FGFR2,61.0,0.015,0.046,0.013,0.127,0.34,0.41,0.65,13.323,25.0,0.095,0.059,16.65,22.32,-34.84,-2.22,1572.89,0.58,0.54,0.1,3.0,0.74,-65.07,-3.71,1752.24,0.71,773.039,48.649,5.0,37.0
mot_H_normal_HHH_eva_0323_000000006_0001_54_61_H___ems_3hC_947_0001_0002_0001_0001,FGFR2,0,Cao et al FGFR2,61.0,0.067,0.075,0.03,0.209,0.42,0.44,0.69,11.626,25.0,0.216,0.084,24.62,23.3,-36.49,-2.54,1435.72,0.6,0.65,0.04,3.0,0.7,-59.94,-3.1,1931.76,0.62,750.405,48.889,2.0,45.0
mot_H_normal_ems_f4m_87_000000001_0001_24_33_H___b54e1236c96dd037b0ec8b52cba355bc_0001_0001_0001_0001,FGFR2,0,Cao et al FGFR2,65.0,0.023,0.057,0.019,0.216,0.33,0.37,0.64,12.653,5.3,0.08,0.068,18.98,17.53,-39.99,-3.82,1046.57,0.76,0.66,0.18,2.0,0.74,-56.97,-3.5,1628.97,0.72,539.405,55.172,1.0,29.0
mot_H_normal_f1e6fee8817d2a63cc5378acd2cc045a_0001_000000000_0001_26_32_H___755bd83417291fcc43ab6bea36d92482_0001_0001_0001,FGFR2,1,Cao et al FGFR2,65.0,0.63,0.64,0.323,0.618,0.84,0.84,0.83,5.905,1.1,0.347,0.598,2.36,2.66,-48.07,-2.69,1786.93,0.64,0.61,0.33,3.0,0.66,-52.38,-2.79,1875.78,0.62,917.292,55.319,4.0,47.0
mot_P_fastrot_cor_EHEE_hb1_4910_000000002_0001_48_50_57_61_P___EHEE_hb1_4257_0001_0001_0001,FGFR2,0,Cao et al FGFR2,65.0,0.0,0.0,0.0,0.0,0.18,0.21,0.57,19.781,25.0,0.0,0.0,23.65,25.96,-37.33,-2.33,1603.09,0.59,0.57,0.15,5.0,0.68,-46.0,-2.73,1686.07,0.71,835.388,52.273,3.0,44.0
mot_P_fastrot_cor_HEEHE_1766_000000005_0001_21_25_32_34_P___EHEE_hb1_4752_0001_0001_0001,FGFR2,0,Cao et al FGFR2,65.0,0.134,0.139,0.063,0.243,0.53,0.54,0.7,11.326,4.4,0.175,0.155,2.44,3.04,-37.72,-2.68,1409.89,0.63,0.6,0.11,2.0,0.64,-45.51,-2.82,1613.96,0.7,820.717,39.024,3.0,41.0
mot_P_fastrot_ems_ferrM_1914_0002_000000001_0001_4_8_59_63_P___EHEE_hb1_6154_0001_0002_0001_0001,FGFR2,0,Cao et al FGFR2,65.0,0.015,0.015,0.013,0.148,0.26,0.29,0.59,15.336,25.0,0.06,0.066,38.6,20.82,-32.64,-2.6,1254.57,0.63,0.69,0.09,4.0,0.73,-51.15,-3.07,1667.54,0.66,589.71,45.455,3.0,33.0
mot_P_normal_EHEE_hb1_6122_000000012_0001_48_52_57_61_P___EHEE_hb1_3436_0001_0002_0001_0001,FGFR2,0,Cao et al FGFR2,65.0,0.015,0.015,0.013,0.131,0.2,0.23,0.58,16.788,25.0,0.07,0.027,28.67,34.88,-41.24,-3.37,1224.25,0.71,0.61,0.15,5.0,0.72,-50.63,-3.09,1640.48,0.68,762.734,46.154,2.0,39.0
n_shtil_binder_1,EGFR,0,Adaptyv binder comp round 1,115.0,0.0,0.0,0.0,0.0,0.36,0.39,0.52,25.5,25.0,0.0,0.0,10.04,18.93,-41.86,-1.73,2417.46,0.58,0.57,0.24,11.0,0.56,-58.17,-1.96,2966.48,0.59,1135.043,38.71,6.0,62.0
p53_AF2_24,Mdm2,1,Mdm2 Watson et al,84.0,0.59,0.78,0.386,0.581,0.87,0.88,0.82,5.614,1.0,0.404,0.85,1.56,1.37,-47.09,-2.67,1766.31,0.68,0.58,0.09,2.0,0.73,-51.73,-2.87,1804.27,0.57,924.167,46.667,6.0,45.0
p53_AF2_38,Mdm2,1,Mdm2 Watson et al,110.0,0.676,0.795,0.429,0.652,0.89,0.9,0.84,4.674,1.0,0.41,0.811,2.1,1.57,-54.21,-2.91,1860.2,0.7,0.58,0.13,4.0,0.65,-58.94,-2.8,2107.71,0.61,1068.986,37.255,7.0,51.0
p53_AF2_56,Mdm2,0,Mdm2 Watson et al,119.0,0.71,0.73,0.491,0.677,0.85,0.86,0.89,4.132,1.0,0.42,0.766,3.02,1.94,-55.14,-3.11,1773.63,0.64,0.54,0.12,6.0,0.63,-56.22,-2.97,1893.1,0.61,904.629,42.222,6.0,45.0
p53_AF2_8,Mdm2,1,Mdm2 Watson et al,110.0,0.648,0.797,0.419,0.64,0.89,0.9,0.84,4.833,0.9,0.402,0.765,3.61,1.83,-57.56,-3.42,1683.0,0.72,0.49,0.24,6.0,0.67,-52.09,-2.95,1765.3,0.54,891.721,46.341,6.0,41.0
p53_AF2_86,Mdm2,1,Mdm2 Watson et al,96.0,0.795,0.795,0.594,0.74,0.89,0.89,0.91,3.277,0.8,0.568,0.893,1.43,1.28,-55.1,-2.61,2109.1,0.66,0.58,0.17,3.0,0.64,-54.7,-2.41,2271.92,0.64,1090.212,52.0,4.0,50.0
p53_AF2_92,Mdm2,0,Mdm2 Watson et al,95.0,0.785,0.789,0.556,0.728,0.89,0.89,0.9,3.674,0.9,0.518,0.856,2.78,1.98,-62.52,-2.85,2191.01,0.7,0.58,0.07,3.0,0.67,-55.5,-2.59,2146.35,0.54,1101.923,50.98,6.0,51.0
pol_09869709d06cb525cd55f400c7a8f8a0_0001_000000015_0001_0001,FGFR2,1,Cao et al FGFR2,65.0,0.017,0.02,0.015,0.162,0.3,0.32,0.62,14.703,25.0,0.133,0.045,5.15,4.68,-39.87,-2.73,1460.89,0.66,0.6,0.3,1.0,0.72,-56.12,-3.6,1557.61,0.66,774.594,55.263,2.0,38.0
pol_1b5f3e90a3021b3ca0e76ca1dfc82f15_0001_1_000000021_0001,FGFR2,0,Cao et al FGFR2,65.0,0.015,0.035,0.014,0.152,0.32,0.38,0.61,13.925,6.7,0.149,0.053,21.31,21.48,-37.18,-2.58,1442.08,0.7,0.62,0.26,4.0,0.65,-55.44,-2.99,1851.74,0.72,786.04,52.381,5.0,42.0
pol_3h_hb1_2857_000000026_0001,FGFR2,0,Cao et al FGFR2,63.0,0.631,0.673,0.344,0.658,0.83,0.83,0.85,5.061,1.0,0.361,0.712,3.0,2.27,-51.82,-3.48,1487.06,0.75,0.61,0.07,5.0,0.72,-66.76,-3.71,1799.59,0.66,770.408,48.889,4.0,45.0
pol_3h_hb1_361_000000001_0001,FGFR2,0,Cao et al FGFR2,63.0,0.013,0.028,0.012,0.087,0.35,0.44,0.65,14.188,25.0,0.147,0.069,24.37,34.6,-34.83,-2.43,1431.37,0.62,0.56,0.12,5.0,0.64,-55.09,-3.06,1800.6,0.65,798.513,40.909,8.0,44.0
pol_3h_hb1_5666_000000029_0001,FGFR2,0,Cao et al FGFR2,65.0,0.536,0.554,0.306,0.61,0.76,0.78,0.82,5.834,1.4,0.414,0.563,3.72,3.54,-44.14,-2.61,1689.15,0.66,0.65,0.06,3.0,0.63,-59.14,-3.28,1800.28,0.69,888.798,41.304,4.0,46.0
pol_3h_hb1_6954_000000016_0001,FGFR2,0,Cao et al FGFR2,62.0,0.017,0.056,0.016,0.177,0.33,0.35,0.63,13.157,25.0,0.098,0.056,26.93,22.41,-41.98,-2.78,1510.84,0.66,0.63,0.1,3.0,0.74,-53.42,-3.46,1543.7,0.69,877.893,54.762,3.0,42.0
pol_58270c0e1ab4933ece2ad3011c4b1bcc_0001_1_000000000_0001_0001,FGFR2,1,Cao et al FGFR2,65.0,0.635,0.714,0.358,0.663,0.82,0.83,0.86,4.917,1.1,0.311,0.812,2.82,3.02,-43.37,-3.1,1399.14,0.69,0.64,0.12,3.0,0.74,-53.58,-3.49,1535.93,0.66,733.213,44.737,3.0,38.0
pol_EHEE_hb1_6389_000000024_0001_0001,FGFR2,0,Cao et al FGFR2,65.0,0.012,0.012,0.011,0.048,0.25,0.26,0.6,19.552,25.0,0.107,0.019,36.98,30.38,-32.88,-1.98,1658.19,0.55,0.63,0.15,4.0,0.68,-53.59,-3.02,1776.87,0.66,947.715,47.826,2.0,46.0
pol_HEEHE_0963_000000023_0001_0001,FGFR2,0,Cao et al FGFR2,65.0,0.014,0.015,0.012,0.074,0.23,0.25,0.6,17.378,25.0,0.066,0.019,22.65,18.88,-39.36,-2.62,1503.98,0.65,0.59,0.14,6.0,0.71,-58.45,-3.31,1763.97,0.64,829.078,55.814,4.0,43.0
pol_ems_3hC_721_000000000_0001,FGFR2,1,Cao et al FGFR2,62.0,0.669,0.675,0.361,0.668,0.86,0.86,0.84,4.863,0.9,0.405,0.608,2.06,2.89,-60.51,-3.47,1745.47,0.66,0.65,0.13,5.0,0.73,-67.58,-3.71,1822.91,0.71,869.919,56.818,6.0,44.0
pol_ems_3hM_3213_000000025_0001_0001,FGFR2,0,Cao et al FGFR2,64.0,0.185,0.253,0.11,0.328,0.55,0.59,0.72,9.224,3.7,0.156,0.215,22.19,13.36,-30.73,-2.57,1195.57,0.61,0.62,0.09,2.0,0.68,-54.05,-3.27,1651.5,0.7,637.475,51.613,3.0,31.0
pol_proteinG_3093_000000024_0001_0001,FGFR2,0,Cao et al FGFR2,57.0,0.012,0.016,0.012,0.094,0.27,0.29,0.62,16.818,25.0,0.058,0.027,25.09,20.62,-37.69,-2.64,1429.13,0.63,0.55,0.36,4.0,0.63,-58.05,-3.31,1756.17,0.67,713.446,44.737,6.0,38.0
r1_EHEE_01784_000000022_0001_0001_27_36_H____2b4f9bbe33cec138ffac254a3a309397_0001_0001_0002_0001_0001_9_crosslinked,VirB8,0,Cao et al VirB8,65.0,0.018,0.049,0.015,0.171,0.41,0.47,0.74,13.461,25.0,0.248,0.057,38.38,28.2,-45.85,-2.87,1599.26,0.62,0.61,0.32,1.0,0.72,-53.01,-3.3,1604.51,0.73,771.798,52.381,1.0,42.0
rajat_3_run_2_1111_0001_dldesign_0_cycle1_af2pred,EGFR,0,Adaptyv binder comp round 1,55.0,0.08,0.314,0.034,0.18,0.7,0.7,0.65,18.816,5.0,0.349,0.138,20.86,27.46,-47.25,-2.86,1654.75,0.58,0.71,0.21,6.0,0.44,-44.79,-2.03,2206.57,0.6,809.164,48.936,4.0,47.0
rif_fastrot_53edd9482a99afe21cf06ce0d98fed33_0001_000000005_0001,FGFR2,0,Cao et al FGFR2,65.0,0.015,0.019,0.013,0.119,0.26,0.33,0.6,14.846,25.0,0.102,0.036,20.24,19.36,-46.19,-2.94,1572.54,0.72,0.52,0.22,4.0,0.7,-58.03,-3.64,1592.99,0.61,848.243,52.5,3.0,40.0
rif_fastrot_cor_EHEE_hb1_6349_000000015_0001_0001,FGFR2,0,Cao et al FGFR2,65.0,0.628,0.682,0.366,0.62,0.81,0.83,0.85,4.919,1.2,0.382,0.702,2.7,2.59,-50.88,-3.06,1663.88,0.69,0.54,0.27,5.0,0.78,-62.48,-3.55,1757.76,0.67,842.197,43.478,4.0,46.0
rif_fastrot_cor_EHEE_hb1_993_000000005_0001_0001,FGFR2,0,Cao et al FGFR2,65.0,0.02,0.021,0.015,0.178,0.31,0.32,0.63,15.007,7.3,0.084,0.049,36.52,22.33,-38.1,-2.43,1568.52,0.66,0.61,0.1,3.0,0.62,-48.23,-2.9,1660.19,0.7,724.949,45.946,3.0,37.0
rif_fastrot_cor_HEEHE_0690_000000001_0001_0001,FGFR2,0,Cao et al FGFR2,65.0,0.014,0.015,0.012,0.113,0.24,0.34,0.6,14.103,25.0,0.102,0.044,21.68,20.29,-37.8,-3.01,1254.54,0.66,0.57,0.21,3.0,0.69,-49.87,-2.76,1809.19,0.65,680.218,50.0,4.0,34.0
rif_fastrot_cor_ems_ferrM_2785_0002_000000012_0001_0001,FGFR2,0,Cao et al FGFR2,61.0,0.03,0.069,0.014,0.153,0.41,0.43,0.66,12.918,6.4,0.224,0.061,19.42,35.36,-34.27,-2.31,1481.58,0.48,0.56,0.19,2.0,0.7,-58.51,-3.6,1624.96,0.66,844.65,55.814,4.0,43.0
rif_fastrot_ems_ferrM_4685_000000028_0001_0001,FGFR2,0,Cao et al FGFR2,61.0,0.013,0.019,0.012,0.096,0.22,0.25,0.6,18.254,25.0,0.057,0.03,23.23,26.01,-23.82,-2.46,966.32,0.66,0.62,0.24,4.0,0.7,-52.43,-3.15,1664.82,0.7,575.3,42.857,5.0,28.0
rif_normal_EEHEE_17225_000000006_0001_0001,FGFR2,0,Cao et al FGFR2,65.0,0.014,0.017,0.013,0.121,0.26,0.27,0.61,16.513,7.8,0.097,0.028,22.18,22.74,-30.14,-2.14,1407.82,0.62,0.61,0.08,7.0,0.74,-44.84,-2.85,1574.58,0.73,739.001,40.476,5.0,42.0
rif_normal_EHEE_hb1_5116_000000007_0001_0001,FGFR2,0,Cao et al FGFR2,65.0,0.013,0.015,0.012,0.085,0.23,0.25,0.6,17.28,25.0,0.128,0.027,31.24,22.52,-32.55,-2.91,1119.94,0.67,0.68,0.16,4.0,0.69,-47.71,-2.8,1704.67,0.7,756.52,42.5,4.0,40.0
rif_normal_EHEE_hb1_5571_000000027_0001_0001,FGFR2,0,Cao et al FGFR2,65.0,0.119,0.158,0.063,0.215,0.43,0.48,0.69,10.607,4.4,0.082,0.173,27.85,21.8,-28.95,-2.69,1077.81,0.76,0.52,0.25,3.0,0.76,-63.5,-3.89,1631.47,0.68,573.71,55.882,4.0,34.0
rif_normal_ems_ferrM_3290_0002_000000002_0001_0001,FGFR2,0,Cao et al FGFR2,62.0,0.146,0.152,0.081,0.278,0.46,0.49,0.69,10.471,4.6,0.184,0.153,18.24,18.53,-35.18,-2.73,1287.81,0.62,0.64,0.2,3.0,0.72,-45.09,-2.91,1549.18,0.71,698.968,44.737,4.0,38.0
rif_normal_ems_ferrM_3792_0001_000000001_0001_0001,FGFR2,0,Cao et al FGFR2,64.0,0.014,0.014,0.012,0.089,0.25,0.27,0.6,17.831,25.0,0.115,0.026,18.28,36.86,-35.0,-2.58,1355.79,0.63,0.61,0.26,2.0,0.72,-48.77,-2.89,1686.01,0.64,681.653,47.059,1.0,34.0
rif_normal_ferr_hb1_820_000000006_0001_0001,FGFR2,0,Cao et al FGFR2,63.0,0.016,0.069,0.014,0.146,0.38,0.4,0.66,12.995,25.0,0.128,0.059,23.84,20.66,-44.2,-3.0,1471.73,0.68,0.58,0.13,7.0,0.72,-51.41,-3.15,1634.03,0.72,814.045,48.718,6.0,39.0
salireza111_mini_4_1_,EGFR,0,Adaptyv binder comp round 1,15.0,0.026,0.149,0.017,0.182,0.74,0.76,0.65,17.526,4.8,0.192,0.088,7.8,64.65,-34.2,-2.52,1356.94,0.72,0.55,0.33,5.0,0.48,-21.75,-1.96,1107.15,0.53,663.48,38.462,11.0,39.0
spacecruiser42_d2_prompt_binder_t0_8_88,EGFR,0,Adaptyv binder comp round 2,19.0,0.013,0.014,0.012,0.094,0.56,0.58,0.73,19.198,25.0,0.231,0.033,3.26,5.73,-44.21,-1.81,2444.36,0.6,0.62,0.44,4.0,0.56,-40.47,-1.81,2233.34,0.68,1167.229,40.0,7.0,65.0
tadej_satler_8C0N,EGFR,0,Adaptyv binder comp round 1,65.0,0.584,0.696,0.279,0.492,0.93,0.93,0.7,12.52,1.3,0.514,0.827,39.72,44.99,-57.04,-2.9,1966.15,0.76,0.66,0.08,6.0,0.5,-30.38,-1.67,1814.28,0.66,1037.252,49.057,6.0,53.0
toluwase_fatoki_Toluwase_Sequence4_148,EGFR,0,Adaptyv binder comp round 2,148.0,0.0,0.0,0.0,0.0,0.2,0.21,0.5,27.154,25.0,0.0,0.0,21.01,46.3,-96.63,-2.1,4599.36,0.57,0.64,0.3,16.0,0.57,-12.57,-1.09,1156.54,0.53,2438.932,37.778,19.0,135.0
2bnr_04_5000_81_2_28,pMHC_NY1,0,pMHC screening NY1,108.0,0.487,0.702,0.304,0.632,0.92,0.93,0.94,4.982,1.3,0.344,0.835,1.59,3.96,-54.68,-2.23,2450.5,0.54,0.66,0.33,4.0,0.61,-63.21,-2.27,2786.19,0.61,1295.361,45.588,7.0,68.0
2bnr_22_28_3_15,pMHC_NY1,0,pMHC screening NY1,141.0,0.592,0.82,0.387,0.684,0.94,0.94,0.95,4.396,0.9,0.425,0.82,1.79,2.15,-69.84,-2.39,2917.09,0.64,0.66,0.28,6.0,0.67,-77.94,-2.56,3042.64,0.57,1543.08,49.351,7.0,77.0
2bnr_27_7_3_9,pMHC_NY1,1,pMHC screening NY1,145.0,0.625,0.844,0.402,0.697,0.94,0.94,0.94,4.336,0.9,0.438,0.923,1.18,1.56,-76.73,-2.72,2823.55,0.68,0.72,0.45,9.0,0.69,-76.18,-2.67,2852.23,0.65,1505.863,45.333,7.0,75.0
2bnr_27_7_3_9_temp001_dldesign_797_af2pred,pMHC_NY1,0,pMHC screening NY2,145.0,0.663,0.879,0.449,0.718,0.95,0.95,0.96,3.677,0.8,0.447,0.943,1.07,1.61,-68.3,-2.44,2795.95,0.62,0.63,0.47,8.0,0.64,-71.64,-2.58,2781.28,0.6,1465.67,45.07,9.0,71.0
2bnr_27_7_3_9_temp003_dldesign_829_af2pred,pMHC_NY1,0,pMHC screening NY2,145.0,0.587,0.832,0.393,0.681,0.94,0.94,0.94,4.285,1.0,0.402,0.915,1.4,1.88,-62.47,-2.32,2689.9,0.62,0.67,0.29,9.0,0.7,-65.8,-2.41,2726.19,0.67,1419.908,45.205,8.0,73.0
2bnr_27_7_3_9_temp01_dldesign_147_af2pred,pMHC_NY1,1,pMHC screening NY2,145.0,0.658,0.865,0.426,0.719,0.95,0.95,0.95,4.001,0.8,0.446,0.937,0.97,1.34,-70.42,-2.52,2794.75,0.68,0.69,0.48,8.0,0.67,-71.23,-2.54,2807.88,0.66,1414.508,47.826,9.0,69.0
2bnr_27_7_3_9_temp01_dldesign_832_af2pred,pMHC_NY1,1,pMHC screening NY2,145.0,0.396,0.637,0.257,0.559,0.89,0.89,0.92,6.393,1.8,0.353,0.771,1.8,2.84,-76.53,-2.57,2972.42,0.6,0.7,0.5,10.0,0.59,-68.48,-2.39,2871.02,0.67,1418.016,44.776,6.0,67.0
AKAP9_binder_11_dldesign_22_af2pred,pMHC_SILSY1,0,pMHC screening SILSY1,124.0,0.519,0.745,0.345,0.555,0.94,0.94,0.95,5.153,1.0,0.396,0.806,1.06,2.28,-53.53,-1.69,3169.65,0.56,0.64,0.3,11.0,0.54,-61.45,-2.08,2961.18,0.65,1598.096,38.667,13.0,75.0
AKAP9_binder_12,pMHC_SILSY1,0,pMHC screening SILSY1,124.0,0.601,0.814,0.398,0.688,0.94,0.95,0.95,3.9,0.9,0.463,0.923,1.44,1.71,-65.81,-2.15,3055.85,0.57,0.6,0.16,15.0,0.68,-63.83,-2.21,2890.27,0.67,1610.625,34.667,15.0,75.0
AKAP9_binder_13_renumb_94_dldesign_0_af2pred,pMHC_SILSY1,0,pMHC screening SILSY1,124.0,0.545,0.76,0.353,0.596,0.94,0.94,0.94,4.778,0.9,0.404,0.885,1.35,1.56,-60.66,-2.44,2491.03,0.62,0.61,0.56,9.0,0.57,-61.77,-2.33,2656.18,0.58,1345.045,46.575,5.0,73.0
AKAP9_binder_1_renumb_45_dldesign_0_af2pred,pMHC_SILSY1,0,pMHC screening SILSY1,124.0,0.487,0.709,0.317,0.515,0.93,0.93,0.94,5.598,1.1,0.378,0.745,1.8,3.16,-59.21,-1.93,3071.68,0.61,0.65,0.3,8.0,0.58,-66.78,-2.14,3115.13,0.57,1709.9,41.772,14.0,79.0
AKAP9_binder_24_dldesign_25_af2pred,pMHC_SILSY1,0,pMHC screening SILSY1,124.0,0.651,0.855,0.452,0.726,0.95,0.96,0.95,3.354,0.9,0.405,0.946,1.99,2.44,-64.68,-2.2,2942.78,0.62,0.67,0.52,14.0,0.6,-67.12,-2.31,2902.49,0.66,1509.023,37.838,15.0,74.0
AKAP9_binder_6_dldesign_20_af2pred,pMHC_SILSY1,0,pMHC screening SILSY1,124.0,0.674,0.867,0.444,0.744,0.95,0.95,0.95,3.372,0.8,0.437,0.946,0.95,1.36,-77.35,-2.64,2924.76,0.66,0.61,0.64,11.0,0.66,-73.5,-2.52,2917.23,0.64,1471.939,43.662,10.0,71.0
Ali_RASOULI_intern_model_77_142_3,EGFR,0,Adaptyv binder comp round 2,68.0,0.144,0.27,0.074,0.192,0.71,0.72,0.68,17.301,4.2,0.3,0.149,5.77,6.93,-49.11,-2.06,2382.35,0.56,0.56,0.17,4.0,0.6,-52.97,-2.2,2405.76,0.62,1285.553,41.791,7.0,67.0
EHEE_rd4_0250_min_rise1_41_000000022_0001,VirB8,0,Cao et al VirB8,40.0,0.013,0.013,0.012,0.07,0.3,0.35,0.76,16.961,25.0,0.06,0.026,45.19,24.38,-27.54,-2.65,1037.31,0.61,0.63,0.26,1.0,0.72,-51.26,-3.57,1433.92,0.73,589.011,73.333,0.0,30.0
Grafting_Motif0042_bcov_4helix_09570_0001,FGFR2,0,Cao et al FGFR2,65.0,0.052,0.071,0.021,0.192,0.38,0.4,0.67,12.12,25.0,0.129,0.065,19.56,22.61,-23.06,-2.05,1126.13,0.62,0.54,0.28,0.0,0.66,-67.24,-3.69,1823.36,0.73,796.555,46.154,0.0,39.0
Grafting_Motif0042_ems_3hM_150_0001_0001,FGFR2,0,Cao et al FGFR2,62.0,0.08,0.092,0.029,0.25,0.41,0.43,0.65,12.184,4.3,0.121,0.066,6.29,7.19,-41.85,-2.63,1588.72,0.61,0.58,0.07,2.0,0.72,-65.92,-3.32,1987.27,0.64,856.371,51.111,2.0,45.0
Grafting_Motif0111_bcov_4helix_13979_0001_0001,FGFR2,0,Cao et al FGFR2,65.0,0.014,0.014,0.013,0.09,0.28,0.29,0.61,16.222,25.0,0.075,0.029,17.15,27.23,-36.84,-2.58,1425.87,0.63,0.57,0.25,3.0,0.79,-71.43,-4.47,1599.77,0.75,787.613,51.282,2.0,39.0
Grafting_Motif0184_bcov_4helix_11652_0001_0001,FGFR2,0,Cao et al FGFR2,65.0,0.019,0.03,0.016,0.204,0.3,0.31,0.62,13.694,25.0,0.088,0.052,23.06,22.03,-32.22,-2.57,1253.41,0.54,0.57,0.16,1.0,0.73,-63.22,-3.3,1918.04,0.68,645.989,48.485,1.0,33.0
Grafting_Motif0184_ems_3hM_3578_0001,FGFR2,0,Cao et al FGFR2,59.0,0.55,0.609,0.311,0.6,0.79,0.81,0.84,5.604,1.4,0.326,0.638,3.3,3.01,-50.46,-2.94,1718.95,0.68,0.57,0.21,4.0,0.74,-65.76,-3.57,1842.78,0.63,930.371,50.0,3.0,48.0
Grafting_Motif0263_HHH_eva_0506_0001_0003,FGFR2,0,Cao et al FGFR2,55.0,0.077,0.083,0.03,0.249,0.41,0.42,0.66,12.142,4.2,0.12,0.064,22.12,24.03,-33.08,-2.31,1431.92,0.56,0.59,0.09,1.0,0.67,-62.07,-3.3,1877.99,0.61,803.554,50.0,3.0,40.0
Grafting_Motif0388_bcov_4helix_05805_0001_0001,FGFR2,0,Cao et al FGFR2,65.0,0.015,0.017,0.013,0.124,0.29,0.33,0.63,14.81,25.0,0.101,0.043,13.01,22.32,-30.16,-2.21,1367.67,0.61,0.59,0.27,3.0,0.74,-58.8,-3.72,1580.51,0.75,686.044,47.5,1.0,40.0
Grafting_Motif0388_ems_3hM_501_0001,FGFR2,0,Cao et al FGFR2,62.0,0.018,0.02,0.016,0.183,0.26,0.26,0.6,15.294,5.5,0.086,0.035,4.81,4.82,-40.71,-2.34,1742.82,0.68,0.57,0.06,3.0,0.64,-50.74,-2.77,1834.58,0.7,752.422,55.0,0.0,40.0
Grafting_Motif0460_ems_3hM_1042_0001_0003,FGFR2,0,Cao et al FGFR2,63.0,0.016,0.019,0.013,0.14,0.24,0.27,0.6,16.864,25.0,0.064,0.028,21.95,22.78,-34.31,-2.69,1275.36,0.67,0.64,0.07,2.0,0.78,-70.41,-3.95,1781.28,0.66,728.173,50.0,2.0,34.0
Grafting_Motif0460_ems_3hM_591_0001_0001,FGFR2,0,Cao et al FGFR2,62.0,0.015,0.018,0.013,0.131,0.27,0.29,0.61,15.138,25.0,0.081,0.036,8.66,10.95,-28.26,-2.44,1159.0,0.61,0.58,0.03,2.0,0.78,-70.26,-4.1,1715.47,0.71,585.049,48.485,3.0,33.0
Grafting_Motif0612_bcov_4helix_01062_0001_0001,FGFR2,0,Cao et al FGFR2,65.0,0.015,0.017,0.014,0.145,0.3,0.37,0.62,13.554,25.0,0.096,0.053,7.41,12.72,-32.11,-2.64,1215.0,0.67,0.58,0.22,3.0,0.67,-51.82,-3.32,1559.41,0.66,685.348,46.154,3.0,39.0
Grafting_Motif0612_ems_3hC_1249_0001_0003,FGFR2,0,Cao et al FGFR2,64.0,0.032,0.04,0.015,0.173,0.32,0.33,0.64,13.566,5.1,0.118,0.044,20.62,20.15,-40.75,-2.42,1684.55,0.62,0.58,0.07,1.0,0.73,-63.44,-3.39,1869.29,0.67,793.962,57.447,4.0,47.0
Grafting_Motif0612_ems_3hM_3678_0001_0002,FGFR2,0,Cao et al FGFR2,62.0,0.354,0.441,0.197,0.522,0.7,0.71,0.8,6.825,2.1,0.169,0.429,19.96,25.44,-39.18,-2.87,1365.45,0.76,0.65,0.07,3.0,0.76,-71.32,-3.6,1978.65,0.73,691.738,47.222,1.0,36.0
Grafting_Motif0713_HHH_eva_0131_0001,FGFR2,0,Cao et al FGFR2,61.0,0.016,0.017,0.014,0.139,0.26,0.27,0.6,15.542,25.0,0.059,0.027,7.37,8.73,-35.07,-2.55,1376.29,0.61,0.6,0.16,2.0,0.72,-57.51,-3.24,1775.98,0.68,790.693,51.22,3.0,41.0
Grafting_Motif1491_ems_3hM_285_0001,FGFR2,0,Cao et al FGFR2,62.0,0.563,0.642,0.314,0.644,0.82,0.83,0.87,4.723,1.5,0.282,0.684,1.98,2.42,-51.64,-3.43,1505.1,0.66,0.59,0.12,4.0,0.72,-58.41,-3.57,1637.17,0.66,767.176,51.515,2.0,33.0
HEEHE_0174_000000022_0001,FGFR2,0,Cao et al FGFR2,65.0,0.018,0.018,0.015,0.167,0.35,0.36,0.65,13.339,6.4,0.093,0.06,6.24,5.66,-41.41,-3.06,1355.59,0.76,0.62,0.12,2.0,0.7,-70.3,-3.8,1848.66,0.73,672.999,57.143,1.0,35.0
HHH_eva_0310_000000002_0001,FGFR2,0,Cao et al FGFR2,59.0,0.015,0.018,0.013,0.146,0.3,0.31,0.63,14.722,25.0,0.055,0.035,23.96,21.06,-34.09,-2.53,1349.02,0.71,0.64,0.11,0.0,0.72,-65.27,-3.38,1928.83,0.64,681.986,45.714,0.0,35.0
HHH_eva_0448_000000022_0001,FGFR2,0,Cao et al FGFR2,49.0,0.624,0.715,0.324,0.69,0.87,0.87,0.87,4.353,1.1,0.379,0.814,1.64,2.36,-41.14,-3.46,1188.02,0.76,0.65,0.12,3.0,0.72,-63.53,-3.75,1691.96,0.71,723.49,48.649,1.0,37.0
IL7Ra_binder_AF2_67,IL7Ra,0,IL7Ra Watson et al,83.0,0.073,0.078,0.027,0.188,0.51,0.53,0.77,13.158,4.7,0.221,0.081,1.84,2.05,-56.72,-3.02,1880.66,0.57,0.58,0.12,4.0,0.58,-49.66,-2.4,2073.14,0.54,1004.647,52.174,2.0,46.0
IL7Ra_binder_AF2_68,IL7Ra,1,IL7Ra Watson et al,80.0,0.546,0.575,0.288,0.504,0.82,0.83,0.86,6.363,1.6,0.292,0.677,26.63,40.63,-43.07,-2.54,1698.49,0.62,0.58,0.1,3.0,0.66,-50.03,-2.98,1679.72,0.57,782.271,51.282,3.0,39.0
Insulin_receptor_binder_AF2_21,InsulinR,0,InsulinR Watson et al,65.0,0.395,0.462,0.225,0.4,0.65,0.77,0.82,7.147,2.5,0.302,0.519,1.78,2.16,-45.31,-2.4,1889.14,0.63,0.65,0.24,6.0,0.66,-60.17,-3.11,1934.6,0.58,1066.922,41.818,7.0,55.0
Insulin_receptor_binder_AF2_25,InsulinR,1,InsulinR Watson et al,56.0,0.692,0.819,0.435,0.737,0.9,0.9,0.92,4.016,1.1,0.359,0.875,1.21,2.07,-59.21,-3.25,1822.88,0.6,0.57,0.11,8.0,0.64,-66.77,-3.59,1858.79,0.54,1032.66,44.898,7.0,49.0
Insulin_receptor_binder_AF2_3,InsulinR,0,InsulinR Watson et al,100.0,0.683,0.783,0.442,0.631,0.85,0.85,0.89,5.003,1.2,0.221,0.804,2.87,2.28,-44.67,-2.62,1705.85,0.57,0.63,0.04,5.0,0.71,-57.04,-2.86,1993.5,0.64,896.626,43.182,8.0,44.0
Insulin_receptor_binder_AF2_63,InsulinR,1,InsulinR Watson et al,94.0,0.788,0.824,0.536,0.706,0.89,0.9,0.92,4.149,1.0,0.358,0.889,1.96,1.87,-56.04,-3.07,1822.78,0.68,0.66,0.12,8.0,0.63,-59.35,-3.03,1962.02,0.6,1147.625,35.088,8.0,57.0
Insulin_receptor_binder_AF2_66,InsulinR,0,InsulinR Watson et al,65.0,0.146,0.189,0.073,0.211,0.45,0.54,0.77,10.208,4.8,0.076,0.157,2.28,3.55,-39.91,-2.4,1660.54,0.64,0.6,0.18,8.0,0.68,-44.17,-2.48,1783.8,0.57,868.631,39.583,8.0,48.0
Insulin_receptor_binder_AF2_80,InsulinR,1,InsulinR Watson et al,65.0,0.607,0.741,0.335,0.632,0.84,0.86,0.88,5.083,1.4,0.244,0.781,1.62,1.97,-57.27,-3.33,1718.79,0.7,0.63,0.19,6.0,0.77,-67.27,-3.87,1740.25,0.6,869.86,53.488,6.0,43.0
Motif0004_HEEHE_1742_0001_0001_4714_0001,FGFR2,1,Cao et al FGFR2,65.0,0.015,0.016,0.013,0.135,0.31,0.33,0.63,14.145,25.0,0.053,0.072,27.46,23.05,-29.8,-3.19,933.77,0.68,0.63,0.25,0.0,0.79,-77.99,-4.17,1869.38,0.71,513.851,53.333,0.0,30.0
Motif0004_bcov_4helix_09541_0001_0002_9143_0001,FGFR2,0,Cao et al FGFR2,65.0,0.203,0.254,0.12,0.324,0.55,0.56,0.7,9.57,2.7,0.191,0.271,23.6,19.33,-42.54,-3.28,1297.61,0.76,0.62,0.21,1.0,0.71,-64.54,-3.5,1843.57,0.64,755.21,56.757,0.0,37.0
Motif0005_HEEHE_0834_0001_0002_5045_0001,FGFR2,0,Cao et al FGFR2,65.0,0.672,0.742,0.429,0.621,0.85,0.85,0.88,5.086,1.0,0.368,0.838,20.66,12.76,-37.06,-2.62,1413.42,0.59,0.64,0.12,3.0,0.7,-61.96,-3.52,1761.03,0.72,896.994,47.619,3.0,42.0
Motif0005_HEEHE_3088_0001_0001_7023_0001,FGFR2,1,Cao et al FGFR2,65.0,0.062,0.069,0.02,0.184,0.39,0.44,0.66,12.383,5.0,0.134,0.095,3.55,3.3,-55.78,-3.81,1464.79,0.68,0.65,0.13,2.0,0.75,-65.3,-3.66,1785.48,0.63,682.589,51.515,1.0,33.0
Motif0016_bcov_4helix_00695_0001_0002_3278_0001,FGFR2,0,Cao et al FGFR2,65.0,0.011,0.013,0.011,0.047,0.21,0.25,0.6,17.94,25.0,0.121,0.021,20.71,16.08,-37.86,-2.63,1440.42,0.53,0.57,0.19,3.0,0.7,-72.81,-4.0,1819.81,0.61,836.246,52.273,2.0,44.0
Motif0018_bcov_4helix_03286_0001_0002_1838_0001,FGFR2,0,Cao et al FGFR2,65.0,0.013,0.015,0.012,0.085,0.24,0.26,0.6,16.037,25.0,0.08,0.023,21.65,20.03,-31.61,-2.24,1409.31,0.52,0.6,0.25,2.0,0.75,-60.91,-3.64,1674.59,0.62,752.119,52.632,1.0,38.0
Motif0018_bcov_4helix_04520_0001_0003_9424_0001,FGFR2,0,Cao et al FGFR2,65.0,0.028,0.029,0.014,0.159,0.33,0.38,0.64,14.068,25.0,0.06,0.08,24.08,21.49,-32.61,-2.77,1179.06,0.68,0.59,0.19,2.0,0.77,-78.58,-4.11,1912.59,0.65,601.127,55.882,3.0,34.0
Motif0041_HEEHE_0956_0001_0002_4101_0001,FGFR2,0,Cao et al FGFR2,65.0,0.208,0.217,0.097,0.269,0.58,0.6,0.74,9.89,3.5,0.183,0.19,18.47,18.79,-51.79,-3.11,1663.25,0.71,0.54,0.1,8.0,0.72,-65.56,-3.69,1777.38,0.67,805.083,47.619,3.0,42.0
Motif0084_bcov_4helix_02782_0001_7966_0001,FGFR2,0,Cao et al FGFR2,65.0,0.018,0.027,0.014,0.177,0.31,0.34,0.61,15.917,5.2,0.06,0.029,19.93,19.33,-35.2,-2.37,1484.06,0.64,0.57,0.31,3.0,0.8,-67.01,-4.02,1666.58,0.67,765.176,61.111,1.0,36.0
Motif0133_bcov_4helix_08353_0001_0001_2673_0001,FGFR2,0,Cao et al FGFR2,65.0,0.022,0.084,0.014,0.145,0.36,0.46,0.64,13.422,25.0,0.114,0.065,23.16,29.33,-39.85,-2.62,1521.21,0.58,0.55,0.38,3.0,0.73,-59.42,-3.29,1807.69,0.61,873.095,55.0,4.0,40.0
Motif0139_ems_3hC_1544_0001_0001_0002_4487_0001,FGFR2,0,Cao et al FGFR2,62.0,0.064,0.077,0.027,0.196,0.39,0.43,0.66,12.031,6.5,0.074,0.105,27.14,18.66,-42.25,-3.92,1078.39,0.81,0.69,0.12,0.0,0.72,-77.46,-4.03,1922.6,0.66,617.858,53.333,3.0,30.0
Motif0168_ems_3hC_109_0002_0001_4715_0001,FGFR2,1,Cao et al FGFR2,62.0,0.616,0.709,0.351,0.667,0.83,0.83,0.87,4.676,1.1,0.313,0.707,1.96,2.45,-56.41,-3.72,1514.84,0.75,0.72,0.12,4.0,0.73,-59.73,-3.81,1566.09,0.65,737.981,48.649,2.0,37.0
Motif0207_ems_3hM_1253_0001_0001_9376_0001,FGFR2,0,Cao et al FGFR2,63.0,0.077,0.08,0.019,0.178,0.35,0.41,0.65,12.266,5.7,0.118,0.052,20.91,20.03,-30.27,-2.18,1387.59,0.46,0.62,0.15,4.0,0.72,-58.76,-3.16,1861.08,0.64,854.519,51.163,2.0,43.0
Motif0226_ems_3hM_3238_0001_0001_0001,EGFR,0,Cao et al EGFR,62.0,0.013,0.014,0.012,0.073,0.33,0.39,0.78,15.031,25.0,0.121,0.048,16.83,25.75,-30.76,-1.95,1573.85,0.66,0.65,0.12,3.0,0.68,-53.13,-2.74,1938.09,0.58,763.007,37.209,2.0,43.0
Motif0255_bcov_4helix_09340_0001_0001,EGFR,1,Cao et al EGFR,65.0,0.258,0.381,0.17,0.261,0.64,0.68,0.86,8.096,3.5,0.216,0.419,10.29,12.67,-34.41,-2.4,1433.1,0.71,0.6,0.2,6.0,0.69,-59.52,-3.5,1698.93,0.65,651.946,47.059,4.0,34.0
Motif0582_bcov_4helix_06852_0001_7857_0001,FGFR2,0,Cao et al FGFR2,65.0,0.015,0.015,0.013,0.129,0.29,0.3,0.62,15.994,25.0,0.098,0.029,19.94,25.2,-32.86,-2.46,1335.42,0.56,0.61,0.24,3.0,0.73,-68.0,-3.76,1808.2,0.62,745.314,56.098,1.0,41.0
Motif0677_HHH_eva_0536_0001_0001,EGFR,0,Cao et al EGFR,55.0,0.567,0.763,0.336,0.679,0.88,0.88,0.93,3.952,1.4,0.428,0.844,14.97,21.21,-30.35,-2.26,1343.45,0.56,0.62,0.19,5.0,0.68,-56.46,-2.99,1888.69,0.57,713.402,39.474,6.0,38.0
Motif0677_ems_3hC_390_0001_0001_0001,EGFR,0,Cao et al EGFR,63.0,0.0,0.0,0.0,0.0,0.28,0.32,0.76,19.054,25.0,0.0,0.0,22.05,29.33,-31.03,-1.53,2029.87,0.45,0.57,0.26,6.0,0.74,-55.44,-3.07,1803.77,0.64,1100.552,44.444,4.0,54.0
Motif1004_bcov_4helix_02929_0001_2794_0001,FGFR2,0,Cao et al FGFR2,65.0,0.049,0.076,0.017,0.174,0.41,0.43,0.67,12.588,5.6,0.176,0.067,22.24,18.09,-37.85,-2.62,1445.39,0.54,0.56,0.3,5.0,0.76,-77.12,-4.45,1732.38,0.69,775.179,53.846,1.0,39.0
Motif1005_HEEHE_2280_0001_0001_5001_0001,FGFR2,1,Cao et al FGFR2,65.0,0.032,0.039,0.017,0.197,0.36,0.39,0.65,13.562,5.2,0.084,0.09,19.91,22.8,-35.99,-3.09,1164.21,0.74,0.73,0.18,2.0,0.82,-76.41,-4.23,1807.37,0.73,636.219,53.125,1.0,32.0
Motif1005_bcov_4helix_08084_0001_0002_170_0001,FGFR2,0,Cao et al FGFR2,65.0,0.012,0.013,0.011,0.068,0.2,0.24,0.59,17.69,25.0,0.065,0.027,23.01,20.23,-33.55,-3.02,1109.63,0.68,0.61,0.37,0.0,0.77,-80.14,-4.32,1853.19,0.72,593.349,62.5,0.0,32.0
Motif1005_bcov_4helix_08179_0001_3605_0001,FGFR2,0,Cao et al FGFR2,65.0,0.155,0.184,0.087,0.256,0.49,0.51,0.7,9.967,4.1,0.216,0.175,21.47,23.4,-40.76,-2.96,1378.82,0.61,0.6,0.21,1.0,0.75,-76.67,-4.17,1838.58,0.66,831.161,54.054,2.0,37.0
Motif1026_HEEHE_2970_0001_0001_4623_0001,FGFR2,0,Cao et al FGFR2,65.0,0.084,0.112,0.022,0.177,0.4,0.45,0.68,12.481,25.0,0.083,0.144,23.04,24.45,-33.98,-2.59,1313.53,0.66,0.57,0.22,1.0,0.8,-83.1,-4.24,1961.56,0.75,643.142,60.606,2.0,33.0
Motif1026_HEEHE_3192_0001_0002_9922_0001,FGFR2,0,Cao et al FGFR2,65.0,0.014,0.016,0.012,0.115,0.27,0.32,0.61,16.308,25.0,0.113,0.043,22.45,25.34,-29.9,-2.64,1133.87,0.66,0.64,0.16,6.0,0.77,-55.54,-3.31,1677.29,0.7,650.953,45.455,2.0,33.0
Motif1031_HEEHE_1376_0001_8707_0001,FGFR2,0,Cao et al FGFR2,65.0,0.015,0.04,0.013,0.129,0.36,0.38,0.65,13.974,6.8,0.063,0.067,15.06,19.54,-28.47,-2.59,1100.55,0.72,0.56,0.15,1.0,0.74,-61.98,-3.41,1818.77,0.62,513.315,62.069,2.0,29.0
Motif1045_HEEHE_2913_0001_0003_6175_0001,FGFR2,0,Cao et al FGFR2,65.0,0.149,0.169,0.069,0.252,0.48,0.53,0.7,10.234,4.4,0.127,0.134,17.57,18.73,-51.56,-3.24,1589.71,0.64,0.62,0.14,3.0,0.79,-72.9,-4.04,1802.68,0.64,841.101,52.5,1.0,40.0
Motif1045_HHH_eva_0032_0001_0003_663_0001,FGFR2,1,Cao et al FGFR2,63.0,0.729,0.782,0.386,0.684,0.88,0.89,0.89,4.388,0.9,0.38,0.837,2.73,2.46,-55.28,-3.5,1580.22,0.76,0.68,0.14,4.0,0.69,-62.59,-3.71,1686.67,0.71,801.718,57.5,5.0,40.0
Motif1053_HEEHE_1072_0001_0002_7839_0001,FGFR2,0,Cao et al FGFR2,65.0,0.019,0.028,0.015,0.171,0.32,0.33,0.63,13.908,25.0,0.114,0.042,20.14,16.76,-40.33,-2.74,1473.08,0.66,0.61,0.15,1.0,0.7,-53.05,-2.68,1981.62,0.67,849.294,54.545,0.0,44.0
Motif1067_bcov_4helix_11775_0001_0002_7033_0001,FGFR2,0,Cao et al FGFR2,65.0,0.028,0.052,0.014,0.159,0.33,0.41,0.63,14.328,25.0,0.113,0.05,10.82,11.92,-43.78,-2.74,1597.68,0.64,0.63,0.28,0.0,0.72,-56.99,-3.41,1673.39,0.62,825.71,62.791,2.0,43.0
Motif1092_ems_3hM_1372_0001_0003_3449_0001,FGFR2,0,Cao et al FGFR2,64.0,0.015,0.062,0.013,0.128,0.39,0.42,0.66,12.846,7.3,0.083,0.071,22.59,21.25,-30.92,-2.66,1164.53,0.67,0.64,0.08,1.0,0.71,-49.93,-3.11,1607.26,0.7,680.75,43.75,4.0,32.0
Motif1135_HEEHE_0356_0001_8268_0001,FGFR2,0,Cao et al FGFR2,65.0,0.016,0.034,0.013,0.129,0.36,0.4,0.66,13.504,25.0,0.146,0.051,7.56,7.5,-35.54,-2.48,1430.57,0.63,0.63,0.26,3.0,0.72,-55.49,-3.21,1731.11,0.62,815.938,51.163,2.0,43.0
Motif1172_ems_3hM_682_0001_0002_476_0001,FGFR2,1,Cao et al FGFR2,64.0,0.69,0.761,0.397,0.692,0.87,0.87,0.89,4.375,1.1,0.341,0.803,4.89,3.71,-49.95,-3.54,1411.31,0.8,0.7,0.0,5.0,0.77,-69.74,-3.7,1886.05,0.66,737.969,52.5,3.0,40.0
Motif1187_p1_15H_GBL_16H_GBL_16H_0017_0001_0001_0002_0001_0001_2808_0001,FGFR2,0,Cao et al FGFR2,53.0,0.049,0.054,0.019,0.196,0.38,0.45,0.67,11.955,25.0,0.2,0.109,12.57,23.02,-35.27,-2.78,1270.7,0.66,0.62,0.28,3.0,0.75,-59.96,-3.38,1775.32,0.68,674.386,51.429,1.0,35.0
Motif1201_bcov_4helix_11480_0001,SARS_CoV2_RBD,0,Cao et al SARS_CoV2_RBD,65.0,0.013,0.013,0.012,0.065,0.39,0.42,0.76,16.132,25.0,0.142,0.028,13.64,42.19,-30.82,-1.79,1719.2,0.53,0.63,0.29,5.0,0.64,-50.87,-3.2,1591.82,0.64,1008.383,40.741,5.0,54.0
Motif1208_bcov_4helix_11740_0001_8704_0001,FGFR2,0,Cao et al FGFR2,65.0,0.44,0.507,0.225,0.536,0.73,0.75,0.8,6.565,1.9,0.274,0.332,3.24,4.66,-53.02,-2.98,1779.6,0.68,0.61,0.19,2.0,0.67,-67.48,-3.34,2018.08,0.64,912.556,56.522,1.0,46.0
Motif1214_ems_3hM_1404_0001_682_0001,FGFR2,0,Cao et al FGFR2,62.0,0.695,0.711,0.405,0.694,0.86,0.87,0.87,4.725,1.0,0.458,0.766,2.42,2.26,-45.78,-2.71,1690.02,0.71,0.61,0.17,6.0,0.65,-56.65,-3.39,1669.05,0.64,901.721,45.455,3.0,44.0
Motif1238_ems_3hM_412_0001_8420_0001,FGFR2,0,Cao et al FGFR2,59.0,0.332,0.415,0.187,0.464,0.7,0.72,0.79,7.225,2.3,0.259,0.458,20.14,19.07,-38.13,-2.56,1488.55,0.69,0.55,0.09,3.0,0.75,-57.22,-3.34,1711.86,0.7,789.286,48.718,4.0,39.0
Motif1285_bcov_4helix_08521_0001_1308_0001,FGFR2,0,Cao et al FGFR2,65.0,0.056,0.08,0.017,0.168,0.35,0.41,0.66,12.398,25.0,0.099,0.096,17.07,19.39,-37.64,-2.84,1323.15,0.62,0.64,0.3,0.0,0.78,-78.95,-4.29,1841.56,0.68,642.853,59.459,0.0,37.0
Motif1309_ems_3hM_2065_0001_0001_6613_0001,FGFR2,0,Cao et al FGFR2,64.0,0.017,0.021,0.013,0.128,0.35,0.41,0.65,14.018,25.0,0.202,0.067,13.06,24.55,-41.73,-2.85,1465.49,0.63,0.61,0.12,3.0,0.73,-64.03,-3.34,1919.03,0.62,866.521,50.0,4.0,46.0
Motif1309_ems_3hM_3427_0001_0002_2610_0001,FGFR2,0,Cao et al FGFR2,64.0,0.015,0.019,0.013,0.13,0.3,0.33,0.63,14.623,25.0,0.072,0.046,24.96,20.28,-33.52,-2.57,1304.24,0.66,0.54,0.09,4.0,0.68,-68.46,-3.5,1958.78,0.67,795.796,45.0,2.0,40.0
Motif1379_ems_3hC_935_0001_6984_0001,FGFR2,0,Cao et al FGFR2,61.0,0.017,0.022,0.013,0.132,0.32,0.35,0.64,14.811,25.0,0.096,0.063,21.0,20.05,-38.95,-3.57,1090.4,0.77,0.6,0.12,1.0,0.71,-62.47,-4.07,1534.09,0.68,599.782,56.667,0.0,30.0
Motif1389_bcov_4helix_11569_0001,SARS_CoV2_RBD,0,Cao et al SARS_CoV2_RBD,65.0,0.0,0.0,0.0,0.0,0.18,0.2,0.71,22.5,25.0,0.0,0.0,18.41,52.13,-31.02,-1.9,1631.62,0.59,0.61,0.53,7.0,0.65,-59.19,-2.96,2000.05,0.63,842.945,40.909,7.0,44.0
Motif1989_bcov_4helix_06387_0001,SARS_CoV2_RBD,1,Cao et al SARS_CoV2_RBD,65.0,0.699,0.815,0.428,0.687,0.9,0.9,0.89,5.732,0.9,0.382,0.851,15.99,45.55,-38.97,-2.72,1433.57,0.73,0.69,0.36,6.0,0.76,-53.52,-3.19,1677.69,0.68,793.54,34.884,4.0,43.0
Motif2004_HHH_b1_05317_0001_0001,SARS_CoV2_RBD,0,Cao et al SARS_CoV2_RBD,57.0,0.0,0.0,0.0,0.0,0.18,0.19,0.73,22.63,25.0,0.0,0.0,16.5,29.55,-34.73,-2.3,1506.9,0.55,0.71,0.14,4.0,0.72,-52.89,-2.98,1774.08,0.66,790.575,38.095,4.0,42.0
Motif2036_HHH_b2_06230_0001,SARS_CoV2_RBD,0,Cao et al SARS_CoV2_RBD,57.0,0.0,0.0,0.0,0.0,0.18,0.21,0.73,22.732,25.0,0.0,0.0,9.73,34.06,-23.89,-1.82,1311.36,0.61,0.67,0.07,10.0,0.67,-47.88,-2.79,1718.85,0.67,685.762,24.324,9.0,37.0
Motif2515_bcov_4helix_04668_0001,SARS_CoV2_RBD,0,Cao et al SARS_CoV2_RBD,65.0,0.0,0.0,0.0,0.0,0.16,0.2,0.7,22.136,25.0,0.0,0.0,9.99,6.56,-20.8,-1.77,1176.13,0.51,0.72,0.27,0.0,0.63,-51.51,-3.18,1621.19,0.68,700.464,38.462,4.0,39.0
NYESO_parent_binder_partial_10_2_27_dldesign_1_af2pred,pMHC_NY1,0,pMHC screening NY2,145.0,0.594,0.828,0.385,0.679,0.94,0.94,0.94,4.43,1.0,0.411,0.924,1.85,2.66,-58.49,-2.15,2715.0,0.65,0.64,0.21,5.0,0.65,-66.61,-2.36,2824.45,0.63,1440.527,47.059,10.0,68.0
Pdl1_binder_AF2_11,Pdl1,0,Pdl1 Watson et al,91.0,0.268,0.335,0.193,0.388,0.63,0.65,0.79,7.658,3.1,0.428,0.336,6.21,3.62,-34.13,-1.86,1832.91,0.64,0.7,0.11,7.0,0.65,-47.28,-2.56,1844.59,0.63,1006.664,41.667,5.0,48.0
Pdl1_binder_AF2_22,Pdl1,0,Pdl1 Watson et al,62.0,0.5,0.602,0.304,0.587,0.79,0.8,0.86,4.928,1.7,0.302,0.657,1.79,2.18,-40.89,-2.78,1471.42,0.67,0.74,0.39,4.0,0.64,-38.93,-3.13,1242.72,0.67,719.506,47.368,14.0,38.0
Pdl1_binder_AF2_25,Pdl1,0,Pdl1 Watson et al,93.0,0.75,0.803,0.506,0.696,0.87,0.88,0.89,4.008,1.0,0.494,0.855,1.64,1.61,-47.4,-2.44,1943.42,0.72,0.62,0.24,7.0,0.59,-41.71,-1.97,2114.53,0.6,1021.357,35.294,11.0,51.0
Pdl1_binder_AF2_44,Pdl1,0,Pdl1 Watson et al,97.0,0.766,0.78,0.514,0.693,0.87,0.88,0.89,3.878,1.1,0.553,0.854,1.75,1.8,-53.17,-2.72,1955.27,0.64,0.68,0.35,8.0,0.64,-57.42,-2.98,1929.39,0.61,999.063,38.776,11.0,49.0
Pdl1_binder_AF2_70,Pdl1,1,Pdl1 Watson et al,96.0,0.794,0.809,0.557,0.723,0.89,0.89,0.91,3.518,1.1,0.474,0.844,1.41,1.16,-46.17,-2.5,1850.22,0.62,0.7,0.17,9.0,0.68,-42.35,-2.46,1723.53,0.63,927.517,36.17,9.0,47.0
Pdl1_binder_AF2_95,Pdl1,0,Pdl1 Watson et al,88.0,0.564,0.639,0.381,0.602,0.76,0.79,0.84,4.968,1.6,0.472,0.723,1.76,1.81,-46.09,-2.8,1645.66,0.62,0.68,0.14,8.0,0.66,-52.85,-3.14,1683.61,0.61,823.579,46.667,5.0,45.0
Trka_binder_AF2_35,TrkA,0,TrkA Watson et al,56.0,0.419,0.694,0.251,0.576,0.8,0.81,0.83,6.531,1.3,0.367,0.646,2.94,2.12,-43.26,-2.89,1494.84,0.69,0.63,0.45,2.0,0.76,-43.34,-3.16,1370.41,0.61,813.242,51.22,3.0,41.0
Trka_binder_AF2_40,TrkA,0,TrkA Watson et al,96.0,0.706,0.734,0.471,0.663,0.84,0.84,0.87,4.556,1.1,0.396,0.855,2.35,1.53,-42.01,-2.83,1486.08,0.63,0.59,0.09,5.0,0.68,-50.51,-2.88,1751.46,0.64,920.103,35.417,5.0,48.0
Trka_binder_AF2_42,TrkA,0,TrkA Watson et al,65.0,0.527,0.662,0.331,0.641,0.78,0.79,0.85,4.971,1.4,0.288,0.814,2.88,3.1,-40.09,-3.19,1257.69,0.68,0.7,0.24,6.0,0.72,-49.16,-3.36,1463.3,0.68,730.475,38.235,5.0,34.0
Trka_binder_AF2_46,TrkA,0,TrkA Watson et al,95.0,0.694,0.758,0.48,0.672,0.85,0.86,0.89,4.35,1.1,0.462,0.805,2.11,1.86,-60.29,-2.77,2176.54,0.7,0.65,0.35,17.0,0.72,-61.05,-2.81,2175.75,0.59,1008.593,46.429,8.0,56.0
Trka_binder_AF2_67,TrkA,0,TrkA Watson et al,80.0,0.648,0.734,0.446,0.68,0.83,0.83,0.87,4.005,1.3,0.417,0.84,2.98,2.49,-35.09,-2.53,1388.33,0.71,0.65,0.36,5.0,0.71,-40.95,-2.82,1450.11,0.68,768.013,44.737,4.0,38.0
Trka_binder_AF2_72,TrkA,0,TrkA Watson et al,65.0,0.467,0.564,0.267,0.576,0.74,0.75,0.82,5.488,1.7,0.345,0.658,1.63,2.0,-39.06,-2.34,1670.4,0.66,0.55,0.31,5.0,0.61,-45.5,-2.79,1631.61,0.64,722.603,51.282,3.0,39.0
alan_blakely_12_6,EGFR,1,Adaptyv binder comp round 2,228.0,0.65,0.702,0.348,0.475,0.6,0.6,0.63,19.838,1.6,0.558,0.224,35.05,40.98,-85.55,-2.33,3668.43,0.64,0.62,0.33,14.0,0.59,-70.77,-1.84,3847.54,0.62,2033.801,37.736,25.0,106.0
allongoldberg_17449__33p_R_,EGFR,0,Adaptyv binder comp round 1,138.0,0.0,0.0,0.0,0.0,0.16,0.19,0.52,29.18,25.0,0.0,0.0,28.1,57.51,-20.03,-1.67,1199.88,0.52,0.59,0.42,5.0,0.52,-35.09,-1.87,1873.09,0.62,664.918,35.0,3.0,40.0
bcov_6ala_r1_HEEH_24497_000000002_0001_43_64_H____HEEH_03826_0001_0001_0001_0001,TrkA,0,Cao et al TrkA,64.0,0.018,0.019,0.015,0.143,0.33,0.4,0.62,14.942,25.0,0.068,0.044,21.08,33.02,-31.54,-2.11,1497.25,0.55,0.48,0.29,7.0,0.77,-66.1,-3.81,1733.91,0.68,804.468,45.0,7.0,40.0
bcov_v3_r3_ems_3hC_436_0002_000000017_0001_0001_47_64_H____ems_p1_15H_GBL_16H_GABBL_16H_0382_0001_0001_0001_0001_0001_0001_0001_0001,IL7Ra,1,Cao et al IL7Ra,55.0,0.602,0.734,0.327,0.659,0.88,0.89,0.9,4.579,1.2,0.37,0.788,3.08,3.13,-53.76,-3.18,1689.36,0.7,0.65,0.12,7.0,0.75,-67.59,-3.91,1730.27,0.67,851.251,50.0,6.0,42.0
bcov_v4_r3_ems_3hC_853_0001_000000044_0001_0001_42_63_H____ems_3hM_3195_0001_0001_0001,IL7Ra,0,Cao et al IL7Ra,60.0,0.015,0.016,0.013,0.116,0.41,0.43,0.77,15.549,25.0,0.123,0.047,4.37,9.22,-34.85,-2.36,1477.45,0.51,0.6,0.07,4.0,0.62,-47.66,-3.25,1467.55,0.63,763.604,45.0,0.0,40.0
begonia_sp_13_EGFR_l110_s478327_mpnn7_model2,EGFR,0,Adaptyv binder comp round 2,110.0,0.609,0.689,0.322,0.474,0.9,0.9,0.69,14.05,1.6,0.531,0.696,40.52,45.56,-74.58,-2.81,2658.72,0.7,0.66,0.29,11.0,0.54,-74.04,-1.99,3711.61,0.66,1446.494,41.667,12.0,72.0
briannaughton_2_plus_2,EGFR,1,Adaptyv binder comp round 2,228.0,0.0,0.0,0.0,0.0,0.4,0.39,0.57,26.433,25.0,0.0,0.0,57.8,46.58,-106.42,-1.97,5403.88,0.59,0.62,0.43,19.0,0.02,53394.96,1827.46,2921.81,0.65,2980.742,42.236,38.0,161.0
bronte_EGFR_Binder_4_91,EGFR,0,Adaptyv binder comp round 2,78.0,0.0,0.0,0.0,0.0,0.29,0.29,0.61,26.976,25.0,0.0,0.0,13.85,29.44,-25.09,-1.71,1463.43,0.59,0.66,0.28,6.0,0.58,-33.25,-1.61,2062.42,0.61,779.852,28.571,7.0,42.0
cameron_kroll_Gertrude_gen3_S69D_N61E,EGFR,0,Adaptyv binder comp round 2,147.0,0.0,0.0,0.0,0.0,0.21,0.28,0.53,27.045,25.0,0.0,0.0,31.75,71.82,-30.62,-1.55,1981.38,0.48,0.58,0.07,8.0,0.51,-6.93,-0.62,1113.68,0.62,1026.408,19.643,11.0,56.0
cside_mot_1f347ee23b7d1f7a352213548b5d65c0_0001_1_000000024_0001_40_49_H___bcov_4helix_07156_0001_0001_0001,EGFR,0,Cao et al EGFR,65.0,0.509,0.695,0.326,0.576,0.84,0.84,0.91,4.845,2.1,0.463,0.715,4.38,5.55,-37.88,-2.25,1685.86,0.72,0.67,0.12,7.0,0.65,-53.06,-2.66,1993.56,0.67,893.33,43.75,10.0,48.0
cside_mot_3c286613f92827190e5a3baf2c2c7df1_0001_1_000000012_0001_3_7_H___bcov_4helix_12021_0001_0002_0001,EGFR,0,Cao et al EGFR,65.0,0.041,0.049,0.017,0.158,0.41,0.44,0.8,12.258,6.3,0.174,0.075,13.07,13.53,-18.93,-1.81,1043.91,0.45,0.62,0.07,2.0,0.71,-54.42,-3.03,1796.33,0.68,638.898,42.857,2.0,35.0
cside_pol_EHEE_hb1_4797_000000002_0001,EGFR,1,Cao et al EGFR,65.0,0.015,0.015,0.013,0.074,0.29,0.31,0.76,17.425,25.0,0.078,0.021,4.91,5.91,-37.41,-1.95,1920.16,0.6,0.57,0.14,4.0,0.71,-59.15,-2.8,2112.8,0.61,891.422,47.917,2.0,48.0
cside_pol_EHEE_hb1_6037_000000008_0001,EGFR,0,Cao et al EGFR,65.0,0.012,0.012,0.011,0.061,0.33,0.35,0.77,16.897,25.0,0.137,0.026,16.14,13.52,-32.14,-2.14,1502.35,0.55,0.61,0.12,6.0,0.65,-51.78,-2.76,1874.84,0.65,797.944,38.636,8.0,44.0
csplice_r1_4b397ff321495f1cf064223b6ad1b1e1_0001_000000002_0001_0001_24_33_H____c532476932173fd1e36a19ba74b3f846_0001_0001_0001_0001_17_51_HHH_29_32050_22_0001,VirB8,0,Cao et al VirB8,65.0,0.0,0.0,0.0,0.0,0.27,0.3,0.7,19.156,25.0,0.0,0.0,47.02,41.97,-35.49,-2.42,1465.03,0.58,0.6,0.55,3.0,0.74,-57.79,-3.76,1536.78,0.64,778.052,51.351,5.0,37.0
csplice_r1_HEEH_25006_000000001_0001_0001_43_52_H____9a773f325bc24391a11cd301277c1e75_0001_1_0001_0001_0001_19_51_HHH_31_02815_15_0001,VirB8,0,Cao et al VirB8,65.0,0.018,0.09,0.013,0.128,0.48,0.5,0.77,13.267,6.9,0.132,0.077,48.36,25.95,-38.82,-2.8,1388.35,0.62,0.6,0.14,1.0,0.75,-59.01,-3.42,1727.76,0.69,754.579,60.0,2.0,40.0
csplice_r1_ems_3hM_1972_000000001_0001_0001_2_11_H____1950d1f4796b1edd0daeebfeeb1f0c90_0001_1_0001_0002_0001_0001_18_49_HHH_32_23496_28_0001,VirB8,1,Cao et al VirB8,65.0,0.726,0.836,0.471,0.686,0.9,0.9,0.91,4.269,0.9,0.493,0.935,2.66,3.15,-60.7,-3.64,1668.89,0.78,0.6,0.3,6.0,0.78,-60.08,-3.7,1625.86,0.67,841.447,58.333,6.0,36.0
csplice_r1_ems_3hM_1972_000000001_0001_0001_2_11_H____1950d1f4796b1edd0daeebfeeb1f0c90_0001_1_0001_0002_0001_0001_18_49_HHH_32_23496_28_0001_12_crosslinked,VirB8,1,Cao et al VirB8,65.0,0.74,0.835,0.486,0.7,0.9,0.9,0.91,4.121,0.9,0.493,0.934,2.85,3.38,-59.33,-3.58,1658.96,0.77,0.7,0.3,6.0,0.78,-57.8,-3.57,1620.44,0.66,826.684,57.895,7.0,38.0
duynth29_L148_MPNN1,EGFR,0,Adaptyv binder comp round 2,148.0,0.543,0.619,0.329,0.389,0.85,0.85,0.71,14.856,1.9,0.456,0.612,7.08,6.54,-65.99,-2.66,2482.56,0.67,0.67,0.18,7.0,0.69,-58.87,-2.54,2314.85,0.65,1356.342,46.774,8.0,62.0
ems_3hM_1113_000000018_0001,FGFR2,0,Cao et al FGFR2,60.0,0.014,0.016,0.012,0.103,0.24,0.25,0.61,16.17,25.0,0.074,0.028,20.14,24.07,-37.14,-2.68,1383.94,0.64,0.57,0.14,3.0,0.74,-70.11,-3.92,1790.1,0.71,789.953,50.0,0.0,38.0
evarist_planet_FM_75_1_76,EGFR,0,Adaptyv binder comp round 1,60.0,0.0,0.0,0.0,0.0,0.19,0.2,0.63,28.803,25.0,0.0,0.0,39.68,45.1,-44.37,-2.41,1841.12,0.61,0.61,0.5,4.0,0.52,-45.05,-2.0,2251.45,0.64,1039.023,51.786,7.0,56.0
freddie_martin_FJOM_8,EGFR,0,Adaptyv binder comp round 1,177.0,0.607,0.62,0.36,0.409,0.87,0.87,0.7,14.97,1.9,0.581,0.69,72.84,53.07,-46.25,-2.39,1937.12,0.63,0.61,0.38,6.0,0.55,-33.87,-1.73,1956.55,0.6,1110.859,43.86,12.0,57.0
il10ra_site1_normal_mot_HHH_b1_06804_000000054_0001_40_54_H___HHH_b2_02477_af2_0001_0000600016_0000001_0_af2pred_dldesign_0_af2pred,IL10Ra,0,Bennet paper IL10Ra prospective,53.0,0.0,0.0,0.0,0.0,0.28,0.34,0.74,19.66,25.0,0.0,0.0,53.1,35.52,-33.75,-2.7,1250.08,0.65,0.69,0.29,4.0,0.62,-35.19,-2.21,1589.53,0.63,653.004,38.71,3.0,31.0
il10ra_site1_sap_22_mot_HHH_b2_02757_000000230_0001_1_19_H___HHH_b2_01950_af2_0001_0000100006_0000001_0_0001_af2pred_dldesign_0_af2pred,IL10Ra,0,Bennet paper IL10Ra prospective,65.0,0.0,0.0,0.0,0.0,0.17,0.28,0.71,20.979,25.0,0.0,0.0,4.91,4.22,-42.5,-2.49,1706.55,0.53,0.57,0.33,5.0,0.53,-38.65,-2.35,1645.24,0.64,811.445,41.304,6.0,46.0
julie_ryfqy,EGFR,0,Adaptyv binder comp round 2,50.0,0.011,0.011,0.011,0.029,0.5,0.51,0.66,22.176,9.8,0.266,0.025,15.23,32.88,-48.82,-2.92,1670.36,0.66,0.63,0.09,6.0,0.67,-50.93,-2.42,2108.57,0.65,797.555,37.209,7.0,43.0
longxing_Grafting2_ems_3hC_242_0001_0002_0006_0001_0001,IL7Ra,0,Cao et al IL7Ra,61.0,0.548,0.652,0.284,0.5,0.85,0.85,0.88,6.237,1.4,0.282,0.732,2.44,5.25,-49.99,-3.07,1627.91,0.74,0.64,0.1,6.0,0.76,-57.42,-3.69,1556.58,0.64,856.982,43.59,8.0,39.0
longxing_HHH_eva_0470_000000000_0001_0001,IL7Ra,0,Cao et al IL7Ra,50.0,0.323,0.542,0.175,0.433,0.77,0.78,0.87,6.912,2.1,0.241,0.61,2.35,4.08,-44.85,-2.88,1555.71,0.65,0.58,0.08,4.0,0.72,-57.95,-3.52,1646.61,0.72,836.154,42.857,2.0,42.0
longxing_ems_3hC_1281_000000006_0001_0001,IL7Ra,0,Cao et al IL7Ra,64.0,0.479,0.686,0.294,0.485,0.79,0.8,0.88,7.376,1.2,0.272,0.664,4.37,5.05,-44.63,-3.06,1456.81,0.69,0.69,0.1,4.0,0.73,-48.15,-3.11,1550.55,0.7,795.549,50.0,2.0,36.0
longxing_ems_3hC_740_0001_000000001_0001_0001,IL7Ra,0,Cao et al IL7Ra,61.0,0.0,0.0,0.0,0.0,0.28,0.29,0.74,19.859,25.0,0.0,0.0,4.19,4.79,-48.32,-3.08,1570.58,0.7,0.56,0.06,4.0,0.76,-57.59,-3.55,1620.8,0.65,851.208,48.718,2.0,39.0
longxing_ems_3hM_1117_000000002_0001_0001,IL7Ra,0,Cao et al IL7Ra,63.0,0.447,0.662,0.248,0.414,0.8,0.8,0.87,7.211,1.5,0.254,0.638,2.55,3.07,-44.65,-2.69,1658.89,0.71,0.57,0.07,4.0,0.77,-53.57,-3.24,1655.26,0.71,857.033,43.902,6.0,41.0
longxing_ems_p1_14H_GABBL_16H_GABBL_15H_0964_0001_0001_0001_000000012_0001_0001,IL7Ra,0,Cao et al IL7Ra,55.0,0.015,0.015,0.012,0.109,0.37,0.39,0.77,16.444,25.0,0.137,0.037,3.1,4.49,-40.75,-2.63,1548.33,0.57,0.68,0.21,5.0,0.73,-53.89,-3.35,1607.06,0.63,807.037,48.837,3.0,43.0
ltk_site1_normal_mot_HHH_b2_02075_af2_000000262_0001_1_17_H___HHH_b2_01548_af2_0001_0000400015_0000003_0,LTK,0,Bennet paper LTK prospective,55.0,0.011,0.011,0.011,0.02,0.32,0.39,0.82,18.331,25.0,0.109,0.024,19.24,31.0,-40.74,-2.4,1693.96,0.65,0.69,0.16,8.0,0.66,-50.13,-2.45,2044.26,0.73,818.305,45.0,5.0,40.0
ltk_site1_sap_33_mot_HHH_b1_05280_000000108_0001_1_19_H___HHH_b2_00748_0001_0000400026_0000002_0_0001,LTK,0,Bennet paper LTK prospective,57.0,0.014,0.016,0.012,0.088,0.41,0.43,0.82,17.406,25.0,0.074,0.024,13.63,20.92,-35.77,-2.66,1347.16,0.5,0.57,0.22,7.0,0.68,-55.23,-2.73,2026.66,0.65,853.527,47.619,8.0,42.0
markus_braun_egfr_binder_1,EGFR,0,Adaptyv binder comp round 2,250.0,0.723,0.85,0.54,0.502,0.94,0.94,0.76,13.065,1.2,0.653,0.81,55.75,54.29,-107.02,-2.56,4175.96,0.59,0.62,0.18,21.0,0.38,-30.95,-1.34,2317.3,0.59,2247.605,43.103,28.0,116.0
mlange05_B,EGFR,0,Adaptyv binder comp round 2,192.0,0.289,0.382,0.132,0.213,0.68,0.7,0.66,18.964,4.4,0.249,0.121,5.26,9.66,-47.36,-1.89,2512.14,0.59,0.63,0.15,4.0,0.68,-63.65,-2.36,2695.88,0.56,1642.594,40.541,8.0,74.0
mot_H_buried_3h_hb1_1810_000000005_0001_6_10_H___693db8198fc3f601759bc8cb5ab70b55_0001_0001_0001_0001,FGFR2,0,Cao et al FGFR2,65.0,0.013,0.017,0.012,0.08,0.27,0.31,0.62,15.947,25.0,0.065,0.027,18.07,19.4,-37.36,-2.6,1435.59,0.6,0.6,0.29,4.0,0.73,-59.93,-3.81,1572.58,0.65,769.359,51.351,2.0,37.0
mot_H_buried_3h_hb1_5869_000000000_0001_29_39_H___225e77a0f7a0641d6650e052cbeb4027_0001_0001_0001,FGFR2,0,Cao et al FGFR2,65.0,0.016,0.017,0.014,0.141,0.29,0.38,0.61,13.533,25.0,0.148,0.048,19.33,23.15,-41.97,-2.62,1603.09,0.7,0.59,0.19,7.0,0.66,-41.63,-2.78,1498.71,0.62,832.041,53.659,6.0,41.0
mot_H_buried_HEEH_21875_000000000_0001_8_17_H___3h_hb1_6838_0001_0001_0001_0001,FGFR2,0,Cao et al FGFR2,64.0,0.144,0.157,0.077,0.249,0.44,0.56,0.69,10.092,25.0,0.207,0.187,26.09,19.29,-38.03,-2.76,1378.77,0.65,0.6,0.06,2.0,0.72,-58.59,-3.28,1785.18,0.62,776.419,50.0,3.0,38.0
mot_H_ems_3hC_1480_000000029_0001_52_60_H___932cfb5f6031141a265472c1c60dd377_0001_1_0001_0001,InsulinR,0,Cao et al Insulin receptor,65.0,0.021,0.04,0.013,0.118,0.39,0.48,0.76,13.659,25.0,0.088,0.073,17.42,43.5,-40.01,-2.82,1418.83,0.68,0.58,0.31,5.0,0.73,-53.03,-3.31,1602.93,0.58,856.925,42.857,10.0,42.0
mot_H_fastrot_3h_hb1_4237_000000009_0001_47_56_H___d7734d3d34ce39b2bfdac2f631edde95_0001_0001_0001_0001,FGFR2,0,Cao et al FGFR2,65.0,0.012,0.012,0.011,0.059,0.23,0.26,0.59,17.205,25.0,0.081,0.029,22.0,19.96,-30.53,-2.92,1045.49,0.65,0.56,0.31,3.0,0.75,-54.46,-3.42,1591.96,0.7,652.98,46.154,1.0,39.0
mot_H_fastrot_3h_hb1_427_000000001_0001_54_59_H___635f637f031a3e4bc07bf15136885e0c_0001_0001_0002_0001,FGFR2,0,Cao et al FGFR2,65.0,0.013,0.016,0.012,0.083,0.26,0.29,0.62,15.387,25.0,0.082,0.032,12.79,16.09,-35.5,-2.27,1560.77,0.57,0.52,0.23,2.0,0.64,-53.26,-3.25,1640.6,0.67,773.952,60.0,2.0,40.0
mot_H_fastrot_cor_3h_hb1_3344_000000001_0001_48_54_H___2c3c4ff1b7e8f3ebaa5c49801be3cdcb_0001_1_0001_0001_0001,FGFR2,0,Cao et al FGFR2,65.0,0.015,0.015,0.013,0.055,0.19,0.2,0.57,19.348,25.0,0.119,0.02,9.57,8.42,-30.04,-2.04,1472.91,0.56,0.56,0.27,5.0,0.65,-47.93,-2.86,1675.91,0.56,923.505,47.619,6.0,42.0
mot_H_fastrot_cor_da9e5f86e81fca48f449e0e79ace5297_0001_1_000000005_0001_39_45_H___3h_hb1_1312_0001_0001,FGFR2,0,Cao et al FGFR2,65.0,0.704,0.759,0.411,0.696,0.86,0.87,0.88,4.255,1.0,0.484,0.759,3.17,2.93,-53.18,-3.26,1630.57,0.69,0.61,0.09,3.0,0.63,-54.46,-3.37,1617.08,0.68,784.0,59.091,1.0,44.0
mot_H_fastrot_cor_ems_3hC_1462_0001_000000008_0001_26_30_H___d50d33ce540d433b9234ff7489a3ed54_0001_1_0001_0001_0001,FGFR2,0,Cao et al FGFR2,65.0,0.013,0.013,0.012,0.064,0.21,0.24,0.6,18.503,25.0,0.082,0.023,20.48,22.26,-31.48,-2.37,1330.98,0.52,0.56,0.3,1.0,0.65,-48.13,-3.02,1593.18,0.61,742.941,51.282,1.0,39.0
mot_H_fastrot_cor_ems_3hM_199_000000020_0001_56_61_H___886832ae7605b54e2ed78db7729d8a1b_0001_0001_0002_0001_0001,FGFR2,0,Cao et al FGFR2,65.0,0.014,0.014,0.013,0.087,0.25,0.26,0.61,17.58,25.0,0.08,0.02,19.09,28.29,-38.56,-2.04,1888.14,0.55,0.65,0.17,3.0,0.67,-43.79,-2.88,1521.73,0.64,1034.19,51.02,2.0,49.0
mot_H_fastrot_cor_ems_3hM_199_000000020_0001_56_61_H___EHEE_hb1_1646_0001_0001_0001,FGFR2,0,Cao et al FGFR2,65.0,0.011,0.013,0.011,0.06,0.19,0.21,0.58,18.624,25.0,0.066,0.021,6.18,7.65,-38.18,-2.85,1338.8,0.7,0.66,0.18,1.0,0.77,-46.14,-3.29,1402.0,0.72,753.519,52.632,4.0,38.0
mot_H_fastrot_cor_ems_3hM_199_000000020_0001_56_61_H___HEEHE_2203_0001_0001_0001,FGFR2,0,Cao et al FGFR2,65.0,0.013,0.015,0.012,0.108,0.25,0.31,0.61,16.081,25.0,0.132,0.031,13.37,16.13,-39.3,-2.33,1688.33,0.65,0.68,0.03,3.0,0.75,-44.17,-3.13,1412.58,0.73,933.413,56.818,4.0,44.0
mot_H_fastrot_cor_ems_3hM_199_000000020_0001_56_61_H___ems_3hM_790_0001_0002_0001_0001,FGFR2,0,Cao et al FGFR2,62.0,0.699,0.752,0.411,0.71,0.87,0.87,0.88,4.159,1.1,0.46,0.825,2.06,2.02,-42.57,-2.86,1487.6,0.67,0.62,0.0,4.0,0.7,-53.75,-3.32,1620.47,0.74,787.101,47.619,5.0,42.0
mot_H_fastrot_cor_ems_3hM_199_000000020_0001_57_61_H___19f145b1337e5e8d9607185ca62be09a_0001_0001_0001,FGFR2,1,Cao et al FGFR2,65.0,0.755,0.835,0.474,0.723,0.9,0.9,0.91,3.468,0.9,0.496,0.823,2.76,2.54,-55.77,-3.24,1721.03,0.74,0.6,0.04,6.0,0.77,-62.65,-3.43,1828.3,0.64,959.078,48.889,3.0,45.0
mot_H_fastrot_cor_ems_3hM_199_000000020_0001_57_61_H___EHEE_hb1_6580_0001_0001_0001_0001,FGFR2,0,Cao et al FGFR2,65.0,0.017,0.018,0.014,0.138,0.32,0.34,0.63,14.324,25.0,0.1,0.034,27.35,24.25,-36.58,-2.14,1710.47,0.53,0.58,0.08,6.0,0.78,-50.79,-3.29,1544.18,0.69,863.655,54.762,1.0,42.0
mot_H_normal_3h_hb1_201_000000012_0001_24_34_H___3h_hb1_135_0001_0001_0001,FGFR2,0,Cao et al FGFR2,64.0,0.058,0.062,0.025,0.221,0.34,0.37,0.65,12.127,5.0,0.097,0.074,25.19,20.16,-22.28,-2.14,1039.85,0.63,0.65,0.07,0.0,0.68,-64.17,-3.56,1803.63,0.69,585.788,54.839,0.0,31.0
mot_H_normal_3h_hb1_3434_000000000_0001_30_34_H___ems_3hM_2978_0001_0002_0001_0001,FGFR2,0,Cao et al FGFR2,60.0,0.015,0.015,0.012,0.11,0.28,0.3,0.62,15.234,25.0,0.108,0.037,15.25,20.2,-31.56,-2.18,1449.7,0.56,0.62,0.1,2.0,0.69,-56.38,-3.33,1695.05,0.66,782.882,46.154,3.0,39.0
mot_H_normal_3h_hb1_3627_000000010_0001_51_57_H___3h_hb1_4733_0001_0003_0001_0001,FGFR2,0,Cao et al FGFR2,62.0,0.018,0.033,0.014,0.143,0.35,0.35,0.65,12.896,7.7,0.074,0.057,20.73,21.19,-37.94,-2.97,1276.78,0.7,0.57,0.1,3.0,0.69,-47.47,-3.06,1550.5,0.74,769.34,52.5,3.0,40.0
mot_H_normal_3h_hb1_3627_000000010_0001_51_57_H___a0b18f05b941da9b1181d6cde1fce78b_0001_1_0001_0003_0001_0001,FGFR2,0,Cao et al FGFR2,65.0,0.014,0.018,0.013,0.109,0.28,0.32,0.63,15.415,25.0,0.071,0.04,21.13,22.5,-33.97,-1.96,1729.08,0.7,0.52,0.37,2.0,0.74,-56.64,-3.11,1819.46,0.66,802.099,51.282,1.0,39.0
mot_H_normal_3h_hb1_5666_000000013_0001_34_42_H___ems_3hM_330_0001_0001_0001,FGFR2,0,Cao et al FGFR2,64.0,0.059,0.093,0.022,0.196,0.43,0.44,0.66,12.493,5.5,0.18,0.138,2.57,2.73,-42.13,-2.91,1445.95,0.62,0.61,0.06,2.0,0.77,-57.72,-3.54,1630.32,0.72,749.919,46.341,1.0,41.0
mot_H_normal_3h_hb1_5890_000000015_0001_50_60_H___ems_3hC_844_0001_0001_0001,FGFR2,1,Cao et al FGFR2,62.0,0.144,0.146,0.067,0.288,0.48,0.56,0.7,10.494,3.7,0.203,0.146,3.08,3.05,-46.57,-2.7,1726.99,0.62,0.54,0.14,1.0,0.77,-63.47,-3.78,1677.85,0.69,816.168,58.974,1.0,39.0
mot_H_normal_3h_hb1_5890_000000015_0001_54_62_H___425510b47ff68136561e54580a63c352_0001_0001_0001_0001,FGFR2,1,Cao et al FGFR2,65.0,0.024,0.055,0.015,0.156,0.41,0.44,0.67,12.906,6.8,0.16,0.074,2.31,1.89,-43.87,-2.83,1551.79,0.63,0.57,0.2,3.0,0.77,-63.3,-3.72,1703.25,0.67,823.262,55.0,3.0,40.0
mot_H_normal_3h_hb1_641_000000001_0001_59_63_H___9d25757a9285e866f210148a27b90798_0001_1_0001_0002_0001_0001,FGFR2,0,Cao et al FGFR2,65.0,0.1,0.131,0.046,0.246,0.38,0.44,0.66,10.887,25.0,0.157,0.121,18.45,19.06,-37.31,-2.88,1297.42,0.66,0.57,0.18,3.0,0.7,-55.68,-3.54,1574.29,0.63,725.006,55.882,5.0,34.0
mot_H_normal_3h_hb1_6816_000000000_0001_50_58_H___ems_3hM_121_0001_0004_0001,FGFR2,0,Cao et al FGFR2,60.0,0.481,0.555,0.287,0.539,0.75,0.76,0.82,6.472,1.5,0.231,0.422,24.47,21.66,-44.51,-2.82,1579.88,0.61,0.6,0.18,5.0,0.74,-56.43,-3.42,1651.06,0.63,886.537,51.163,4.0,43.0
mot_H_normal_5ab7357610b1d1214bf78fdd3dea1740_0001_000000000_0001_54_60_H___3h_hb1_5454_0001_0001_1_0001_0001,FGFR2,0,Cao et al FGFR2,65.0,0.524,0.585,0.309,0.617,0.77,0.78,0.83,5.642,1.6,0.32,0.584,24.68,21.33,-45.58,-2.71,1679.15,0.66,0.53,0.03,4.0,0.65,-48.83,-2.74,1782.36,0.66,871.067,50.0,2.0,42.0
mot_H_normal_5ab7357610b1d1214bf78fdd3dea1740_0001_000000000_0001_54_60_H___b496c59c5c8561463e4e815dcb435b66_0001_1_0001_0001_0001,FGFR2,0,Cao et al FGFR2,65.0,0.018,0.019,0.016,0.186,0.31,0.34,0.63,13.861,6.3,0.111,0.056,19.64,20.58,-33.95,-3.02,1125.97,0.65,0.57,0.24,3.0,0.71,-50.66,-3.13,1618.41,0.63,643.977,54.286,0.0,35.0
mot_H_normal_HEEHE_2363_000000001_0001_43_52_H___63fa52d4d3ad138fcd98324ec4c05e2f_0001_1_0001_0001_0001,FGFR2,0,Cao et al FGFR2,65.0,0.015,0.016,0.013,0.121,0.33,0.35,0.62,14.525,25.0,0.217,0.038,21.65,15.99,-41.33,-2.78,1488.74,0.58,0.54,0.21,2.0,0.65,-54.27,-3.4,1596.94,0.65,920.862,58.0,2.0,50.0
mot_H_normal_HEEHE_3358_000000009_0001_51_55_H___3h_hb1_2747_0001_0001_0001,FGFR2,1,Cao et al FGFR2,61.0,0.723,0.764,0.411,0.703,0.88,0.88,0.88,4.55,0.8,0.304,0.746,3.09,3.56,-44.34,-3.23,1374.16,0.73,0.66,0.1,3.0,0.76,-60.65,-3.69,1644.32,0.78,759.388,50.0,4.0,38.0
mot_H_normal_HEEH_03041_000000012_0001_54_60_H___3h_hb1_2005_0001_0001_0001,FGFR2,0,Cao et al FGFR2,61.0,0.085,0.117,0.039,0.231,0.38,0.44,0.66,11.196,4.9,0.135,0.121,21.28,21.86,-37.71,-2.99,1260.27,0.71,0.57,0.14,0.0,0.72,-58.71,-3.63,1616.52,0.66,705.643,58.974,0.0,39.0
mot_H_normal_HEEH_08727_000000002_0001_46_56_H___EHEE_hb1_2972_0001_0001_0001_0001,FGFR2,0,Cao et al FGFR2,65.0,0.015,0.015,0.013,0.11,0.18,0.22,0.57,17.413,25.0,0.076,0.022,25.85,29.72,-34.89,-2.18,1600.6,0.65,0.55,0.12,2.0,0.76,-62.78,-3.81,1648.99,0.71,844.845,52.174,1.0,46.0
mot_H_normal_HHH_eva_0047_000000004_0001_10_18_H___EHEE_hb1_4163_0001_0002_0001,FGFR2,0,Cao et al FGFR2,65.0,0.056,0.14,0.02,0.224,0.43,0.45,0.64,12.642,4.0,0.062,0.132,7.9,9.87,-28.9,-2.83,1021.0,0.69,0.58,0.11,1.0,0.75,-55.72,-3.41,1633.79,0.62,585.428,47.059,1.0,34.0
mot_H_normal_HHH_eva_0053_000000019_0001_25_31_H___4h_hb1_3475_0001_0002_0001,FGFR2,1,Cao et al FGFR2,60.0,0.014,0.016,0.012,0.107,0.27,0.32,0.63,16.506,25.0,0.076,0.03,19.44,30.38,-44.96,-2.44,1841.15,0.62,0.57,0.33,3.0,0.72,-66.4,-3.81,1742.32,0.64,982.012,48.837,6.0,43.0
mot_H_normal_HHH_eva_0053_000000019_0001_25_31_H___6aa85f239858849833bc7e8347f2fb7a_0001_0001_0001_0001,FGFR2,0,Cao et al FGFR2,65.0,0.014,0.02,0.013,0.123,0.25,0.33,0.6,15.221,25.0,0.111,0.035,15.12,21.65,-47.04,-2.42,1947.82,0.62,0.47,0.3,2.0,0.69,-57.53,-3.41,1685.9,0.69,998.357,56.25,2.0,48.0
mot_H_normal_HHH_eva_0053_000000019_0001_25_31_H___ems_3hC_142_0001_0001_0001,FGFR2,0,Cao et al FGFR2,63.0,0.014,0.014,0.012,0.106,0.29,0.3,0.63,14.964,25.0,0.095,0.038,8.29,9.88,-35.48,-2.66,1336.41,0.67,0.65,0.04,4.0,0.72,-58.32,-3.47,1679.96,0.69,669.287,52.941,5.0,34.0
mot_H_normal_d9b18bbbe554601cf4315181492ef282_0001_1_000000011_0001_35_42_H___e43a7c780308cce38f024a6a03491ee1_0001_0001_0001,FGFR2,0,Cao et al FGFR2,65.0,0.062,0.13,0.023,0.184,0.46,0.47,0.68,11.933,25.0,0.141,0.096,4.57,5.3,-39.85,-2.79,1429.86,0.59,0.56,0.32,6.0,0.72,-61.99,-3.9,1588.59,0.75,817.483,45.238,8.0,42.0
mot_H_normal_ems_3hC_187_0002_000000003_0001_29_38_H___8e3c0c4f70e11872cae8fb3c7c6b8215_0001_1_0001_0001_0001,FGFR2,0,Cao et al FGFR2,65.0,0.012,0.015,0.011,0.063,0.27,0.28,0.62,16.764,25.0,0.133,0.026,16.96,20.79,-44.38,-2.5,1772.75,0.66,0.6,0.29,6.0,0.73,-59.42,-3.62,1640.27,0.72,942.669,52.174,4.0,46.0
mot_H_normal_ems_3hM_1985_000000005_0001_8_17_H___33cda406feb70d15b938c35f13a334e9_0001_1_0001_0001_0001,FGFR2,0,Cao et al FGFR2,65.0,0.023,0.054,0.014,0.15,0.36,0.41,0.65,13.155,25.0,0.099,0.084,19.41,19.82,-27.69,-2.31,1198.74,0.58,0.67,0.28,1.0,0.69,-52.14,-3.18,1639.16,0.65,664.409,47.368,4.0,38.0
mot_P_normal_EHEE_hb1_3969_000000000_0001_48_52_59_63_P___EHEE_hb1_4513_0001_0001_0001,FGFR2,0,Cao et al FGFR2,65.0,0.012,0.012,0.011,0.066,0.19,0.2,0.57,19.552,25.0,0.09,0.014,23.41,24.42,-52.63,-2.65,1986.83,0.64,0.65,0.15,6.0,0.7,-56.52,-3.48,1626.25,0.71,1115.907,50.943,6.0,53.0
mot_P_normal_EHEE_hb1_4883_000000000_0001_7_9_59_61_P___EHEE_hb1_4830_0001_0001_0001,FGFR2,0,Cao et al FGFR2,65.0,0.0,0.0,0.0,0.0,0.2,0.25,0.58,19.202,25.0,0.0,0.0,19.19,27.92,-37.95,-2.37,1603.93,0.6,0.64,0.18,3.0,0.71,-59.61,-3.73,1596.36,0.7,950.312,39.535,4.0,43.0
mot_P_normal_EHEE_hb1_866_000000007_0001_7_9_57_59_P___EHEE_hb1_4745_0001_0001_0001,FGFR2,0,Cao et al FGFR2,65.0,0.017,0.017,0.014,0.164,0.34,0.36,0.63,15.385,25.0,0.115,0.036,21.92,17.4,-47.7,-2.7,1766.03,0.57,0.64,0.08,5.0,0.69,-54.69,-3.3,1658.63,0.68,929.56,55.102,4.0,49.0
nasr_kaveh_ZistRayaneshDesign_01,EGFR,0,Adaptyv binder comp round 1,80.0,0.0,0.0,0.0,0.0,0.16,0.23,0.59,28.386,25.0,0.0,0.0,57.15,56.91,-35.03,-1.74,2014.33,0.58,0.54,0.37,6.0,0.65,-60.37,-2.33,2587.02,0.57,1181.992,46.296,18.0,54.0
nickboyd_Domain1_Seq3,EGFR,0,Adaptyv binder comp round 1,43.0,0.12,0.514,0.067,0.316,0.83,0.83,0.67,15.766,2.8,0.247,0.459,16.12,31.67,-30.01,-2.47,1214.95,0.69,0.7,0.21,4.0,0.59,-33.18,-1.86,1784.33,0.6,640.896,32.353,7.0,34.0
nsplice_r1_a2de759c170706188c6e693fd8ea43cc_0001_000000001_0001_0001_38_47_H____0e095bd15cd0c66eeba3db6f0a66ee49_0001_1_0001_0001_0001_15_49_HHH_03_02521_36_0001_66_crosslinked,VirB8,0,Cao et al VirB8,65.0,0.015,0.022,0.013,0.123,0.32,0.42,0.71,14.092,25.0,0.09,0.068,52.49,29.02,-17.29,-1.79,963.69,0.41,0.65,0.31,2.0,0.73,-55.36,-3.43,1613.89,0.73,593.506,55.172,1.0,29.0
p53_AF2_13,Mdm2,1,Mdm2 Watson et al,82.0,0.699,0.798,0.484,0.689,0.88,0.89,0.87,3.733,0.9,0.482,0.814,3.39,2.48,-73.18,-3.16,2318.83,0.67,0.61,0.08,9.0,0.72,-61.42,-2.97,2069.83,0.6,1195.87,42.857,9.0,56.0
p53_AF2_17,Mdm2,0,Mdm2 Watson et al,103.0,0.653,0.78,0.396,0.62,0.89,0.89,0.85,4.776,0.9,0.377,0.764,2.51,2.25,-58.48,-3.13,1871.25,0.63,0.57,0.21,8.0,0.64,-67.32,-3.35,2009.48,0.49,1009.098,37.778,9.0,45.0
p53_AF2_19,Mdm2,0,Mdm2 Watson et al,115.0,0.737,0.844,0.52,0.694,0.92,0.93,0.9,3.991,0.8,0.402,0.867,4.74,2.87,-53.67,-2.99,1796.57,0.65,0.67,0.09,10.0,0.65,-50.07,-2.79,1792.82,0.59,898.423,40.0,5.0,40.0
p53_AF2_71,Mdm2,1,Mdm2 Watson et al,86.0,0.689,0.776,0.451,0.679,0.88,0.88,0.86,4.601,0.9,0.425,0.625,1.73,1.62,-71.23,-3.0,2376.89,0.7,0.63,0.12,6.0,0.69,-78.24,-3.13,2500.39,0.59,1261.589,50.847,6.0,59.0
p53_AF2_88,Mdm2,0,Mdm2 Watson et al,96.0,0.769,0.778,0.58,0.737,0.87,0.88,0.9,3.493,0.9,0.592,0.878,2.28,2.37,-52.99,-2.41,2197.14,0.64,0.58,0.18,3.0,0.57,-41.33,-2.15,1919.95,0.64,1182.432,40.741,8.0,54.0
p53_AF2_89,Mdm2,1,Mdm2 Watson et al,76.0,0.73,0.811,0.496,0.715,0.88,0.89,0.89,3.666,0.9,0.439,0.864,1.99,2.0,-58.1,-3.22,1804.41,0.75,0.65,0.19,4.0,0.69,-52.68,-2.79,1890.21,0.66,934.149,50.0,5.0,46.0
pol_049e4999b79e833954b21c47bd8b8eba_0001_000000011_0001_0001,FGFR2,0,Cao et al FGFR2,65.0,0.012,0.013,0.011,0.046,0.21,0.21,0.58,17.923,25.0,0.099,0.024,18.32,22.41,-24.74,-2.26,1096.04,0.57,0.59,0.25,2.0,0.71,-58.52,-3.36,1741.97,0.63,716.657,55.0,1.0,40.0
pol_0b4f62a65cd7ed5ad050ce79976a0ca1_0001_1_000000001_0001_0001,FGFR2,0,Cao et al FGFR2,65.0,0.375,0.471,0.22,0.541,0.7,0.72,0.8,6.378,2.1,0.201,0.535,26.93,19.03,-45.7,-3.01,1517.96,0.7,0.65,0.21,6.0,0.77,-59.28,-3.42,1731.15,0.64,816.44,50.0,7.0,38.0
pol_148e61d2050dc4e17f137006dfcacf15_0001_1_000000002_0001_0001,FGFR2,0,Cao et al FGFR2,65.0,0.014,0.017,0.012,0.1,0.27,0.29,0.63,15.49,25.0,0.065,0.027,9.9,18.69,-36.31,-2.5,1453.65,0.66,0.55,0.31,3.0,0.64,-54.6,-3.04,1793.12,0.61,785.93,54.762,2.0,42.0
pol_73dc6f1069a754c3aaf246c56fb1c233_0001_000000020_0001_0001,FGFR2,0,Cao et al FGFR2,65.0,0.015,0.017,0.013,0.109,0.3,0.31,0.62,16.651,25.0,0.13,0.029,16.69,24.29,-38.34,-2.09,1832.36,0.54,0.44,0.24,1.0,0.6,-58.73,-3.12,1879.67,0.56,1018.577,52.174,1.0,46.0
pol_EHEE_00813_000000011_0001_0001,FGFR2,0,Cao et al FGFR2,65.0,0.018,0.02,0.015,0.177,0.29,0.33,0.61,15.309,5.6,0.089,0.046,21.55,16.73,-29.51,-2.6,1135.12,0.66,0.71,0.1,3.0,0.78,-59.22,-3.38,1752.73,0.79,762.479,56.098,6.0,41.0
pol_EHEE_hb1_3535_000000013_0001_0001,FGFR2,0,Cao et al FGFR2,65.0,0.014,0.017,0.012,0.093,0.24,0.31,0.6,15.846,25.0,0.054,0.037,24.47,20.59,-29.26,-2.69,1088.12,0.69,0.63,0.2,1.0,0.73,-53.04,-3.25,1634.36,0.73,681.552,52.632,0.0,38.0
pol_HEEH_16312_000000020_0001,FGFR2,0,Cao et al FGFR2,64.0,0.331,0.475,0.191,0.413,0.62,0.66,0.72,9.807,1.6,0.169,0.19,22.18,30.55,-51.81,-2.91,1782.14,0.61,0.62,0.36,8.0,0.59,-58.14,-3.48,1670.67,0.65,918.38,46.0,10.0,50.0
pol_b2af9d1c90c8f3f9d891ed07a10c311e_0001_1_000000007_0001,FGFR2,0,Cao et al FGFR2,65.0,0.026,0.031,0.014,0.165,0.31,0.36,0.61,13.868,25.0,0.087,0.054,19.56,22.45,-37.45,-2.93,1275.99,0.6,0.56,0.21,1.0,0.63,-61.04,-3.24,1884.61,0.65,750.916,50.0,1.0,34.0
rif_fastrot_EHEE_hb1_6273_000000000_0001_0001,FGFR2,0,Cao et al FGFR2,65.0,0.014,0.015,0.013,0.13,0.34,0.35,0.63,14.556,25.0,0.141,0.037,35.46,20.8,-46.49,-3.16,1469.78,0.7,0.7,0.13,6.0,0.68,-46.54,-3.03,1538.35,0.72,831.426,47.619,3.0,42.0
rif_fastrot_cor_882c60decbdcbdf50ba434068df300b1_0001_000000001_0001,FGFR2,0,Cao et al FGFR2,65.0,0.131,0.14,0.072,0.254,0.5,0.52,0.71,10.664,4.6,0.215,0.101,21.65,17.09,-44.91,-3.04,1479.25,0.6,0.56,0.17,4.0,0.77,-59.29,-3.37,1758.83,0.77,841.539,55.814,0.0,43.0
rif_fastrot_cor_EHEE_hb1_2157_000000002_0001_0001,FGFR2,0,Cao et al FGFR2,65.0,0.015,0.016,0.013,0.144,0.26,0.29,0.59,15.584,7.7,0.055,0.061,34.79,23.68,-26.64,-3.03,877.86,0.7,0.49,0.2,3.0,0.69,-46.02,-2.84,1621.34,0.63,469.755,51.852,3.0,27.0
rif_fastrot_cor_EHEE_hb1_5158_000000015_0001_0001,FGFR2,0,Cao et al FGFR2,65.0,0.013,0.013,0.011,0.082,0.23,0.32,0.59,15.217,25.0,0.107,0.028,25.22,28.08,-37.69,-2.63,1433.0,0.62,0.65,0.17,2.0,0.73,-46.54,-2.58,1804.35,0.7,852.474,52.632,2.0,38.0
rif_fastrot_cor_EHEE_hb1_596_000000012_0001,FGFR2,0,Cao et al FGFR2,65.0,0.107,0.108,0.045,0.206,0.4,0.51,0.67,11.3,25.0,0.161,0.095,12.09,9.72,-43.37,-2.46,1760.73,0.55,0.56,0.24,7.0,0.67,-56.77,-3.32,1708.34,0.7,881.106,46.0,7.0,50.0
rif_fastrot_cor_EHEE_hb1_751_000000022_0001_0001,FGFR2,0,Cao et al FGFR2,65.0,0.0,0.0,0.0,0.0,0.2,0.23,0.57,22.087,25.0,0.0,0.0,46.36,18.08,-30.14,-2.54,1188.09,0.72,0.59,0.15,2.0,0.71,-53.36,-2.91,1832.92,0.63,623.513,47.5,0.0,40.0
rif_fastrot_cor_ems_ferrM_1099_0002_000000024_0001_0001,FGFR2,0,Cao et al FGFR2,63.0,0.175,0.201,0.068,0.231,0.53,0.57,0.7,10.374,3.9,0.116,0.15,19.8,26.43,-33.62,-2.55,1315.79,0.72,0.58,0.24,3.0,0.73,-56.08,-3.33,1684.58,0.69,662.101,46.154,2.0,39.0
rif_fastrot_ec945f614e0712da2a9625ce3e07d33f_0001_1_000000002_0001,FGFR2,0,Cao et al FGFR2,65.0,0.035,0.051,0.018,0.211,0.36,0.38,0.65,12.893,5.0,0.118,0.056,19.68,22.79,-38.85,-2.88,1348.92,0.67,0.59,0.19,1.0,0.75,-58.89,-3.72,1584.43,0.59,723.742,60.526,0.0,38.0
rif_normal_2567967712602cfff9431cffc4164ac4_0001_000000010_0001_0001,FGFR2,0,Cao et al FGFR2,65.0,0.076,0.125,0.025,0.171,0.41,0.5,0.69,11.401,25.0,0.131,0.089,15.89,14.34,-42.21,-2.8,1509.54,0.66,0.52,0.35,3.0,0.72,-58.38,-3.3,1767.12,0.67,856.099,63.265,4.0,49.0
rif_normal_528e4861174aa3b74bbe310231c6d12b_0001_000000019_0001_0001,FGFR2,0,Cao et al FGFR2,65.0,0.012,0.014,0.011,0.07,0.26,0.27,0.61,16.198,25.0,0.138,0.023,27.07,23.32,-43.04,-2.57,1672.38,0.58,0.61,0.2,4.0,0.64,-48.84,-3.17,1539.24,0.65,844.45,57.143,3.0,42.0
rif_normal_EEHEE_28667_000000019_0001_0001,FGFR2,0,Cao et al FGFR2,65.0,0.205,0.262,0.122,0.323,0.5,0.58,0.7,10.444,3.3,0.15,0.259,23.3,25.16,-35.49,-2.79,1270.07,0.73,0.59,0.23,1.0,0.77,-55.61,-3.45,1611.85,0.67,687.16,50.0,3.0,38.0
rif_normal_EHEE_04162_000000007_0001_0001,FGFR2,0,Cao et al FGFR2,65.0,0.027,0.031,0.016,0.201,0.32,0.37,0.65,15.269,6.0,0.111,0.044,26.91,27.5,-35.05,-2.29,1531.79,0.65,0.61,0.15,1.0,0.69,-49.17,-2.92,1684.93,0.65,873.674,47.826,1.0,46.0
rif_normal_EHEE_07709_000000004_0001_0001,FGFR2,0,Cao et al FGFR2,65.0,0.16,0.186,0.075,0.233,0.5,0.59,0.71,10.001,4.3,0.284,0.22,26.3,26.36,-40.47,-2.56,1577.99,0.61,0.62,0.13,10.0,0.63,-51.94,-2.89,1796.7,0.7,942.548,47.917,7.0,48.0
rif_normal_EHEE_hb1_2857_000000014_0001_0001,FGFR2,0,Cao et al FGFR2,65.0,0.013,0.014,0.012,0.088,0.24,0.28,0.6,16.7,25.0,0.074,0.03,34.97,18.91,-30.14,-1.97,1525.97,0.58,0.7,0.23,5.0,0.71,-57.59,-3.44,1673.83,0.76,676.33,46.154,2.0,39.0
rif_normal_EHEE_hb1_6144_000000027_0001_0001,FGFR2,0,Cao et al FGFR2,65.0,0.016,0.022,0.013,0.12,0.3,0.34,0.63,15.695,25.0,0.091,0.037,18.85,10.23,-38.17,-2.74,1393.55,0.68,0.63,0.18,1.0,0.76,-47.65,-2.84,1676.67,0.71,784.481,46.341,2.0,41.0
rif_normal_ems_ferrM_7330_0001_000000006_0001_0001,FGFR2,0,Cao et al FGFR2,64.0,0.206,0.21,0.092,0.262,0.51,0.57,0.72,9.444,4.2,0.187,0.19,5.7,4.74,-45.24,-2.9,1557.71,0.64,0.64,0.23,4.0,0.8,-52.54,-3.55,1481.57,0.68,772.753,47.619,3.0,42.0
surabhi_lata_Design_09,EGFR,0,Adaptyv binder comp round 1,116.0,0.679,0.687,0.353,0.466,0.92,0.92,0.72,12.851,1.5,0.546,0.8,34.65,38.11,-55.11,-2.65,2083.53,0.76,0.61,0.3,7.0,0.51,-34.2,-1.58,2161.68,0.55,1176.82,43.636,11.0,55.0
2bnr_03_4000_5_2_4,pMHC_NY1,0,pMHC screening NY1,100.0,0.373,0.618,0.241,0.546,0.92,0.92,0.93,6.052,2.4,0.448,0.804,1.74,1.78,-68.37,-2.44,2796.69,0.63,0.65,0.46,8.0,0.69,-80.48,-2.75,2925.47,0.61,1444.838,48.571,11.0,70.0
2bnr_03_4200_47_1_17,pMHC_NY1,0,pMHC screening NY1,144.0,0.548,0.8,0.381,0.652,0.94,0.94,0.95,4.33,1.0,0.41,0.877,1.69,1.92,-72.52,-2.7,2683.16,0.62,0.63,0.29,8.0,0.67,-60.04,-2.32,2591.69,0.62,1399.479,40.625,6.0,64.0
2bnr_27_7_3_9_temp001_dldesign_837_af2pred,pMHC_NY1,0,pMHC screening NY2,145.0,0.633,0.866,0.427,0.708,0.95,0.95,0.95,3.806,0.9,0.459,0.936,1.18,1.78,-73.0,-2.54,2870.48,0.66,0.69,0.28,11.0,0.64,-73.56,-2.47,2975.59,0.68,1463.359,45.833,12.0,72.0
2bnr_27_7_3_9_temp003_dldesign_535_af2pred,pMHC_NY1,0,pMHC screening NY2,145.0,0.603,0.846,0.409,0.691,0.94,0.95,0.95,4.062,0.9,0.43,0.927,0.94,1.24,-68.14,-2.36,2882.67,0.7,0.66,0.22,9.0,0.68,-72.98,-2.57,2835.61,0.67,1499.91,45.833,11.0,72.0
2bnr_27_7_3_9_temp01_dldesign_155_af2pred,pMHC_NY1,1,pMHC screening NY2,145.0,0.591,0.831,0.388,0.68,0.94,0.94,0.94,4.478,0.9,0.41,0.91,0.97,1.28,-68.1,-2.45,2778.65,0.63,0.68,0.39,9.0,0.65,-76.43,-2.66,2867.87,0.62,1458.176,44.444,10.0,72.0
2bnr_27_7_3_9_temp03_dldesign_304_af2pred,pMHC_NY1,0,pMHC screening NY2,145.0,0.595,0.841,0.397,0.689,0.94,0.94,0.95,4.224,1.0,0.411,0.921,1.1,2.03,-66.95,-2.24,2989.71,0.66,0.7,0.29,11.0,0.64,-72.68,-2.48,2929.5,0.68,1519.881,46.053,11.0,76.0
AKAP9_binder_17_renumb_9_dldesign_0_af2pred,pMHC_SILSY1,0,pMHC screening SILSY1,124.0,0.565,0.781,0.351,0.676,0.93,0.93,0.94,4.438,1.1,0.446,0.9,2.28,2.69,-68.56,-2.37,2889.13,0.65,0.63,0.38,12.0,0.6,-69.38,-2.23,3108.9,0.62,1556.773,40.541,12.0,74.0
AKAP9_binder_23_dldesign_27_af2pred,pMHC_SILSY1,0,pMHC screening SILSY1,124.0,0.498,0.693,0.328,0.603,0.93,0.93,0.94,4.779,1.2,0.391,0.838,2.04,3.47,-61.53,-2.21,2789.72,0.57,0.66,0.42,12.0,0.61,-60.92,-2.06,2955.06,0.61,1549.416,37.143,13.0,70.0
AKAP9_binder_25,pMHC_SILSY1,0,pMHC screening SILSY1,124.0,0.611,0.825,0.38,0.699,0.94,0.94,0.94,4.142,1.0,0.435,0.918,1.49,2.58,-67.15,-2.29,2934.2,0.6,0.62,0.3,10.0,0.61,-70.53,-2.34,3017.12,0.53,1628.953,38.961,14.0,77.0
AKAP9_binder_29_dldesign_6_af2pred,pMHC_SILSY1,0,pMHC screening SILSY1,146.0,0.593,0.829,0.409,0.688,0.95,0.95,0.95,3.902,0.9,0.426,0.917,1.19,2.08,-72.24,-2.61,2766.06,0.65,0.64,0.4,7.0,0.64,-75.09,-2.47,3041.15,0.59,1382.744,41.667,7.0,72.0
AKAP9_binder_5_renumb_45_dldesign_0_af2pred,pMHC_SILSY1,0,pMHC screening SILSY1,124.0,0.538,0.74,0.335,0.614,0.93,0.93,0.93,4.959,1.0,0.411,0.871,1.29,1.44,-67.56,-2.19,3091.33,0.65,0.6,0.44,14.0,0.59,-67.62,-2.26,2993.5,0.54,1568.416,40.506,12.0,79.0
AKAP9_binder_7_renumb_10_dldesign_0_af2pred,pMHC_SILSY1,0,pMHC screening SILSY1,124.0,0.495,0.7,0.335,0.534,0.94,0.94,0.94,5.497,0.9,0.373,0.789,1.24,1.97,-61.74,-1.92,3218.59,0.63,0.57,0.2,8.0,0.59,-67.83,-2.15,3154.07,0.6,1742.734,38.462,14.0,78.0
EHEE_07055_000000021_0001,VirB8,0,Cao et al VirB8,65.0,0.015,0.02,0.013,0.126,0.33,0.43,0.72,14.784,25.0,0.189,0.045,44.14,27.59,-47.58,-2.49,1914.45,0.69,0.66,0.12,6.0,0.64,-46.28,-2.73,1692.38,0.66,1086.175,46.154,3.0,52.0
EHEE_07887_000000000_0001,VirB8,1,Cao et al VirB8,65.0,0.015,0.064,0.013,0.135,0.42,0.5,0.74,13.806,25.0,0.113,0.081,25.14,26.13,-37.26,-2.73,1362.57,0.64,0.64,0.18,3.0,0.74,-57.36,-3.43,1673.16,0.7,744.774,51.429,6.0,35.0
Grafting_Motif0042_ems_3hM_2872_0001_0001,FGFR2,0,Cao et al FGFR2,62.0,0.174,0.207,0.099,0.29,0.52,0.56,0.72,9.692,3.5,0.219,0.158,21.09,25.04,-27.75,-2.15,1292.94,0.53,0.57,0.1,1.0,0.71,-60.75,-3.41,1783.87,0.69,772.672,52.5,1.0,40.0
Grafting_Motif0042_ems_3hM_3215_0001_0001,FGFR2,0,Cao et al FGFR2,64.0,0.018,0.042,0.015,0.17,0.42,0.44,0.68,12.443,5.6,0.126,0.086,23.0,18.3,-35.41,-2.94,1203.48,0.72,0.63,0.09,1.0,0.71,-72.82,-3.63,2008.31,0.64,739.679,47.222,4.0,36.0
Grafting_Motif0272_ems_3hM_3567_0001_0003,FGFR2,0,Cao et al FGFR2,63.0,0.038,0.079,0.015,0.16,0.39,0.44,0.66,12.727,5.5,0.232,0.086,24.93,30.83,-50.32,-2.43,2067.94,0.49,0.59,0.16,9.0,0.62,-48.51,-3.01,1610.75,0.62,1114.989,54.386,7.0,57.0
Grafting_Motif0374_p1_14H_GBL_16H_GABBL_15H_0252_0001_0001_0001_0001,FGFR2,1,Cao et al FGFR2,53.0,0.515,0.605,0.279,0.636,0.8,0.82,0.83,4.805,1.3,0.332,0.7,17.83,21.91,-39.88,-3.03,1316.94,0.73,0.62,0.12,2.0,0.73,-72.05,-3.92,1836.8,0.71,761.239,48.718,4.0,39.0
Grafting_Motif0612_ems_3hM_236_0001_0002,FGFR2,0,Cao et al FGFR2,64.0,0.011,0.011,0.011,0.038,0.27,0.28,0.62,17.417,25.0,0.098,0.022,21.59,33.96,-30.67,-2.15,1423.44,0.64,0.62,0.26,7.0,0.71,-64.14,-3.55,1805.25,0.74,745.516,45.455,4.0,33.0
Grafting_Motif0713_bcov_4helix_11675_0001,FGFR2,0,Cao et al FGFR2,65.0,0.014,0.015,0.013,0.1,0.34,0.37,0.64,14.6,8.2,0.17,0.038,13.93,17.82,-49.85,-3.07,1624.71,0.59,0.54,0.33,3.0,0.68,-60.66,-3.32,1826.99,0.63,890.227,56.25,5.0,48.0
Grafting_Motif1153_bcov_4helix_12240_0001,FGFR2,0,Cao et al FGFR2,65.0,0.012,0.014,0.012,0.065,0.21,0.23,0.59,18.128,25.0,0.065,0.024,5.38,3.82,-38.39,-2.89,1327.24,0.65,0.55,0.19,3.0,0.7,-50.47,-3.33,1513.41,0.68,697.496,47.222,2.0,36.0
Grafting_Motif1153_ems_3hC_718_0002_0001_0002,FGFR2,0,Cao et al FGFR2,63.0,0.107,0.115,0.061,0.24,0.44,0.5,0.69,10.793,5.1,0.19,0.142,24.42,24.61,-33.79,-2.28,1480.85,0.61,0.63,0.13,3.0,0.68,-69.25,-3.55,1948.61,0.7,822.48,46.154,3.0,39.0
HEEHE_1390_000000014_0001,FGFR2,0,Cao et al FGFR2,65.0,0.063,0.093,0.026,0.208,0.42,0.44,0.68,12.282,6.4,0.14,0.064,9.16,8.29,-29.43,-1.92,1530.77,0.52,0.59,0.2,1.0,0.75,-61.45,-3.24,1897.55,0.64,796.355,48.78,4.0,41.0
HEEHE_2950_000000011_0001,FGFR2,0,Cao et al FGFR2,65.0,0.013,0.016,0.012,0.078,0.24,0.25,0.59,17.448,25.0,0.069,0.029,20.07,25.15,-28.18,-2.34,1202.34,0.53,0.57,0.21,4.0,0.76,-65.38,-4.01,1632.0,0.74,681.607,57.143,2.0,35.0
HEEH_12687_000000011_0001,VirB8,0,Cao et al VirB8,64.0,0.015,0.015,0.013,0.099,0.22,0.23,0.69,20.016,25.0,0.055,0.019,43.12,23.73,-40.72,-2.77,1471.98,0.6,0.66,0.14,2.0,0.73,-53.91,-3.64,1481.32,0.7,730.653,57.895,1.0,38.0
IL7Ra_binder_AF2_2,IL7Ra,1,IL7Ra Watson et al,65.0,0.555,0.661,0.28,0.523,0.86,0.86,0.88,6.124,1.3,0.244,0.768,3.52,3.74,-48.79,-2.81,1733.13,0.57,0.66,0.22,5.0,0.62,-56.09,-3.18,1764.01,0.6,828.455,43.182,4.0,44.0
IL7Ra_binder_AF2_21,IL7Ra,0,IL7Ra Watson et al,86.0,0.595,0.63,0.339,0.534,0.83,0.84,0.87,6.168,1.5,0.371,0.78,1.66,2.0,-43.25,-2.83,1526.54,0.63,0.64,0.15,5.0,0.67,-47.3,-3.04,1557.61,0.61,922.537,39.535,4.0,43.0
IL7Ra_binder_AF2_41,IL7Ra,0,IL7Ra Watson et al,57.0,0.614,0.75,0.315,0.636,0.89,0.89,0.89,5.05,1.0,0.293,0.841,1.16,1.11,-47.71,-3.24,1472.72,0.76,0.64,0.23,4.0,0.69,-50.83,-3.42,1485.13,0.61,797.178,43.243,7.0,37.0
IL7Ra_binder_AF2_46,IL7Ra,0,IL7Ra Watson et al,79.0,0.476,0.578,0.294,0.469,0.77,0.78,0.87,6.592,2.0,0.384,0.595,2.47,3.87,-60.38,-3.06,1971.11,0.68,0.67,0.11,8.0,0.64,-59.55,-2.99,1993.32,0.58,1032.462,48.0,3.0,50.0
Insulin_receptor_binder_AF2_1,InsulinR,0,InsulinR Watson et al,56.0,0.717,0.834,0.421,0.725,0.91,0.91,0.92,3.845,1.0,0.283,0.89,1.39,1.97,-60.46,-3.16,1912.51,0.76,0.59,0.12,7.0,0.73,-57.0,-3.22,1770.16,0.64,1045.352,44.898,6.0,49.0
Insulin_receptor_binder_AF2_19,InsulinR,0,InsulinR Watson et al,55.0,0.431,0.596,0.258,0.529,0.81,0.81,0.89,5.898,2.2,0.217,0.729,2.05,2.93,-42.02,-3.0,1398.69,0.64,0.65,0.27,3.0,0.62,-45.28,-3.0,1511.48,0.59,773.299,42.5,4.0,40.0
Insulin_receptor_binder_AF2_31,InsulinR,0,InsulinR Watson et al,74.0,0.71,0.773,0.446,0.692,0.88,0.89,0.91,4.075,1.3,0.336,0.842,1.89,1.79,-59.84,-3.01,1985.37,0.63,0.66,0.14,8.0,0.61,-55.0,-2.57,2140.19,0.62,1155.51,40.0,7.0,55.0
Insulin_receptor_binder_AF2_33,InsulinR,0,InsulinR Watson et al,89.0,0.728,0.757,0.472,0.675,0.87,0.88,0.9,4.504,1.4,0.404,0.84,1.68,2.06,-59.47,-2.96,2008.12,0.59,0.59,0.11,8.0,0.67,-64.36,-3.15,2044.37,0.59,1112.679,36.207,11.0,58.0
Insulin_receptor_binder_AF2_47,InsulinR,0,InsulinR Watson et al,93.0,0.647,0.704,0.436,0.634,0.82,0.83,0.89,4.904,1.5,0.337,0.756,2.25,1.97,-57.75,-3.25,1774.91,0.63,0.58,0.19,5.0,0.63,-62.4,-3.09,2016.89,0.61,936.816,41.176,7.0,51.0
Insulin_receptor_binder_AF2_77,InsulinR,0,InsulinR Watson et al,89.0,0.489,0.548,0.321,0.469,0.76,0.76,0.86,6.583,2.2,0.302,0.604,1.48,1.8,-52.91,-2.78,1906.04,0.69,0.63,0.1,7.0,0.71,-54.57,-2.92,1870.23,0.62,1028.346,41.176,4.0,51.0
LaMBO2_8_3,pMHC_NY1,0,pMHC screening NY1,142.0,0.0,0.0,0.0,0.0,0.59,0.61,0.62,22.153,25.0,0.0,0.0,44.31,29.58,-67.9,-2.13,3185.69,0.57,0.59,0.28,12.0,0.62,-69.59,-2.48,2806.4,0.62,1491.75,46.25,9.0,80.0
Motif0003_bcov_4helix_12131_0001_0002_3304_0001,FGFR2,1,Cao et al FGFR2,65.0,0.667,0.674,0.381,0.645,0.85,0.85,0.85,5.271,1.0,0.356,0.577,2.39,2.57,-55.92,-3.24,1723.9,0.75,0.61,0.11,4.0,0.75,-58.05,-3.61,1607.01,0.63,838.562,53.488,3.0,43.0
Motif0003_ems_3hC_495_0001_0001_7826_0001,FGFR2,0,Cao et al FGFR2,61.0,0.057,0.096,0.017,0.184,0.39,0.48,0.68,11.908,25.0,0.148,0.123,25.53,23.31,-36.5,-2.63,1385.46,0.68,0.61,0.19,0.0,0.74,-76.05,-3.84,1982.34,0.7,843.08,50.0,0.0,40.0
Motif0005_bcov_4helix_03007_0001_0002_9944_0001,FGFR2,0,Cao et al FGFR2,65.0,0.128,0.132,0.058,0.215,0.48,0.53,0.68,10.771,6.3,0.212,0.107,21.05,37.04,-45.73,-3.03,1508.39,0.7,0.6,0.29,3.0,0.74,-63.8,-4.07,1568.09,0.63,883.758,52.273,3.0,44.0
Motif0023_p1_15H_GABBL_15H_GBBL_16H_0042_0001_0001_0002_0001_8568_0001,FGFR2,0,Cao et al FGFR2,55.0,0.041,0.053,0.018,0.206,0.35,0.37,0.67,12.226,5.9,0.132,0.058,4.3,3.51,-43.84,-3.29,1333.26,0.73,0.66,0.09,2.0,0.76,-64.65,-3.88,1666.28,0.65,673.956,57.143,4.0,35.0
Motif0025_HEEHE_2496_0001_0001_5955_0001,FGFR2,0,Cao et al FGFR2,65.0,0.297,0.341,0.151,0.346,0.65,0.66,0.77,8.528,2.7,0.197,0.26,16.06,14.16,-45.86,-2.82,1626.06,0.63,0.66,0.24,2.0,0.79,-63.83,-3.54,1801.31,0.72,812.471,59.524,0.0,42.0
Motif0041_HEEHE_1797_0001_0001_4569_0001,FGFR2,0,Cao et al FGFR2,65.0,0.038,0.064,0.02,0.232,0.37,0.38,0.66,12.802,25.0,0.125,0.063,19.97,19.41,-36.12,-2.9,1243.89,0.65,0.56,0.13,2.0,0.69,-64.51,-3.71,1738.8,0.66,671.771,52.941,0.0,34.0
Motif0158_ems_3hC_369_0001_4090_0001,FGFR2,0,Cao et al FGFR2,62.0,0.033,0.04,0.018,0.211,0.34,0.37,0.64,13.181,6.0,0.139,0.047,2.58,2.68,-54.92,-3.3,1666.64,0.67,0.58,0.04,2.0,0.71,-64.79,-3.66,1771.67,0.67,840.863,55.814,0.0,43.0
Motif0162_ems_ferrC_265_0001_9083_0001,FGFR2,0,Cao et al FGFR2,64.0,0.015,0.017,0.013,0.116,0.29,0.3,0.63,16.671,25.0,0.057,0.037,17.28,25.92,-35.6,-2.75,1295.13,0.66,0.61,0.28,3.0,0.7,-62.92,-3.69,1706.62,0.71,669.128,48.571,2.0,35.0
Motif0175_HHH_eva_0655_0001_0001_3708_0001,FGFR2,0,Cao et al FGFR2,54.0,0.074,0.116,0.029,0.227,0.37,0.44,0.66,11.69,4.6,0.173,0.072,19.53,17.72,-33.46,-2.39,1402.51,0.53,0.61,0.19,2.0,0.73,-62.61,-3.65,1715.76,0.74,776.005,55.0,2.0,40.0
Motif0242_bcov_4helix_01151_0001_1704_0001,FGFR2,0,Cao et al FGFR2,65.0,0.03,0.079,0.013,0.131,0.39,0.43,0.69,13.638,14.8,0.093,0.071,17.66,17.18,-44.97,-3.36,1338.07,0.75,0.59,0.4,2.0,0.8,-62.89,-4.16,1511.8,0.63,744.158,45.0,2.0,40.0
Motif0279_ems_3hM_1859_0001_1321_0001,FGFR2,0,Cao et al FGFR2,64.0,0.017,0.018,0.015,0.158,0.29,0.36,0.6,14.194,25.0,0.174,0.055,23.08,23.58,-41.25,-2.5,1651.01,0.7,0.55,0.1,2.0,0.72,-66.22,-3.65,1816.31,0.62,798.335,58.974,2.0,39.0
Motif0307_bcov_4helix_11892_0001_0001,EGFR,0,Cao et al EGFR,65.0,0.0,0.0,0.0,0.0,0.28,0.3,0.76,19.562,25.0,0.0,0.0,21.53,25.34,-30.15,-2.16,1397.91,0.5,0.6,0.15,5.0,0.73,-54.67,-3.45,1582.55,0.7,780.325,42.105,4.0,38.0
Motif0373_bcov_4helix_01290_0001_0001,EGFR,0,Cao et al EGFR,65.0,0.011,0.011,0.011,0.045,0.28,0.35,0.76,16.306,25.0,0.052,0.032,5.51,7.66,-23.8,-2.12,1124.7,0.65,0.52,0.18,3.0,0.7,-58.17,-3.61,1612.31,0.69,580.0,45.455,2.0,33.0
Motif0381_ems_3hM_1482_0001_0001_4963_0001,FGFR2,0,Cao et al FGFR2,61.0,0.017,0.025,0.014,0.164,0.31,0.37,0.64,12.684,25.0,0.118,0.058,23.82,22.13,-29.1,-1.89,1536.19,0.61,0.53,0.14,2.0,0.72,-63.45,-3.27,1939.45,0.66,727.766,47.368,4.0,38.0
Motif0502_HHH_eva_0391_0001,SARS_CoV2_RBD,0,Cao et al SARS_CoV2_RBD,64.0,0.0,0.0,0.0,0.0,0.16,0.22,0.67,21.758,25.0,0.0,0.0,49.01,30.04,-76.96,-2.84,2710.87,0.64,0.63,0.07,6.0,0.7,-46.21,-2.93,1575.96,0.73,1434.32,51.429,4.0,70.0
Motif0605_bcov_4helix_12520_0001,SARS_CoV2_RBD,0,Cao et al SARS_CoV2_RBD,65.0,0.0,0.0,0.0,0.0,0.15,0.22,0.67,22.168,25.0,0.0,0.0,57.74,31.44,-53.86,-2.82,1912.12,0.61,0.54,0.27,2.0,0.71,-51.16,-3.11,1646.74,0.67,984.373,64.0,0.0,50.0
Motif0665_HHH_b1_05735_0001_0002,SARS_CoV2_RBD,0,Cao et al SARS_CoV2_RBD,57.0,0.0,0.0,0.0,0.0,0.14,0.15,0.71,24.817,25.0,0.0,0.0,16.97,41.98,-23.48,-1.66,1411.09,0.53,0.7,0.29,7.0,0.77,-53.84,-3.29,1634.71,0.64,676.856,32.432,2.0,37.0
Motif0823_ems_3hM_1373_0001_342_0001,FGFR2,0,Cao et al FGFR2,64.0,0.013,0.013,0.012,0.069,0.23,0.28,0.6,17.461,25.0,0.114,0.024,21.12,19.76,-37.87,-2.38,1588.2,0.57,0.55,0.12,2.0,0.75,-63.21,-3.86,1639.27,0.61,996.938,46.667,3.0,45.0
Motif0913_bcov_4helix_12782_0001_4956_0001,FGFR2,0,Cao et al FGFR2,65.0,0.39,0.461,0.241,0.435,0.64,0.7,0.77,7.008,1.9,0.124,0.478,23.78,21.16,-42.77,-3.78,1132.96,0.73,0.66,0.25,4.0,0.73,-66.23,-3.75,1765.59,0.64,652.749,48.485,3.0,33.0
Motif1004_HEEHE_2942_0001_0001_1941_0001,FGFR2,0,Cao et al FGFR2,65.0,0.155,0.171,0.061,0.242,0.46,0.53,0.69,10.418,5.9,0.181,0.129,19.42,15.88,-40.47,-2.72,1487.9,0.6,0.66,0.17,2.0,0.76,-68.45,-3.73,1834.76,0.69,815.417,47.727,3.0,44.0
Motif1005_HEEHE_1849_0001_0002_5478_0001,FGFR2,0,Cao et al FGFR2,65.0,0.298,0.371,0.173,0.416,0.68,0.69,0.77,8.432,2.5,0.223,0.308,14.84,13.79,-47.84,-3.53,1353.72,0.77,0.62,0.21,2.0,0.71,-66.74,-3.62,1841.18,0.7,733.392,50.0,2.0,38.0
Motif1005_bcov_4helix_11645_0001_0002_5581_0001,FGFR2,0,Cao et al FGFR2,65.0,0.015,0.016,0.014,0.135,0.28,0.29,0.6,16.012,25.0,0.083,0.023,19.06,18.85,-40.14,-2.69,1489.86,0.68,0.56,0.19,4.0,0.63,-65.74,-3.44,1911.33,0.59,901.052,48.889,1.0,45.0
Motif1005_ems_3hM_1087_0001_5677_0001,FGFR2,1,Cao et al FGFR2,62.0,0.724,0.73,0.399,0.684,0.88,0.88,0.87,4.843,0.9,0.312,0.843,3.68,3.08,-48.2,-3.72,1295.62,0.78,0.68,0.12,3.0,0.8,-64.42,-3.91,1646.11,0.72,711.772,60.0,1.0,35.0
Motif1008_ems_3hM_2136_0001_1255_0001,FGFR2,0,Cao et al FGFR2,64.0,0.029,0.061,0.015,0.174,0.37,0.41,0.66,12.12,7.4,0.194,0.086,2.29,3.16,-51.28,-2.96,1735.08,0.67,0.5,0.18,2.0,0.71,-62.83,-3.41,1840.37,0.64,831.696,53.488,3.0,43.0
Motif1016_HEEHE_2966_0001_0001_7552_0001,FGFR2,0,Cao et al FGFR2,65.0,0.052,0.072,0.02,0.222,0.42,0.42,0.66,13.348,25.0,0.119,0.056,19.71,19.85,-39.74,-2.76,1439.09,0.57,0.64,0.13,4.0,0.77,-78.36,-3.76,2084.92,0.72,794.843,50.0,2.0,42.0
Motif1026_HEEHE_1936_0001_7497_0001,FGFR2,0,Cao et al FGFR2,65.0,0.322,0.366,0.123,0.317,0.61,0.64,0.76,8.869,2.5,0.122,0.216,16.82,12.83,-44.2,-3.12,1417.3,0.71,0.63,0.13,1.0,0.75,-68.71,-3.52,1952.56,0.65,799.062,52.632,1.0,38.0
Motif1026_HEEHE_2789_0001_0001_8293_0001,FGFR2,0,Cao et al FGFR2,65.0,0.016,0.031,0.014,0.134,0.34,0.36,0.64,14.626,25.0,0.088,0.036,21.92,18.02,-31.81,-2.34,1357.33,0.57,0.58,0.12,4.0,0.69,-60.2,-3.21,1878.17,0.67,756.929,48.649,6.0,37.0
Motif1026_HEEHE_2911_0001_0001_5194_0001,FGFR2,0,Cao et al FGFR2,65.0,0.014,0.014,0.012,0.09,0.24,0.31,0.6,15.806,25.0,0.09,0.026,4.06,4.03,-59.24,-3.39,1745.93,0.74,0.68,0.19,3.0,0.78,-82.5,-4.09,2018.22,0.73,880.999,53.659,3.0,41.0
Motif1026_HEEHE_3191_0001_0001_4290_0001,FGFR2,1,Cao et al FGFR2,65.0,0.756,0.798,0.452,0.689,0.89,0.9,0.9,4.141,0.8,0.426,0.808,2.34,2.94,-68.46,-3.94,1736.79,0.78,0.67,0.17,8.0,0.78,-77.54,-4.01,1931.61,0.72,825.864,58.974,5.0,39.0
Motif1040_HEEHE_2212_0001_2207_0001,FGFR2,0,Cao et al FGFR2,65.0,0.055,0.106,0.019,0.181,0.42,0.47,0.69,11.964,4.8,0.113,0.087,18.37,18.72,-39.09,-2.7,1446.88,0.68,0.65,0.17,1.0,0.77,-63.82,-3.73,1713.08,0.68,837.491,51.282,2.0,39.0
Motif1045_HEEHE_0078_0001_0003_1_3762_0001,FGFR2,0,Cao et al FGFR2,65.0,0.056,0.092,0.018,0.168,0.34,0.43,0.65,13.763,25.0,0.114,0.07,13.29,19.0,-39.08,-2.98,1312.44,0.66,0.64,0.25,2.0,0.75,-61.91,-3.77,1643.74,0.69,743.516,57.895,4.0,38.0
Motif1046_ems_3hC_144_0001_0001_7324_0001,FGFR2,0,Cao et al FGFR2,63.0,0.235,0.324,0.158,0.407,0.6,0.61,0.76,8.095,2.9,0.162,0.335,3.3,2.76,-33.92,-2.66,1277.64,0.59,0.65,0.18,1.0,0.7,-61.01,-3.34,1824.71,0.7,676.323,57.895,1.0,38.0
Motif1053_HEEHE_2223_0001_5187_0001,FGFR2,0,Cao et al FGFR2,65.0,0.093,0.098,0.042,0.248,0.47,0.49,0.69,11.714,5.6,0.159,0.092,18.95,11.62,-41.65,-2.8,1485.02,0.63,0.63,0.16,5.0,0.78,-73.33,-3.67,1997.46,0.7,783.043,51.282,4.0,39.0
Motif1066_ems_3hC_1315_0002_0001_0001_2304_0001,FGFR2,0,Cao et al FGFR2,63.0,0.014,0.016,0.012,0.105,0.23,0.24,0.61,17.32,25.0,0.072,0.023,18.78,18.71,-35.29,-2.44,1444.77,0.51,0.6,0.1,3.0,0.77,-60.12,-3.48,1728.5,0.72,766.038,52.778,1.0,36.0
Motif1074_HHH_eva_0699_0001_0001_6131_0001,FGFR2,0,Cao et al FGFR2,53.0,0.222,0.334,0.136,0.426,0.64,0.67,0.79,7.253,3.3,0.391,0.3,2.23,2.29,-55.48,-3.03,1833.37,0.66,0.68,0.12,7.0,0.72,-72.24,-3.74,1933.2,0.69,951.226,48.98,6.0,49.0
Motif1091_HEEHE_0440_0001_0001_2739_0001,FGFR2,0,Cao et al FGFR2,65.0,0.053,0.073,0.016,0.178,0.37,0.38,0.65,13.783,6.3,0.097,0.039,18.69,16.36,-50.61,-3.11,1624.88,0.66,0.63,0.19,4.0,0.8,-72.67,-3.76,1931.68,0.76,945.091,58.696,3.0,46.0
Motif1092_ems_3hC_1508_0001_5766_0001,FGFR2,1,Cao et al FGFR2,63.0,0.608,0.693,0.333,0.577,0.82,0.83,0.85,5.924,1.0,0.289,0.715,2.13,2.17,-43.42,-2.92,1485.25,0.71,0.71,0.16,4.0,0.7,-59.97,-3.43,1748.9,0.75,783.165,50.0,2.0,36.0
Motif1101_HHH_eva_0370_0001,SARS_CoV2_RBD,0,Cao et al SARS_CoV2_RBD,65.0,0.0,0.0,0.0,0.0,0.13,0.15,0.69,26.159,25.0,0.0,0.0,53.25,27.46,-20.25,-1.59,1270.3,0.53,0.6,0.12,4.0,0.66,-59.8,-3.1,1926.35,0.74,640.724,51.351,6.0,37.0
Motif1110_ems_3hC_300_0002_0001_0001_9637_0001,FGFR2,0,Cao et al FGFR2,60.0,0.391,0.475,0.225,0.557,0.71,0.73,0.8,6.138,1.9,0.282,0.565,1.92,2.16,-45.09,-3.25,1387.22,0.76,0.65,0.0,2.0,0.73,-63.98,-3.73,1716.15,0.73,692.467,46.154,2.0,39.0
Motif1129_ems_3hM_2678_0001_0001_4006_0001,FGFR2,0,Cao et al FGFR2,64.0,0.051,0.13,0.017,0.167,0.38,0.5,0.66,11.757,25.0,0.193,0.146,20.79,29.3,-45.24,-2.87,1576.84,0.67,0.53,0.12,4.0,0.73,-64.63,-3.36,1923.6,0.72,817.801,51.111,1.0,45.0
Motif1140_ems_3hM_3043_0001_9380_0001,FGFR2,0,Cao et al FGFR2,63.0,0.645,0.689,0.364,0.644,0.84,0.85,0.86,5.16,1.1,0.362,0.736,2.11,2.65,-61.72,-3.56,1734.42,0.7,0.64,0.12,7.0,0.75,-74.01,-4.39,1684.07,0.68,882.168,52.174,6.0,46.0
Motif1280_ems_3hC_647_0002_0001_0001_1351_0001,FGFR2,0,Cao et al FGFR2,61.0,0.015,0.017,0.013,0.119,0.29,0.33,0.63,15.168,25.0,0.066,0.045,26.9,24.42,-27.42,-2.73,1003.78,0.62,0.68,0.06,2.0,0.74,-63.88,-3.53,1809.19,0.71,666.763,45.714,1.0,35.0
Motif1379_HEEHE_2929_0001_0002_7303_0001,FGFR2,0,Cao et al FGFR2,65.0,0.018,0.049,0.015,0.178,0.31,0.37,0.62,14.394,5.5,0.114,0.036,22.45,19.04,-47.11,-3.15,1497.15,0.73,0.62,0.12,3.0,0.81,-85.52,-4.53,1887.56,0.65,803.347,63.415,1.0,41.0
Motif2018_HHH_b1_00328_0001,SARS_CoV2_RBD,1,Cao et al SARS_CoV2_RBD,56.0,0.0,0.0,0.0,0.0,0.25,0.3,0.74,18.916,25.0,0.0,0.0,15.16,33.57,-25.38,-1.62,1565.86,0.59,0.62,0.24,4.0,0.7,-64.56,-3.82,1689.42,0.68,846.574,34.091,5.0,44.0
Motif2166_HHH_b1_03995_0001_0002,SARS_CoV2_RBD,0,Cao et al SARS_CoV2_RBD,57.0,0.0,0.0,0.0,0.0,0.12,0.13,0.71,25.802,25.0,0.0,0.0,12.14,41.63,-29.11,-1.77,1643.93,0.59,0.52,0.33,7.0,0.65,-49.3,-2.83,1740.52,0.69,797.546,36.842,8.0,38.0
NYESO_parent_binder_partial_20_2_86_dldesign_0_af2pred,pMHC_NY1,0,pMHC screening NY2,145.0,0.567,0.814,0.363,0.641,0.93,0.94,0.94,4.646,0.9,0.391,0.844,1.42,1.44,-75.84,-2.38,3180.53,0.64,0.65,0.24,11.0,0.63,-73.19,-2.35,3108.57,0.63,1685.148,41.558,8.0,77.0
Pdl1_binder_AF2_32,Pdl1,0,Pdl1 Watson et al,99.0,0.192,0.203,0.106,0.273,0.53,0.53,0.74,10.078,3.5,0.318,0.226,1.6,1.34,-45.81,-2.91,1575.05,0.67,0.67,0.13,3.0,0.58,-40.99,-2.33,1758.17,0.65,921.558,51.111,6.0,45.0
Pdl1_binder_AF2_42,Pdl1,0,Pdl1 Watson et al,98.0,0.484,0.496,0.323,0.507,0.71,0.74,0.81,6.112,2.2,0.227,0.628,2.01,1.47,-43.46,-2.48,1752.09,0.61,0.68,0.19,9.0,0.56,-47.58,-2.69,1768.79,0.63,856.587,41.304,8.0,46.0
Pdl1_binder_AF2_46,Pdl1,1,Pdl1 Watson et al,95.0,0.804,0.848,0.53,0.701,0.9,0.91,0.91,3.978,0.9,0.479,0.864,1.87,1.5,-51.7,-3.53,1462.84,0.78,0.75,0.02,7.0,0.76,-40.47,-2.67,1514.68,0.7,788.01,40.476,8.0,42.0
Pdl1_binder_AF2_49,Pdl1,0,Pdl1 Watson et al,65.0,0.452,0.564,0.29,0.56,0.7,0.78,0.84,5.41,1.8,0.454,0.642,1.24,1.32,-46.6,-2.91,1603.5,0.7,0.74,0.39,6.0,0.59,-42.59,-2.94,1450.2,0.63,726.686,48.837,3.0,43.0
Pdl1_binder_AF2_69,Pdl1,0,Pdl1 Watson et al,95.0,0.036,0.056,0.017,0.2,0.35,0.35,0.64,13.508,6.1,0.117,0.089,14.65,13.01,-31.6,-2.03,1555.77,0.56,0.68,0.11,7.0,0.56,-41.69,-2.54,1638.32,0.54,835.285,40.476,4.0,42.0
Pdl1_binder_AF2_72,Pdl1,0,Pdl1 Watson et al,85.0,0.397,0.415,0.248,0.479,0.68,0.73,0.81,6.508,2.3,0.499,0.56,1.76,1.53,-36.6,-2.19,1674.85,0.61,0.7,0.09,5.0,0.6,-43.63,-2.67,1631.46,0.71,821.262,39.535,6.0,43.0
Trka_binder_AF2_26,TrkA,0,TrkA Watson et al,81.0,0.365,0.4,0.251,0.498,0.65,0.66,0.79,6.64,2.7,0.307,0.579,1.45,1.77,-37.93,-2.59,1466.16,0.56,0.62,0.27,7.0,0.63,-33.34,-2.18,1526.07,0.63,836.027,40.476,6.0,42.0
Trka_binder_AF2_31,TrkA,0,TrkA Watson et al,55.0,0.381,0.56,0.236,0.575,0.69,0.72,0.81,5.657,1.9,0.308,0.66,5.25,4.93,-40.28,-2.82,1427.89,0.56,0.57,0.35,7.0,0.64,-42.53,-2.79,1525.21,0.57,835.318,41.463,7.0,41.0
Trka_binder_AF2_33,TrkA,0,TrkA Watson et al,73.0,0.801,0.848,0.59,0.778,0.91,0.91,0.92,2.755,0.9,0.583,0.942,1.49,1.78,-44.75,-2.51,1779.26,0.62,0.64,0.19,8.0,0.53,-38.34,-2.27,1691.68,0.53,939.239,41.304,8.0,46.0
Trka_binder_AF2_45,TrkA,0,TrkA Watson et al,65.0,0.683,0.802,0.428,0.707,0.86,0.87,0.89,3.793,0.9,0.352,0.868,1.34,1.69,-46.66,-2.94,1586.56,0.66,0.62,0.37,9.0,0.7,-38.97,-2.65,1470.86,0.65,798.204,46.341,3.0,41.0
Trka_binder_AF2_57,TrkA,0,TrkA Watson et al,91.0,0.631,0.631,0.374,0.592,0.78,0.8,0.84,5.148,1.2,0.329,0.687,1.91,1.57,-49.66,-2.85,1745.21,0.68,0.7,0.09,9.0,0.61,-38.75,-2.45,1579.76,0.73,878.106,35.714,7.0,42.0
Trka_binder_AF2_85,TrkA,0,TrkA Watson et al,62.0,0.625,0.729,0.403,0.703,0.83,0.84,0.88,4.078,1.2,0.39,0.85,1.68,1.91,-42.53,-2.35,1810.59,0.65,0.59,0.32,3.0,0.65,-47.23,-2.63,1798.91,0.59,837.748,46.154,9.0,39.0
akshayc_10_run_3_1002_dldesign_0_cycle1_af2pred,EGFR,0,Adaptyv binder comp round 1,130.0,0.656,0.677,0.368,0.424,0.91,0.91,0.74,12.569,1.6,0.645,0.73,39.41,44.24,-68.0,-2.3,2961.96,0.54,0.51,0.31,13.0,0.5,-62.08,-1.74,3570.76,0.55,1664.443,39.759,16.0,83.0
akshayc_3_run_3_168_dldesign_0_cycle1_af2pred,EGFR,0,Adaptyv binder comp round 1,80.0,0.452,0.614,0.226,0.397,0.86,0.86,0.69,14.722,1.9,0.454,0.497,38.95,41.05,-52.47,-2.29,2287.3,0.71,0.64,0.16,9.0,0.68,-59.18,-2.13,2778.68,0.57,1320.029,40.0,13.0,60.0
alessio_daddio_AD_4,EGFR,0,Adaptyv binder comp round 2,60.0,0.326,0.546,0.109,0.313,0.88,0.88,0.74,11.418,2.9,0.595,0.365,1.73,3.69,-86.59,-2.71,3194.7,0.68,0.6,0.5,11.0,0.65,-73.66,-2.48,2966.91,0.7,1781.889,46.429,19.0,84.0
baptiste_roelens_ognk,EGFR,0,Adaptyv binder comp round 2,56.0,0.365,0.582,0.109,0.331,0.89,0.89,0.72,11.595,2.4,0.566,0.399,1.51,3.28,-72.07,-2.28,3154.67,0.64,0.66,0.34,14.0,0.67,-61.3,-2.36,2602.52,0.68,1564.148,40.741,15.0,81.0
bcov_r3_HEEH_10171_000000024_0001_0001,IL7Ra,0,Cao et al IL7Ra,64.0,0.0,0.0,0.0,0.0,0.18,0.24,0.71,22.893,25.0,0.0,0.0,18.52,48.91,-24.67,-2.17,1136.87,0.65,0.57,0.21,3.0,0.78,-62.58,-3.91,1601.91,0.68,618.929,46.429,2.0,28.0
bcov_revert_r1_HEEH_15568_000000002_0001_1_20_H____ems_3hM_1929_0001_0001_0001_0001,TrkA,0,Cao et al TrkA,62.0,0.545,0.653,0.338,0.629,0.8,0.82,0.86,4.776,1.4,0.382,0.778,2.55,2.18,-40.82,-2.75,1483.94,0.66,0.6,0.06,4.0,0.72,-50.03,-3.44,1455.79,0.73,795.172,34.884,3.0,43.0
bcov_v3_r3_EHEE_05436_000000003_0001_0001_43_52_E____ems_ferrM_3648_0001_0003_0001_0001_0001,IL7Ra,0,Cao et al IL7Ra,64.0,0.0,0.0,0.0,0.0,0.16,0.18,0.71,23.994,25.0,0.0,0.0,15.74,54.73,-29.3,-2.84,1031.99,0.67,0.6,0.29,2.0,0.85,-62.12,-4.12,1508.07,0.67,547.296,57.692,4.0,26.0
binom16_pocket7pep80,EGFR,0,Adaptyv binder comp round 2,17.0,0.0,0.0,0.0,0.0,0.38,0.41,0.72,22.039,25.0,0.0,0.0,10.76,45.25,-42.51,-2.02,2100.87,0.51,0.61,0.62,6.0,0.63,-19.53,-1.86,1047.63,0.53,976.449,47.273,6.0,55.0
blyncha_sequence46,EGFR,0,Adaptyv binder comp round 1,71.0,0.368,0.551,0.18,0.355,0.85,0.85,0.7,14.52,2.7,0.435,0.508,37.42,44.67,-59.42,-2.92,2033.84,0.66,0.68,0.17,6.0,0.66,-69.42,-2.89,2405.72,0.63,1069.357,51.724,6.0,58.0
chuh_EGFR_Seg2_l58_s53469_mpnn1,EGFR,1,Adaptyv binder comp round 2,58.0,0.584,0.723,0.276,0.523,0.94,0.94,0.69,12.942,1.3,0.48,0.762,34.48,45.91,-54.03,-2.24,2411.53,0.69,0.69,0.26,8.0,0.66,-66.73,-2.32,2874.29,0.71,1334.09,43.86,8.0,57.0
cside_mot_3h_hb1_2807_000000002_0001_31_39_H___bcov_4helix_04942_0001_0003_0001,EGFR,0,Cao et al EGFR,65.0,0.0,0.0,0.0,0.0,0.19,0.21,0.73,22.576,25.0,0.0,0.0,21.56,40.16,-25.67,-2.39,1075.65,0.59,0.54,0.22,5.0,0.66,-48.38,-2.63,1842.53,0.64,576.401,42.857,5.0,28.0
cside_mot_3h_hb1_4484_000000008_0001_1_11_H___bcov_4helix_09163_0001_0001,EGFR,0,Cao et al EGFR,65.0,0.013,0.014,0.012,0.079,0.32,0.36,0.78,14.73,25.0,0.064,0.045,15.54,21.43,-25.97,-2.29,1132.61,0.69,0.59,0.25,3.0,0.73,-53.94,-2.92,1846.63,0.68,653.06,45.161,1.0,31.0
cside_mot_61cd24ae9e8da695c346381293a6097e_0001_000000000_0001_6_12_H___ems_3hC_625_0001_0001_0003_0001,EGFR,0,Cao et al EGFR,64.0,0.014,0.029,0.013,0.106,0.36,0.46,0.78,14.224,25.0,0.153,0.065,16.6,33.05,-30.5,-2.28,1339.8,0.56,0.59,0.0,4.0,0.69,-63.99,-3.49,1833.7,0.65,596.315,38.235,5.0,34.0
csplice_r1_4b397ff321495f1cf064223b6ad1b1e1_0001_000000002_0001_0001_24_33_H____c532476932173fd1e36a19ba74b3f846_0001_0001_0001_0001_17_51_HHH_26_11523_22_0001,VirB8,0,Cao et al VirB8,65.0,0.0,0.0,0.0,0.0,0.21,0.21,0.69,21.233,25.0,0.0,0.0,39.53,27.88,-54.21,-2.81,1930.7,0.76,0.58,0.51,5.0,0.72,-53.75,-3.49,1538.23,0.7,951.376,47.059,4.0,51.0
darius_szablowski_EGFR_binder_2___ggggs_3_linked_top_binders_1_and_2,EGFR,0,Adaptyv binder comp round 2,194.0,0.0,0.0,0.0,0.0,0.29,0.31,0.53,26.837,25.0,0.0,0.0,12.78,9.32,-53.29,-2.06,2581.23,0.68,0.69,0.33,6.0,0.58,-76.7,-1.96,3909.37,0.61,1582.062,39.189,9.0,74.0
darius_szablowski_EGFR_binder_4___ggggs_3_linked_top_binders_1_and_2_efficiently_evolved,EGFR,0,Adaptyv binder comp round 2,194.0,0.05,0.223,0.013,0.083,0.44,0.45,0.58,23.335,6.3,0.386,0.036,49.04,55.01,-74.5,-2.34,3179.66,0.69,0.62,0.31,11.0,0.55,-72.38,-1.97,3670.15,0.65,1776.703,39.13,12.0,92.0
duynth29_L88_MPNN5,EGFR,0,Adaptyv binder comp round 2,88.0,0.616,0.682,0.301,0.462,0.91,0.91,0.7,13.239,1.5,0.463,0.634,44.28,50.84,-68.58,-2.64,2595.86,0.61,0.6,0.22,7.0,0.53,-31.27,-1.52,2060.79,0.63,1433.92,42.857,6.0,70.0
ems_3hC_898_000000002_0001,FGFR2,0,Cao et al FGFR2,63.0,0.016,0.019,0.014,0.172,0.27,0.27,0.62,14.785,25.0,0.087,0.035,25.22,24.58,-30.97,-2.44,1267.8,0.64,0.66,0.12,2.0,0.78,-70.72,-4.08,1732.45,0.72,643.861,50.0,1.0,34.0
ems_3hM_2927_000000011_0001,FGFR2,0,Cao et al FGFR2,61.0,0.104,0.114,0.048,0.212,0.43,0.48,0.69,10.909,25.0,0.122,0.1,25.79,23.63,-44.29,-2.51,1766.14,0.6,0.59,0.13,5.0,0.74,-59.18,-3.15,1876.32,0.7,882.754,56.818,6.0,44.0
ems_3hM_3074_000000002_0001,FGFR2,0,Cao et al FGFR2,64.0,0.084,0.127,0.035,0.22,0.49,0.5,0.68,11.69,4.5,0.18,0.102,2.72,2.33,-52.57,-3.42,1536.36,0.72,0.73,0.16,4.0,0.74,-62.27,-3.75,1661.09,0.67,817.632,45.455,1.0,44.0
ems_3hM_96_000000009_0001,FGFR2,0,Cao et al FGFR2,61.0,0.437,0.51,0.251,0.588,0.76,0.77,0.83,5.736,2.0,0.316,0.527,2.28,2.64,-54.94,-3.53,1554.8,0.69,0.6,0.03,6.0,0.74,-71.98,-4.21,1708.9,0.72,833.762,39.535,3.0,43.0
ems_p1_14H_GBL_16H_GABBL_16H_0069_0001_0001_0001_000000005_0001,FGFR2,0,Cao et al FGFR2,54.0,0.02,0.02,0.015,0.198,0.3,0.32,0.65,13.876,25.0,0.087,0.051,7.03,7.55,-35.64,-2.47,1443.79,0.63,0.71,0.12,4.0,0.76,-68.88,-3.66,1883.1,0.66,692.188,55.556,1.0,36.0
il10ra_site1_normal_mot_HHH_b1_03900_000000129_0001_1_16_H___HHH_b2_04766_af2_0001_0000200005_0000002_0_af2pred_0001,IL10Ra,0,Bennet paper IL10Ra prospective,57.0,0.0,0.0,0.0,0.0,0.24,0.25,0.72,21.594,25.0,0.0,0.0,60.01,37.82,-37.04,-2.99,1237.54,0.7,0.64,0.18,1.0,0.58,-42.72,-2.29,1868.23,0.6,634.509,57.576,2.0,33.0
il10ra_site1_normal_mot_HHH_b2_05323_000000159_0001_1_18_H___HHH_b2_05518_af2_0001_0000200018_0000002_0,IL10Ra,0,Bennet paper IL10Ra prospective,56.0,0.0,0.0,0.0,0.0,0.2,0.21,0.73,22.751,25.0,0.0,0.0,42.44,51.86,-10.09,-1.83,551.11,0.71,0.65,0.21,6.0,0.73,-66.5,-3.22,2067.13,0.71,385.362,21.053,3.0,19.0
longxing_HEEH_05243_000000005_0001_0001,IL7Ra,0,Cao et al IL7Ra,64.0,0.268,0.381,0.156,0.277,0.71,0.72,0.84,9.081,2.7,0.235,0.422,13.99,14.28,-50.58,-2.9,1744.89,0.67,0.65,0.17,6.0,0.7,-61.85,-3.61,1711.45,0.63,800.115,53.659,4.0,41.0
longxing_ems_3hC_703_0001_000000002_0001_0001,IL7Ra,0,Cao et al IL7Ra,63.0,0.0,0.0,0.0,0.0,0.25,0.29,0.74,20.522,25.0,0.0,0.0,4.75,4.84,-42.45,-2.65,1599.21,0.67,0.62,0.22,5.0,0.79,-70.1,-4.14,1693.87,0.65,966.824,40.909,4.0,44.0
longxing_ems_3hM_2137_000000003_0001_0001,IL7Ra,0,Cao et al IL7Ra,62.0,0.0,0.0,0.0,0.0,0.25,0.26,0.73,20.549,25.0,0.0,0.0,10.76,11.02,-31.03,-2.44,1270.8,0.49,0.58,0.17,4.0,0.66,-58.36,-3.27,1787.26,0.72,703.473,47.059,5.0,34.0
longxing_ems_p1_15H_GBL_16H_GBL_14H_0739_0001_0001_0001_000000002_0001_0001,IL7Ra,0,Cao et al IL7Ra,51.0,0.553,0.699,0.301,0.579,0.87,0.88,0.89,5.029,1.5,0.372,0.704,2.88,2.94,-41.62,-2.82,1474.33,0.69,0.64,0.12,4.0,0.71,-62.94,-3.54,1777.11,0.69,907.385,46.512,4.0,43.0
ltk_site1_normal_mot_HHH_b1_04356_000000163_0001_21_38_H___HHH_b2_02263_0001_0000100007_0000001_0_af2pred_0001,LTK,0,Bennet paper LTK prospective,57.0,0.0,0.0,0.0,0.0,0.19,0.24,0.78,23.628,25.0,0.0,0.0,45.86,34.28,-32.66,-2.6,1254.07,0.53,0.58,0.1,3.0,0.53,-48.84,-2.51,1944.22,0.67,743.334,54.054,3.0,37.0
ltk_site1_normal_mot_HHH_b2_06511_af2_000000028_0001_1_19_H___HHH_b1_07440_0001_0000200026_0000001_0_af2pred_dldesign_0_af2pred,LTK,0,Bennet paper LTK prospective,56.0,0.38,0.72,0.194,0.493,0.82,0.83,0.9,6.529,1.9,0.277,0.468,1.85,2.18,-50.14,-2.69,1861.57,0.56,0.62,0.27,6.0,0.62,-56.27,-2.81,1999.2,0.62,879.006,51.111,7.0,45.0
maxall4_EGFR_ED_BINDER_l134_s906486_mpnn2_model1_unrelaxed_rank_001_alphafold2_multimer_v3_model_1_seed_000_top1_mutation_G108S_round1_Y80D_Chain_A,EGFR,0,Adaptyv binder comp round 2,134.0,0.561,0.623,0.304,0.401,0.87,0.88,0.66,15.038,2.4,0.514,0.648,4.45,9.52,-45.35,-2.25,2013.6,0.64,0.61,0.2,7.0,0.65,-51.79,-2.41,2147.69,0.68,1200.459,37.705,8.0,61.0
minji_lee_3458,EGFR,0,Adaptyv binder comp round 2,88.0,0.0,0.0,0.0,0.0,0.11,0.12,0.55,30.205,25.0,0.0,0.0,68.01,64.54,-12.63,-1.6,788.87,0.37,0.6,0.22,4.0,0.42,-24.3,-1.02,2389.64,0.64,497.367,40.0,3.0,30.0
mot_H_buried_3h_hb1_2089_000000001_0001_49_56_H___3h_hb1_6413_0001_0001_0001,FGFR2,0,Cao et al FGFR2,60.0,0.014,0.017,0.012,0.092,0.27,0.31,0.62,15.443,25.0,0.072,0.03,8.52,13.49,-39.75,-2.47,1606.77,0.67,0.59,0.21,3.0,0.8,-67.35,-4.2,1603.2,0.61,922.126,45.652,5.0,46.0
mot_H_fastrot_3h_hb1_1389_000000000_0001_55_59_H___3e07c2424dcd8fff97150754e9d665f3_0001_1_0001_0001_0001,FGFR2,0,Cao et al FGFR2,65.0,0.011,0.016,0.011,0.062,0.26,0.3,0.61,16.594,25.0,0.085,0.024,10.48,19.53,-37.84,-2.53,1494.64,0.71,0.55,0.31,2.0,0.68,-49.0,-3.18,1542.56,0.66,804.057,56.818,0.0,44.0
mot_H_fastrot_3h_hb1_1508_000000000_0001_52_57_H___ems_3hM_1839_0001_0002_0001_0001,FGFR2,0,Cao et al FGFR2,61.0,0.018,0.02,0.015,0.17,0.3,0.32,0.63,14.383,5.7,0.115,0.046,20.46,24.56,-35.25,-2.86,1232.17,0.65,0.59,0.11,2.0,0.66,-52.23,-3.19,1636.43,0.66,721.087,47.368,1.0,38.0
mot_H_fastrot_3h_hb1_6297_000000002_0001_30_35_H___4ceba976118057542477eb1b04b58362_0001_0001_0001_0001,FGFR2,0,Cao et al FGFR2,65.0,0.148,0.199,0.091,0.309,0.4,0.5,0.66,9.733,3.8,0.164,0.198,4.21,2.77,-34.4,-2.19,1573.85,0.61,0.54,0.2,4.0,0.66,-49.41,-3.36,1471.48,0.64,908.531,48.837,6.0,43.0
mot_H_fastrot_HEEH_06942_000000001_0001_53_63_H___ems_3hM_2721_0001_0001_0001,FGFR2,0,Cao et al FGFR2,63.0,0.021,0.082,0.013,0.141,0.35,0.4,0.66,12.93,25.0,0.148,0.072,23.65,28.05,-34.35,-2.49,1378.2,0.67,0.67,0.18,2.0,0.7,-55.89,-3.7,1508.76,0.7,767.234,51.282,2.0,39.0
mot_H_fastrot_cor_28d5766f54aec9c0f75e1a9ca58fd34c_0001_1_000000008_0001_43_49_H___3h_hb1_2354_0001_0002_0001,FGFR2,0,Cao et al FGFR2,61.0,0.104,0.119,0.054,0.225,0.44,0.49,0.68,11.126,5.3,0.16,0.121,4.88,4.8,-45.6,-3.06,1491.45,0.69,0.6,0.04,1.0,0.7,-58.62,-3.46,1696.21,0.69,795.416,45.0,1.0,40.0
mot_H_fastrot_cor_3h_hb1_1377_000000001_0001_32_41_H___c5b28ab65ea243c05ea38772b428806e_0001_0001_0002_0001,FGFR2,0,Cao et al FGFR2,65.0,0.04,0.067,0.017,0.185,0.34,0.41,0.63,12.744,25.0,0.164,0.056,19.99,22.84,-44.18,-2.98,1480.24,0.63,0.62,0.18,5.0,0.72,-63.71,-3.35,1899.16,0.68,892.746,59.524,3.0,42.0
mot_H_fastrot_cor_3h_hb1_5971_000000012_0001_53_59_H___3h_hb1_211_0001_0001_0001_0001,FGFR2,0,Cao et al FGFR2,64.0,0.014,0.016,0.013,0.11,0.3,0.33,0.62,14.443,25.0,0.172,0.053,24.56,21.77,-30.77,-2.22,1386.91,0.68,0.57,0.07,2.0,0.77,-51.86,-3.09,1676.09,0.73,786.496,40.541,2.0,37.0
mot_H_fastrot_cor_3h_hb1_5971_000000012_0001_53_59_H___3h_hb1_3475_0001_0001_0001,FGFR2,0,Cao et al FGFR2,63.0,0.015,0.062,0.013,0.124,0.36,0.4,0.65,13.321,25.0,0.096,0.05,2.28,2.79,-51.18,-2.98,1716.09,0.71,0.62,0.11,4.0,0.73,-53.85,-3.34,1611.54,0.65,862.443,50.0,3.0,40.0
mot_H_fastrot_cor_3h_hb1_5971_000000012_0001_53_59_H___3h_hb1_4280_0001_0001_0001,FGFR2,0,Cao et al FGFR2,61.0,0.017,0.019,0.013,0.139,0.28,0.33,0.63,14.735,5.7,0.102,0.045,12.7,36.9,-42.61,-2.9,1470.73,0.74,0.61,0.07,4.0,0.72,-47.28,-2.99,1581.21,0.72,745.307,53.659,1.0,41.0
mot_H_fastrot_cor_3h_hb1_5971_000000012_0001_53_59_H___EHEE_hb1_4674_0001_0001_0001_0001,FGFR2,0,Cao et al FGFR2,65.0,0.015,0.02,0.013,0.122,0.32,0.33,0.63,15.72,25.0,0.093,0.038,14.56,21.65,-35.57,-2.45,1451.34,0.71,0.66,0.14,4.0,0.78,-52.92,-3.4,1558.26,0.68,789.039,51.351,3.0,37.0
mot_H_fastrot_cor_3h_hb1_5971_000000012_0001_53_59_H___EHEE_hb1_5159_0001_0001_0001,FGFR2,0,Cao et al FGFR2,65.0,0.143,0.148,0.061,0.248,0.42,0.54,0.66,10.724,25.0,0.23,0.102,12.05,12.01,-49.77,-2.64,1883.5,0.63,0.58,0.26,3.0,0.73,-56.9,-3.42,1662.92,0.71,1024.802,55.357,5.0,56.0
mot_H_fastrot_cor_da9e5f86e81fca48f449e0e79ace5297_0001_1_000000005_0001_39_45_H___EHEE_hb1_3253_0001_0002_0001_0001,FGFR2,0,Cao et al FGFR2,65.0,0.066,0.093,0.025,0.198,0.39,0.46,0.65,12.016,5.5,0.138,0.065,12.08,15.54,-53.05,-2.95,1798.75,0.76,0.69,0.06,6.0,0.79,-63.31,-3.93,1610.19,0.71,893.206,48.936,4.0,47.0
mot_H_fastrot_cor_ems_3hM_199_000000020_0001_56_61_H___3h_hb1_4087_0001_0001_0001,FGFR2,0,Cao et al FGFR2,62.0,0.525,0.601,0.296,0.602,0.78,0.79,0.83,5.977,1.4,0.267,0.641,2.44,2.4,-44.49,-2.91,1526.73,0.75,0.6,0.03,4.0,0.66,-49.51,-3.11,1590.69,0.63,777.579,44.444,3.0,36.0
mot_H_fastrot_cor_ems_3hM_3402_000000021_0001_49_57_H___EHEE_hb1_6458_0001_0002_0001_0001,FGFR2,0,Cao et al FGFR2,65.0,0.014,0.014,0.013,0.111,0.23,0.28,0.57,16.532,25.0,0.075,0.032,26.24,22.49,-34.37,-2.71,1267.87,0.72,0.71,0.06,2.0,0.78,-53.01,-3.09,1713.2,0.71,626.301,45.714,1.0,35.0
mot_H_fastrot_ems_4hC_2953_0001_000000001_0001_2_11_H___EHEE_hb1_6371_0001_0001,FGFR2,0,Cao et al FGFR2,65.0,0.107,0.144,0.058,0.222,0.43,0.46,0.67,10.99,4.5,0.156,0.072,3.9,5.27,-42.48,-2.32,1832.67,0.64,0.59,0.05,2.0,0.62,-49.74,-2.86,1741.75,0.64,1016.398,49.057,6.0,53.0
mot_H_normal_304dd668f33ab1d6143cf7f840504353_0001_000000002_0001_2_8_H___c5c5405774e46e68d219586b833d645f_0001_0001_0001_0001,FGFR2,0,Cao et al FGFR2,65.0,0.015,0.016,0.014,0.155,0.24,0.26,0.6,15.216,6.8,0.091,0.032,20.08,20.35,-32.21,-2.53,1273.86,0.69,0.69,0.21,0.0,0.77,-51.77,-3.4,1522.55,0.68,656.624,59.459,1.0,37.0
mot_H_normal_3h_hb1_201_000000012_0001_24_34_H___7aaa4bd35fd1e5821f7332e8d98da296_0001_0001_0001,FGFR2,0,Cao et al FGFR2,65.0,0.014,0.016,0.012,0.115,0.3,0.33,0.63,14.039,25.0,0.14,0.04,13.86,20.71,-32.61,-2.35,1385.36,0.53,0.63,0.26,2.0,0.72,-49.7,-3.27,1518.13,0.7,710.46,58.974,2.0,39.0
mot_H_normal_3h_hb1_3486_000000010_0001_25_35_H___3h_hb1_668_0001_0001_0001,FGFR2,0,Cao et al FGFR2,63.0,0.015,0.016,0.012,0.088,0.25,0.27,0.61,17.288,25.0,0.062,0.028,25.1,24.2,-32.88,-2.47,1330.29,0.52,0.63,0.15,1.0,0.63,-66.56,-3.11,2140.44,0.63,788.186,51.163,1.0,43.0
mot_H_normal_3h_hb1_3627_000000010_0001_51_57_H___0a05c040d8143571a239e03ab9d5afdd_0001_1_0001_0001,FGFR2,0,Cao et al FGFR2,65.0,0.015,0.019,0.013,0.13,0.28,0.32,0.63,15.855,25.0,0.082,0.038,17.43,30.66,-37.63,-2.98,1264.12,0.76,0.5,0.32,2.0,0.8,-60.54,-3.82,1585.28,0.64,835.032,56.098,1.0,41.0
mot_H_normal_3h_hb1_3627_000000010_0001_51_57_H___127ad82e6ffd1c08b173a36763299554_0001_1_0001_0004_0001_0001,FGFR2,0,Cao et al FGFR2,65.0,0.019,0.02,0.015,0.185,0.3,0.34,0.62,14.442,6.2,0.095,0.041,18.97,17.58,-50.02,-2.91,1718.15,0.68,0.63,0.17,6.0,0.75,-53.08,-3.4,1561.45,0.7,700.645,60.0,6.0,35.0
mot_H_normal_3h_hb1_5890_000000015_0001_50_60_H___665ac70a09087647c8bca29b906c9e87_0001_1_0001_0002_0001,FGFR2,0,Cao et al FGFR2,65.0,0.025,0.089,0.015,0.17,0.37,0.45,0.66,12.89,25.0,0.181,0.069,21.04,24.52,-40.94,-2.77,1477.61,0.61,0.6,0.24,3.0,0.75,-58.74,-3.65,1610.12,0.65,843.373,60.976,2.0,41.0
mot_H_normal_3h_hb1_5890_000000015_0001_50_60_H___HEEHE_1923_0001_0001_0001,FGFR2,0,Cao et al FGFR2,65.0,0.331,0.374,0.186,0.374,0.67,0.69,0.79,7.841,2.4,0.231,0.363,6.58,4.32,-48.92,-3.18,1540.62,0.72,0.64,0.17,3.0,0.78,-55.94,-3.2,1748.24,0.67,766.327,58.974,3.0,39.0
mot_H_normal_3h_hb1_5890_000000015_0001_54_62_H___3h_hb1_4959_0001_0001_0001_0001,FGFR2,0,Cao et al FGFR2,60.0,0.017,0.021,0.014,0.166,0.28,0.3,0.63,14.013,25.0,0.07,0.035,21.7,32.81,-29.21,-2.65,1102.31,0.57,0.61,0.17,3.0,0.68,-54.15,-3.35,1614.62,0.71,689.194,50.0,0.0,38.0
mot_H_normal_3h_hb1_5890_000000015_0001_54_62_H___EHEE_hb1_607_0001_0002_0001_0001,FGFR2,1,Cao et al FGFR2,65.0,0.016,0.022,0.013,0.135,0.33,0.37,0.63,14.592,25.0,0.118,0.057,27.56,26.63,-38.3,-2.75,1393.55,0.55,0.58,0.22,2.0,0.77,-57.36,-3.81,1506.06,0.75,751.645,53.659,3.0,41.0
mot_H_normal_4656a4a29125d9c9ae178a4f6f77cadc_0001_000000000_0001_20_24_H___3h_hb1_2208_0001_0001_0001_0001,FGFR2,0,Cao et al FGFR2,61.0,0.199,0.229,0.12,0.311,0.56,0.6,0.73,9.202,3.3,0.218,0.26,7.47,7.5,-32.2,-2.41,1338.47,0.51,0.58,0.07,2.0,0.71,-52.58,-3.05,1725.34,0.63,713.792,51.22,2.0,41.0
mot_H_normal_4e0203f5ce0372eb70976b591e62cede_0001_000000001_0001_24_30_H___3h_hb1_3359_0001_0001_1_0001,FGFR2,1,Cao et al FGFR2,55.0,0.082,0.133,0.03,0.236,0.43,0.45,0.69,11.245,4.7,0.169,0.079,2.38,2.84,-45.53,-3.05,1493.57,0.7,0.58,0.12,4.0,0.69,-58.19,-3.42,1703.74,0.63,854.833,53.488,2.0,43.0
mot_H_normal_5e9d3f7af8cd590529ac172b180e9764_0001_000000000_0001_3_13_H___30a802c231e4545562404df0f439f58a_0001_0001_0001_0001,FGFR2,0,Cao et al FGFR2,65.0,0.013,0.015,0.012,0.089,0.27,0.34,0.61,15.141,25.0,0.095,0.035,18.51,26.71,-31.91,-2.16,1477.17,0.49,0.56,0.23,0.0,0.68,-54.31,-3.21,1692.59,0.67,804.833,53.659,4.0,41.0
mot_H_normal_HEEHE_2363_000000001_0001_43_52_H___EHEE_hb1_3373_0001_0001,FGFR2,0,Cao et al FGFR2,65.0,0.015,0.017,0.013,0.143,0.3,0.33,0.61,14.607,25.0,0.13,0.027,21.98,27.0,-41.27,-2.53,1633.38,0.67,0.64,0.22,6.0,0.74,-63.65,-3.53,1803.54,0.7,865.032,46.667,3.0,45.0
mot_H_normal_HEEH_06807_000000018_0001_47_56_H___EHEE_hb1_4948_0001_0001,FGFR2,0,Cao et al FGFR2,65.0,0.018,0.026,0.015,0.187,0.31,0.37,0.62,13.379,6.8,0.158,0.049,8.58,10.86,-39.29,-2.74,1432.11,0.53,0.62,0.08,5.0,0.74,-57.81,-3.39,1704.22,0.68,855.081,43.182,7.0,44.0
mot_H_normal_HEEH_08897_000000013_0001_46_56_H___3h_hb1_1681_0001_0003_0001,FGFR2,0,Cao et al FGFR2,61.0,0.073,0.098,0.027,0.19,0.37,0.42,0.64,12.139,25.0,0.105,0.116,22.96,20.92,-26.28,-2.22,1185.34,0.58,0.63,0.06,4.0,0.72,-51.53,-3.19,1615.24,0.69,622.519,48.485,4.0,33.0
mot_H_normal_ems_3hM_132_000000003_0001_1_47_55_H___3h_hb1_6546_0001_0001_0001,FGFR2,0,Cao et al FGFR2,65.0,0.021,0.067,0.014,0.16,0.33,0.43,0.64,12.833,6.1,0.125,0.062,4.5,4.42,-39.42,-2.16,1824.53,0.54,0.52,0.06,6.0,0.71,-58.76,-3.53,1665.21,0.67,1026.526,45.283,6.0,53.0
mot_H_normal_ems_f4m_87_000000001_0001_24_33_H___2494741e2e4e1cbc923672cf641fcacd_0001_0001_0001,FGFR2,0,Cao et al FGFR2,65.0,0.014,0.018,0.012,0.12,0.27,0.28,0.61,15.547,25.0,0.091,0.044,19.86,23.39,-29.28,-2.34,1249.27,0.6,0.67,0.19,1.0,0.71,-54.38,-3.24,1676.9,0.63,737.8,46.154,3.0,39.0
mot_P_EHEE_hb1_1607_000000002_0001_45_51_57_61_P___EHEE_hb1_3945_0001_0001_0001,InsulinR,0,Cao et al Insulin receptor,65.0,0.0,0.0,0.0,0.0,0.14,0.15,0.67,22.682,25.0,0.0,0.0,12.1,15.73,-30.84,-1.7,1812.13,0.55,0.59,0.18,3.0,0.61,-49.09,-3.05,1608.83,0.64,1031.45,38.889,7.0,54.0
mot_P_normal_EHEE_06818_000000002_0001_3_5_63_65_P___EHEE_hb1_5618_0001_0001,FGFR2,0,Cao et al FGFR2,65.0,0.021,0.108,0.014,0.148,0.43,0.53,0.66,12.442,4.6,0.23,0.058,29.54,18.35,-47.59,-2.48,1921.62,0.66,0.62,0.11,13.0,0.75,-48.04,-3.28,1463.74,0.61,987.26,39.216,13.0,51.0
mot_P_normal_EHEE_hb1_2058_000000002_0001_3_7_57_61_P___EHEE_hb1_2342_0001_0001,FGFR2,0,Cao et al FGFR2,65.0,0.013,0.015,0.012,0.097,0.26,0.3,0.61,17.091,25.0,0.133,0.027,15.98,7.35,-31.89,-1.82,1753.5,0.62,0.58,0.12,6.0,0.71,-50.47,-3.13,1611.83,0.63,863.254,43.182,5.0,44.0
mot_P_normal_EHEE_hb1_5581_000000000_0001_46_50_55_57_P___EHEE_hb1_4394_0001_0001_0001,FGFR2,0,Cao et al FGFR2,65.0,0.013,0.015,0.012,0.088,0.21,0.22,0.57,18.315,25.0,0.057,0.019,28.56,27.5,-34.69,-2.82,1232.19,0.54,0.72,0.17,3.0,0.69,-49.11,-3.16,1553.66,0.67,739.964,45.455,3.0,44.0
mot_P_normal_ems_ferrM_3184_000000021_0001_2_4_59_61_P___HEEHE_2487_0001_0001_0001,FGFR2,0,Cao et al FGFR2,65.0,0.017,0.028,0.015,0.166,0.31,0.33,0.61,14.277,6.7,0.124,0.046,6.96,8.38,-29.61,-2.52,1172.69,0.62,0.68,0.11,1.0,0.72,-51.13,-3.11,1644.23,0.73,666.647,45.946,4.0,37.0
mot_P_normal_ems_ferrM_3505_0001_000000001_0001_2_4_59_63_P___EHEE_hb1_2988_0001_0002_0001,FGFR2,0,Cao et al FGFR2,65.0,0.014,0.017,0.012,0.114,0.29,0.31,0.6,15.005,6.4,0.093,0.035,14.12,6.71,-46.57,-3.15,1476.86,0.69,0.65,0.1,5.0,0.71,-57.59,-3.32,1735.35,0.71,737.906,40.0,2.0,40.0
mot_P_normal_ems_ferrM_7064_0001_000000027_0001_25_27_33_35_P___HEEHE_1415_0001_0001_0001,FGFR2,0,Cao et al FGFR2,65.0,0.017,0.018,0.015,0.179,0.28,0.29,0.61,15.801,7.5,0.096,0.039,5.48,5.52,-33.75,-2.52,1337.08,0.53,0.56,0.21,3.0,0.69,-48.23,-3.17,1519.44,0.67,724.122,41.026,1.0,39.0
nsplice_r1_a2de759c170706188c6e693fd8ea43cc_0001_000000001_0001_0001_38_47_H____0f7a26c97e839ef4e9184d0267c05c46_0001_0001_0001_0001_16_51_HHH_05_02093_36_0001_51_crosslinked,VirB8,0,Cao et al VirB8,65.0,0.0,0.0,0.0,0.0,0.2,0.23,0.66,21.144,25.0,0.0,0.0,18.91,23.24,-36.23,-2.51,1443.95,0.72,0.62,0.16,0.0,0.69,-54.47,-3.5,1557.92,0.71,722.317,42.5,5.0,40.0
p53_AF2_12,Mdm2,0,Mdm2 Watson et al,84.0,0.61,0.785,0.405,0.627,0.87,0.88,0.84,4.845,0.9,0.417,0.809,1.96,1.59,-56.51,-3.05,1852.78,0.71,0.54,0.11,6.0,0.67,-55.61,-2.76,2016.34,0.58,965.859,42.553,4.0,47.0
p53_AF2_34,Mdm2,1,Mdm2 Watson et al,108.0,0.507,0.743,0.26,0.482,0.87,0.87,0.78,6.786,1.0,0.395,0.738,2.88,1.95,-49.94,-2.69,1853.66,0.7,0.49,0.05,5.0,0.6,-48.17,-2.63,1829.14,0.52,937.507,45.833,3.0,48.0
p53_AF2_55,Mdm2,1,Mdm2 Watson et al,77.0,0.75,0.853,0.527,0.711,0.91,0.92,0.9,3.257,0.8,0.474,0.857,1.95,1.66,-64.94,-2.98,2175.59,0.66,0.55,0.08,9.0,0.67,-58.76,-2.81,2092.1,0.58,1066.157,45.098,8.0,51.0
p53_AF2_7,Mdm2,1,Mdm2 Watson et al,91.0,0.748,0.804,0.538,0.726,0.89,0.89,0.88,3.784,0.9,0.407,0.877,2.16,1.98,-54.47,-2.98,1828.28,0.61,0.54,0.08,4.0,0.73,-59.14,-3.01,1967.36,0.62,963.277,37.5,5.0,48.0
p53_AF2_76,Mdm2,0,Mdm2 Watson et al,108.0,0.672,0.715,0.421,0.654,0.85,0.86,0.84,4.478,1.0,0.542,0.78,3.64,2.67,-48.09,-2.54,1893.53,0.65,0.49,0.2,3.0,0.66,-51.64,-2.74,1882.21,0.58,1149.326,41.176,3.0,51.0
p53_AF2_78,Mdm2,0,Mdm2 Watson et al,79.0,0.693,0.79,0.504,0.717,0.87,0.88,0.87,3.743,0.9,0.407,0.816,3.4,1.76,-46.32,-2.6,1782.98,0.66,0.62,0.12,6.0,0.68,-55.89,-2.59,2154.41,0.6,982.413,39.13,5.0,46.0
pol_00cb33a6254c5757c47756c75c22c756_0001_1_000000016_0001,FGFR2,0,Cao et al FGFR2,65.0,0.017,0.019,0.015,0.171,0.26,0.31,0.6,15.436,25.0,0.103,0.024,11.67,14.41,-50.79,-2.81,1807.72,0.68,0.6,0.17,2.0,0.75,-58.09,-3.62,1606.69,0.66,956.684,58.14,2.0,43.0
pol_3h_hb1_5908_000000025_0001_0001,FGFR2,1,Cao et al FGFR2,64.0,0.015,0.017,0.014,0.134,0.25,0.26,0.61,15.483,25.0,0.127,0.032,21.99,22.73,-37.81,-2.78,1357.9,0.52,0.66,0.1,2.0,0.72,-55.78,-3.25,1715.65,0.67,738.855,44.737,0.0,38.0
pol_46af07f712da49451b91df178a7361d5_0001_000000010_0001_0001,FGFR2,1,Cao et al FGFR2,65.0,0.441,0.45,0.227,0.53,0.77,0.77,0.79,6.787,1.9,0.242,0.431,2.41,2.22,-45.25,-2.9,1562.61,0.71,0.58,0.23,3.0,0.57,-48.61,-2.69,1809.19,0.65,779.58,48.649,4.0,37.0
pol_51795df6240b2cd79629f11a12b4f3c7_0001_000000005_0001_0001,FGFR2,1,Cao et al FGFR2,65.0,0.803,0.829,0.515,0.752,0.92,0.92,0.91,3.513,0.8,0.506,0.893,2.01,2.37,-62.84,-3.55,1771.08,0.75,0.64,0.23,6.0,0.78,-77.89,-3.87,2014.66,0.68,952.793,54.167,8.0,48.0
pol_721fe5cfeb05a2e05667209c002b39e9_0001_1_000000003_0001,FGFR2,0,Cao et al FGFR2,65.0,0.044,0.048,0.02,0.192,0.36,0.4,0.65,12.468,25.0,0.183,0.072,8.7,9.54,-44.63,-2.86,1559.53,0.63,0.64,0.14,5.0,0.76,-59.78,-3.48,1716.46,0.67,708.753,45.946,2.0,37.0
pol_EHEE_hb1_4747_000000007_0001_0001,FGFR2,0,Cao et al FGFR2,65.0,0.014,0.017,0.012,0.088,0.24,0.27,0.6,17.262,25.0,0.081,0.04,29.0,20.6,-36.82,-3.48,1059.21,0.8,0.62,0.17,2.0,0.73,-51.37,-3.55,1447.6,0.68,602.364,52.941,0.0,34.0
pol_EHEE_hb1_6398_000000009_0001_0001,FGFR2,0,Cao et al FGFR2,65.0,0.153,0.183,0.052,0.232,0.46,0.51,0.68,11.314,3.9,0.129,0.109,12.96,8.52,-41.87,-2.48,1686.37,0.63,0.62,0.09,5.0,0.73,-52.76,-3.2,1650.77,0.7,912.09,50.0,2.0,46.0
pol_HEEH_05082_000000007_0001_0001,FGFR2,0,Cao et al FGFR2,64.0,0.016,0.016,0.014,0.142,0.3,0.33,0.61,13.739,25.0,0.092,0.048,7.24,10.24,-41.37,-3.35,1235.39,0.72,0.62,0.27,5.0,0.72,-64.82,-4.2,1543.89,0.69,721.095,54.054,2.0,37.0
qxy615_s1_rfd_base_46_94,EGFR,0,Adaptyv binder comp round 2,64.0,0.012,0.012,0.012,0.024,0.43,0.5,0.65,20.446,25.0,0.287,0.02,4.81,12.11,-65.31,-1.92,3406.9,0.59,0.57,0.25,12.0,0.6,-67.9,-2.33,2913.78,0.6,1700.344,38.043,15.0,92.0
r1_5f4cdcd73f3cfc7b92695bb90fbc3a19_0001_1_000000002_0001_0001_36_45_H____f08c86d484aa00ac84d0b417f19fe74e_0001_0001_0001_0001_0001,VirB8,0,Cao et al VirB8,65.0,0.014,0.015,0.012,0.087,0.3,0.39,0.72,14.777,25.0,0.122,0.045,35.9,26.59,-25.82,-1.97,1309.95,0.56,0.64,0.21,2.0,0.74,-56.2,-3.52,1598.78,0.65,811.883,51.282,2.0,39.0
rif_fastrot_983d6d9cf598c9452910ae483d4293af_0001_000000025_0001_0001,FGFR2,0,Cao et al FGFR2,65.0,0.016,0.056,0.014,0.142,0.31,0.36,0.64,14.013,25.0,0.091,0.058,10.78,13.72,-43.06,-2.82,1524.25,0.69,0.53,0.12,8.0,0.67,-48.12,-3.01,1596.06,0.69,823.242,53.333,6.0,45.0
rif_fastrot_EHEE_hb1_3932_000000001_0001_0001,FGFR2,0,Cao et al FGFR2,65.0,0.015,0.019,0.013,0.109,0.28,0.3,0.62,16.232,25.0,0.085,0.031,15.12,10.68,-36.43,-2.25,1619.17,0.65,0.61,0.13,2.0,0.77,-52.63,-3.04,1731.24,0.71,826.978,51.22,1.0,41.0
rif_fastrot_EHEE_hb1_750_000000014_0001_0001,FGFR2,0,Cao et al FGFR2,65.0,0.104,0.126,0.047,0.229,0.48,0.49,0.7,11.64,4.5,0.211,0.124,31.42,18.85,-47.86,-2.56,1868.5,0.68,0.64,0.24,1.0,0.72,-60.05,-3.34,1797.55,0.71,935.77,46.512,2.0,43.0
rif_fastrot_HEEH_15960_000000001_0001_0001,FGFR2,0,Cao et al FGFR2,64.0,0.059,0.078,0.018,0.16,0.34,0.44,0.64,12.693,25.0,0.142,0.072,21.61,17.79,-38.86,-2.48,1564.72,0.67,0.65,0.16,2.0,0.7,-53.18,-3.17,1678.87,0.71,818.416,48.837,1.0,43.0
rif_fastrot_cor_ems_ferrM_2154_0001_000000011_0001_0001,FGFR2,0,Cao et al FGFR2,62.0,0.178,0.188,0.051,0.219,0.37,0.55,0.67,10.457,25.0,0.156,0.114,11.61,5.59,-51.14,-3.04,1684.72,0.74,0.62,0.32,5.0,0.66,-60.38,-3.52,1714.23,0.69,869.939,45.238,3.0,42.0
rif_fastrot_cor_ems_ferrM_3966_000000000_0001_0001,FGFR2,0,Cao et al FGFR2,63.0,0.101,0.139,0.038,0.182,0.45,0.56,0.69,10.639,25.0,0.207,0.137,17.89,25.86,-29.07,-1.94,1496.76,0.52,0.62,0.27,3.0,0.64,-53.36,-2.98,1788.91,0.61,884.726,41.86,4.0,43.0
rif_fastrot_d0d27a57e4302dd0dd5ebafbde421892_0001_1_000000004_0001,FGFR2,0,Cao et al FGFR2,65.0,0.016,0.051,0.013,0.136,0.32,0.41,0.63,13.716,25.0,0.109,0.062,19.56,24.13,-30.15,-2.27,1326.89,0.65,0.65,0.23,2.0,0.7,-58.4,-3.59,1627.51,0.69,773.468,45.714,2.0,35.0
rif_fastrot_ems_ferrM_1916_000000003_0001_0001,FGFR2,0,Cao et al FGFR2,64.0,0.197,0.217,0.114,0.314,0.54,0.58,0.72,9.321,3.2,0.221,0.141,24.65,25.15,-43.79,-2.55,1715.48,0.69,0.69,0.18,2.0,0.7,-55.01,-3.31,1661.36,0.71,902.325,52.174,2.0,46.0
rif_fastrot_ems_ferrM_7241_0002_000000011_0001_0001,FGFR2,0,Cao et al FGFR2,64.0,0.148,0.18,0.086,0.281,0.44,0.53,0.68,10.337,4.0,0.166,0.136,21.84,26.0,-43.77,-2.94,1491.35,0.67,0.62,0.26,3.0,0.64,-55.09,-3.36,1638.48,0.63,824.508,46.512,3.0,43.0
rif_normal_0755cb22fba3374d81eace318e53680c_0001_000000001_0001_0001,FGFR2,0,Cao et al FGFR2,65.0,0.152,0.16,0.078,0.29,0.5,0.52,0.7,10.531,3.8,0.162,0.127,3.47,2.79,-39.02,-3.04,1281.51,0.71,0.59,0.07,2.0,0.7,-47.99,-3.02,1586.71,0.62,814.963,51.163,2.0,43.0
rif_normal_EHEE_hb1_1671_000000029_0001_0001,FGFR2,0,Cao et al FGFR2,65.0,0.013,0.013,0.012,0.073,0.21,0.25,0.58,17.472,25.0,0.091,0.019,29.3,33.09,-35.97,-2.43,1478.28,0.59,0.62,0.17,0.0,0.79,-64.1,-3.23,1983.4,0.68,936.316,40.0,4.0,45.0
rif_normal_EHEE_hb1_2125_000000012_1_0001_0001,FGFR2,0,Cao et al FGFR2,65.0,0.014,0.015,0.013,0.122,0.23,0.33,0.6,15.485,25.0,0.099,0.041,22.16,27.21,-36.49,-2.72,1343.92,0.62,0.71,0.17,1.0,0.7,-44.98,-2.55,1764.56,0.63,731.902,58.333,1.0,36.0
rif_normal_EHEE_hb1_309_000000001_0001_0001,FGFR2,0,Cao et al FGFR2,65.0,0.019,0.033,0.015,0.161,0.38,0.41,0.65,13.177,25.0,0.222,0.049,23.82,26.32,-39.22,-2.26,1736.96,0.47,0.55,0.21,3.0,0.7,-56.28,-3.06,1839.1,0.63,978.025,47.917,2.0,48.0
rif_normal_EHEE_hb1_440_000000003_0001_0001,FGFR2,0,Cao et al FGFR2,65.0,0.0,0.0,0.0,0.0,0.2,0.23,0.57,18.936,25.0,0.0,0.0,27.95,25.8,-57.67,-2.89,1998.77,0.66,0.59,0.21,5.0,0.7,-44.29,-2.73,1620.76,0.74,1154.485,46.552,6.0,58.0
rif_normal_EHEE_hb1_6238_000000029_0001_0001,FGFR2,0,Cao et al FGFR2,65.0,0.061,0.106,0.028,0.226,0.41,0.45,0.67,12.223,5.4,0.135,0.08,16.17,9.47,-36.62,-2.16,1699.26,0.67,0.63,0.12,1.0,0.73,-54.07,-3.1,1743.72,0.66,829.542,48.889,2.0,45.0
rif_normal_EHEE_hb1_6639_000000000_0001_0001,FGFR2,0,Cao et al FGFR2,65.0,0.016,0.016,0.014,0.145,0.29,0.31,0.61,15.812,25.0,0.109,0.032,20.86,28.25,-47.29,-3.2,1479.85,0.71,0.6,0.17,4.0,0.72,-59.19,-3.31,1786.78,0.67,758.933,52.273,0.0,44.0
rif_normal_ems_3hM_487_000000001_0001_0001,FGFR2,0,Cao et al FGFR2,62.0,0.017,0.036,0.014,0.163,0.28,0.37,0.63,13.668,25.0,0.096,0.066,20.71,21.63,-38.71,-2.92,1324.83,0.53,0.6,0.09,3.0,0.76,-56.23,-3.51,1601.67,0.61,788.095,48.649,1.0,37.0
rif_normal_ems_ferrM_6930_0001_000000002_0001_0001,FGFR2,0,Cao et al FGFR2,60.0,0.0,0.0,0.0,0.0,0.16,0.16,0.57,21.995,25.0,0.0,0.0,23.25,22.4,-32.15,-2.42,1327.07,0.58,0.72,0.12,4.0,0.76,-55.38,-3.3,1678.48,0.64,749.948,40.0,5.0,40.0
rif_normal_proteinG_2817_000000008_0001_0001,FGFR2,0,Cao et al FGFR2,57.0,0.441,0.528,0.21,0.435,0.73,0.75,0.81,7.558,1.4,0.208,0.335,18.63,30.4,-40.05,-2.73,1468.74,0.64,0.59,0.39,1.0,0.7,-56.15,-3.14,1789.82,0.64,806.324,47.619,2.0,42.0
theraven_sequence45,EGFR,0,Adaptyv binder comp round 1,71.0,0.448,0.62,0.213,0.394,0.89,0.89,0.7,13.638,2.2,0.473,0.634,44.92,38.39,-62.53,-3.1,2017.65,0.76,0.66,0.17,6.0,0.58,-32.72,-1.56,2098.16,0.57,1123.609,50.877,9.0,57.0
theraven_sequence50,EGFR,0,Adaptyv binder comp round 1,71.0,0.399,0.6,0.198,0.393,0.87,0.87,0.7,14.026,2.1,0.459,0.591,49.48,47.86,-60.69,-2.96,2050.05,0.68,0.68,0.17,3.0,0.51,-25.29,-1.83,1383.54,0.59,1154.398,48.214,6.0,56.0
v_tararina_binder_3,EGFR,0,Adaptyv binder comp round 1,86.0,0.428,0.58,0.233,0.381,0.86,0.86,0.67,15.618,2.5,0.487,0.522,38.71,43.71,-52.92,-2.11,2507.54,0.55,0.55,0.31,6.0,0.55,-55.36,-1.91,2896.27,0.58,1411.844,48.611,8.0,72.0
x_rustamov_m_11_0,EGFR,0,Adaptyv binder comp round 1,100.0,0.56,0.653,0.302,0.433,0.89,0.89,0.68,14.942,1.9,0.547,0.624,39.27,45.97,-71.36,-2.48,2879.84,0.59,0.65,0.22,12.0,0.51,-69.67,-1.85,3774.97,0.62,1657.926,34.667,12.0,75.0
zalavi_egfr_binder8,EGFR,0,Adaptyv binder comp round 1,56.0,0.0,0.0,0.0,0.0,0.23,0.26,0.58,27.192,25.0,0.0,0.0,74.69,67.32,-38.78,-2.55,1520.87,0.58,0.67,0.24,4.0,0.66,-58.61,-2.5,2346.17,0.59,851.5,42.553,8.0,47.0
zalavi_zalavi3_mergedaltered_rustamov,EGFR,0,Adaptyv binder comp round 2,244.0,0.291,0.465,0.162,0.252,0.58,0.58,0.56,17.918,3.1,0.632,0.296,66.41,52.95,-102.2,-2.1,4856.89,0.55,0.64,0.16,21.0,0.61,-72.29,-2.21,3265.22,0.61,2649.262,32.609,23.0,138.0
2bnr_11_6_2_13,pMHC_NY1,0,pMHC screening NY1,116.0,0.584,0.807,0.378,0.704,0.94,0.94,0.95,4.181,1.1,0.332,0.907,1.29,1.69,-63.37,-2.29,2768.33,0.58,0.59,0.19,10.0,0.61,-61.14,-2.13,2869.84,0.64,1411.396,44.444,9.0,63.0
2bnr_24_88_2_17,pMHC_NY1,0,pMHC screening NY1,114.0,0.436,0.661,0.279,0.598,0.91,0.92,0.93,5.432,1.6,0.382,0.789,1.32,1.34,-57.6,-2.41,2393.71,0.66,0.67,0.36,4.0,0.64,-61.29,-2.34,2624.65,0.67,1349.518,44.928,9.0,69.0
2bnr_27_7_3_9_temp001_dldesign_156_af2pred,pMHC_NY1,0,pMHC screening NY2,145.0,0.599,0.833,0.391,0.674,0.94,0.94,0.95,4.328,1.0,0.442,0.918,0.97,1.24,-61.91,-2.29,2707.94,0.57,0.68,0.19,11.0,0.59,-67.43,-2.32,2912.39,0.69,1524.795,41.096,15.0,73.0
2bnr_27_7_3_9_temp001_dldesign_183_af2pred,pMHC_NY1,0,pMHC screening NY2,145.0,0.629,0.861,0.418,0.702,0.95,0.95,0.95,3.959,0.9,0.461,0.934,0.93,1.37,-78.15,-2.69,2905.87,0.66,0.69,0.34,14.0,0.63,-74.34,-2.51,2959.18,0.72,1477.379,46.479,13.0,71.0
2bnr_9_15_3_23,pMHC_NY1,0,pMHC screening NY1,138.0,0.348,0.55,0.215,0.458,0.87,0.89,0.9,7.056,1.9,0.33,0.645,1.2,1.72,-57.42,-2.07,2772.36,0.56,0.68,0.39,5.0,0.55,-64.57,-2.29,2823.75,0.64,1489.73,44.737,9.0,76.0
AKAP9_binder_11,pMHC_SILSY1,0,pMHC screening SILSY1,124.0,0.5,0.695,0.328,0.564,0.93,0.94,0.94,4.907,1.0,0.429,0.844,1.19,2.05,-68.53,-2.29,2987.33,0.67,0.69,0.13,11.0,0.63,-64.39,-2.16,2980.53,0.65,1561.016,36.986,12.0,73.0
AKAP9_binder_12_renumb_11_dldesign_0_af2pred,pMHC_SILSY1,0,pMHC screening SILSY1,124.0,0.595,0.798,0.383,0.694,0.94,0.95,0.95,3.975,1.0,0.358,0.91,2.95,2.32,-61.35,-2.46,2490.7,0.57,0.61,0.31,14.0,0.49,-57.66,-2.04,2821.27,0.67,1445.076,37.143,8.0,70.0
AKAP9_binder_15,pMHC_SILSY1,1,pMHC screening SILSY1,124.0,0.655,0.84,0.433,0.726,0.95,0.95,0.96,3.576,0.9,0.418,0.939,1.28,1.54,-62.73,-2.27,2758.14,0.57,0.64,0.16,10.0,0.65,-78.32,-2.47,3176.07,0.53,1528.27,40.278,13.0,72.0
AKAP9_binder_19_dldesign_12_af2pred,pMHC_SILSY1,0,pMHC screening SILSY1,146.0,0.646,0.845,0.43,0.715,0.95,0.96,0.95,3.641,0.9,0.42,0.933,0.98,1.24,-83.92,-2.67,3138.8,0.67,0.63,0.39,14.0,0.58,-76.93,-2.46,3123.91,0.57,1557.633,45.349,16.0,86.0
AKAP9_binder_20,pMHC_SILSY1,0,pMHC screening SILSY1,124.0,0.612,0.814,0.389,0.691,0.94,0.94,0.94,4.142,0.9,0.435,0.922,1.13,1.28,-76.75,-2.5,3066.54,0.66,0.61,0.24,13.0,0.63,-78.23,-2.47,3162.91,0.62,1668.898,41.333,11.0,75.0
AKAP9_binder_21_dldesign_9_af2pred,pMHC_SILSY1,0,pMHC screening SILSY1,124.0,0.629,0.84,0.409,0.716,0.95,0.95,0.95,3.749,0.9,0.399,0.928,2.51,3.65,-52.24,-1.82,2869.19,0.56,0.53,0.16,9.0,0.66,-63.32,-2.22,2858.11,0.64,1542.635,30.882,15.0,68.0
EEHEE_10109_000000013_0001,VirB8,0,Cao et al VirB8,65.0,0.324,0.327,0.159,0.304,0.65,0.69,0.83,8.555,2.9,0.289,0.376,48.78,25.02,-43.06,-3.14,1372.47,0.74,0.71,0.25,1.0,0.68,-57.61,-3.86,1492.11,0.67,778.774,51.282,3.0,39.0
EEHEE_12482_000000025_0001,VirB8,0,Cao et al VirB8,65.0,0.013,0.015,0.012,0.068,0.28,0.29,0.7,18.393,25.0,0.045,0.027,3.27,3.86,-37.28,-2.54,1465.94,0.57,0.53,0.19,4.0,0.73,-64.87,-4.05,1602.3,0.72,763.399,52.778,7.0,36.0
EEHEE_22825_000000037_0001,VirB8,1,Cao et al VirB8,65.0,0.042,0.055,0.018,0.183,0.38,0.46,0.73,13.886,5.7,0.089,0.05,45.24,22.61,-39.93,-2.5,1598.17,0.5,0.64,0.24,6.0,0.75,-62.66,-3.97,1576.8,0.69,899.679,47.619,6.0,42.0
Grafting_Motif0042_bcov_4helix_06948_0001_0002,FGFR2,0,Cao et al FGFR2,65.0,0.014,0.015,0.013,0.116,0.25,0.27,0.61,16.323,25.0,0.084,0.024,3.44,4.54,-38.64,-2.38,1624.84,0.66,0.65,0.27,1.0,0.63,-47.79,-2.93,1631.33,0.63,845.699,51.22,1.0,41.0
Grafting_Motif0042_ems_4hM_4387_0001_0001,FGFR2,0,Cao et al FGFR2,63.0,0.015,0.021,0.013,0.122,0.29,0.32,0.64,15.188,25.0,0.107,0.04,11.16,18.0,-38.04,-2.54,1500.04,0.62,0.63,0.07,2.0,0.7,-69.54,-3.89,1787.59,0.69,866.916,56.522,3.0,46.0
Grafting_Motif0070_ems_3hM_465_0001_0001,FGFR2,1,Cao et al FGFR2,64.0,0.047,0.071,0.021,0.236,0.36,0.39,0.64,12.487,4.5,0.167,0.059,8.45,9.49,-34.66,-1.98,1748.07,0.59,0.6,0.13,3.0,0.71,-69.95,-3.43,2039.37,0.7,911.305,46.667,0.0,45.0
Grafting_Motif0072_ems_3hM_2299_0001_0002,FGFR2,0,Cao et al FGFR2,61.0,0.015,0.057,0.013,0.138,0.41,0.43,0.67,12.974,25.0,0.145,0.055,18.15,14.55,-52.14,-2.94,1772.0,0.7,0.6,0.18,2.0,0.77,-83.66,-4.47,1872.07,0.68,959.646,55.556,4.0,45.0
Grafting_Motif0072_ems_4hM_2829_0001_0002,FGFR2,0,Cao et al FGFR2,64.0,0.162,0.247,0.102,0.316,0.58,0.59,0.74,9.41,4.3,0.299,0.211,19.32,18.81,-44.24,-2.76,1600.78,0.64,0.66,0.14,6.0,0.69,-59.93,-3.38,1771.49,0.66,830.449,50.0,3.0,44.0
Grafting_Motif0077_bcov_4helix_01177_0001,FGFR2,0,Cao et al FGFR2,65.0,0.505,0.545,0.288,0.598,0.75,0.77,0.8,5.932,1.5,0.277,0.583,3.27,3.07,-50.3,-3.26,1544.16,0.71,0.64,0.19,3.0,0.78,-63.62,-4.01,1588.17,0.69,810.972,50.0,5.0,38.0
Grafting_Motif0111_ems_3hC_123_0002_0001,FGFR2,1,Cao et al FGFR2,63.0,0.017,0.036,0.014,0.169,0.31,0.36,0.63,14.527,25.0,0.128,0.039,21.78,24.66,-41.27,-2.27,1815.63,0.63,0.56,0.17,5.0,0.75,-63.44,-4.21,1505.55,0.69,796.723,57.5,0.0,40.0
Grafting_Motif0176_bcov_4helix_03259_0001,FGFR2,0,Cao et al FGFR2,65.0,0.258,0.281,0.154,0.353,0.62,0.64,0.73,8.909,3.2,0.159,0.327,18.86,19.33,-41.6,-3.0,1385.17,0.63,0.57,0.24,5.0,0.77,-66.24,-3.76,1763.45,0.7,662.104,53.846,6.0,39.0
Grafting_Motif0176_ems_3hM_808_0001,FGFR2,1,Cao et al FGFR2,63.0,0.016,0.019,0.014,0.156,0.28,0.29,0.62,15.274,25.0,0.114,0.038,21.57,23.24,-37.84,-2.25,1681.59,0.57,0.6,0.09,4.0,0.73,-69.37,-3.83,1812.54,0.63,806.876,46.154,3.0,39.0
Grafting_Motif0184_ems_3hM_1078_0001_0002,FGFR2,0,Cao et al FGFR2,61.0,0.018,0.022,0.015,0.183,0.28,0.32,0.62,14.063,25.0,0.098,0.059,23.34,22.46,-36.93,-2.49,1480.21,0.58,0.64,0.17,3.0,0.7,-72.91,-3.58,2036.1,0.7,786.364,45.714,1.0,35.0
Grafting_Motif0253_ems_3hC_1239_0002_0001_0002,FGFR2,0,Cao et al FGFR2,62.0,0.014,0.017,0.013,0.144,0.29,0.29,0.62,15.44,25.0,0.072,0.035,2.47,2.63,-39.14,-2.9,1350.14,0.74,0.6,0.15,1.0,0.75,-58.93,-3.81,1545.67,0.71,711.712,45.455,2.0,33.0
Grafting_Motif0263_ems_3hC_897_0002_0001_0002,FGFR2,1,Cao et al FGFR2,61.0,0.069,0.078,0.019,0.172,0.41,0.41,0.68,12.014,25.0,0.131,0.072,21.67,24.06,-32.87,-2.72,1207.88,0.7,0.59,0.07,4.0,0.69,-67.19,-3.68,1825.26,0.64,698.164,55.263,3.0,38.0
Grafting_Motif0324_ems_3hM_2056_0001,FGFR2,0,Cao et al FGFR2,63.0,0.073,0.074,0.023,0.177,0.34,0.45,0.65,12.902,25.0,0.096,0.07,26.38,23.87,-41.05,-2.65,1550.22,0.64,0.56,0.15,1.0,0.75,-66.75,-3.78,1766.85,0.7,831.564,48.78,3.0,41.0
Grafting_Motif0388_bcov_4helix_06594_0001,FGFR2,0,Cao et al FGFR2,65.0,0.133,0.146,0.075,0.26,0.46,0.47,0.67,10.575,4.1,0.172,0.12,6.3,7.9,-42.01,-2.87,1461.93,0.69,0.63,0.18,4.0,0.75,-59.05,-3.4,1735.33,0.67,744.801,57.895,3.0,38.0
Grafting_Motif0388_ems_3hM_235_0001,FGFR2,0,Cao et al FGFR2,64.0,0.038,0.077,0.016,0.186,0.35,0.37,0.65,12.722,4.5,0.07,0.065,20.46,20.8,-35.77,-2.46,1453.58,0.59,0.57,0.07,5.0,0.74,-74.57,-3.52,2118.64,0.67,687.978,51.429,3.0,35.0
Grafting_Motif0394_p1_15H_GBL_16H_GABBL_16H_0398_0001_0001_0001_0001_0002,FGFR2,0,Cao et al FGFR2,55.0,0.019,0.029,0.016,0.205,0.33,0.34,0.64,13.908,5.2,0.112,0.055,19.79,25.45,-35.76,-2.83,1261.76,0.52,0.63,0.26,2.0,0.76,-62.0,-3.93,1578.03,0.73,667.134,48.571,2.0,35.0
Grafting_Motif0413_p1_14H_GBL_14H_GBL_15H_0164_0001_0001_0002_0001_0002,FGFR2,0,Cao et al FGFR2,49.0,0.126,0.191,0.069,0.298,0.56,0.6,0.75,9.686,3.8,0.198,0.188,19.13,24.55,-42.33,-3.16,1340.72,0.76,0.69,0.2,1.0,0.67,-59.75,-3.55,1684.32,0.65,737.708,48.649,1.0,37.0
Grafting_Motif0413_p1_14H_GBL_16H_GABBL_15H_0072_0001_0001_0002_0001,FGFR2,0,Cao et al FGFR2,53.0,0.016,0.035,0.013,0.147,0.34,0.36,0.65,12.931,5.4,0.097,0.047,8.9,8.59,-42.33,-3.08,1375.55,0.57,0.6,0.14,4.0,0.7,-69.21,-3.8,1822.47,0.61,776.74,47.727,2.0,44.0
Grafting_Motif0666_bcov_4helix_08583_0001,FGFR2,1,Cao et al FGFR2,65.0,0.333,0.374,0.204,0.469,0.67,0.71,0.79,6.956,2.4,0.33,0.418,3.66,4.51,-47.22,-3.12,1515.27,0.61,0.62,0.07,3.0,0.75,-64.33,-3.87,1660.76,0.7,833.745,51.22,5.0,41.0
Grafting_Motif1153_HHH_eva_0727_0001,FGFR2,0,Cao et al FGFR2,53.0,0.015,0.02,0.014,0.148,0.32,0.37,0.65,13.005,25.0,0.076,0.049,18.1,20.19,-30.7,-2.6,1182.16,0.59,0.6,0.15,1.0,0.72,-62.82,-3.68,1705.26,0.68,730.048,51.351,2.0,37.0
Grafting_Motif1153_bcov_4helix_13335_0001,FGFR2,0,Cao et al FGFR2,65.0,0.013,0.027,0.012,0.086,0.3,0.33,0.63,14.683,25.0,0.075,0.035,16.41,28.67,-32.59,-2.24,1456.7,0.55,0.58,0.36,2.0,0.78,-63.98,-3.76,1700.77,0.73,801.872,56.757,1.0,37.0
HEEHE_0510_000000008_0001,FGFR2,1,Cao et al FGFR2,65.0,0.016,0.019,0.014,0.163,0.29,0.3,0.62,14.795,25.0,0.094,0.038,21.5,21.33,-43.79,-2.89,1515.75,0.59,0.63,0.14,3.0,0.76,-76.8,-4.14,1857.41,0.72,698.376,55.263,1.0,38.0
HEEHE_1768_000000008_0001,FGFR2,0,Cao et al FGFR2,65.0,0.215,0.22,0.124,0.296,0.59,0.61,0.73,9.648,3.0,0.178,0.18,18.57,17.84,-50.36,-3.31,1521.54,0.74,0.61,0.13,1.0,0.75,-63.69,-3.5,1820.62,0.64,789.827,53.846,2.0,39.0
HEEHE_1890_000000008_0001,FGFR2,0,Cao et al FGFR2,65.0,0.015,0.018,0.013,0.152,0.29,0.34,0.62,15.006,25.0,0.093,0.039,12.58,12.98,-35.96,-2.76,1303.87,0.6,0.64,0.28,2.0,0.75,-54.31,-3.5,1552.4,0.7,676.045,54.054,2.0,37.0
IL7Ra_binder_AF2_42,IL7Ra,0,IL7Ra Watson et al,51.0,0.617,0.804,0.338,0.683,0.9,0.9,0.91,4.092,1.1,0.3,0.871,1.92,4.37,-36.23,-2.8,1294.09,0.68,0.65,0.13,3.0,0.69,-45.58,-3.32,1373.68,0.58,694.489,48.571,5.0,35.0
IL7Ra_binder_AF2_64,IL7Ra,0,IL7Ra Watson et al,70.0,0.583,0.705,0.34,0.54,0.85,0.85,0.89,5.702,1.3,0.245,0.675,1.47,1.55,-47.69,-2.77,1720.94,0.58,0.62,0.09,5.0,0.69,-48.72,-3.2,1524.56,0.65,992.263,46.809,6.0,47.0
IL7Ra_binder_AF2_70,IL7Ra,1,IL7Ra Watson et al,65.0,0.67,0.76,0.366,0.609,0.89,0.89,0.9,5.192,1.0,0.26,0.867,1.58,1.33,-39.87,-3.01,1322.66,0.61,0.71,0.23,4.0,0.61,-43.63,-3.08,1414.5,0.67,733.686,45.714,7.0,35.0
IL7Ra_binder_AF2_80,IL7Ra,0,IL7Ra Watson et al,91.0,0.525,0.578,0.321,0.494,0.8,0.81,0.87,6.45,2.0,0.392,0.65,1.46,1.94,-42.68,-2.22,1918.97,0.53,0.52,0.19,1.0,0.59,-46.46,-2.35,1981.31,0.58,1005.488,46.939,9.0,49.0
IL7Ra_binder_AF2_85,IL7Ra,0,IL7Ra Watson et al,91.0,0.682,0.758,0.412,0.617,0.86,0.87,0.89,5.036,1.2,0.329,0.82,2.05,2.45,-52.5,-3.56,1474.77,0.74,0.65,0.17,6.0,0.71,-51.46,-3.31,1556.96,0.61,787.882,56.098,3.0,41.0
Insulin_receptor_binder_AF2_34,InsulinR,0,InsulinR Watson et al,88.0,0.578,0.632,0.356,0.586,0.81,0.82,0.88,5.544,2.1,0.327,0.634,2.22,2.47,-51.63,-2.63,1960.16,0.65,0.6,0.03,3.0,0.65,-60.52,-3.04,1991.16,0.61,1141.959,44.444,8.0,54.0
Insulin_receptor_binder_AF2_44,InsulinR,0,InsulinR Watson et al,65.0,0.313,0.439,0.2,0.387,0.63,0.71,0.83,7.191,2.9,0.13,0.521,3.62,4.26,-42.24,-2.9,1457.48,0.66,0.63,0.16,2.0,0.62,-42.3,-2.98,1419.36,0.56,778.944,40.476,4.0,42.0
Insulin_receptor_binder_AF2_51,InsulinR,0,InsulinR Watson et al,63.0,0.335,0.514,0.189,0.45,0.74,0.74,0.85,7.212,2.5,0.091,0.64,2.84,2.44,-41.26,-3.11,1326.19,0.73,0.63,0.19,3.0,0.61,-40.11,-3.28,1222.17,0.62,707.892,37.143,8.0,35.0
Insulin_receptor_binder_AF2_68,InsulinR,0,InsulinR Watson et al,65.0,0.635,0.756,0.384,0.646,0.85,0.87,0.9,4.639,1.3,0.16,0.866,3.89,4.31,-37.19,-2.93,1268.26,0.61,0.7,0.16,4.0,0.61,-31.81,-2.38,1337.82,0.65,699.45,47.5,6.0,40.0
Insulin_receptor_binder_AF2_82,InsulinR,0,InsulinR Watson et al,82.0,0.454,0.535,0.284,0.497,0.74,0.76,0.85,6.556,2.0,0.262,0.6,7.22,6.83,-50.39,-2.79,1809.15,0.68,0.59,0.15,7.0,0.72,-66.38,-3.32,1999.75,0.59,1093.217,36.364,10.0,55.0
Insulin_receptor_binder_AF2_95,InsulinR,0,InsulinR Watson et al,77.0,0.699,0.777,0.425,0.663,0.87,0.88,0.89,4.525,1.2,0.436,0.81,1.81,2.05,-56.18,-2.94,1909.34,0.61,0.62,0.19,6.0,0.68,-62.61,-2.81,2228.45,0.59,1239.535,35.484,10.0,62.0
Motif0003_bcov_4helix_11806_0001_0002_7942_0001,FGFR2,0,Cao et al FGFR2,65.0,0.091,0.132,0.027,0.18,0.41,0.51,0.68,11.546,25.0,0.139,0.097,17.33,12.46,-37.73,-2.41,1564.39,0.51,0.5,0.3,2.0,0.75,-71.13,-3.96,1794.57,0.65,870.613,51.111,0.0,45.0
Motif0004_HEEHE_1475_0001_1657_0001,FGFR2,0,Cao et al FGFR2,65.0,0.016,0.021,0.014,0.133,0.3,0.33,0.63,15.243,25.0,0.07,0.069,24.15,22.56,-37.76,-3.39,1112.93,0.69,0.61,0.14,2.0,0.76,-73.31,-4.11,1782.96,0.66,572.781,51.613,1.0,31.0
Motif0004_bcov_4helix_02964_0001_0002_8196_0001,FGFR2,0,Cao et al FGFR2,65.0,0.012,0.013,0.011,0.064,0.26,0.31,0.61,16.679,25.0,0.093,0.028,16.27,18.28,-27.52,-2.41,1141.13,0.54,0.57,0.24,1.0,0.79,-61.27,-3.75,1635.13,0.69,654.91,55.263,0.0,38.0
Motif0005_ems_ferrM_4235_0001_0001_7210_0001,FGFR2,0,Cao et al FGFR2,64.0,0.016,0.032,0.013,0.142,0.33,0.35,0.64,14.484,25.0,0.098,0.039,18.65,19.26,-43.89,-3.15,1395.51,0.73,0.67,0.28,0.0,0.75,-56.89,-3.98,1429.08,0.65,756.289,65.714,3.0,35.0
Motif0018_bcov_4helix_12111_0001_0001_2473_0001,FGFR2,0,Cao et al FGFR2,65.0,0.015,0.015,0.012,0.107,0.26,0.27,0.61,16.728,25.0,0.104,0.023,12.94,13.8,-36.42,-2.46,1482.8,0.56,0.61,0.37,1.0,0.79,-63.0,-3.82,1647.34,0.72,750.729,60.0,1.0,40.0
Motif0021_HEEHE_1695_0001_0003_3090_0001,FGFR2,0,Cao et al FGFR2,65.0,0.017,0.059,0.013,0.137,0.33,0.4,0.63,14.063,25.0,0.054,0.071,12.81,16.12,-27.2,-2.84,959.29,0.73,0.66,0.1,1.0,0.74,-68.61,-3.68,1865.42,0.63,576.868,59.375,0.0,32.0
Motif0029_ems_3hM_255_0001_0001,EGFR,0,Cao et al EGFR,61.0,0.014,0.015,0.012,0.115,0.42,0.45,0.8,13.595,25.0,0.132,0.07,26.87,24.79,-29.98,-2.26,1328.11,0.52,0.6,0.06,3.0,0.66,-54.82,-2.83,1937.45,0.71,562.295,45.161,2.0,31.0
Motif0037_bcov_4helix_06785_0001_8004_0001,FGFR2,0,Cao et al FGFR2,65.0,0.703,0.73,0.393,0.687,0.87,0.87,0.87,4.558,1.0,0.386,0.715,11.42,15.59,-47.45,-2.82,1682.05,0.6,0.49,0.18,3.0,0.76,-60.67,-3.48,1744.56,0.69,988.273,60.417,3.0,48.0
Motif0042_HHH_eva_0607_0001_2687_0001,FGFR2,0,Cao et al FGFR2,50.0,0.084,0.116,0.054,0.259,0.43,0.43,0.71,10.601,25.0,0.114,0.114,11.91,10.09,-37.34,-2.49,1500.87,0.57,0.66,0.16,3.0,0.75,-71.97,-3.88,1855.14,0.7,793.395,51.282,4.0,39.0
Motif0042_p1_16H_GBL_16H_GABBL_15H_0060_0001_0001_0002_0001_0001_2553_0001,FGFR2,0,Cao et al FGFR2,55.0,0.016,0.025,0.014,0.162,0.32,0.35,0.64,14.38,6.6,0.119,0.043,20.54,24.45,-26.15,-1.72,1524.71,0.48,0.6,0.16,3.0,0.74,-66.94,-3.49,1915.68,0.71,812.589,54.545,1.0,44.0
Motif0082_bcov_4helix_14490_0001_0001_8620_0001,FGFR2,0,Cao et al FGFR2,65.0,0.015,0.018,0.013,0.119,0.28,0.32,0.62,15.055,25.0,0.071,0.035,19.86,21.26,-29.98,-1.98,1511.81,0.59,0.48,0.18,3.0,0.7,-60.03,-3.67,1637.75,0.62,789.884,51.282,1.0,39.0
Motif0087_HHH_eva_0002_0001_0001_3217_0001,FGFR2,0,Cao et al FGFR2,63.0,0.315,0.412,0.171,0.46,0.66,0.7,0.77,7.334,2.2,0.268,0.365,2.53,3.26,-48.18,-2.93,1641.66,0.71,0.64,0.09,7.0,0.71,-66.09,-3.46,1912.31,0.63,769.372,51.22,5.0,41.0
Motif0122_ems_3hM_2646_0001_0004_0001,EGFR,0,Cao et al EGFR,61.0,0.062,0.078,0.023,0.151,0.49,0.51,0.82,11.44,25.0,0.157,0.08,7.72,8.32,-35.91,-2.04,1757.77,0.56,0.58,0.07,6.0,0.67,-52.61,-2.89,1821.67,0.68,1055.361,46.809,6.0,47.0
Motif0157_ems_3hM_2337_0001_0002_8998_0001,FGFR2,0,Cao et al FGFR2,61.0,0.014,0.019,0.013,0.117,0.29,0.33,0.63,14.578,25.0,0.067,0.051,20.17,18.45,-30.3,-2.54,1194.3,0.69,0.61,0.13,2.0,0.71,-69.64,-3.56,1957.51,0.65,720.069,55.556,3.0,36.0
Motif0163_bcov_4helix_11625_0001_0001,EGFR,0,Cao et al EGFR,65.0,0.0,0.0,0.0,0.0,0.25,0.27,0.76,18.536,25.0,0.0,0.0,11.89,12.97,-32.21,-1.92,1676.7,0.65,0.59,0.23,3.0,0.71,-58.84,-3.56,1652.9,0.67,825.198,42.5,4.0,40.0
Motif0165_bcov_4helix_07113_0001_9773_0001,FGFR2,0,Cao et al FGFR2,65.0,0.083,0.121,0.036,0.214,0.43,0.46,0.68,12.78,4.8,0.167,0.077,6.86,5.16,-45.52,-2.92,1560.67,0.59,0.6,0.16,4.0,0.74,-59.31,-4.45,1333.05,0.71,914.876,53.191,0.0,47.0
Motif0182_ems_3hM_250_0001_4958_0001,FGFR2,1,Cao et al FGFR2,63.0,0.767,0.825,0.464,0.732,0.9,0.9,0.91,3.434,0.8,0.549,0.878,2.51,2.46,-70.48,-3.66,1926.74,0.76,0.67,0.07,5.0,0.73,-69.28,-3.57,1941.53,0.67,962.161,48.98,4.0,49.0
Motif0202_HHH_eva_0327_0001_0001,SARS_CoV2_RBD,0,Cao et al SARS_CoV2_RBD,63.0,0.0,0.0,0.0,0.0,0.17,0.19,0.71,22.084,25.0,0.0,0.0,12.93,10.93,-29.08,-2.21,1317.33,0.6,0.64,0.22,3.0,0.64,-68.86,-3.54,1945.56,0.66,780.435,37.778,2.0,45.0
Motif0207_ems_3hM_2046_0001_0002_3354_0001,FGFR2,0,Cao et al FGFR2,63.0,0.015,0.018,0.014,0.15,0.28,0.33,0.62,13.691,25.0,0.117,0.046,18.93,24.08,-41.22,-2.5,1651.17,0.58,0.6,0.08,2.0,0.78,-72.44,-3.94,1838.87,0.69,821.286,54.348,1.0,46.0
Motif0328_bcov_4helix_04239_0001_0001,EGFR,0,Cao et al EGFR,65.0,0.0,0.0,0.0,0.0,0.16,0.16,0.69,23.671,25.0,0.0,0.0,20.35,27.57,-32.49,-1.73,1874.26,0.63,0.48,0.15,4.0,0.71,-59.51,-3.33,1785.19,0.67,963.205,46.0,3.0,50.0
Motif0370_ems_3hM_1216_0001_0002_0001,InsulinR,0,Cao et al Insulin receptor,63.0,0.013,0.017,0.012,0.078,0.3,0.39,0.73,15.767,25.0,0.047,0.045,10.57,16.35,-42.96,-2.99,1437.25,0.73,0.61,0.16,2.0,0.64,-50.94,-3.1,1641.01,0.69,704.765,51.351,3.0,37.0
Motif0628_ems_3hM_2692_0001_0001_0001,EGFR,1,Cao et al EGFR,63.0,0.496,0.653,0.294,0.572,0.83,0.84,0.91,5.253,1.7,0.358,0.697,3.19,3.55,-40.95,-2.58,1590.15,0.75,0.64,0.07,3.0,0.72,-52.59,-2.93,1794.67,0.66,799.747,43.902,6.0,41.0
Motif0660_bcov_4helix_14636_0001_9064_0001,FGFR2,0,Cao et al FGFR2,65.0,0.176,0.188,0.093,0.293,0.5,0.53,0.68,9.784,3.7,0.115,0.118,3.64,4.36,-53.44,-3.61,1482.0,0.72,0.65,0.22,4.0,0.68,-55.88,-3.88,1440.06,0.61,804.991,60.976,2.0,41.0
Motif0727_bcov_4helix_01041_0001,SARS_CoV2_RBD,0,Cao et al SARS_CoV2_RBD,65.0,0.0,0.0,0.0,0.0,0.21,0.22,0.72,21.667,25.0,0.0,0.0,4.12,4.97,-42.96,-2.29,1875.49,0.59,0.66,0.15,8.0,0.65,-60.23,-3.11,1937.65,0.69,926.456,41.176,2.0,51.0
Motif0848_bcov_4helix_03761_0001_5904_0001,FGFR2,0,Cao et al FGFR2,65.0,0.416,0.477,0.217,0.441,0.7,0.71,0.76,7.946,1.5,0.167,0.428,5.6,5.39,-51.43,-3.59,1433.12,0.65,0.63,0.33,5.0,0.7,-66.85,-3.91,1708.09,0.7,720.804,57.895,4.0,38.0
Motif0889_bcov_4helix_06025_0001,SARS_CoV2_RBD,1,Cao et al SARS_CoV2_RBD,65.0,0.554,0.707,0.34,0.592,0.85,0.85,0.87,6.343,1.5,0.333,0.707,1.83,1.98,-54.86,-3.1,1769.62,0.71,0.76,0.23,6.0,0.75,-60.02,-3.49,1721.49,0.67,815.458,47.826,9.0,46.0
Motif1005_HEEHE_2751_0001_0001_8656_0001,FGFR2,0,Cao et al FGFR2,65.0,0.066,0.081,0.023,0.234,0.39,0.42,0.67,12.512,25.0,0.129,0.073,22.91,18.02,-42.09,-2.82,1495.15,0.64,0.66,0.13,1.0,0.77,-85.21,-4.41,1934.2,0.69,816.068,51.282,4.0,39.0
Motif1016_bcov_4helix_09446_0001_0001_5475_0001,FGFR2,0,Cao et al FGFR2,65.0,0.0,0.0,0.0,0.0,0.19,0.22,0.58,20.051,25.0,0.0,0.0,20.34,37.48,-31.83,-2.19,1455.47,0.49,0.52,0.36,3.0,0.69,-61.75,-3.69,1674.03,0.67,870.842,54.545,2.0,44.0
Motif1026_HEEHE_2496_0001_0002_2878_0001,FGFR2,0,Cao et al FGFR2,65.0,0.015,0.055,0.013,0.128,0.3,0.44,0.63,13.662,25.0,0.095,0.052,20.13,21.66,-51.08,-3.31,1541.44,0.74,0.63,0.22,4.0,0.74,-76.77,-4.17,1840.68,0.64,846.429,50.0,2.0,40.0
Motif1033_HEEHE_0892_0001_4645_0001,FGFR2,0,Cao et al FGFR2,65.0,0.064,0.087,0.023,0.195,0.41,0.44,0.65,12.493,5.1,0.124,0.07,19.51,18.08,-31.81,-2.33,1367.15,0.57,0.6,0.13,0.0,0.71,-56.37,-3.14,1797.53,0.69,757.874,51.282,0.0,39.0
Motif1050_HEEHE_1342_0001_8707_0001,FGFR2,0,Cao et al FGFR2,65.0,0.014,0.017,0.012,0.105,0.28,0.32,0.62,14.991,25.0,0.045,0.045,19.56,13.25,-30.43,-2.69,1129.67,0.66,0.56,0.2,4.0,0.72,-60.55,-3.33,1820.24,0.68,568.098,54.839,3.0,31.0
Motif1059_HHH_eva_0049_0001_0001_4635_0001,FGFR2,0,Cao et al FGFR2,61.0,0.185,0.221,0.116,0.315,0.57,0.6,0.73,9.201,3.1,0.282,0.181,15.08,11.3,-45.71,-2.87,1592.04,0.67,0.61,0.13,1.0,0.7,-72.95,-3.57,2042.11,0.7,979.577,61.702,2.0,47.0
Motif1061_HEEHE_0991_0001_9711_0001,FGFR2,0,Cao et al FGFR2,65.0,0.035,0.068,0.018,0.196,0.4,0.43,0.66,13.537,5.5,0.126,0.06,22.99,17.61,-40.99,-2.88,1425.28,0.64,0.59,0.2,1.0,0.68,-58.69,-3.31,1775.76,0.67,792.533,55.263,2.0,38.0
Motif1083_bcov_4helix_01109_0001_5467_0001,FGFR2,0,Cao et al FGFR2,65.0,0.013,0.016,0.012,0.089,0.26,0.28,0.61,15.96,25.0,0.065,0.03,12.57,25.4,-39.8,-2.78,1431.81,0.7,0.58,0.29,2.0,0.71,-56.92,-3.24,1759.55,0.7,714.268,56.41,3.0,39.0
Motif1086_HEEHE_1996_0001_4986_0001,FGFR2,0,Cao et al FGFR2,65.0,0.027,0.028,0.016,0.196,0.33,0.36,0.64,13.778,25.0,0.113,0.047,18.59,19.51,-45.05,-3.13,1441.26,0.72,0.61,0.18,2.0,0.75,-58.28,-3.49,1669.63,0.57,723.456,57.576,0.0,33.0
Motif1092_HHH_eva_0188_0001_0004_5886_0001,FGFR2,0,Cao et al FGFR2,60.0,0.021,0.034,0.016,0.209,0.35,0.36,0.66,13.204,25.0,0.125,0.039,20.79,16.52,-36.41,-2.54,1436.02,0.59,0.56,0.15,1.0,0.76,-75.55,-3.7,2042.78,0.72,720.949,64.103,0.0,39.0
Motif1093_HHH_b1_05865_0001,SARS_CoV2_RBD,0,Cao et al SARS_CoV2_RBD,55.0,0.0,0.0,0.0,0.0,0.19,0.23,0.72,22.062,25.0,0.0,0.0,15.67,34.05,-34.3,-2.35,1457.14,0.57,0.65,0.08,5.0,0.8,-55.94,-4.0,1400.22,0.76,784.364,34.043,2.0,47.0
Motif1096_bcov_4helix_06794_0001,SARS_CoV2_RBD,0,Cao et al SARS_CoV2_RBD,65.0,0.031,0.091,0.012,0.11,0.48,0.53,0.78,13.478,25.0,0.12,0.063,21.99,48.36,-35.41,-2.16,1637.03,0.68,0.67,0.26,5.0,0.67,-45.91,-2.85,1611.72,0.67,875.755,41.304,6.0,46.0
Motif1142_ems_3hM_3270_0001_9281_0001,FGFR2,0,Cao et al FGFR2,63.0,0.061,0.071,0.022,0.221,0.43,0.44,0.68,12.691,5.0,0.137,0.084,23.15,22.97,-40.23,-2.84,1417.93,0.67,0.58,0.07,5.0,0.78,-68.22,-3.86,1765.7,0.67,705.959,47.619,1.0,42.0
Motif1172_ems_3hM_596_0001_4604_0001,FGFR2,1,Cao et al FGFR2,63.0,0.551,0.648,0.309,0.632,0.8,0.82,0.85,4.845,1.5,0.287,0.659,4.13,5.0,-57.42,-3.61,1590.23,0.79,0.67,0.15,5.0,0.74,-79.61,-4.07,1955.78,0.69,760.732,48.718,2.0,39.0
Motif1188_ems_3hM_1084_0001_0002_7027_0001,FGFR2,0,Cao et al FGFR2,61.0,0.13,0.217,0.052,0.227,0.55,0.56,0.72,11.634,4.0,0.116,0.202,11.88,13.63,-36.36,-2.56,1419.77,0.69,0.65,0.13,3.0,0.78,-62.21,-3.63,1712.26,0.68,650.276,41.176,2.0,34.0
Motif1208_bcov_4helix_11255_0001_0001_5713_0001,FGFR2,0,Cao et al FGFR2,65.0,0.453,0.579,0.278,0.493,0.73,0.74,0.79,7.024,1.4,0.238,0.416,20.88,19.73,-49.45,-3.59,1377.62,0.75,0.68,0.13,2.0,0.71,-57.37,-3.26,1758.83,0.7,699.592,50.0,1.0,40.0
Motif1243_ems_3hM_2365_0001_7812_0001,FGFR2,0,Cao et al FGFR2,61.0,0.422,0.455,0.216,0.553,0.74,0.74,0.79,6.688,1.7,0.274,0.56,22.74,22.3,-38.82,-2.84,1364.78,0.63,0.68,0.07,6.0,0.67,-65.22,-3.45,1888.83,0.63,692.6,50.0,3.0,40.0
Motif1293_HHH_eva_0462_0001_2909_0001,FGFR2,0,Cao et al FGFR2,53.0,0.549,0.626,0.279,0.63,0.82,0.82,0.84,5.447,1.3,0.344,0.783,3.43,4.43,-43.11,-3.12,1380.78,0.71,0.65,0.17,6.0,0.76,-61.97,-3.55,1744.9,0.7,697.454,55.556,1.0,36.0
Motif1307_ems_3hC_793_0001_0001_0001_8719_0001,FGFR2,0,Cao et al FGFR2,60.0,0.034,0.072,0.017,0.2,0.38,0.42,0.66,12.33,4.8,0.149,0.087,21.37,22.48,-43.22,-3.11,1390.17,0.74,0.63,0.04,2.0,0.73,-61.87,-3.39,1825.26,0.59,845.698,52.632,1.0,38.0
Motif1332_HHH_b2_06553_0001_0002,SARS_CoV2_RBD,0,Cao et al SARS_CoV2_RBD,56.0,0.0,0.0,0.0,0.0,0.15,0.16,0.72,23.64,25.0,0.0,0.0,7.87,12.04,-29.93,-2.27,1317.12,0.58,0.67,0.12,1.0,0.67,-58.12,-3.4,1708.37,0.7,831.841,39.024,1.0,41.0
Motif1368_HHH_eva_0026_0001_0002_8724_0001,FGFR2,0,Cao et al FGFR2,60.0,0.042,0.068,0.019,0.227,0.4,0.41,0.68,12.488,25.0,0.133,0.041,5.24,5.69,-49.44,-2.61,1895.53,0.56,0.53,0.11,5.0,0.71,-81.22,-3.76,2161.68,0.69,1012.337,44.0,5.0,50.0
Motif1480_bcov_4helix_06057_0001_3518_0001,FGFR2,0,Cao et al FGFR2,65.0,0.014,0.016,0.012,0.084,0.25,0.3,0.61,15.965,25.0,0.071,0.025,19.59,13.25,-47.8,-3.41,1403.17,0.71,0.6,0.23,2.0,0.71,-75.95,-3.78,2007.79,0.58,874.336,50.0,7.0,44.0
NYESO_parent_binder_partial_10_2_155_dldesign_1_af2pred,pMHC_NY1,0,pMHC screening NY2,145.0,0.552,0.802,0.37,0.601,0.93,0.94,0.94,4.767,1.0,0.412,0.853,1.29,2.33,-61.15,-2.17,2814.68,0.59,0.67,0.41,10.0,0.67,-65.41,-2.28,2865.65,0.57,1464.689,43.056,15.0,72.0
NYESO_parent_binder_partial_10_2_312_dldesign_0_af2pred,pMHC_NY1,0,pMHC screening NY2,145.0,0.566,0.786,0.359,0.657,0.93,0.93,0.94,4.952,1.2,0.408,0.905,1.4,1.57,-73.05,-2.38,3064.22,0.62,0.56,0.42,11.0,0.61,-64.03,-2.12,3016.8,0.55,1614.686,43.421,11.0,76.0
NYESO_parent_binder_partial_20_3_344_dldesign_0_af2pred,pMHC_NY1,1,pMHC screening NY2,145.0,0.642,0.861,0.42,0.712,0.95,0.95,0.95,3.831,0.8,0.448,0.929,1.29,1.56,-84.87,-2.79,3038.03,0.68,0.7,0.47,13.0,0.65,-83.47,-2.69,3105.56,0.66,1527.102,48.649,8.0,74.0
Pdl1_binder_AF2_16,Pdl1,0,Pdl1 Watson et al,92.0,0.433,0.466,0.297,0.481,0.73,0.75,0.83,6.508,2.3,0.444,0.536,2.24,1.54,-55.06,-2.75,1998.62,0.68,0.73,0.14,11.0,0.66,-53.65,-2.78,1932.67,0.67,1056.339,35.185,10.0,54.0
Pdl1_binder_AF2_3,Pdl1,0,Pdl1 Watson et al,65.0,0.254,0.368,0.172,0.357,0.63,0.63,0.81,7.676,3.0,0.223,0.4,22.75,20.12,-28.64,-2.39,1198.16,0.56,0.72,0.29,3.0,0.7,-43.12,-2.88,1496.37,0.68,723.646,42.105,8.0,38.0
Pdl1_binder_AF2_33,Pdl1,0,Pdl1 Watson et al,65.0,0.351,0.43,0.225,0.438,0.71,0.72,0.83,6.488,2.3,0.329,0.472,3.24,2.87,-41.51,-2.59,1604.03,0.61,0.66,0.23,8.0,0.54,-43.94,-2.48,1772.01,0.68,737.006,45.0,9.0,40.0
Pdl1_binder_AF2_4,Pdl1,1,Pdl1 Watson et al,99.0,0.791,0.834,0.541,0.701,0.9,0.9,0.91,3.693,0.9,0.571,0.884,2.01,1.86,-52.54,-2.71,1938.78,0.68,0.64,0.15,9.0,0.64,-51.84,-2.77,1874.73,0.63,1062.714,39.216,8.0,51.0
Pdl1_binder_AF2_84,Pdl1,0,Pdl1 Watson et al,93.0,0.247,0.267,0.164,0.319,0.58,0.61,0.75,8.556,3.2,0.417,0.313,1.27,1.39,-37.68,-2.34,1613.23,0.73,0.78,0.33,5.0,0.69,-44.0,-2.7,1632.57,0.76,915.748,48.889,6.0,45.0
Pdl1_binder_AF2_88,Pdl1,0,Pdl1 Watson et al,96.0,0.462,0.5,0.299,0.522,0.74,0.74,0.83,5.965,2.0,0.273,0.625,6.97,4.56,-42.08,-2.62,1608.18,0.68,0.6,0.09,7.0,0.63,-46.83,-3.0,1560.07,0.63,837.786,40.0,12.0,45.0
Trka_binder_AF2_16,TrkA,0,TrkA Watson et al,65.0,0.687,0.801,0.444,0.711,0.86,0.87,0.89,3.792,0.9,0.434,0.834,1.86,2.19,-43.05,-2.55,1687.47,0.63,0.55,0.29,5.0,0.67,-46.3,-2.83,1635.73,0.56,808.078,43.902,5.0,41.0
Trka_binder_AF2_20,TrkA,0,TrkA Watson et al,83.0,0.783,0.814,0.543,0.728,0.89,0.89,0.91,3.668,0.9,0.545,0.92,1.62,1.97,-54.69,-2.95,1856.45,0.76,0.68,0.15,8.0,0.66,-50.8,-2.89,1760.6,0.59,1050.103,51.064,7.0,47.0
Trka_binder_AF2_36,TrkA,0,TrkA Watson et al,65.0,0.016,0.016,0.013,0.091,0.21,0.26,0.55,17.309,25.0,0.102,0.027,6.71,5.21,-32.96,-2.6,1267.93,0.68,0.63,0.61,7.0,0.76,-62.2,-3.51,1771.3,0.68,707.714,45.946,5.0,37.0
Trka_binder_AF2_69,TrkA,0,TrkA Watson et al,65.0,0.638,0.752,0.425,0.711,0.83,0.84,0.88,3.906,1.1,0.472,0.855,1.68,2.34,-41.6,-2.76,1506.5,0.61,0.54,0.31,4.0,0.71,-40.34,-2.47,1632.07,0.57,819.47,44.186,4.0,43.0
Trka_binder_AF2_71,TrkA,0,TrkA Watson et al,94.0,0.755,0.755,0.524,0.703,0.86,0.87,0.89,3.928,1.1,0.466,0.866,2.36,2.14,-56.48,-3.17,1782.97,0.72,0.64,0.38,9.0,0.71,-54.24,-2.95,1839.0,0.54,949.046,34.783,9.0,46.0
Trka_binder_AF2_93,TrkA,0,TrkA Watson et al,65.0,0.655,0.727,0.408,0.694,0.84,0.85,0.88,4.0,1.2,0.486,0.862,2.37,2.35,-43.51,-3.19,1362.66,0.65,0.64,0.14,7.0,0.71,-43.98,-2.91,1511.78,0.6,734.191,47.368,8.0,38.0
allongoldberg_3_52_10_refined_IDEAL,EGFR,0,Adaptyv binder comp round 2,55.0,0.0,0.0,0.0,0.0,0.2,0.25,0.6,27.57,25.0,0.0,0.0,47.3,62.6,-53.0,-2.3,2308.06,0.53,0.64,0.27,9.0,0.57,-34.28,-1.72,1987.27,0.52,1186.5,51.613,7.0,62.0
allongoldberg_4_44_14_refined_IDEAL,EGFR,0,Adaptyv binder comp round 2,138.0,0.0,0.0,0.0,0.0,0.36,0.37,0.56,25.123,25.0,0.0,0.0,7.27,9.91,-43.82,-1.85,2365.43,0.55,0.67,0.26,5.0,0.58,-46.05,-1.99,2318.8,0.68,1459.012,46.479,8.0,71.0
allongoldberg_8714_32po_S__34hp_L_,EGFR,0,Adaptyv binder comp round 1,138.0,0.0,0.0,0.0,0.0,0.18,0.19,0.49,29.157,25.0,0.0,0.0,51.44,88.12,-9.56,-1.93,494.66,0.5,0.56,0.47,4.0,0.7,-19.36,-2.02,958.13,0.65,1061.33,36.364,8.0,55.0
bcov_r2_EHEE_05345_000000001_0001_0001,IL7Ra,0,Cao et al IL7Ra,65.0,0.0,0.0,0.0,0.0,0.14,0.16,0.69,24.54,25.0,0.0,0.0,5.76,6.16,-36.76,-2.25,1634.2,0.54,0.61,0.31,4.0,0.74,-66.98,-3.57,1874.85,0.68,888.74,41.463,4.0,41.0
bcov_r2_ems_ferrM_6894_0002_000000004_0001_0001,IL7Ra,0,Cao et al IL7Ra,64.0,0.0,0.0,0.0,0.0,0.16,0.17,0.7,24.4,25.0,0.0,0.0,21.15,39.37,-35.94,-2.88,1249.64,0.67,0.59,0.21,3.0,0.75,-69.73,-3.82,1824.2,0.72,639.959,60.0,1.0,30.0
bcov_r3_EHEE_10073_000000036_0001_0001,IL7Ra,0,Cao et al IL7Ra,65.0,0.0,0.0,0.0,0.0,0.23,0.27,0.71,20.466,25.0,0.0,0.0,46.52,28.48,-36.6,-2.08,1762.2,0.62,0.66,0.19,7.0,0.68,-52.24,-3.61,1446.07,0.69,981.993,41.667,4.0,48.0
bcov_revert_r1_HEEH_13973_000000000_0001_1_20_H____ems_3hM_2216_0001_0004_0001_0001,TrkA,0,Cao et al TrkA,64.0,0.695,0.786,0.427,0.706,0.87,0.87,0.89,4.011,0.9,0.438,0.897,2.36,2.35,-50.35,-3.66,1374.28,0.73,0.62,0.08,5.0,0.73,-57.57,-3.89,1478.34,0.71,758.987,52.632,1.0,38.0
bundit_b_s18_manbaritone_Seq5_EGFR_binder_70_100_beta_303_dldesign_1_Length_71,EGFR,0,Adaptyv binder comp round 2,71.0,0.516,0.653,0.252,0.456,0.91,0.91,0.65,13.279,1.9,0.572,0.7,3.74,10.64,-66.37,-2.84,2338.32,0.69,0.6,0.17,8.0,0.68,-65.34,-2.85,2296.21,0.7,1274.332,50.0,9.0,62.0
coreyhowe99_egfr_binder7,EGFR,0,Adaptyv binder comp round 1,20.0,0.0,0.0,0.0,0.0,0.34,0.4,0.67,24.972,25.0,0.0,0.0,52.64,56.63,-20.35,-1.79,1137.57,0.59,0.58,0.19,1.0,0.65,-32.54,-1.81,1793.67,0.55,607.957,48.485,4.0,33.0
cside_mot_902bd2d794eda2c58461ea262bc623ba_0001_000000010_0001_17_22_H___HEEHE_3203_0001_0003_0001,EGFR,0,Cao et al EGFR,65.0,0.0,0.0,0.0,0.0,0.2,0.21,0.74,22.367,25.0,0.0,0.0,19.45,48.06,-19.76,-1.9,1040.15,0.5,0.58,0.28,6.0,0.6,-47.5,-2.8,1699.14,0.61,682.056,29.73,4.0,37.0
cside_pol_05fce666512f15016f89150594726482_0001_1_000000001_0001,EGFR,0,Cao et al EGFR,65.0,0.409,0.52,0.259,0.449,0.78,0.8,0.89,6.06,2.6,0.384,0.595,12.79,15.16,-30.8,-2.01,1529.23,0.71,0.64,0.22,1.0,0.69,-49.41,-2.91,1698.4,0.61,804.611,41.463,2.0,41.0
csplice_r1_4b397ff321495f1cf064223b6ad1b1e1_0001_000000002_0001_0001_24_33_H____60091493e9a1e78a97af177fbdf76fb6_0001_1_0001_0002_0001_0001_4_32_HHH_28_29040_26_0001,VirB8,0,Cao et al VirB8,65.0,0.013,0.017,0.012,0.079,0.29,0.33,0.72,17.021,25.0,0.083,0.032,48.94,36.06,-40.76,-2.77,1473.21,0.73,0.7,0.21,1.0,0.82,-59.55,-3.98,1496.13,0.75,755.676,64.865,0.0,37.0
csplice_r1_4b397ff321495f1cf064223b6ad1b1e1_0001_000000002_0001_0001_24_33_H____8da475e37648611124092ca2728912ae_0001_0001_0003_0001_0001_18_51_HHH_31_14320_27_0001_4_crosslinked_mm_0,VirB8,0,Cao et al VirB8,65.0,0.015,0.026,0.012,0.095,0.36,0.41,0.74,15.691,25.0,0.101,0.043,41.09,25.36,-22.94,-1.86,1230.71,0.6,0.69,0.37,0.0,0.79,-61.18,-3.7,1652.9,0.72,691.914,55.263,3.0,38.0
elian_elian2,EGFR,0,Adaptyv binder comp round 2,100.0,0.463,0.605,0.252,0.38,0.85,0.85,0.71,14.754,2.1,0.448,0.563,40.01,47.11,-60.31,-2.2,2745.19,0.63,0.67,0.19,13.0,0.6,-60.26,-1.79,3358.5,0.61,1512.014,41.176,14.0,68.0
ems_3hM_2379_000000018_0001,FGFR2,0,Cao et al FGFR2,64.0,0.026,0.039,0.015,0.17,0.28,0.35,0.62,13.68,25.0,0.111,0.064,11.82,10.06,-35.55,-2.32,1531.74,0.61,0.6,0.07,1.0,0.72,-69.63,-3.61,1931.12,0.69,763.94,42.105,5.0,38.0
ems_coilM_104_0001_000000008_0001,FGFR2,0,Cao et al FGFR2,64.0,0.015,0.015,0.013,0.133,0.24,0.29,0.6,15.394,25.0,0.109,0.031,17.14,19.35,-29.04,-2.09,1391.82,0.49,0.56,0.24,2.0,0.71,-61.02,-3.61,1691.92,0.62,732.167,56.098,0.0,41.0
ems_ferrM_5811_000000008_0001,FGFR2,0,Cao et al FGFR2,64.0,0.016,0.026,0.013,0.124,0.3,0.33,0.64,14.685,7.3,0.111,0.053,9.39,10.82,-44.01,-2.89,1522.3,0.71,0.67,0.33,4.0,0.72,-59.86,-3.41,1752.96,0.72,730.972,58.333,6.0,36.0
ems_p1_15H_GBL_16H_GABBL_16H_0168_0001_0001_0002_000000022_0001,FGFR2,1,Cao et al FGFR2,55.0,0.745,0.814,0.434,0.732,0.9,0.91,0.91,3.443,0.9,0.423,0.833,1.97,3.08,-61.51,-3.68,1671.87,0.65,0.69,0.19,9.0,0.62,-57.41,-3.32,1726.85,0.68,835.326,43.902,8.0,41.0
flowuenne_nf_proteindesign_design10,EGFR,0,Adaptyv binder comp round 2,50.0,0.0,0.0,0.0,0.0,0.29,0.32,0.61,26.774,25.0,0.0,0.0,23.35,56.5,-18.34,-1.52,1204.77,0.55,0.52,0.54,1.0,0.62,-36.76,-1.86,1973.34,0.57,703.322,43.59,6.0,39.0
gabriong_design10,EGFR,0,Adaptyv binder comp round 1,50.0,0.0,0.0,0.0,0.0,0.17,0.18,0.6,28.873,25.0,0.0,0.0,24.95,68.34,-28.31,-1.88,1505.1,0.53,0.61,0.19,4.0,0.48,-32.61,-1.71,1906.37,0.58,885.885,42.553,3.0,47.0
il10ra_site1_sap_14_mot_HHH_b2_02933_000000199_0001_1_19_H___HHH_b2_04211_0001_0000100004_0000001_0_0001,IL10Ra,0,Bennet paper IL10Ra prospective,56.0,0.41,0.509,0.154,0.385,0.8,0.82,0.83,8.584,2.3,0.2,0.656,54.69,41.8,-34.03,-2.95,1153.82,0.73,0.62,0.23,2.0,0.6,-55.57,-2.92,1904.68,0.68,635.807,54.545,3.0,33.0
joel_rf_diffusion_trim_3,EGFR,0,Adaptyv binder comp round 2,89.0,0.0,0.0,0.0,0.0,0.26,0.34,0.58,25.923,25.0,0.0,0.0,38.26,38.85,-40.33,-2.26,1783.29,0.66,0.61,0.2,6.0,0.64,-44.27,-2.33,1903.65,0.7,1008.809,40.741,8.0,54.0
julie_jg26n,EGFR,0,Adaptyv binder comp round 2,50.0,0.154,0.474,0.078,0.297,0.77,0.82,0.7,14.834,3.3,0.384,0.38,14.51,31.67,-43.09,-2.56,1684.32,0.69,0.68,0.17,4.0,0.57,-46.29,-1.97,2345.21,0.57,814.004,41.304,7.0,46.0
klima_jason_egfr_7wmio_1_9,EGFR,0,Adaptyv binder comp round 1,200.0,0.64,0.68,0.401,0.423,0.88,0.88,0.73,14.302,1.9,0.569,0.606,44.05,41.17,-79.84,-2.44,3276.42,0.62,0.58,0.14,14.0,0.51,-34.49,-1.25,2751.06,0.59,1822.562,36.782,19.0,87.0
lennart_nickel_EGFR_l98_s70756_mpnn3,EGFR,0,Adaptyv binder comp round 2,98.0,0.401,0.576,0.217,0.356,0.82,0.84,0.64,16.208,2.3,0.432,0.542,43.77,46.64,-57.14,-2.74,2084.38,0.69,0.63,0.3,9.0,0.61,-24.8,-1.4,1766.22,0.56,1139.68,46.552,10.0,58.0
longxing_Grafting2_ems_3hM_1912_0001_0011_0001_0001,IL7Ra,0,Cao et al IL7Ra,64.0,0.014,0.014,0.012,0.094,0.32,0.44,0.75,15.566,25.0,0.165,0.046,12.38,48.67,-34.75,-2.18,1591.04,0.61,0.6,0.21,6.0,0.74,-59.0,-3.74,1576.19,0.66,981.991,33.333,5.0,42.0
longxing_ems_3hM_1078_000000015_0001_0001,IL7Ra,0,Cao et al IL7Ra,61.0,0.502,0.669,0.296,0.53,0.82,0.83,0.89,5.858,1.5,0.319,0.661,4.69,4.68,-46.08,-2.69,1711.63,0.65,0.54,0.2,5.0,0.71,-67.03,-3.59,1866.93,0.66,967.614,47.727,7.0,44.0
ltk_site1_normal_mot_HHH_b1_00978_000000270_0001_39_55_H___HHH_b2_01765_af2_0001_0000400031_0000002_0,LTK,0,Bennet paper LTK prospective,57.0,0.287,0.562,0.136,0.388,0.8,0.81,0.89,8.189,2.4,0.288,0.362,10.76,10.08,-47.14,-2.85,1654.81,0.64,0.58,0.11,4.0,0.74,-61.26,-2.96,2068.22,0.67,902.398,50.0,4.0,44.0
ltk_site1_normal_mot_HHH_b2_05195_000000234_0001_22_39_H___HHH_b1_04353_0001_0000200012_0000002_0,LTK,0,Bennet paper LTK prospective,57.0,0.0,0.0,0.0,0.0,0.18,0.21,0.78,23.669,25.0,0.0,0.0,20.27,34.2,-45.67,-3.0,1520.45,0.7,0.74,0.07,4.0,0.66,-48.23,-2.59,1864.13,0.67,753.079,52.5,6.0,40.0
mot_H_buried_HEEH_21875_000000000_0001_8_17_H___EHEE_hb1_5042_0001_0001_0001,FGFR2,0,Cao et al FGFR2,65.0,0.016,0.019,0.014,0.159,0.28,0.3,0.6,15.03,6.8,0.076,0.038,25.77,21.87,-31.69,-2.53,1252.23,0.61,0.55,0.14,1.0,0.76,-62.98,-3.43,1833.7,0.67,740.843,50.0,8.0,42.0
mot_H_fastrot_HEEH_06942_000000001_0001_53_63_H___3h_hb1_1639_0001_0001_0001,FGFR2,0,Cao et al FGFR2,62.0,0.043,0.047,0.016,0.173,0.32,0.41,0.64,12.652,25.0,0.143,0.086,22.84,20.79,-23.12,-1.89,1220.73,0.54,0.66,0.09,2.0,0.68,-59.66,-3.34,1785.8,0.61,698.808,42.424,1.0,33.0
mot_H_fastrot_cor_3h_hb1_1377_000000001_0001_32_41_H___p1_14H_GBL_16H_GABBL_16H_0541_0001_0001_0002_0001_0001_0001_0001,FGFR2,0,Cao et al FGFR2,54.0,0.137,0.175,0.079,0.277,0.57,0.6,0.73,9.505,3.9,0.285,0.192,3.22,2.71,-39.11,-2.58,1516.96,0.66,0.59,0.12,5.0,0.66,-49.5,-2.8,1767.09,0.65,806.44,46.512,5.0,43.0
mot_H_fastrot_cor_3h_hb1_3344_000000001_0001_48_54_H___644f6be5315cad5e50a8f8773e4c1815_0001_0001_0002_0001_0001,FGFR2,0,Cao et al FGFR2,65.0,0.012,0.012,0.011,0.053,0.27,0.29,0.6,16.503,25.0,0.082,0.029,6.67,9.74,-27.03,-2.81,962.5,0.55,0.65,0.17,2.0,0.63,-46.52,-3.05,1525.89,0.69,617.411,48.571,1.0,35.0
mot_H_fastrot_cor_3h_hb1_5971_000000012_0001_53_59_H___ems_3hM_3074_0001_0001_0001_0001,FGFR2,0,Cao et al FGFR2,64.0,0.016,0.019,0.013,0.123,0.26,0.28,0.61,15.812,25.0,0.068,0.038,9.43,8.89,-30.87,-2.79,1105.92,0.76,0.55,0.09,1.0,0.82,-57.18,-3.51,1628.16,0.66,587.813,43.75,1.0,32.0
mot_H_fastrot_cor_3h_hb1_641_000000003_0001_49_56_H___HEEHE_0924_0001_0002_0001_0001,FGFR2,0,Cao et al FGFR2,65.0,0.015,0.017,0.013,0.117,0.32,0.34,0.63,16.132,25.0,0.08,0.037,21.12,20.25,-45.72,-2.78,1645.17,0.69,0.57,0.14,5.0,0.72,-57.54,-3.44,1672.23,0.66,807.834,52.632,1.0,38.0
mot_H_fastrot_cor_ems_3hM_199_000000020_0001_56_61_H___3h_hb1_3382_0001_0002_0001,FGFR2,0,Cao et al FGFR2,64.0,0.542,0.582,0.307,0.616,0.76,0.79,0.82,5.392,1.5,0.342,0.526,2.81,2.95,-47.0,-2.96,1589.89,0.71,0.61,0.1,2.0,0.72,-57.92,-3.08,1881.78,0.7,843.048,47.619,4.0,42.0
mot_H_fastrot_cor_ems_3hM_199_000000020_0001_56_61_H___665ac70a09087647c8bca29b906c9e87_0001_1_0001_0002_0001_0001,FGFR2,0,Cao et al FGFR2,65.0,0.036,0.061,0.017,0.177,0.36,0.4,0.64,13.125,25.0,0.16,0.058,9.89,11.99,-38.12,-2.15,1773.73,0.52,0.57,0.19,4.0,0.69,-47.89,-3.02,1587.35,0.64,874.866,55.556,4.0,45.0
mot_H_fastrot_cor_ems_3hM_199_000000020_0001_56_61_H___EHEE_hb1_2022_0001_0001_0001,FGFR2,0,Cao et al FGFR2,65.0,0.039,0.059,0.016,0.169,0.38,0.39,0.65,12.907,5.9,0.093,0.066,26.36,20.77,-35.26,-2.96,1191.63,0.67,0.64,0.11,5.0,0.69,-49.56,-2.97,1666.19,0.7,796.282,46.341,6.0,41.0
mot_H_fastrot_cor_f8f8a4152cc90f14bb898546c27f9520_0001_000000007_0001_34_42_H___3h_hb1_6881_0001_0001_0001,FGFR2,1,Cao et al FGFR2,65.0,0.667,0.681,0.36,0.652,0.83,0.85,0.85,4.653,1.1,0.462,0.692,3.61,4.72,-54.43,-2.86,1903.81,0.6,0.6,0.04,7.0,0.68,-59.71,-3.17,1881.66,0.65,976.233,50.943,10.0,53.0
mot_H_fastrot_cor_f8f8a4152cc90f14bb898546c27f9520_0001_000000007_0001_34_42_H___88b2de3df30ed75e1247fb49768009e6_0001_0001_0001_0001,FGFR2,0,Cao et al FGFR2,65.0,0.014,0.016,0.013,0.129,0.29,0.36,0.62,14.745,25.0,0.113,0.029,16.69,14.54,-35.63,-2.06,1726.41,0.5,0.56,0.26,1.0,0.67,-52.53,-3.35,1568.24,0.68,986.72,60.0,1.0,50.0
mot_H_fastrot_ems_3hM_3074_000000005_0001_6_13_H___9711faf97e167b2be297d9d01cd028c4_0001_0001_0001_0001,FGFR2,0,Cao et al FGFR2,65.0,0.094,0.141,0.042,0.232,0.34,0.47,0.63,11.271,25.0,0.155,0.078,10.06,9.89,-40.05,-2.7,1481.84,0.7,0.6,0.18,3.0,0.74,-57.91,-3.37,1720.84,0.73,886.381,63.043,4.0,46.0
mot_H_normal_02be42875e7f782bd17942ad11cf23a6_0001_000000008_0001_56_61_H___28b27b630eff87176b8b9ebc97d6e9c1_0001_0001_0002_0001,FGFR2,0,Cao et al FGFR2,65.0,0.593,0.651,0.323,0.594,0.8,0.82,0.83,5.956,1.1,0.447,0.715,14.51,9.84,-46.09,-3.09,1492.51,0.65,0.52,0.24,4.0,0.69,-64.22,-3.58,1795.23,0.61,832.987,57.143,3.0,42.0
mot_H_normal_3h_hb1_3209_000000013_0001_59_63_H___HHH_eva_0246_0001_0003_0001,FGFR2,0,Cao et al FGFR2,61.0,0.459,0.596,0.276,0.579,0.7,0.76,0.79,6.065,1.5,0.359,0.604,3.03,2.49,-41.98,-2.84,1479.25,0.71,0.58,0.1,4.0,0.7,-59.43,-3.49,1700.74,0.62,808.484,50.0,10.0,48.0
mot_H_normal_3h_hb1_3209_000000013_0001_59_63_H___ems_3hC_1054_0002_0001_0001_0001,FGFR2,1,Cao et al FGFR2,63.0,0.686,0.753,0.403,0.694,0.85,0.86,0.87,4.699,0.9,0.388,0.779,5.43,4.52,-48.13,-3.13,1539.73,0.79,0.66,0.07,5.0,0.71,-60.23,-3.41,1766.04,0.73,701.899,50.0,2.0,40.0
mot_H_normal_3h_hb1_3434_000000000_0001_27_33_H___ems_3hM_2969_0001_0003_0001,FGFR2,0,Cao et al FGFR2,60.0,0.016,0.027,0.014,0.145,0.34,0.41,0.64,13.89,25.0,0.129,0.066,8.47,8.58,-34.83,-2.85,1223.03,0.68,0.62,0.14,1.0,0.68,-60.78,-3.34,1822.32,0.64,583.097,52.941,1.0,34.0
mot_H_normal_3h_hb1_3627_000000010_0001_51_57_H___HEEHE_1513_0001_0001_0001_0001,FGFR2,0,Cao et al FGFR2,65.0,0.021,0.026,0.015,0.166,0.3,0.32,0.63,13.642,25.0,0.071,0.086,10.97,9.33,-24.98,-3.18,786.72,0.76,0.64,0.17,1.0,0.77,-66.09,-4.02,1644.96,0.75,602.632,50.0,0.0,28.0
mot_H_normal_3h_hb1_4571_000000000_0001_1_7_H___3bdf54485e94cd29f6c5677541452c9b_0001_0001_0001,FGFR2,0,Cao et al FGFR2,65.0,0.188,0.254,0.113,0.326,0.52,0.54,0.71,9.275,3.2,0.131,0.171,13.19,10.3,-39.9,-2.59,1537.69,0.64,0.54,0.21,4.0,0.69,-59.48,-3.4,1747.99,0.71,852.771,50.0,1.0,40.0
mot_H_normal_3h_hb1_4705_000000000_0001_24_34_H___3h_hb1_5938_0001_0002_0001,FGFR2,0,Cao et al FGFR2,65.0,0.016,0.035,0.014,0.144,0.36,0.38,0.66,13.25,25.0,0.14,0.037,23.41,23.1,-43.99,-2.36,1861.54,0.63,0.67,0.05,1.0,0.66,-63.19,-3.26,1939.95,0.58,938.065,47.727,3.0,44.0
mot_H_normal_3h_hb1_5890_000000015_0001_50_60_H___EHEE_hb1_3145_0001_0002_0001,FGFR2,0,Cao et al FGFR2,65.0,0.118,0.163,0.051,0.224,0.42,0.5,0.67,11.316,5.0,0.124,0.152,8.84,7.06,-39.05,-2.48,1576.37,0.6,0.57,0.17,4.0,0.76,-74.21,-3.84,1932.42,0.74,775.298,48.649,2.0,37.0
mot_H_normal_3h_hb1_5890_000000015_0001_50_60_H___ems_3hM_852_0001_0001_0001_0001,FGFR2,0,Cao et al FGFR2,61.0,0.013,0.015,0.012,0.086,0.27,0.29,0.62,15.929,25.0,0.073,0.028,3.29,3.77,-37.67,-2.82,1333.84,0.69,0.6,0.12,3.0,0.72,-52.38,-3.24,1616.76,0.69,823.141,47.619,4.0,42.0
mot_H_normal_3h_hb1_5890_000000015_0001_54_62_H___05b74b95249e529af0124ed5d179c106_0001_0001_0001_0001_0001,FGFR2,1,Cao et al FGFR2,65.0,0.559,0.634,0.342,0.607,0.79,0.8,0.84,5.38,1.4,0.426,0.738,2.94,2.65,-44.44,-3.12,1425.94,0.63,0.62,0.31,3.0,0.68,-57.84,-3.25,1780.82,0.65,907.039,46.809,1.0,47.0
mot_H_normal_3h_hb1_5890_000000015_0001_54_62_H___EHEE_hb1_4884_0001_0001_0001_0001,FGFR2,0,Cao et al FGFR2,65.0,0.032,0.043,0.014,0.156,0.36,0.38,0.66,13.164,25.0,0.119,0.059,14.37,17.3,-38.87,-2.77,1402.85,0.52,0.55,0.11,2.0,0.78,-58.89,-3.9,1510.71,0.7,786.199,63.043,1.0,46.0
mot_H_normal_3h_hb1_5890_000000015_0001_54_62_H___ems_3hC_506_0001_0002_0001_0001,FGFR2,0,Cao et al FGFR2,60.0,0.075,0.081,0.028,0.226,0.39,0.42,0.67,12.151,25.0,0.118,0.078,16.31,10.75,-49.21,-3.67,1342.49,0.75,0.71,0.06,4.0,0.7,-62.14,-3.5,1775.37,0.58,748.399,48.649,4.0,37.0
mot_H_normal_3h_hb1_6816_000000000_0001_50_58_H___3h_hb1_4340_0001_0003_0001_0001,FGFR2,0,Cao et al FGFR2,62.0,0.013,0.013,0.012,0.062,0.21,0.23,0.6,18.485,25.0,0.081,0.021,22.21,25.99,-50.1,-2.92,1716.89,0.66,0.6,0.28,1.0,0.73,-47.68,-3.15,1511.41,0.66,858.726,78.571,0.0,42.0
mot_H_normal_3h_hb1_6816_000000000_0001_50_58_H___3h_hb1_5166_0001_0001,FGFR2,0,Cao et al FGFR2,65.0,0.017,0.047,0.014,0.145,0.37,0.41,0.66,13.309,25.0,0.168,0.059,23.59,20.9,-38.98,-2.75,1417.06,0.49,0.57,0.15,3.0,0.71,-56.75,-3.48,1628.7,0.68,844.152,51.111,2.0,45.0
mot_H_normal_5ab7357610b1d1214bf78fdd3dea1740_0001_000000000_0001_54_60_H___ems_3hM_497_0001_0002_0001_0001,FGFR2,0,Cao et al FGFR2,63.0,0.015,0.016,0.013,0.14,0.31,0.37,0.63,14.009,25.0,0.191,0.041,5.97,5.05,-29.77,-2.23,1332.22,0.62,0.61,0.1,3.0,0.68,-59.33,-3.67,1615.16,0.67,757.756,48.718,4.0,39.0
mot_H_normal_9e7327e3a91079700a0ccaae3576c8f4_0001_000000006_0001_22_26_H___HHH_eva_0398_0001_0002_0001_0001,FGFR2,0,Cao et al FGFR2,61.0,0.036,0.078,0.014,0.151,0.33,0.45,0.64,12.581,25.0,0.112,0.074,25.97,18.63,-40.42,-2.7,1496.49,0.58,0.61,0.09,4.0,0.64,-53.42,-3.07,1739.03,0.66,812.196,40.541,6.0,37.0
mot_H_normal_HEEH_10368_000000017_0001_48_53_H___3h_hb1_2887_0001_0003_0001_0001,FGFR2,0,Cao et al FGFR2,65.0,0.015,0.036,0.013,0.118,0.32,0.44,0.62,14.171,25.0,0.131,0.041,21.96,29.07,-47.76,-2.58,1852.49,0.67,0.6,0.16,3.0,0.74,-64.68,-3.19,2025.13,0.66,979.504,44.0,4.0,50.0
mot_H_normal_beeaf63b05778b6dc4e0d4755a79d7be_0001_1_000000001_0001_39_45_H___1d3c3431be143cd51edd4be0d1c5e4a3_0001_0001_0001_0001_0001,FGFR2,0,Cao et al FGFR2,65.0,0.143,0.182,0.081,0.254,0.46,0.49,0.69,10.513,4.4,0.1,0.143,25.45,23.45,-24.32,-2.07,1173.87,0.58,0.63,0.23,2.0,0.66,-60.74,-3.5,1735.35,0.71,575.766,52.778,2.0,36.0
mot_H_normal_ems_3hM_1194_000000001_0001_2_11_H___3c6ad1a4bc7d4f5cf55cee527202d42a_0001_0001_0003_0001_0001,FGFR2,1,Cao et al FGFR2,65.0,0.029,0.068,0.017,0.201,0.35,0.37,0.65,12.349,5.2,0.14,0.071,6.71,8.98,-33.69,-2.52,1337.94,0.57,0.56,0.18,2.0,0.72,-58.37,-3.41,1713.81,0.62,708.152,51.22,1.0,41.0
mot_H_normal_ems_3hM_1872_000000001_0001_6_16_H___1329cc2ccb4f70b28e4017820a79b2bb_0001_1_0001_0001_0001,FGFR2,0,Cao et al FGFR2,65.0,0.015,0.024,0.013,0.138,0.33,0.36,0.63,13.906,25.0,0.084,0.039,18.67,23.2,-31.14,-2.25,1386.36,0.63,0.54,0.19,3.0,0.76,-67.43,-3.76,1793.72,0.59,729.448,50.0,2.0,40.0
mot_H_normal_ems_3hM_2193_000000002_0001_54_61_H___3h_hb1_1159_0001_0001_0001_0001,FGFR2,0,Cao et al FGFR2,65.0,0.03,0.054,0.015,0.155,0.37,0.39,0.64,12.852,6.9,0.128,0.046,11.17,13.64,-53.01,-2.63,2013.98,0.6,0.53,0.09,9.0,0.75,-54.98,-3.15,1747.21,0.65,1042.316,54.0,4.0,50.0
mot_H_normal_ems_3hM_2963_000000000_0001_12_19_H___EHEE_hb1_542_0001_0001_0001_0001,FGFR2,0,Cao et al FGFR2,65.0,0.099,0.14,0.035,0.211,0.48,0.52,0.7,12.081,4.6,0.269,0.055,21.89,15.65,-63.43,-2.69,2357.99,0.53,0.59,0.09,6.0,0.74,-51.03,-3.26,1563.82,0.68,1260.537,49.123,5.0,57.0
mot_H_normal_ems_3hM_2997_000000001_0001_48_58_H___EHEE_hb1_2592_0001_0001_0001,FGFR2,0,Cao et al FGFR2,65.0,0.096,0.183,0.041,0.277,0.46,0.49,0.66,11.24,3.4,0.112,0.079,5.02,8.55,-41.6,-2.3,1808.38,0.66,0.54,0.08,3.0,0.74,-65.97,-3.51,1878.39,0.68,928.198,54.348,4.0,46.0
mot_P_fastrot_cor_ems_ferrM_6294_000000003_0001_25_29_32_34_P___EHEE_hb1_6287_0001_0001_0001,FGFR2,0,Cao et al FGFR2,65.0,0.172,0.252,0.113,0.333,0.55,0.57,0.73,9.266,4.2,0.23,0.248,34.16,22.15,-49.26,-3.24,1520.96,0.72,0.66,0.06,6.0,0.72,-57.73,-3.6,1605.49,0.71,837.34,41.463,5.0,41.0
mot_P_normal_EHEE_06818_000000002_0001_1_7_61_65_P___EHEE_hb1_2177_0001_0001_0001,FGFR2,0,Cao et al FGFR2,65.0,0.03,0.07,0.016,0.17,0.42,0.5,0.67,12.803,6.3,0.166,0.089,38.21,22.41,-33.99,-2.69,1262.14,0.6,0.68,0.14,6.0,0.72,-51.0,-3.04,1674.82,0.59,581.064,61.111,2.0,36.0
mot_P_normal_EHEE_hb1_2910_000000004_0001_46_48_59_61_P___EHEE_hb1_3974_0001_0002_0001,FGFR2,0,Cao et al FGFR2,65.0,0.013,0.016,0.012,0.057,0.24,0.31,0.61,17.049,25.0,0.072,0.024,23.78,27.39,-30.5,-2.32,1312.48,0.56,0.61,0.28,2.0,0.71,-61.32,-3.66,1677.55,0.72,710.208,52.5,0.0,40.0
mot_P_normal_EHEE_hb1_4126_000000025_0001_46_48_61_63_P___EHEE_hb1_1646_0001_0001_0001,FGFR2,0,Cao et al FGFR2,65.0,0.014,0.018,0.013,0.112,0.35,0.37,0.66,15.097,25.0,0.115,0.053,21.41,29.11,-52.44,-3.15,1666.54,0.69,0.57,0.25,6.0,0.65,-44.45,-2.98,1489.8,0.66,925.995,52.083,2.0,48.0
mot_P_normal_ems_ferrM_3505_0001_000000001_0001_2_6_59_63_P___EHEE_hb1_3282_0001_0002_0001_0001,FGFR2,0,Cao et al FGFR2,65.0,0.03,0.05,0.015,0.163,0.39,0.45,0.66,12.953,25.0,0.127,0.051,17.41,24.33,-55.26,-2.76,2004.39,0.67,0.62,0.12,5.0,0.72,-51.05,-2.82,1809.22,0.66,1060.223,50.98,4.0,51.0
niklas_7A72D922_1677_4FC8_9315_D7996BA05D8E_l150_s530325711_mpnn12,EGFR,0,Adaptyv binder comp round 2,150.0,0.0,0.0,0.0,0.0,0.18,0.23,0.48,28.067,25.0,0.0,0.0,6.86,5.25,-44.41,-1.8,2469.62,0.55,0.57,0.19,8.0,0.61,-45.29,-2.06,2198.64,0.65,1306.867,29.231,25.0,65.0
nsplice_r1_EHEE_01784_000000022_0001_0001_27_36_H____dea46f940093e25720543808ba4992e4_0001_0001_0001_0001_0001_16_47_HHH_07_02828_43_0001,VirB8,1,Cao et al VirB8,65.0,0.431,0.52,0.277,0.452,0.78,0.81,0.86,6.545,2.2,0.307,0.809,2.78,3.71,-48.7,-3.14,1548.79,0.78,0.67,0.19,3.0,0.79,-59.75,-3.75,1591.91,0.78,751.176,51.429,4.0,35.0
p53_AF2_27,Mdm2,1,Mdm2 Watson et al,78.0,0.705,0.777,0.513,0.727,0.86,0.87,0.87,3.732,0.9,0.418,0.875,2.58,2.81,-57.01,-3.14,1818.27,0.72,0.61,0.07,7.0,0.7,-55.66,-2.83,1964.08,0.63,911.698,34.884,8.0,43.0
p53_AF2_28,Mdm2,1,Mdm2 Watson et al,99.0,0.69,0.763,0.459,0.667,0.87,0.88,0.86,4.417,0.9,0.434,0.818,2.96,2.22,-57.74,-2.92,1977.35,0.61,0.56,0.1,7.0,0.68,-53.29,-2.78,1914.05,0.56,1046.473,42.308,7.0,52.0
p53_AF2_32,Mdm2,0,Mdm2 Watson et al,86.0,0.649,0.822,0.407,0.626,0.9,0.9,0.85,4.897,0.9,0.41,0.888,2.65,2.33,-43.99,-2.79,1574.74,0.66,0.58,0.09,2.0,0.74,-47.48,-3.04,1561.32,0.53,827.961,45.946,4.0,37.0
p53_AF2_45,Mdm2,1,Mdm2 Watson et al,100.0,0.779,0.855,0.584,0.733,0.92,0.93,0.9,3.303,0.8,0.421,0.896,1.67,1.46,-53.74,-3.11,1728.44,0.69,0.5,0.16,3.0,0.59,-44.08,-2.54,1736.19,0.55,853.217,40.909,4.0,44.0
p53_AF2_57,Mdm2,0,Mdm2 Watson et al,87.0,0.635,0.704,0.398,0.625,0.83,0.84,0.84,4.463,1.0,0.432,0.675,2.48,2.3,-56.61,-2.35,2404.73,0.61,0.51,0.17,4.0,0.6,-49.16,-2.45,2002.77,0.56,1257.384,42.373,10.0,59.0
p53_AF2_77,Mdm2,1,Mdm2 Watson et al,113.0,0.676,0.724,0.406,0.637,0.86,0.86,0.84,4.688,1.1,0.469,0.68,2.49,1.89,-64.28,-2.77,2322.01,0.64,0.56,0.09,7.0,0.69,-68.3,-3.09,2209.08,0.52,1119.188,47.17,6.0,53.0
pol_3h_hb1_4200_000000002_0001,FGFR2,0,Cao et al FGFR2,64.0,0.012,0.018,0.012,0.077,0.25,0.28,0.6,18.025,25.0,0.102,0.027,23.96,23.96,-32.22,-2.34,1374.56,0.69,0.58,0.03,3.0,0.69,-50.64,-3.05,1659.61,0.64,710.635,44.737,2.0,38.0
pol_3h_hb1_5461_000000000_0001_0001,FGFR2,0,Cao et al FGFR2,62.0,0.014,0.014,0.012,0.115,0.3,0.4,0.63,14.313,25.0,0.164,0.04,20.57,16.95,-29.49,-1.66,1771.43,0.54,0.53,0.03,2.0,0.65,-57.74,-3.21,1800.18,0.66,797.193,43.182,3.0,44.0
pol_c539ad88a5c917c77e17077b4cf5fa57_0001_000000008_0001_0001,FGFR2,0,Cao et al FGFR2,65.0,0.069,0.123,0.023,0.175,0.34,0.48,0.66,11.804,25.0,0.117,0.076,16.09,14.9,-34.78,-2.22,1563.85,0.51,0.52,0.23,2.0,0.75,-62.16,-3.42,1818.2,0.65,842.496,60.976,2.0,41.0
pol_proteinG_2093_000000000_0001,FGFR2,0,Cao et al FGFR2,57.0,0.195,0.273,0.107,0.293,0.49,0.54,0.72,9.836,3.6,0.047,0.17,22.66,20.88,-25.38,-2.06,1229.69,0.68,0.6,0.19,1.0,0.71,-54.78,-2.98,1835.76,0.65,518.911,44.118,2.0,34.0
rif_buried_ems_ferrM_3883_000000008_0001_0001,FGFR2,0,Cao et al FGFR2,64.0,0.013,0.017,0.012,0.098,0.28,0.31,0.62,16.53,25.0,0.134,0.026,16.7,9.15,-49.62,-2.84,1748.6,0.68,0.63,0.22,4.0,0.72,-54.36,-3.22,1688.31,0.66,854.768,48.936,3.0,47.0
rif_fastrot_EHEE_hb1_4576_000000007_0001_0001,FGFR2,0,Cao et al FGFR2,65.0,0.226,0.279,0.134,0.361,0.6,0.61,0.74,9.091,25.0,0.183,0.346,27.07,27.29,-31.58,-2.63,1199.33,0.56,0.58,0.2,0.0,0.58,-51.4,-2.86,1797.24,0.67,688.608,55.882,2.0,34.0
rif_fastrot_EHEE_hb1_907_000000022_0001_0001,FGFR2,0,Cao et al FGFR2,65.0,0.014,0.017,0.012,0.067,0.29,0.29,0.62,17.456,25.0,0.119,0.024,23.32,27.05,-35.24,-2.27,1555.34,0.62,0.59,0.23,0.0,0.8,-47.56,-2.96,1605.9,0.65,868.417,52.273,2.0,44.0
rif_fastrot_HEEH_15960_000000010_0001,FGFR2,0,Cao et al FGFR2,64.0,0.239,0.249,0.137,0.319,0.61,0.63,0.74,8.921,3.3,0.232,0.172,10.09,11.43,-46.7,-2.81,1660.5,0.62,0.53,0.21,1.0,0.68,-58.76,-3.5,1680.11,0.64,877.993,50.0,0.0,44.0
rif_fastrot_cor_EHEE_hb1_6126_000000000_0001_0001,FGFR2,0,Cao et al FGFR2,65.0,0.013,0.014,0.012,0.088,0.28,0.3,0.62,15.969,25.0,0.092,0.024,30.57,36.79,-45.54,-2.73,1667.06,0.69,0.66,0.11,4.0,0.73,-49.02,-3.24,1511.49,0.75,949.866,50.0,3.0,46.0
rif_fastrot_ems_p1_14H_GBL_16H_GABBL_16H_0557_0001_0001_0002_000000001_0001_0001,FGFR2,0,Cao et al FGFR2,54.0,0.017,0.03,0.015,0.163,0.3,0.35,0.64,13.72,25.0,0.123,0.05,21.46,20.86,-34.72,-2.62,1322.82,0.71,0.73,0.22,3.0,0.7,-55.57,-3.08,1806.58,0.64,692.184,62.162,2.0,37.0
rif_normal_37f4f3210774e111c8685a0636540ff6_0001_000000002_0001,FGFR2,0,Cao et al FGFR2,65.0,0.013,0.016,0.012,0.09,0.27,0.28,0.61,16.277,25.0,0.079,0.032,17.47,18.43,-31.77,-2.4,1323.62,0.61,0.66,0.2,7.0,0.69,-48.15,-2.9,1662.89,0.72,675.292,50.0,4.0,34.0
rif_normal_5c3525f4ab0d49d0a41c3ff100b305a9_0001_000000007_0001_0001,FGFR2,0,Cao et al FGFR2,65.0,0.012,0.014,0.011,0.073,0.26,0.28,0.61,16.46,25.0,0.079,0.027,15.54,24.15,-44.19,-2.58,1716.13,0.6,0.53,0.24,4.0,0.75,-43.79,-2.43,1805.43,0.63,962.299,51.111,4.0,45.0
rif_normal_EHEE_hb1_5715_000000008_0001_0001,FGFR2,0,Cao et al FGFR2,65.0,0.058,0.076,0.021,0.19,0.33,0.47,0.63,12.832,25.0,0.152,0.051,23.88,29.68,-43.37,-2.18,1992.08,0.63,0.57,0.21,5.0,0.72,-47.14,-3.12,1511.88,0.71,1053.723,54.0,5.0,50.0
rif_normal_ems_ferrC_597_000000006_0001_0001,FGFR2,0,Cao et al FGFR2,61.0,0.242,0.253,0.1,0.271,0.58,0.63,0.74,9.611,3.1,0.172,0.249,21.33,23.0,-35.4,-2.41,1468.08,0.68,0.72,0.4,3.0,0.62,-44.87,-2.75,1630.8,0.66,751.069,41.026,6.0,39.0
salireza111_mini_44_,EGFR,0,Adaptyv binder comp round 1,20.0,0.0,0.0,0.0,0.0,0.23,0.23,0.67,27.454,25.0,0.0,0.0,21.35,71.29,-20.77,-1.75,1186.87,0.65,0.56,0.5,1.0,0.69,-39.66,-2.51,1582.14,0.61,589.721,35.294,3.0,34.0
tiejun_wei_egfr_binder_design_208_dldesign_10_af2pred_pdb_A,EGFR,0,Adaptyv binder comp round 2,50.0,0.48,0.797,0.187,0.532,0.89,0.89,0.84,9.077,1.1,0.618,0.63,3.78,6.99,-78.53,-2.01,3900.5,0.54,0.58,0.23,13.0,0.62,-89.67,-2.25,3993.92,0.61,1948.449,38.0,15.0,100.0
zalavi_egfr_binder7,EGFR,0,Adaptyv binder comp round 1,130.0,0.524,0.574,0.298,0.395,0.85,0.86,0.7,14.668,2.4,0.492,0.474,39.81,43.17,-51.83,-2.21,2341.08,0.61,0.57,0.16,7.0,0.64,-65.44,-2.27,2886.94,0.58,1359.758,42.424,11.0,66.0
zulfatmi_pocket2pep63,EGFR,0,Adaptyv binder comp round 2,17.0,0.016,0.019,0.014,0.141,0.57,0.61,0.75,18.078,25.0,0.214,0.044,17.76,71.38,-52.98,-2.31,2296.89,0.63,0.61,0.29,9.0,0.68,-19.35,-1.19,1630.49,0.62,1088.852,40.0,11.0,60.0
2bnr_05_4200_77_2_22,pMHC_NY1,0,pMHC screening NY1,145.0,0.521,0.785,0.344,0.634,0.93,0.93,0.94,4.969,1.2,0.366,0.87,1.65,2.21,-70.55,-2.33,3030.72,0.61,0.67,0.24,11.0,0.66,-74.97,-2.61,2873.72,0.59,1402.25,47.222,6.0,72.0
2bnr_19_21_2_5,pMHC_NY1,0,pMHC screening NY1,103.0,0.165,0.268,0.071,0.27,0.85,0.87,0.89,9.93,3.6,0.268,0.285,1.52,1.4,-66.79,-2.64,2529.67,0.66,0.64,0.29,5.0,0.67,-74.82,-2.73,2739.84,0.62,1315.793,50.769,4.0,65.0
2bnr_27_7_3_9_temp001_dldesign_509_af2pred,pMHC_NY1,1,pMHC screening NY2,145.0,0.667,0.886,0.472,0.74,0.95,0.96,0.95,3.408,0.8,0.448,0.941,1.12,1.47,-95.85,-3.55,2701.03,0.65,0.66,0.3,11.0,0.66,-64.78,-2.24,2890.62,0.69,1471.006,46.575,12.0,73.0
2bnr_27_7_3_9_temp01_dldesign_40_af2pred,pMHC_NY1,1,pMHC screening NY2,145.0,0.674,0.878,0.443,0.733,0.95,0.95,0.95,3.676,0.8,0.446,0.947,1.42,1.88,-66.52,-2.38,2789.59,0.62,0.64,0.4,9.0,0.68,-74.24,-2.64,2808.96,0.69,1467.633,42.105,10.0,76.0
2bnr_27_7_3_9_temp01_dldesign_425_af2pred,pMHC_NY1,1,pMHC screening NY2,145.0,0.636,0.861,0.422,0.704,0.95,0.95,0.95,3.891,0.8,0.448,0.934,1.13,1.76,-61.12,-2.3,2661.19,0.61,0.72,0.39,8.0,0.65,-70.33,-2.55,2758.33,0.67,1458.854,43.478,10.0,69.0
2bnr_27_7_3_9_temp03_dldesign_262_af2pred,pMHC_NY1,0,pMHC screening NY2,145.0,0.564,0.822,0.379,0.68,0.94,0.94,0.94,4.456,1.0,0.396,0.907,1.09,1.39,-64.31,-2.26,2844.69,0.6,0.68,0.2,12.0,0.57,-66.17,-2.26,2932.34,0.64,1482.93,40.845,7.0,71.0
AKAP9_binder_14_dldesign_8_af2pred,pMHC_SILSY1,0,pMHC screening SILSY1,124.0,0.56,0.779,0.363,0.654,0.94,0.94,0.94,4.343,1.0,0.378,0.897,2.4,2.59,-61.81,-2.24,2758.27,0.61,0.65,0.12,10.0,0.6,-67.18,-2.28,2950.2,0.64,1578.857,36.111,13.0,72.0
AKAP9_binder_19_renumb_61_dldesign_0_af2pred,pMHC_SILSY1,0,pMHC screening SILSY1,146.0,0.0,0.0,0.0,0.0,0.68,0.69,0.73,25.089,25.0,0.0,0.0,30.62,19.52,-33.04,-1.9,1739.54,0.45,0.58,0.12,5.0,0.57,-63.58,-1.81,3506.35,0.66,905.713,46.939,2.0,49.0
AKAP9_binder_22,pMHC_SILSY1,0,pMHC screening SILSY1,124.0,0.581,0.791,0.381,0.688,0.94,0.95,0.94,4.035,1.0,0.444,0.918,1.12,2.14,-61.02,-2.09,2919.15,0.61,0.61,0.27,8.0,0.6,-58.74,-2.1,2798.25,0.54,1576.229,41.333,10.0,75.0
AKAP9_binder_5,pMHC_SILSY1,0,pMHC screening SILSY1,124.0,0.572,0.776,0.367,0.641,0.94,0.94,0.94,4.373,0.9,0.445,0.913,1.19,1.61,-72.65,-2.53,2874.06,0.67,0.66,0.39,9.0,0.62,-67.52,-2.3,2930.45,0.57,1501.605,48.0,9.0,75.0
AKAP9_binder_6,pMHC_SILSY1,0,pMHC screening SILSY1,124.0,0.65,0.854,0.414,0.722,0.95,0.95,0.95,3.665,0.9,0.449,0.941,1.02,1.43,-77.16,-2.65,2913.86,0.63,0.66,0.51,11.0,0.6,-68.61,-2.39,2873.18,0.62,1530.688,43.836,13.0,73.0
AKAP9_binder_8,pMHC_SILSY1,0,pMHC screening SILSY1,124.0,0.589,0.797,0.382,0.685,0.94,0.95,0.95,4.144,1.0,0.428,0.922,1.42,1.84,-62.67,-2.16,2903.01,0.58,0.62,0.26,10.0,0.6,-68.72,-2.34,2942.38,0.65,1581.947,43.056,15.0,72.0
Grafting_Motif0042_bcov_4helix_05644_0001_0001,FGFR2,0,Cao et al FGFR2,65.0,0.089,0.095,0.024,0.19,0.45,0.46,0.66,12.866,4.9,0.121,0.094,22.81,22.53,-39.96,-2.68,1491.17,0.68,0.67,0.3,3.0,0.67,-59.37,-3.47,1712.36,0.65,721.137,60.465,3.0,43.0
Grafting_Motif0072_HEEHE_2464_0001_0002,FGFR2,0,Cao et al FGFR2,65.0,0.015,0.024,0.013,0.129,0.3,0.34,0.62,15.226,25.0,0.072,0.029,15.76,15.58,-41.67,-2.69,1551.5,0.6,0.63,0.29,2.0,0.74,-69.78,-3.99,1748.05,0.7,814.513,55.0,1.0,40.0
Grafting_Motif0072_ems_3hM_2541_0001_0001,FGFR2,0,Cao et al FGFR2,63.0,0.049,0.069,0.02,0.189,0.32,0.44,0.64,12.204,25.0,0.139,0.06,21.45,16.73,-39.38,-2.27,1732.7,0.6,0.65,0.1,2.0,0.73,-64.2,-3.24,1978.69,0.68,976.078,53.061,1.0,49.0
Grafting_Motif0253_ems_3hM_1757_0001,FGFR2,0,Cao et al FGFR2,63.0,0.539,0.595,0.307,0.619,0.81,0.82,0.84,5.527,1.4,0.344,0.732,21.1,18.5,-40.92,-2.94,1391.18,0.74,0.63,0.1,2.0,0.76,-53.72,-3.28,1638.32,0.67,816.864,47.619,6.0,42.0
Grafting_Motif0263_bcov_4helix_14636_0001,FGFR2,0,Cao et al FGFR2,65.0,0.013,0.013,0.012,0.072,0.22,0.24,0.59,17.888,25.0,0.094,0.024,18.27,24.35,-40.13,-2.99,1341.96,0.71,0.59,0.22,4.0,0.74,-60.49,-3.69,1639.97,0.67,717.618,53.846,0.0,39.0
Grafting_Motif0263_ems_3hC_245_0002_0001,FGFR2,0,Cao et al FGFR2,61.0,0.013,0.015,0.012,0.091,0.25,0.28,0.62,16.832,25.0,0.092,0.034,20.63,23.46,-31.16,-2.28,1366.06,0.48,0.56,0.09,1.0,0.73,-61.84,-3.68,1680.1,0.67,726.089,51.351,1.0,37.0
Grafting_Motif0263_ems_3hM_3288_0001,FGFR2,1,Cao et al FGFR2,64.0,0.206,0.266,0.121,0.384,0.61,0.63,0.77,8.141,3.2,0.309,0.288,7.35,7.62,-46.0,-2.88,1596.2,0.75,0.67,0.1,4.0,0.68,-67.25,-4.17,1612.0,0.69,909.282,58.333,4.0,48.0
Grafting_Motif0272_HHH_eva_0709_0001,FGFR2,0,Cao et al FGFR2,54.0,0.016,0.024,0.015,0.185,0.29,0.31,0.64,13.905,25.0,0.052,0.037,20.44,24.15,-35.68,-2.79,1279.0,0.69,0.66,0.25,2.0,0.67,-56.5,-3.38,1673.16,0.71,661.664,57.576,0.0,33.0
Grafting_Motif0272_ems_3hC_1014_0001_0001,FGFR2,0,Cao et al FGFR2,59.0,0.016,0.018,0.013,0.14,0.28,0.29,0.62,15.347,25.0,0.082,0.033,19.9,21.61,-33.93,-2.58,1313.58,0.6,0.6,0.22,1.0,0.7,-55.93,-3.41,1640.75,0.64,677.471,59.459,3.0,37.0
Grafting_Motif0355_ems_3hM_2575_0001_0001,FGFR2,0,Cao et al FGFR2,63.0,0.017,0.025,0.014,0.164,0.3,0.32,0.62,14.6,25.0,0.09,0.049,19.96,21.01,-32.18,-2.45,1311.93,0.56,0.62,0.03,4.0,0.68,-63.5,-3.17,2001.09,0.59,639.212,44.118,0.0,34.0
Grafting_Motif0355_p1_15H_GBL_16H_GABBL_15H_0465_0001_0001_0002_0001_0002,FGFR2,0,Cao et al FGFR2,54.0,0.07,0.085,0.028,0.214,0.42,0.44,0.69,11.702,25.0,0.084,0.111,19.59,24.1,-31.35,-2.53,1238.83,0.62,0.59,0.16,3.0,0.72,-64.57,-3.33,1938.62,0.68,660.641,42.857,5.0,35.0
Grafting_Motif0374_p1_15H_GBL_16H_GABBL_15H_0419_0001_0001_0001_0001_0002,FGFR2,0,Cao et al FGFR2,54.0,0.016,0.016,0.014,0.149,0.25,0.27,0.61,15.022,25.0,0.088,0.03,17.68,19.21,-38.43,-2.78,1383.39,0.68,0.71,0.21,4.0,0.68,-63.2,-3.41,1851.79,0.69,753.157,45.0,7.0,40.0
Grafting_Motif0413_bcov_4helix_05391_0001,FGFR2,1,Cao et al FGFR2,65.0,0.132,0.142,0.067,0.258,0.5,0.54,0.7,10.868,5.2,0.14,0.103,15.93,18.83,-33.64,-2.27,1479.63,0.63,0.61,0.28,3.0,0.72,-73.57,-4.21,1748.31,0.71,732.003,52.5,8.0,40.0
Grafting_Motif0433_bcov_4helix_00389_0001,FGFR2,0,Cao et al FGFR2,65.0,0.014,0.017,0.012,0.102,0.27,0.32,0.62,15.71,25.0,0.093,0.029,11.61,15.16,-34.63,-2.6,1332.67,0.65,0.58,0.31,2.0,0.68,-55.67,-3.5,1592.03,0.71,814.465,51.351,5.0,37.0
Grafting_Motif0612_HHH_eva_0268_0001_0002,FGFR2,0,Cao et al FGFR2,63.0,0.014,0.018,0.012,0.09,0.27,0.3,0.62,15.907,25.0,0.093,0.041,22.74,26.05,-39.75,-2.91,1365.18,0.69,0.58,0.16,4.0,0.7,-66.5,-3.4,1955.45,0.65,753.188,58.14,0.0,43.0
Grafting_Motif1153_bcov_4helix_05297_0001_0001,FGFR2,1,Cao et al FGFR2,65.0,0.702,0.72,0.396,0.687,0.87,0.87,0.87,4.524,1.0,0.346,0.648,1.93,2.39,-55.17,-3.62,1523.83,0.7,0.69,0.22,10.0,0.71,-57.42,-3.44,1669.96,0.69,825.775,45.455,10.0,44.0
Grafting_Motif1153_ems_3hM_1612_0001,FGFR2,0,Cao et al FGFR2,60.0,0.122,0.131,0.077,0.251,0.51,0.52,0.73,10.183,25.0,0.103,0.14,8.02,10.7,-37.15,-2.8,1327.38,0.71,0.58,0.17,4.0,0.74,-69.24,-4.02,1723.81,0.75,705.637,57.143,5.0,35.0
HHH_eva_0458_000000013_0001,FGFR2,0,Cao et al FGFR2,53.0,0.015,0.018,0.013,0.119,0.31,0.36,0.65,14.493,25.0,0.076,0.042,18.2,20.72,-36.45,-2.58,1414.97,0.65,0.59,0.21,4.0,0.74,-67.26,-3.8,1770.33,0.72,767.742,52.632,3.0,38.0
IL7Ra_binder_AF2_14,IL7Ra,0,IL7Ra Watson et al,58.0,0.51,0.721,0.292,0.601,0.83,0.84,0.89,5.128,1.4,0.233,0.724,1.19,1.45,-39.71,-2.73,1453.83,0.61,0.63,0.17,3.0,0.59,-44.88,-3.35,1339.48,0.66,816.247,42.5,4.0,40.0
IL7Ra_binder_AF2_22,IL7Ra,0,IL7Ra Watson et al,85.0,0.53,0.597,0.323,0.505,0.81,0.81,0.87,6.314,1.8,0.365,0.712,1.92,2.56,-43.51,-2.47,1762.64,0.61,0.6,0.13,7.0,0.66,-53.29,-2.78,1915.15,0.63,951.512,42.0,4.0,50.0
IL7Ra_binder_AF2_43,IL7Ra,0,IL7Ra Watson et al,87.0,0.708,0.755,0.399,0.612,0.88,0.88,0.88,5.028,1.1,0.394,0.847,1.67,3.8,-51.16,-3.37,1519.78,0.72,0.63,0.31,7.0,0.62,-44.95,-3.06,1469.87,0.62,836.131,43.478,3.0,46.0
IL7Ra_binder_AF2_52,IL7Ra,1,IL7Ra Watson et al,71.0,0.701,0.816,0.405,0.654,0.89,0.89,0.9,4.78,1.0,0.372,0.856,1.56,1.42,-57.2,-3.09,1848.25,0.71,0.62,0.14,7.0,0.69,-51.85,-2.68,1935.89,0.61,997.64,46.939,8.0,49.0
IL7Ra_binder_AF2_54,IL7Ra,0,IL7Ra Watson et al,75.0,0.67,0.76,0.402,0.629,0.88,0.88,0.89,4.855,1.1,0.365,0.772,2.72,2.98,-32.78,-2.1,1561.67,0.59,0.58,0.14,2.0,0.69,-48.18,-2.79,1724.66,0.57,932.516,41.86,6.0,43.0
IL7Ra_binder_AF2_56,IL7Ra,0,IL7Ra Watson et al,85.0,0.618,0.727,0.369,0.599,0.84,0.84,0.88,5.308,1.3,0.409,0.784,3.5,4.51,-49.92,-2.97,1683.46,0.72,0.62,0.11,8.0,0.64,-49.87,-2.9,1719.7,0.53,966.938,38.636,4.0,44.0
IL7Ra_binder_AF2_84,IL7Ra,1,IL7Ra Watson et al,65.0,0.631,0.799,0.365,0.629,0.88,0.88,0.9,5.222,1.2,0.324,0.873,1.65,1.44,-51.38,-3.15,1629.91,0.57,0.57,0.25,4.0,0.62,-49.8,-2.88,1730.21,0.59,903.193,48.718,5.0,39.0
IL7Ra_binder_AF2_9,IL7Ra,1,IL7Ra Watson et al,81.0,0.499,0.573,0.272,0.479,0.81,0.81,0.85,6.713,1.6,0.304,0.679,3.31,4.7,-47.58,-2.86,1661.61,0.7,0.64,0.26,2.0,0.64,-53.81,-2.94,1832.4,0.69,881.955,39.535,4.0,43.0
IL7Ra_binder_AF2_95,IL7Ra,1,IL7Ra Watson et al,89.0,0.563,0.658,0.332,0.53,0.81,0.81,0.87,6.248,1.5,0.365,0.678,1.48,1.55,-54.23,-2.49,2174.57,0.59,0.62,0.09,5.0,0.65,-56.12,-2.61,2146.64,0.51,1060.669,43.137,7.0,51.0
Insulin_receptor_binder_AF2_11,InsulinR,0,InsulinR Watson et al,65.0,0.316,0.458,0.201,0.425,0.69,0.7,0.84,7.455,2.8,0.126,0.411,3.15,2.67,-42.3,-2.84,1490.05,0.66,0.57,0.25,1.0,0.57,-31.79,-2.19,1449.03,0.58,819.936,44.186,2.0,43.0
Insulin_receptor_binder_AF2_29,InsulinR,0,InsulinR Watson et al,74.0,0.627,0.74,0.392,0.633,0.85,0.85,0.9,5.083,1.4,0.346,0.779,1.62,1.61,-51.37,-2.41,2127.45,0.61,0.58,0.11,5.0,0.62,-60.49,-2.86,2113.74,0.66,1196.837,38.889,12.0,54.0
Insulin_receptor_binder_AF2_4,InsulinR,0,InsulinR Watson et al,86.0,0.231,0.26,0.161,0.254,0.59,0.6,0.81,8.99,3.6,0.225,0.213,1.48,1.51,-52.03,-2.5,2081.46,0.55,0.53,0.09,12.0,0.64,-66.23,-3.04,2175.51,0.61,1174.231,35.185,7.0,54.0
Insulin_receptor_binder_AF2_40,InsulinR,0,InsulinR Watson et al,98.0,0.645,0.699,0.425,0.612,0.82,0.83,0.88,5.435,1.6,0.189,0.765,3.03,2.32,-61.62,-3.03,2035.85,0.72,0.59,0.06,9.0,0.64,-57.46,-3.19,1801.61,0.61,1030.753,38.462,8.0,52.0
Insulin_receptor_binder_AF2_55,InsulinR,0,InsulinR Watson et al,55.0,0.681,0.758,0.383,0.686,0.9,0.91,0.91,4.177,1.1,0.398,0.868,2.45,2.39,-60.25,-3.57,1689.22,0.68,0.65,0.08,7.0,0.67,-63.89,-3.9,1639.5,0.56,1009.037,36.538,8.0,52.0
Insulin_receptor_binder_AF2_91,InsulinR,0,InsulinR Watson et al,92.0,0.771,0.822,0.526,0.68,0.89,0.89,0.92,4.522,1.0,0.294,0.904,2.51,2.46,-53.39,-3.09,1729.95,0.69,0.62,0.12,6.0,0.67,-59.65,-3.04,1961.1,0.62,1085.285,34.615,7.0,52.0
LTKBind_lk10,LTK,1,Bennet paper LTK prospective,55.0,0.565,0.818,0.26,0.586,0.9,0.9,0.92,5.67,1.2,0.446,0.774,1.82,2.41,-51.06,-2.72,1874.39,0.71,0.64,0.22,9.0,0.7,-51.48,-2.91,1766.37,0.6,917.488,42.857,9.0,49.0
Motif0003_HEEHE_1198_0001_0002_2471_0001,FGFR2,0,Cao et al FGFR2,65.0,0.084,0.117,0.026,0.185,0.45,0.52,0.69,12.514,25.0,0.144,0.074,21.51,27.38,-53.75,-2.92,1843.63,0.72,0.67,0.3,8.0,0.76,-59.63,-3.89,1532.95,0.69,883.918,53.061,8.0,49.0
Motif0003_HEEHE_3142_0001_0001_3776_0001,FGFR2,0,Cao et al FGFR2,65.0,0.102,0.107,0.046,0.221,0.43,0.48,0.68,11.202,5.6,0.19,0.093,20.08,17.59,-38.53,-2.65,1451.35,0.66,0.62,0.14,1.0,0.78,-62.05,-3.69,1683.21,0.73,867.68,50.0,2.0,44.0
Motif0003_bcov_4helix_08179_0001_0001_8191_0001,FGFR2,0,Cao et al FGFR2,65.0,0.207,0.227,0.118,0.29,0.53,0.54,0.7,9.656,3.3,0.162,0.229,21.02,21.37,-37.78,-2.68,1411.1,0.68,0.58,0.17,2.0,0.74,-69.98,-3.85,1816.57,0.66,751.288,52.632,2.0,38.0
Motif0003_ems_3hM_365_0001_0001_2683_0001,FGFR2,0,Cao et al FGFR2,64.0,0.164,0.213,0.085,0.308,0.51,0.53,0.7,9.866,3.0,0.137,0.186,25.16,18.46,-48.68,-3.34,1455.49,0.68,0.59,0.11,3.0,0.77,-66.58,-3.57,1864.02,0.67,765.392,52.5,4.0,40.0
Motif0004_HEEHE_2242_0001_3624_0001,FGFR2,0,Cao et al FGFR2,65.0,0.014,0.017,0.013,0.109,0.25,0.26,0.61,17.371,25.0,0.046,0.046,25.25,22.89,-37.63,-3.09,1217.17,0.73,0.67,0.13,0.0,0.72,-71.47,-3.8,1880.15,0.68,534.388,58.621,1.0,29.0
Motif0005_HEEHE_1867_0001_0001_5149_0001,FGFR2,0,Cao et al FGFR2,65.0,0.017,0.047,0.014,0.153,0.37,0.4,0.66,14.441,25.0,0.072,0.091,20.82,23.49,-34.9,-2.9,1204.91,0.67,0.57,0.25,0.0,0.72,-65.16,-3.52,1848.96,0.72,614.758,62.5,1.0,32.0
Motif0006_ems_3hC_974_0002_0001_0002_8191_0001,FGFR2,0,Cao et al FGFR2,64.0,0.012,0.015,0.011,0.083,0.24,0.25,0.61,17.077,25.0,0.07,0.03,21.45,31.4,-34.19,-2.52,1357.35,0.56,0.65,0.09,3.0,0.79,-69.84,-3.85,1812.87,0.71,655.733,51.351,2.0,37.0
Motif0018_HEEHE_2475_0001_0001_3975_0001,FGFR2,0,Cao et al FGFR2,65.0,0.091,0.105,0.043,0.224,0.43,0.48,0.67,11.61,4.7,0.183,0.092,17.73,18.5,-44.58,-2.71,1647.0,0.61,0.69,0.14,3.0,0.69,-67.02,-3.81,1756.9,0.64,828.488,53.659,3.0,41.0
Motif0025_HEEHE_1671_0001_1483_0001,FGFR2,0,Cao et al FGFR2,65.0,0.016,0.019,0.013,0.126,0.29,0.32,0.62,14.96,25.0,0.062,0.052,25.42,22.05,-28.74,-2.94,977.67,0.71,0.57,0.22,0.0,0.78,-82.9,-4.0,2074.86,0.72,550.471,54.839,0.0,31.0
Motif0034_bcov_4helix_05706_0001_0001_2921_0001,FGFR2,0,Cao et al FGFR2,65.0,0.016,0.052,0.013,0.138,0.34,0.4,0.65,13.121,25.0,0.125,0.093,23.14,19.9,-41.68,-3.17,1315.78,0.63,0.64,0.19,3.0,0.69,-62.68,-3.59,1744.02,0.59,723.044,50.0,0.0,34.0
Motif0041_HEEHE_2545_0001_0001_7972_0001,FGFR2,0,Cao et al FGFR2,65.0,0.016,0.028,0.013,0.144,0.31,0.33,0.63,15.038,25.0,0.08,0.027,18.9,14.6,-41.1,-2.8,1467.51,0.59,0.67,0.24,3.0,0.77,-70.57,-3.8,1857.43,0.65,786.099,63.415,0.0,41.0
Motif0041_bcov_4helix_09434_0001_0001_3612_0001,FGFR2,0,Cao et al FGFR2,65.0,0.291,0.324,0.143,0.343,0.64,0.65,0.77,8.522,2.9,0.217,0.276,5.46,5.82,-50.77,-3.21,1580.93,0.7,0.62,0.31,2.0,0.67,-53.99,-3.43,1572.82,0.69,907.037,56.098,1.0,41.0
Motif0087_HHH_eva_0450_0001_4222_0001,FGFR2,0,Cao et al FGFR2,49.0,0.152,0.231,0.092,0.329,0.46,0.57,0.72,8.868,25.0,0.142,0.217,19.66,26.1,-35.74,-2.88,1240.05,0.64,0.67,0.16,3.0,0.72,-61.55,-3.54,1740.69,0.7,645.908,51.429,3.0,35.0
Motif0168_ems_3hM_1929_0001_211_0001,FGFR2,0,Cao et al FGFR2,62.0,0.131,0.152,0.075,0.289,0.47,0.5,0.7,10.108,4.7,0.144,0.126,2.41,3.03,-52.0,-3.2,1622.95,0.73,0.57,0.04,3.0,0.74,-73.96,-4.08,1812.75,0.65,798.192,45.238,3.0,42.0
Motif0173_ems_3hM_2575_0001_0004_0001,EGFR,0,Cao et al EGFR,63.0,0.257,0.391,0.184,0.324,0.64,0.7,0.86,7.423,3.2,0.211,0.338,8.57,10.53,-38.83,-2.24,1735.1,0.61,0.58,0.07,7.0,0.71,-50.09,-3.03,1653.98,0.7,920.471,40.909,5.0,44.0
Motif0209_ems_3hM_1772_0001_0001,SARS_CoV2_RBD,0,Cao et al SARS_CoV2_RBD,60.0,0.0,0.0,0.0,0.0,0.19,0.27,0.71,22.688,25.0,0.0,0.0,5.9,6.17,-40.75,-2.28,1784.3,0.56,0.68,0.21,8.0,0.77,-61.35,-3.69,1663.0,0.72,866.656,42.553,4.0,47.0
Motif0515_bcov_4helix_02342_0001_0001_8953_0001,FGFR2,0,Cao et al FGFR2,65.0,0.448,0.536,0.257,0.504,0.73,0.75,0.8,6.983,1.7,0.309,0.393,4.48,3.07,-60.28,-3.26,1846.51,0.7,0.62,0.22,5.0,0.73,-72.85,-3.72,1960.85,0.67,974.541,46.667,2.0,45.0
Motif0582_bcov_4helix_06178_0001_0001_6332_0001,FGFR2,0,Cao et al FGFR2,65.0,0.028,0.052,0.017,0.22,0.33,0.36,0.62,13.614,25.0,0.12,0.048,21.49,20.6,-33.16,-2.61,1270.26,0.73,0.63,0.16,1.0,0.74,-68.47,-3.64,1880.76,0.76,745.051,53.846,2.0,39.0
Motif0582_ems_3hC_356_0002_0001_3155_0001,FGFR2,0,Cao et al FGFR2,64.0,0.023,0.069,0.015,0.164,0.36,0.4,0.64,12.761,6.1,0.073,0.068,9.18,9.05,-27.46,-1.99,1378.44,0.66,0.57,0.06,2.0,0.7,-54.11,-3.03,1783.1,0.71,765.261,46.341,1.0,41.0
Motif0957_HHH_eva_0271_0001,SARS_CoV2_RBD,0,Cao et al SARS_CoV2_RBD,61.0,0.0,0.0,0.0,0.0,0.11,0.14,0.69,25.739,25.0,0.0,0.0,20.97,50.1,-34.07,-1.98,1724.01,0.61,0.68,0.34,4.0,0.65,-59.53,-2.67,2227.64,0.59,770.749,34.043,4.0,47.0
Motif1004_bcov_4helix_02106_0001_0002_9960_0001,FGFR2,0,Cao et al FGFR2,65.0,0.013,0.014,0.012,0.086,0.26,0.34,0.61,15.312,25.0,0.127,0.036,18.7,15.28,-33.24,-2.28,1455.03,0.59,0.49,0.21,2.0,0.72,-71.52,-3.78,1891.17,0.63,835.723,52.381,2.0,42.0
Motif1005_bcov_4helix_10292_0001_0002_5205_0001,FGFR2,0,Cao et al FGFR2,65.0,0.513,0.561,0.304,0.574,0.73,0.77,0.78,6.592,1.4,0.239,0.581,21.7,18.41,-38.47,-2.7,1427.29,0.72,0.55,0.21,3.0,0.71,-59.65,-3.33,1793.74,0.7,813.396,45.0,3.0,40.0
Motif1016_HEEHE_1192_0002_4936_0001,FGFR2,0,Cao et al FGFR2,65.0,0.016,0.047,0.013,0.135,0.32,0.37,0.64,14.408,25.0,0.067,0.068,26.0,21.82,-40.77,-3.1,1315.98,0.63,0.65,0.17,4.0,0.75,-69.42,-3.67,1893.13,0.7,619.092,51.613,0.0,31.0
Motif1016_bcov_4helix_03960_0001_2240_0001,FGFR2,0,Cao et al FGFR2,65.0,0.094,0.116,0.036,0.202,0.43,0.43,0.67,11.95,25.0,0.109,0.079,16.78,10.75,-40.72,-2.67,1526.41,0.77,0.59,0.25,3.0,0.74,-63.32,-3.69,1717.09,0.61,808.889,50.0,1.0,40.0
Motif1019_ems_3hM_2402_0001_0002_1777_0001,FGFR2,0,Cao et al FGFR2,64.0,0.027,0.079,0.015,0.171,0.34,0.42,0.65,12.876,6.7,0.169,0.057,20.06,22.16,-50.08,-2.96,1693.67,0.6,0.56,0.1,2.0,0.65,-69.32,-3.62,1916.18,0.67,916.774,61.702,0.0,47.0
Motif1025_ems_3hM_1858_0001_5144_0001,FGFR2,0,Cao et al FGFR2,64.0,0.017,0.03,0.015,0.163,0.29,0.37,0.63,13.608,25.0,0.139,0.063,17.76,14.4,-33.89,-2.7,1253.98,0.63,0.66,0.06,2.0,0.77,-62.66,-3.33,1880.14,0.72,753.61,48.718,2.0,39.0
Motif1031_HEEHE_3047_0001_0001_2765_0001,FGFR2,0,Cao et al FGFR2,65.0,0.377,0.484,0.199,0.446,0.68,0.7,0.76,9.435,1.7,0.331,0.361,22.88,14.36,-60.06,-3.38,1775.7,0.76,0.69,0.23,1.0,0.71,-87.74,-4.95,1772.62,0.7,911.97,68.182,0.0,44.0
Motif1040_ems_4hM_4277_0001_6685_0001,FGFR2,0,Cao et al FGFR2,64.0,0.014,0.024,0.012,0.116,0.29,0.34,0.64,15.702,25.0,0.073,0.041,19.54,20.01,-40.19,-3.17,1268.17,0.7,0.67,0.33,3.0,0.67,-64.5,-3.29,1959.45,0.66,754.46,64.103,2.0,39.0
Motif1045_HEEHE_1347_0001_0001_5944_0001,FGFR2,0,Cao et al FGFR2,65.0,0.017,0.018,0.015,0.182,0.27,0.32,0.61,14.646,25.0,0.144,0.037,12.05,12.84,-43.45,-2.79,1555.85,0.65,0.65,0.1,6.0,0.78,-74.46,-3.95,1886.27,0.65,812.994,52.273,3.0,44.0
Motif1062_bcov_4helix_03261_0001_1484_0001,FGFR2,0,Cao et al FGFR2,65.0,0.017,0.019,0.013,0.116,0.29,0.34,0.62,15.169,25.0,0.131,0.046,17.94,19.13,-35.57,-2.78,1279.5,0.61,0.6,0.31,1.0,0.66,-58.34,-3.57,1634.28,0.66,745.866,47.368,3.0,38.0
Motif1086_HEEHE_2030_0002_2661_0001,FGFR2,0,Cao et al FGFR2,65.0,0.016,0.017,0.012,0.113,0.25,0.27,0.61,16.496,25.0,0.073,0.026,18.85,19.07,-39.15,-2.7,1447.71,0.68,0.66,0.18,1.0,0.76,-75.43,-3.83,1969.2,0.64,750.427,55.263,0.0,38.0
Motif1090_bcov_4helix_00550_0001_357_0001,FGFR2,0,Cao et al FGFR2,65.0,0.292,0.315,0.097,0.29,0.6,0.62,0.75,9.333,2.6,0.202,0.271,5.46,4.64,-45.9,-2.99,1534.87,0.7,0.63,0.24,3.0,0.76,-58.02,-4.02,1442.99,0.73,974.115,48.889,3.0,45.0
Motif1123_HHH_eva_0364_0001_9337_0001,FGFR2,0,Cao et al FGFR2,62.0,0.164,0.208,0.112,0.305,0.57,0.58,0.75,9.282,4.2,0.204,0.247,21.88,20.82,-38.98,-2.46,1585.58,0.6,0.51,0.1,2.0,0.78,-57.72,-3.24,1780.22,0.73,782.907,57.895,6.0,38.0
Motif1126_bcov_4helix_03499_0001_0002_8718_0001,FGFR2,0,Cao et al FGFR2,65.0,0.443,0.657,0.251,0.512,0.78,0.78,0.79,8.04,1.1,0.167,0.259,6.14,5.24,-49.91,-3.95,1263.09,0.75,0.63,0.22,2.0,0.72,-59.25,-3.84,1541.75,0.67,840.816,51.22,4.0,41.0
Motif1134_ems_3hM_1836_0002_7821_0001,FGFR2,0,Cao et al FGFR2,61.0,0.203,0.247,0.126,0.304,0.56,0.57,0.73,9.596,3.2,0.256,0.187,22.35,22.01,-51.34,-3.21,1599.25,0.72,0.63,0.12,6.0,0.71,-64.64,-3.65,1769.71,0.64,795.45,55.0,4.0,40.0
Motif1135_HEEHE_0332_0001_6680_0001,FGFR2,1,Cao et al FGFR2,65.0,0.645,0.692,0.365,0.625,0.85,0.85,0.86,5.167,1.1,0.411,0.608,2.51,2.15,-57.29,-3.44,1664.03,0.78,0.59,0.16,3.0,0.74,-60.2,-3.55,1694.61,0.7,838.134,57.895,1.0,38.0
Motif1224_HHH_b1_07656_0001,SARS_CoV2_RBD,0,Cao et al SARS_CoV2_RBD,57.0,0.482,0.67,0.284,0.59,0.84,0.85,0.88,6.168,1.8,0.163,0.631,1.51,1.67,-54.9,-2.8,1957.92,0.58,0.66,0.08,7.0,0.68,-63.79,-3.4,1874.02,0.68,944.938,39.583,3.0,48.0
Motif1320_bcov_4helix_09576_0002_7842_0001,FGFR2,0,Cao et al FGFR2,65.0,0.013,0.016,0.012,0.083,0.3,0.33,0.62,15.092,25.0,0.113,0.032,20.06,22.2,-45.44,-2.52,1800.23,0.64,0.56,0.16,3.0,0.79,-61.73,-3.65,1689.81,0.7,880.318,56.522,4.0,46.0
Motif1379_HEEHE_1259_0001_0002_1_9829_0001,FGFR2,1,Cao et al FGFR2,65.0,0.046,0.069,0.016,0.164,0.33,0.4,0.64,12.496,25.0,0.098,0.059,18.75,18.62,-39.83,-2.44,1632.64,0.62,0.66,0.19,0.0,0.78,-64.29,-3.77,1704.35,0.76,821.38,53.846,0.0,39.0
Motif1529_ems_3hM_795_0001_0002_131_0001,FGFR2,0,Cao et al FGFR2,64.0,0.144,0.191,0.086,0.272,0.46,0.5,0.69,10.542,3.5,0.084,0.125,16.9,21.73,-39.8,-2.6,1531.08,0.7,0.59,0.16,2.0,0.7,-67.06,-3.52,1905.02,0.73,828.556,56.818,1.0,44.0
Motif2028_bcov_4helix_09141_0001_0002,SARS_CoV2_RBD,0,Cao et al SARS_CoV2_RBD,65.0,0.017,0.017,0.014,0.102,0.28,0.31,0.74,19.013,25.0,0.091,0.021,18.22,55.95,-27.88,-1.7,1640.59,0.52,0.68,0.42,6.0,0.76,-50.17,-3.0,1671.11,0.67,851.167,43.182,7.0,44.0
Motif2316_HHH_b1_06520_0001,SARS_CoV2_RBD,0,Cao et al SARS_CoV2_RBD,57.0,0.129,0.169,0.082,0.182,0.61,0.62,0.82,11.067,5.3,0.102,0.171,6.65,7.92,-37.89,-3.04,1247.11,0.74,0.7,0.13,4.0,0.78,-54.42,-3.28,1661.42,0.72,695.555,47.222,1.0,36.0
Motif2430_HHH_b1_05346_0001_0003,SARS_CoV2_RBD,0,Cao et al SARS_CoV2_RBD,56.0,0.313,0.457,0.18,0.398,0.76,0.76,0.85,8.291,2.9,0.084,0.496,19.59,53.86,-28.83,-2.29,1259.77,0.59,0.66,0.4,5.0,0.71,-58.92,-3.2,1843.91,0.74,687.357,38.235,3.0,34.0
NYESO_parent_binder_partial_30_3_128_dldesign_0_af2pred,pMHC_NY1,0,pMHC screening NY2,145.0,0.566,0.814,0.376,0.672,0.93,0.94,0.94,4.408,1.0,0.41,0.906,1.47,1.9,-75.17,-2.48,3036.43,0.53,0.61,0.56,8.0,0.59,-81.87,-2.85,2870.82,0.58,1591.76,46.053,8.0,76.0
Pdl1_binder_AF2_17,Pdl1,1,Pdl1 Watson et al,92.0,0.852,0.867,0.62,0.766,0.92,0.93,0.93,2.92,0.8,0.598,0.913,1.34,1.17,-64.79,-3.36,1925.67,0.71,0.67,0.15,7.0,0.7,-68.15,-3.62,1881.55,0.66,974.36,56.25,4.0,48.0
Pdl1_binder_AF2_37,Pdl1,0,Pdl1 Watson et al,65.0,0.431,0.553,0.276,0.53,0.7,0.77,0.83,5.486,2.1,0.366,0.531,3.9,4.21,-35.93,-2.34,1534.84,0.66,0.62,0.21,5.0,0.6,-40.88,-2.42,1689.01,0.57,811.763,35.714,6.0,42.0
Pdl1_binder_AF2_47,Pdl1,0,Pdl1 Watson et al,96.0,0.241,0.307,0.173,0.354,0.53,0.55,0.73,8.421,3.0,0.249,0.323,2.8,1.7,-30.38,-2.25,1349.61,0.73,0.7,0.08,2.0,0.62,-38.35,-2.43,1575.6,0.58,740.185,44.737,3.0,38.0
Pdl1_binder_AF2_61,Pdl1,0,Pdl1 Watson et al,62.0,0.081,0.123,0.033,0.24,0.43,0.46,0.73,11.657,4.7,0.22,0.127,18.75,21.06,-20.9,-1.74,1201.24,0.54,0.67,0.3,3.0,0.58,-33.44,-2.64,1264.72,0.7,754.602,43.59,4.0,39.0
Pdl1_binder_AF2_80,Pdl1,0,Pdl1 Watson et al,95.0,0.576,0.672,0.383,0.604,0.8,0.81,0.86,4.77,1.4,0.404,0.738,11.11,7.9,-44.91,-2.75,1633.28,0.52,0.66,0.2,10.0,0.55,-43.84,-2.51,1747.76,0.64,833.367,33.333,6.0,42.0
Trka_binder_AF2_25,TrkA,0,TrkA Watson et al,65.0,0.512,0.629,0.348,0.62,0.77,0.79,0.85,4.826,1.7,0.392,0.716,2.85,2.95,-55.16,-3.79,1454.41,0.7,0.66,0.21,7.0,0.77,-49.06,-3.32,1478.45,0.61,721.395,46.341,4.0,41.0
Trka_binder_AF2_3,TrkA,0,TrkA Watson et al,65.0,0.682,0.757,0.44,0.712,0.85,0.86,0.89,3.661,1.2,0.461,0.808,1.78,2.48,-56.62,-3.19,1775.89,0.72,0.66,0.25,10.0,0.66,-47.06,-2.8,1683.34,0.6,918.808,47.727,9.0,44.0
Trka_binder_AF2_62,TrkA,0,TrkA Watson et al,65.0,0.706,0.792,0.443,0.714,0.86,0.87,0.89,3.692,1.0,0.355,0.875,2.16,2.09,-42.84,-3.22,1331.01,0.75,0.7,0.29,5.0,0.61,-34.9,-2.43,1438.68,0.6,671.556,44.118,6.0,34.0
Trka_binder_AF2_76,TrkA,0,TrkA Watson et al,64.0,0.642,0.732,0.365,0.662,0.84,0.85,0.87,4.826,1.1,0.411,0.833,1.79,1.82,-38.46,-3.1,1242.6,0.74,0.72,0.37,6.0,0.67,-32.74,-2.48,1322.82,0.6,627.604,38.235,4.0,34.0
alan_blakely_16_2,EGFR,1,Adaptyv binder comp round 2,236.0,0.609,0.678,0.333,0.454,0.6,0.6,0.63,20.551,1.8,0.603,0.12,6.18,7.89,-98.73,-2.33,4231.65,0.65,0.57,0.28,17.0,0.6,-96.44,-2.5,3852.96,0.6,2193.771,37.391,19.0,115.0
bcov_6ala_r1_ems_3hM_208_000000000_0001_25_43_H____ems_3hM_1700_0001_0005_0001_0001,TrkA,0,Cao et al TrkA,61.0,0.0,0.0,0.0,0.0,0.11,0.13,0.54,22.271,25.0,0.0,0.0,12.12,14.84,-34.34,-2.33,1471.65,0.45,0.53,0.21,3.0,0.69,-58.28,-4.29,1360.07,0.65,787.03,33.333,4.0,36.0
bcov_revert_r1_ems_p1_15H_GBL_16H_GBL_15H_0593_0001_0001_0002_000000000_0001_19_33_H____ems_3hM_3525_0001_0001_0001_0001,TrkA,0,Cao et al TrkA,61.0,0.0,0.0,0.0,0.0,0.15,0.17,0.54,20.798,25.0,0.0,0.0,16.5,32.05,-16.54,-1.87,885.05,0.44,0.52,0.17,2.0,0.68,-51.23,-3.55,1442.79,0.63,528.722,30.769,3.0,26.0
briannaughton_2_plus_1,EGFR,1,Adaptyv binder comp round 2,250.0,0.581,0.641,0.325,0.437,0.57,0.57,0.58,22.612,2.0,0.498,0.255,34.78,46.45,-71.31,-2.17,3293.2,0.6,0.64,0.29,10.0,0.65,-65.41,-2.04,3199.89,0.69,1887.057,40.217,22.0,92.0
carlos_bueno_WWB11,EGFR,0,Adaptyv binder comp round 1,200.0,0.0,0.0,0.0,0.0,0.17,0.18,0.51,29.244,25.0,0.0,0.0,45.6,74.83,-37.98,-1.46,2593.89,0.45,0.6,0.31,4.0,0.74,-46.31,-2.28,2031.02,0.62,1263.711,36.986,4.0,73.0
coreyhowe99_corey82,EGFR,0,Adaptyv binder comp round 2,48.0,0.441,0.671,0.189,0.451,0.93,0.93,0.72,12.078,1.7,0.565,0.665,2.87,6.05,-61.33,-2.54,2414.47,0.67,0.69,0.09,6.0,0.66,-61.15,-2.51,2433.84,0.65,1383.521,44.776,6.0,67.0
coreyhowe99_egfr_binder10,EGFR,0,Adaptyv binder comp round 1,20.0,0.0,0.0,0.0,0.0,0.33,0.34,0.63,24.137,25.0,0.0,0.0,8.38,53.63,-39.46,-1.9,2073.36,0.55,0.6,0.45,0.0,0.58,-15.77,-1.08,1459.71,0.54,938.031,44.231,4.0,52.0
csplice_r1_4b397ff321495f1cf064223b6ad1b1e1_0001_000000002_0001_0001_24_33_H____107009d5f73eb0e6f3dc327d02cea2e3_0001_1_0001_0001_0001_0001_16_51_HHH_31_28939_28_0001,VirB8,0,Cao et al VirB8,65.0,0.016,0.083,0.013,0.138,0.46,0.48,0.75,14.04,6.8,0.11,0.07,41.46,22.99,-43.0,-2.74,1570.31,0.62,0.51,0.19,1.0,0.77,-60.31,-3.59,1680.05,0.7,824.224,55.0,2.0,40.0
csplice_r1_ems_3hM_1972_000000001_0001_0001_2_11_H____2730cbcc7b89775a53619ae3e2f9a3d5_0001_0001_0002_0001_0001_17_50_HHH_32_02675_14_0001_23_crosslinked,VirB8,0,Cao et al VirB8,65.0,0.012,0.012,0.011,0.054,0.24,0.26,0.68,20.383,25.0,0.076,0.017,41.1,23.89,-42.95,-2.8,1536.36,0.64,0.52,0.17,1.0,0.68,-60.37,-3.35,1801.4,0.68,760.593,60.0,1.0,40.0
deepsatflow_6aru_final_chain_A_domain_3_l142_s806907_mpnn1,EGFR,1,Adaptyv binder comp round 2,142.0,0.656,0.707,0.374,0.462,0.89,0.89,0.71,14.156,1.4,0.434,0.723,3.55,7.59,-55.81,-2.4,2323.29,0.66,0.53,0.22,7.0,0.71,-55.37,-2.24,2467.14,0.64,1244.756,46.552,15.0,58.0
duynth29_Duy_L111_mpnn14_L80M_L42M,EGFR,0,Adaptyv binder comp round 2,111.0,0.707,0.712,0.356,0.467,0.93,0.93,0.72,12.936,1.2,0.548,0.693,36.55,46.01,-68.48,-2.64,2596.87,0.62,0.62,0.36,8.0,0.61,-65.83,-2.06,3188.54,0.59,1580.268,49.315,10.0,73.0
elian_elian1,EGFR,0,Adaptyv binder comp round 2,100.0,0.571,0.665,0.32,0.423,0.89,0.89,0.72,14.112,1.7,0.496,0.666,39.14,46.92,-54.36,-2.01,2705.92,0.67,0.61,0.27,8.0,0.64,-79.57,-2.27,3504.19,0.65,1538.342,36.232,13.0,69.0
ems_3hM_904_000000021_0001,FGFR2,0,Cao et al FGFR2,62.0,0.015,0.016,0.013,0.123,0.29,0.37,0.64,14.009,25.0,0.165,0.04,11.76,9.56,-34.65,-2.21,1568.45,0.64,0.65,0.24,2.0,0.74,-67.22,-3.78,1777.1,0.61,853.944,45.0,3.0,40.0
ems_ferrM_1564_000000000_0001,VirB8,0,Cao et al VirB8,57.0,0.071,0.139,0.02,0.17,0.58,0.59,0.8,11.604,5.7,0.169,0.134,42.55,27.97,-49.63,-3.43,1445.75,0.74,0.74,0.12,1.0,0.79,-50.33,-3.52,1431.46,0.68,790.045,68.421,0.0,38.0
ems_p1_15H_GBL_16H_GABBL_16H_0041_0001_0001_0002_000000013_0001,FGFR2,0,Cao et al FGFR2,55.0,0.149,0.196,0.082,0.305,0.5,0.57,0.71,9.303,3.5,0.198,0.175,6.89,11.11,-35.82,-2.53,1414.86,0.69,0.61,0.16,2.0,0.72,-62.43,-3.21,1945.07,0.7,765.422,53.659,1.0,41.0
enzo_morro_design_0_n_0_mpnn_1_117_plddt_0_713_i_ptm_0_082_i_pae_27_542_rmsd_25_669,EGFR,0,Adaptyv binder comp round 2,167.0,0.0,0.0,0.0,0.0,0.44,0.45,0.56,24.374,11.2,0.0,0.0,33.83,45.18,-49.04,-2.03,2414.58,0.63,0.64,0.18,4.0,0.49,-14.25,-1.32,1076.55,0.56,1345.514,37.143,9.0,70.0
evarist_planet_FM_75_39,EGFR,0,Adaptyv binder comp round 1,60.0,0.259,0.474,0.134,0.294,0.84,0.84,0.67,16.797,3.3,0.403,0.418,35.14,46.9,-53.06,-2.62,2028.77,0.61,0.63,0.59,7.0,0.65,-68.52,-2.66,2577.35,0.59,1078.104,50.909,7.0,55.0
flowuenne_nf_proteindesign_design7,EGFR,0,Adaptyv binder comp round 2,50.0,0.0,0.0,0.0,0.0,0.21,0.2,0.6,28.056,25.0,0.0,0.0,37.61,57.34,-26.69,-1.89,1414.2,0.53,0.65,0.54,3.0,0.56,-32.98,-1.54,2143.79,0.59,568.48,41.667,5.0,36.0
gitter_yolo46,EGFR,0,Adaptyv binder comp round 2,54.0,0.168,0.311,0.092,0.215,0.81,0.81,0.68,16.308,4.3,0.456,0.245,4.11,6.01,-66.37,-2.7,2460.02,0.71,0.62,0.13,7.0,0.7,-66.4,-2.74,2427.87,0.66,1323.023,41.667,8.0,60.0
il10ra_site1_sap_24_mot_HHH_b1_06174_af2_000000107_0001_40_57_H___HHH_b1_02318_0001_0000200024_0000001_0_0001_af2pred_0001,IL10Ra,0,Bennet paper IL10Ra prospective,52.0,0.0,0.0,0.0,0.0,0.27,0.29,0.76,19.868,25.0,0.0,0.0,43.98,47.48,-16.67,-1.69,988.23,0.66,0.56,0.2,2.0,0.49,-36.81,-2.19,1682.8,0.5,549.31,25.926,4.0,27.0
jakublala_epitope_2_30aa_1_pdb,EGFR,0,Adaptyv binder comp round 2,30.0,0.0,0.0,0.0,0.0,0.19,0.24,0.6,28.015,25.0,0.0,0.0,37.07,41.83,-42.88,-2.56,1672.53,0.61,0.68,0.19,3.0,0.6,-54.86,-2.01,2732.8,0.58,867.273,47.727,2.0,44.0
julie_rj0aa,EGFR,0,Adaptyv binder comp round 2,50.0,0.0,0.0,0.0,0.0,0.42,0.43,0.65,23.884,25.0,0.0,0.0,15.59,32.52,-44.21,-2.76,1604.75,0.68,0.63,0.26,8.0,0.72,-54.55,-2.59,2109.59,0.59,809.906,36.585,11.0,41.0
lennart_nickel_EGFR_l170_s20625_mpnn10,EGFR,0,Adaptyv binder comp round 2,170.0,0.599,0.621,0.35,0.398,0.86,0.86,0.7,15.925,2.0,0.461,0.618,39.2,43.36,-65.61,-2.53,2592.29,0.61,0.62,0.28,10.0,0.58,-56.76,-1.94,2928.79,0.59,1445.703,36.232,9.0,69.0
longxing_Motif1_HHH_eva_0103_0001_0003_0003,TrkA,0,Cao et al TrkA,61.0,0.27,0.494,0.137,0.326,0.69,0.72,0.75,9.456,1.8,0.233,0.248,7.48,7.94,-38.38,-2.64,1455.94,0.62,0.7,0.09,4.0,0.75,-75.9,-3.84,1977.19,0.61,821.418,46.667,3.0,45.0
longxing_ems_3hM_2527_000000004_0001_0001,IL7Ra,0,Cao et al IL7Ra,63.0,0.401,0.671,0.236,0.407,0.76,0.76,0.86,8.032,1.3,0.246,0.548,3.46,3.94,-43.8,-2.81,1557.0,0.65,0.59,0.09,7.0,0.75,-59.39,-3.83,1549.87,0.62,834.163,43.59,7.0,39.0
ltk_site1_normal_mot_HHH_b1_00524_000000253_0001_1_21_H___HHH_b2_06776_0001_0000100006_0000002_0_af2pred_0001,LTK,0,Bennet paper LTK prospective,57.0,0.073,0.322,0.032,0.174,0.62,0.64,0.87,11.192,5.2,0.152,0.132,11.92,31.39,-36.24,-2.17,1669.66,0.6,0.61,0.31,9.0,0.64,-40.98,-2.51,1635.19,0.63,890.08,37.778,13.0,45.0
lyu_3,EGFR,0,Adaptyv binder comp round 2,100.0,0.527,0.604,0.292,0.438,0.88,0.88,0.66,16.0,2.0,0.501,0.663,40.72,47.45,-49.96,-2.09,2388.73,0.56,0.61,0.15,14.0,0.58,-56.5,-2.01,2813.01,0.65,1489.482,40.845,15.0,71.0
martin_pacesa_EGFR_l165_s44215_mpnn2,EGFR,0,Adaptyv binder comp round 1,165.0,0.715,0.719,0.416,0.47,0.9,0.9,0.72,14.093,1.3,0.516,0.771,36.47,39.54,-59.94,-2.36,2534.76,0.63,0.67,0.21,10.0,0.6,-66.15,-2.1,3145.65,0.58,1416.98,41.176,15.0,68.0
martin_pacesa_EGFR_l96_s38819_mpnn15,EGFR,0,Adaptyv binder comp round 1,96.0,0.639,0.707,0.329,0.477,0.92,0.91,0.7,13.951,1.4,0.535,0.695,33.14,39.9,-50.96,-2.18,2340.88,0.57,0.58,0.24,6.0,0.6,-57.46,-2.05,2804.64,0.61,1231.48,45.902,6.0,61.0
mot_H_buried_HHH_eva_0156_000000001_0001_26_30_H___3h_hb1_3394_0001_0001_0001,FGFR2,0,Cao et al FGFR2,60.0,0.012,0.012,0.011,0.04,0.2,0.25,0.59,19.55,25.0,0.107,0.022,31.34,32.92,-44.54,-2.9,1533.82,0.74,0.67,0.4,2.0,0.67,-55.12,-2.88,1914.29,0.67,731.163,47.368,2.0,38.0
mot_H_buried_ems_3hC_255_0002_000000000_0001_47_55_H___EHEE_hb1_721_0001_0001_0001_0001,FGFR2,0,Cao et al FGFR2,65.0,0.067,0.103,0.022,0.177,0.37,0.49,0.64,12.04,25.0,0.121,0.136,23.49,19.56,-33.23,-2.7,1231.6,0.55,0.6,0.14,3.0,0.59,-63.64,-3.03,2100.6,0.7,781.321,39.474,4.0,38.0
mot_H_fastrot_3h_hb1_5635_000000028_0001_26_35_H___3h_hb1_6024_0001_0001,FGFR2,0,Cao et al FGFR2,61.0,0.692,0.742,0.393,0.683,0.87,0.87,0.88,4.298,1.0,0.218,0.772,3.34,2.43,-45.05,-3.21,1401.71,0.81,0.63,0.07,3.0,0.73,-61.2,-3.46,1768.52,0.62,765.127,47.368,5.0,38.0
mot_H_fastrot_HHH_eva_0040_000000000_0001_50_60_H___6e490fc8d5470bf527001cd830998133_0001_1_0001_0001,FGFR2,0,Cao et al FGFR2,65.0,0.017,0.025,0.015,0.184,0.33,0.35,0.63,13.712,5.7,0.164,0.059,19.08,16.19,-34.54,-2.2,1567.85,0.67,0.61,0.21,2.0,0.73,-60.48,-3.47,1740.89,0.72,760.741,57.5,3.0,40.0
mot_H_fastrot_cor_0aae35b5ad8ab43c0432737690aa3e6e_0001_1_000000000_0001_21_27_H___3h_hb1_2392_0001_0001_0001,FGFR2,0,Cao et al FGFR2,64.0,0.042,0.085,0.017,0.186,0.4,0.41,0.66,12.4,6.6,0.114,0.059,20.6,23.89,-40.13,-2.45,1639.88,0.57,0.57,0.13,3.0,0.65,-55.17,-3.16,1745.68,0.73,745.603,55.556,1.0,45.0
mot_H_fastrot_cor_28d5766f54aec9c0f75e1a9ca58fd34c_0001_1_000000008_0001_43_49_H___p1_15H_GABBL_14H_GBL_16H_0651_0001_0001_0001_0001_0001,FGFR2,0,Cao et al FGFR2,53.0,0.065,0.071,0.022,0.225,0.34,0.4,0.66,12.115,25.0,0.058,0.069,6.55,6.61,-37.44,-2.93,1275.84,0.68,0.65,0.12,1.0,0.73,-59.31,-3.79,1564.15,0.66,601.183,48.571,1.0,35.0
mot_H_fastrot_cor_3h_hb1_3344_000000001_0001_48_54_H___e32b8a443cf129323adc6faace4111f1_0001_1_0001_0001_0001,FGFR2,0,Cao et al FGFR2,65.0,0.038,0.072,0.015,0.171,0.35,0.37,0.64,12.464,5.8,0.151,0.058,18.25,20.62,-30.4,-2.1,1447.84,0.66,0.63,0.19,0.0,0.67,-59.0,-3.31,1782.64,0.66,774.553,60.976,0.0,41.0
mot_H_fastrot_cor_3h_hb1_3344_000000008_0001_48_54_H___9ab48f5443450482767dde66f0ee4c14_0001_1_0001_0001,FGFR2,0,Cao et al FGFR2,65.0,0.022,0.046,0.015,0.156,0.35,0.38,0.64,13.283,5.7,0.115,0.059,23.47,22.0,-37.26,-2.51,1485.22,0.53,0.59,0.16,4.0,0.71,-58.06,-3.23,1794.95,0.71,723.71,57.143,5.0,42.0
mot_H_fastrot_cor_3h_hb1_3344_000000008_0001_48_58_H___3h_hb1_2016_0001_0001_0001,FGFR2,0,Cao et al FGFR2,62.0,0.012,0.015,0.011,0.078,0.19,0.2,0.58,18.444,25.0,0.076,0.018,2.97,4.18,-34.69,-2.36,1469.59,0.69,0.57,0.06,6.0,0.63,-49.96,-3.04,1644.94,0.6,788.129,40.0,1.0,40.0
mot_H_fastrot_cor_3h_hb1_5971_000000012_0001_53_59_H___EHEE_hb1_3671_0001_0001_0001,FGFR2,0,Cao et al FGFR2,65.0,0.018,0.023,0.014,0.152,0.29,0.33,0.62,15.794,6.4,0.089,0.038,3.41,2.76,-41.11,-2.57,1597.88,0.77,0.66,0.14,2.0,0.66,-51.4,-3.13,1643.79,0.64,837.446,47.727,3.0,44.0
mot_H_fastrot_cor_3h_hb1_5971_000000012_0001_53_59_H___EHEE_hb1_5147_0001_0001_0001,FGFR2,0,Cao et al FGFR2,65.0,0.021,0.037,0.017,0.208,0.33,0.34,0.62,14.092,4.7,0.104,0.046,2.46,3.19,-36.46,-2.4,1516.05,0.8,0.64,0.05,1.0,0.8,-52.16,-3.13,1667.8,0.61,716.532,46.341,1.0,41.0
mot_H_fastrot_cor_3h_hb1_641_000000003_0001_49_56_H___EHEE_hb1_5246_0001_0001_0001,FGFR2,0,Cao et al FGFR2,65.0,0.016,0.016,0.013,0.114,0.24,0.26,0.59,17.176,25.0,0.097,0.033,8.71,5.52,-34.61,-2.66,1303.48,0.67,0.64,0.08,2.0,0.65,-58.1,-3.31,1756.12,0.62,757.112,48.485,1.0,33.0
mot_H_fastrot_cor_ems_3hM_1062_000000000_0001_47_55_H___3h_hb1_997_0001_0001_0001_0001,FGFR2,0,Cao et al FGFR2,55.0,0.03,0.065,0.016,0.176,0.37,0.38,0.66,12.608,5.4,0.111,0.071,18.93,24.19,-41.47,-3.08,1347.31,0.56,0.7,0.19,7.0,0.67,-64.42,-3.53,1824.85,0.65,785.014,43.902,5.0,41.0
mot_H_fastrot_cor_ems_3hM_1062_000000000_0001_47_55_H___p1_15H_GBL_16H_GABBL_16H_0168_0001_0001_0002_0001_0002_0001_0001,FGFR2,0,Cao et al FGFR2,55.0,0.014,0.015,0.013,0.116,0.34,0.36,0.66,13.842,25.0,0.186,0.055,18.3,29.87,-27.92,-1.89,1476.54,0.52,0.64,0.29,2.0,0.71,-44.88,-2.89,1554.87,0.6,883.233,46.512,4.0,43.0
mot_H_fastrot_cor_ems_3hM_199_000000020_0001_56_61_H___3h_hb1_4394_0001_0002_0001_0001,FGFR2,0,Cao et al FGFR2,63.0,0.223,0.224,0.141,0.304,0.58,0.62,0.74,8.9,3.3,0.17,0.314,21.46,20.07,-46.15,-3.6,1282.33,0.74,0.62,0.06,7.0,0.82,-58.22,-3.53,1648.0,0.72,744.03,44.737,7.0,38.0
mot_H_fastrot_cor_ems_3hM_199_000000020_0001_56_61_H___c3ca8d7bc6d3003a141afe10a170223a_0001_0001_0001_0001,FGFR2,0,Cao et al FGFR2,65.0,0.015,0.021,0.013,0.119,0.31,0.33,0.62,15.313,25.0,0.069,0.047,4.88,4.92,-38.43,-2.87,1340.31,0.75,0.55,0.26,1.0,0.65,-53.81,-3.13,1716.72,0.64,693.962,58.824,2.0,34.0
mot_H_fastrot_cor_ems_3hM_199_000000020_0001_57_61_H___EHEE_hb1_4415_0001_0001_0001_0001,FGFR2,0,Cao et al FGFR2,65.0,0.095,0.172,0.049,0.218,0.48,0.51,0.68,11.25,4.1,0.115,0.103,2.22,3.17,-40.53,-2.85,1420.66,0.71,0.62,0.06,3.0,0.78,-53.68,-3.13,1717.1,0.68,771.238,45.238,5.0,42.0
mot_H_fastrot_cor_ems_3hM_3402_000000021_0001_49_57_H___45dcb898af31139aa356f35fa69581b1_0001_0001_0002_0001_0001,FGFR2,0,Cao et al FGFR2,65.0,0.015,0.019,0.012,0.121,0.29,0.3,0.62,15.644,25.0,0.082,0.03,18.72,21.08,-29.08,-2.2,1321.27,0.62,0.56,0.19,3.0,0.67,-52.37,-3.08,1698.63,0.66,731.168,53.846,2.0,39.0
mot_H_fastrot_cor_ems_3hM_3402_000000021_0001_49_57_H___7b25fdf490346b79f186e004a8deee58_0001_0001_0001_0001,FGFR2,0,Cao et al FGFR2,65.0,0.049,0.053,0.018,0.199,0.4,0.45,0.67,12.424,6.8,0.184,0.085,23.34,23.78,-37.77,-2.3,1641.12,0.48,0.54,0.34,2.0,0.71,-53.83,-3.27,1647.38,0.65,871.337,53.333,4.0,45.0
mot_H_normal_34cfe099a4900ba52f0757c529d84d65_0001_000000000_0001_44_50_H___15c47e58ec034675cea8361068b03205_0001_0001_0001,FGFR2,0,Cao et al FGFR2,65.0,0.101,0.114,0.057,0.232,0.49,0.5,0.68,11.058,5.1,0.187,0.096,18.0,35.52,-36.72,-2.41,1526.79,0.62,0.62,0.31,3.0,0.67,-54.13,-3.31,1636.03,0.72,857.574,52.273,2.0,44.0
mot_H_normal_3h_hb1_3209_000000013_0001_59_63_H___EHEE_hb1_5366_0001_0001_0001,FGFR2,0,Cao et al FGFR2,65.0,0.13,0.152,0.07,0.246,0.43,0.52,0.7,10.161,4.7,0.208,0.123,20.1,24.76,-33.5,-2.05,1630.46,0.51,0.56,0.13,3.0,0.71,-54.21,-3.3,1642.21,0.73,965.166,57.778,3.0,45.0
mot_H_normal_3h_hb1_3627_000000010_0001_51_57_H___3h_hb1_167_0001_0003_0001_0001,FGFR2,1,Cao et al FGFR2,62.0,0.05,0.062,0.021,0.188,0.36,0.37,0.65,12.633,5.9,0.073,0.061,24.46,21.28,-30.41,-2.36,1287.77,0.68,0.68,0.12,2.0,0.76,-63.87,-3.54,1803.67,0.67,827.551,55.0,3.0,40.0
mot_H_normal_3h_hb1_3627_000000010_0001_51_57_H___3h_hb1_5770_0001_0001_0001_0001,FGFR2,1,Cao et al FGFR2,61.0,0.702,0.771,0.414,0.718,0.87,0.87,0.88,4.36,0.9,0.421,0.817,2.18,2.02,-54.66,-3.4,1605.47,0.75,0.57,0.13,6.0,0.72,-54.78,-3.25,1684.19,0.68,814.28,48.78,3.0,41.0
mot_H_normal_3h_hb1_4705_000000000_0001_24_34_H___3h_hb1_3368_0001_0002_0001_0001,FGFR2,0,Cao et al FGFR2,65.0,0.031,0.079,0.018,0.218,0.37,0.39,0.65,13.213,4.0,0.111,0.088,2.55,2.73,-37.23,-2.88,1291.14,0.72,0.62,0.06,2.0,0.74,-62.78,-3.83,1637.38,0.68,777.509,44.737,1.0,38.0
mot_H_normal_3h_hb1_6816_000000000_0001_50_58_H___3h_hb1_2881_0001_0001_0001,FGFR2,0,Cao et al FGFR2,63.0,0.625,0.706,0.359,0.651,0.83,0.83,0.85,5.134,1.0,0.3,0.779,3.57,2.73,-36.82,-2.6,1415.69,0.75,0.58,0.07,5.0,0.71,-53.74,-3.07,1752.44,0.66,733.336,39.474,8.0,38.0
mot_H_normal_3h_hb1_6816_000000000_0001_50_58_H___3h_hb1_3209_0001_0003_0001_0001,FGFR2,0,Cao et al FGFR2,63.0,0.209,0.232,0.148,0.319,0.67,0.68,0.78,8.503,4.1,0.336,0.184,18.03,30.3,-53.35,-2.41,2216.43,0.66,0.62,0.2,7.0,0.74,-62.45,-3.26,1913.96,0.74,1186.674,48.214,5.0,56.0
mot_H_normal_3h_hb1_6816_000000000_0001_50_58_H___EHEE_hb1_6072_0001_0001_0001,FGFR2,0,Cao et al FGFR2,65.0,0.016,0.019,0.013,0.131,0.28,0.35,0.62,14.903,7.3,0.113,0.032,16.76,15.99,-40.34,-2.39,1690.36,0.52,0.55,0.08,4.0,0.66,-51.28,-2.95,1740.87,0.72,957.816,48.98,6.0,49.0
mot_H_normal_5ab7357610b1d1214bf78fdd3dea1740_0001_000000000_0001_54_60_H___0831bd5750e541fe76d95d22628dacf8_0001_0001_0001_0001,FGFR2,0,Cao et al FGFR2,65.0,0.49,0.533,0.276,0.576,0.74,0.75,0.79,6.093,1.5,0.27,0.433,6.54,6.67,-46.22,-3.6,1284.94,0.74,0.61,0.26,4.0,0.76,-60.02,-3.68,1630.79,0.67,704.863,57.778,4.0,45.0
mot_H_normal_687d984a52989983d72b2bce5aa75b77_0001_000000001_0001_58_64_H___3h_hb1_5391_0001_0001_0001_0001,FGFR2,0,Cao et al FGFR2,65.0,0.013,0.015,0.012,0.08,0.23,0.27,0.6,16.886,25.0,0.081,0.024,17.54,20.64,-44.67,-2.43,1836.14,0.62,0.53,0.08,3.0,0.69,-55.27,-3.04,1818.62,0.58,1026.418,44.444,3.0,45.0
mot_H_normal_HEEHE_2363_000000001_0001_43_52_H___EHEE_hb1_5189_0001_0001_0001,FGFR2,0,Cao et al FGFR2,65.0,0.012,0.013,0.011,0.086,0.21,0.24,0.58,18.208,25.0,0.102,0.019,30.81,19.03,-45.23,-2.65,1704.75,0.7,0.64,0.08,2.0,0.73,-63.33,-3.85,1645.78,0.74,865.513,56.098,1.0,41.0
mot_H_normal_HEEHE_2363_000000001_0001_43_52_H___baf84f35d54589ae25ccad3ce5c0571a_0001_0001_0001_0001,FGFR2,0,Cao et al FGFR2,65.0,0.083,0.094,0.023,0.2,0.39,0.49,0.66,11.475,5.8,0.15,0.064,7.04,8.4,-46.84,-2.6,1803.58,0.58,0.65,0.23,6.0,0.65,-44.33,-2.76,1603.98,0.63,855.028,46.667,4.0,45.0
mot_H_normal_HHH_eva_0047_000000004_0001_10_18_H___EHEE_hb1_5652_0001_0001_0001,FGFR2,0,Cao et al FGFR2,65.0,0.015,0.015,0.013,0.137,0.29,0.37,0.61,14.073,25.0,0.192,0.037,23.32,31.48,-63.71,-3.47,1837.23,0.49,0.58,0.17,7.0,0.73,-51.3,-3.03,1695.14,0.63,1016.935,54.167,4.0,48.0
mot_H_normal_df5fdf51280a5736f57bd207e2138f4e_0001_000000000_0001_35_42_H___78cdf4b6368941cb37ddb7d9fe32ea30_0001_0001_0001,FGFR2,1,Cao et al FGFR2,65.0,0.099,0.1,0.026,0.197,0.47,0.48,0.7,11.962,4.3,0.095,0.115,3.46,3.87,-44.37,-2.89,1534.64,0.61,0.68,0.24,4.0,0.78,-55.46,-3.75,1477.0,0.75,751.092,52.5,1.0,40.0
mot_H_normal_ems_3hC_187_0002_000000003_0001_29_38_H___3h_hb1_3047_0001_0001_0001,FGFR2,0,Cao et al FGFR2,61.0,0.016,0.019,0.014,0.162,0.3,0.33,0.64,13.952,25.0,0.092,0.061,20.79,19.58,-32.65,-2.77,1180.41,0.66,0.61,0.14,0.0,0.7,-59.96,-3.48,1722.02,0.63,624.677,47.368,0.0,38.0
mot_H_normal_ems_3hM_1194_000000001_0001_2_11_H___3h_hb1_6916_0001_0002_0001_0001,FGFR2,0,Cao et al FGFR2,59.0,0.016,0.02,0.013,0.137,0.26,0.28,0.62,16.195,25.0,0.071,0.034,8.18,8.39,-37.04,-2.56,1444.33,0.53,0.6,0.03,5.0,0.79,-55.11,-3.54,1558.54,0.67,775.225,43.59,8.0,39.0
mot_H_normal_ems_3hM_132_000000003_0001_1_47_55_H___2deaba5028e9bcbb183d9fcc3591b907_0001_0001_0001_0001,FGFR2,0,Cao et al FGFR2,65.0,0.597,0.627,0.337,0.645,0.81,0.82,0.84,5.333,1.4,0.306,0.702,3.44,2.2,-36.68,-2.86,1280.95,0.65,0.66,0.26,2.0,0.71,-54.84,-3.24,1691.09,0.7,757.46,50.0,3.0,46.0
mot_H_normal_ems_3hM_1633_000000000_0001_11_16_H___3h_hb1_1904_0001_0001,FGFR2,0,Cao et al FGFR2,65.0,0.013,0.015,0.012,0.079,0.23,0.24,0.61,17.121,25.0,0.054,0.032,22.7,20.44,-29.17,-2.32,1259.83,0.57,0.5,0.06,3.0,0.77,-59.88,-3.36,1782.75,0.65,555.685,45.161,0.0,31.0
mot_H_normal_ems_4hM_4416_0001_000000002_0001_19_26_H___3h_hb1_4590_0001_0001_0001,FGFR2,0,Cao et al FGFR2,62.0,0.012,0.015,0.011,0.061,0.25,0.28,0.61,16.412,25.0,0.139,0.027,8.96,11.97,-35.54,-2.25,1580.7,0.57,0.54,0.06,5.0,0.75,-55.67,-3.02,1843.17,0.69,752.102,40.541,3.0,37.0
mot_P_fastrot_cor_EHEE_hb1_1763_000000002_0001_3_7_59_63_P___EHEE_hb1_1845_0001_0001_0001,FGFR2,0,Cao et al FGFR2,65.0,0.015,0.017,0.013,0.101,0.3,0.32,0.6,16.17,25.0,0.109,0.04,15.15,9.58,-22.81,-1.73,1315.64,0.53,0.58,0.15,3.0,0.77,-55.21,-2.88,1916.27,0.65,632.146,35.294,6.0,34.0
mot_P_fastrot_ems_ferrM_2296_000000001_0001_4_6_56_58_P___EHEE_hb1_4647_0001_0001_0001,FGFR2,0,Cao et al FGFR2,65.0,0.014,0.016,0.012,0.097,0.26,0.38,0.61,15.066,25.0,0.143,0.034,29.93,27.59,-45.02,-2.69,1673.44,0.71,0.63,0.23,6.0,0.66,-51.57,-3.15,1638.82,0.59,994.521,42.0,4.0,50.0
mot_P_normal_EEHEE_01774_000000004_0001_3_9_14_18_P___EHEE_hb1_1508_0001_0001_0001,FGFR2,0,Cao et al FGFR2,65.0,0.015,0.015,0.013,0.153,0.29,0.33,0.61,14.809,7.0,0.116,0.048,24.33,19.22,-35.91,-2.57,1399.85,0.64,0.65,0.13,5.0,0.66,-57.83,-3.52,1643.39,0.73,730.534,41.667,2.0,36.0
niklas_EE4629A9_322F_48F0_884D_8F4418DB9BCE_l151_s241659642_mpnn11,EGFR,0,Adaptyv binder comp round 2,151.0,0.219,0.242,0.067,0.138,0.69,0.72,0.6,18.472,5.8,0.325,0.078,15.14,28.76,-50.18,-1.88,2669.21,0.56,0.65,0.38,7.0,0.52,-47.71,-1.76,2709.09,0.62,1600.963,30.864,8.0,81.0
nside_mot_359448c81ec7171dd466f2d64631b9c5_0001_1_000000012_0001_35_44_H___HHH_eva_0380_0001_0001,EGFR,1,Cao et al EGFR,62.0,0.703,0.758,0.43,0.658,0.9,0.9,0.87,5.854,1.0,0.374,0.738,2.45,2.18,-55.09,-3.33,1654.74,0.68,0.62,0.07,12.0,0.63,-76.87,-4.05,1897.65,0.59,807.375,30.952,5.0,42.0
nsplice_r1_a2de759c170706188c6e693fd8ea43cc_0001_000000001_0001_0001_38_47_H____92fcef89d624fd1dc959a5282c30a9f9_0001_0001_0001_0001_18_50_HHH_02_29034_41_0001_54_crosslinked_mm_0,VirB8,0,Cao et al VirB8,65.0,0.014,0.067,0.013,0.124,0.44,0.46,0.75,13.543,25.0,0.111,0.072,41.42,31.46,-28.34,-2.39,1186.64,0.61,0.66,0.35,2.0,0.7,-61.86,-3.15,1963.58,0.66,705.093,56.667,5.0,30.0
nsplice_r1_ems_3hM_1972_000000001_0001_0001_2_11_H____ems_p1_14H_GBL_16H_GBL_15H_0242_0001_0001_0001_0001_0003_0001_0001_18_50_HHH_02_29286_40_0001,VirB8,0,Cao et al VirB8,65.0,0.31,0.377,0.191,0.352,0.72,0.72,0.83,9.41,2.9,0.419,0.654,4.37,4.47,-47.02,-2.88,1631.85,0.66,0.62,0.2,6.0,0.75,-62.9,-3.64,1726.56,0.75,840.915,51.282,8.0,39.0
p53_AF2_15,Mdm2,0,Mdm2 Watson et al,95.0,0.67,0.781,0.419,0.643,0.88,0.88,0.85,4.774,0.9,0.458,0.85,3.01,2.12,-54.92,-3.07,1787.17,0.68,0.56,0.12,7.0,0.66,-47.54,-2.56,1856.06,0.56,949.799,43.182,7.0,44.0
p53_AF2_25,Mdm2,0,Mdm2 Watson et al,88.0,0.718,0.835,0.498,0.698,0.91,0.91,0.88,3.849,0.8,0.434,0.881,2.16,1.98,-51.28,-3.22,1591.78,0.76,0.67,0.17,3.0,0.7,-52.19,-2.95,1770.56,0.62,849.672,47.5,6.0,40.0
p53_AF2_3,Mdm2,0,Mdm2 Watson et al,100.0,0.723,0.779,0.465,0.676,0.88,0.89,0.87,4.248,0.9,0.425,0.835,2.52,1.54,-52.67,-2.97,1776.0,0.71,0.59,0.1,5.0,0.62,-42.61,-2.24,1900.32,0.57,943.609,43.182,4.0,44.0
p53_AF2_41,Mdm2,1,Mdm2 Watson et al,120.0,0.576,0.726,0.309,0.535,0.87,0.87,0.81,6.278,1.0,0.406,0.715,2.18,1.46,-56.7,-2.93,1936.48,0.72,0.57,0.08,6.0,0.65,-54.43,-2.69,2019.78,0.59,1022.104,39.216,6.0,51.0
p53_AF2_49,Mdm2,1,Mdm2 Watson et al,82.0,0.769,0.838,0.602,0.759,0.9,0.91,0.9,3.137,0.8,0.446,0.917,4.34,3.25,-54.04,-2.93,1844.71,0.62,0.57,0.17,4.0,0.69,-60.54,-2.74,2213.64,0.61,939.088,40.0,6.0,50.0
p53_AF2_65,Mdm2,1,Mdm2 Watson et al,113.0,0.695,0.721,0.407,0.628,0.86,0.86,0.85,4.582,1.0,0.4,0.761,30.35,11.8,-57.38,-3.14,1824.53,0.7,0.53,0.13,5.0,0.61,-31.51,-1.88,1676.84,0.55,1048.902,38.298,8.0,47.0
pol_3ff4a64370fbd774d00b1e9113c65c98_0001_000000013_0001_0001,FGFR2,0,Cao et al FGFR2,65.0,0.016,0.054,0.012,0.118,0.32,0.38,0.63,14.093,25.0,0.103,0.057,22.86,18.63,-49.09,-3.11,1576.8,0.66,0.63,0.21,2.0,0.57,-45.98,-2.48,1854.11,0.65,843.512,55.814,2.0,43.0
pol_3h_hb1_3849_000000012_0001,FGFR2,0,Cao et al FGFR2,62.0,0.018,0.1,0.014,0.155,0.43,0.44,0.68,12.91,5.6,0.133,0.118,25.62,21.28,-39.68,-2.8,1418.13,0.68,0.53,0.07,5.0,0.64,-63.07,-3.39,1863.04,0.66,759.949,46.341,2.0,41.0
pol_47a38078985fd71b2a09b5f9174b6528_0001_000000028_0001,FGFR2,0,Cao et al FGFR2,65.0,0.017,0.055,0.014,0.132,0.39,0.43,0.66,14.17,25.0,0.094,0.065,17.8,29.91,-45.29,-3.08,1470.36,0.62,0.54,0.22,3.0,0.72,-60.61,-3.76,1612.94,0.65,843.894,48.889,3.0,45.0
pol_HEEHE_1117_000000027_0001,FGFR2,0,Cao et al FGFR2,65.0,0.131,0.135,0.051,0.228,0.45,0.46,0.69,11.408,25.0,0.156,0.096,19.37,31.59,-33.17,-2.69,1235.1,0.57,0.57,0.15,1.0,0.67,-63.88,-3.39,1885.67,0.68,783.394,56.818,2.0,44.0
pol_ems_3hM_2420_000000028_0001_0001,FGFR2,0,Cao et al FGFR2,59.0,0.03,0.033,0.018,0.215,0.35,0.38,0.65,13.318,5.1,0.154,0.045,19.92,22.35,-38.08,-2.56,1485.71,0.59,0.55,0.04,1.0,0.61,-57.28,-3.28,1747.57,0.61,945.185,52.381,4.0,42.0
pol_ems_ferrC_1954_000000019_0001_0001,FGFR2,0,Cao et al FGFR2,63.0,0.042,0.111,0.015,0.15,0.44,0.47,0.68,12.14,5.6,0.104,0.084,7.02,3.48,-46.11,-3.33,1384.03,0.72,0.68,0.15,5.0,0.67,-49.22,-2.94,1672.54,0.63,806.947,47.727,3.0,44.0
pol_ems_thioM_470_0002_000000008_0001_0001,FGFR2,0,Cao et al FGFR2,62.0,0.013,0.016,0.012,0.087,0.25,0.32,0.6,16.341,25.0,0.076,0.022,18.44,28.04,-49.19,-2.58,1909.55,0.6,0.61,0.31,5.0,0.66,-45.82,-3.1,1475.93,0.71,1066.117,64.151,6.0,53.0
qxy615_s1_rfd_base_46_60,EGFR,0,Adaptyv binder comp round 2,64.0,0.0,0.0,0.0,0.0,0.41,0.48,0.61,24.522,25.0,0.0,0.0,17.43,32.78,-53.6,-2.51,2139.09,0.72,0.6,0.33,11.0,0.63,-55.66,-1.85,3012.57,0.6,1147.789,35.593,14.0,59.0
r1_EHEE_01784_000000022_0001_0001_27_36_H____767480c10275b5acd445a987c3f36a84_0001_0001_0001_0001_0001,VirB8,0,Cao et al VirB8,65.0,0.011,0.016,0.011,0.055,0.34,0.35,0.73,16.382,25.0,0.059,0.032,42.57,39.3,-18.33,-1.78,1029.6,0.41,0.5,0.41,1.0,0.75,-53.81,-3.26,1652.26,0.73,643.27,52.941,0.0,34.0
rif_3799dc9e9330f07093b875986d21bb55_0001_000000008_0001,InsulinR,0,Cao et al Insulin receptor,65.0,0.065,0.107,0.021,0.127,0.48,0.54,0.79,10.752,6.8,0.181,0.131,6.83,8.32,-34.18,-2.07,1648.23,0.58,0.55,0.12,1.0,0.58,-50.86,-2.94,1731.33,0.65,930.451,42.553,4.0,47.0
rif_buried_ems_ferrM_1033_000000016_0001_0001,FGFR2,0,Cao et al FGFR2,64.0,0.538,0.556,0.338,0.536,0.79,0.8,0.84,5.768,1.7,0.308,0.664,20.5,25.29,-48.48,-3.1,1565.71,0.69,0.66,0.36,4.0,0.65,-56.1,-2.94,1906.76,0.69,876.795,47.727,5.0,44.0
rif_fastrot_3776189a3250ee96f043e9ac4e50a570_0001_000000002_0001_0001,FGFR2,0,Cao et al FGFR2,65.0,0.015,0.019,0.013,0.126,0.27,0.28,0.6,15.593,25.0,0.081,0.027,16.09,18.27,-32.82,-2.39,1375.15,0.54,0.55,0.3,3.0,0.75,-57.32,-3.67,1562.74,0.67,821.503,57.143,5.0,42.0
rif_fastrot_EHEE_09209_000000017_0001_0001,FGFR2,0,Cao et al FGFR2,65.0,0.089,0.097,0.028,0.192,0.46,0.51,0.69,12.033,5.2,0.233,0.084,27.57,27.24,-49.19,-2.33,2108.54,0.5,0.54,0.14,6.0,0.73,-51.47,-2.97,1734.52,0.69,1142.338,47.17,8.0,53.0
rif_fastrot_HEEHE_0490_000000007_0001,FGFR2,0,Cao et al FGFR2,65.0,0.212,0.26,0.13,0.334,0.58,0.61,0.74,9.026,3.8,0.267,0.203,11.98,8.71,-37.81,-2.88,1313.54,0.67,0.64,0.12,2.0,0.84,-56.8,-3.83,1482.4,0.68,739.048,48.718,2.0,39.0
rif_fastrot_cor_3e45d9845d086b19a849bd2a6b532b26_0001_1_000000019_0001_0001,FGFR2,0,Cao et al FGFR2,65.0,0.013,0.016,0.012,0.084,0.23,0.25,0.6,17.182,25.0,0.063,0.027,7.63,10.95,-30.76,-2.33,1318.85,0.65,0.67,0.28,2.0,0.66,-55.98,-3.35,1671.51,0.75,781.237,47.368,3.0,38.0
rif_fastrot_cor_EEHEE_17023_000000004_0001_0001,FGFR2,0,Cao et al FGFR2,65.0,0.016,0.017,0.013,0.157,0.32,0.34,0.63,16.701,8.2,0.118,0.031,23.78,21.52,-36.09,-2.28,1582.26,0.65,0.58,0.15,0.0,0.7,-57.87,-3.23,1792.23,0.66,919.191,56.818,2.0,44.0
rif_fastrot_cor_EHEE_hb1_238_000000005_0001,FGFR2,0,Cao et al FGFR2,65.0,0.052,0.089,0.02,0.249,0.36,0.44,0.65,12.408,5.2,0.164,0.124,33.98,21.39,-38.98,-2.64,1475.42,0.55,0.54,0.19,4.0,0.68,-49.36,-2.92,1691.45,0.71,776.901,42.105,4.0,38.0
rif_fastrot_ems_bGM_389_000000001_0001_0001,FGFR2,0,Cao et al FGFR2,54.0,0.404,0.515,0.249,0.559,0.77,0.79,0.82,6.291,1.9,0.374,0.631,25.86,18.26,-46.76,-2.87,1627.8,0.72,0.67,0.13,7.0,0.64,-53.44,-3.57,1496.69,0.67,899.297,47.826,3.0,46.0
rif_fastrot_ferr_hb1_1118_000000008_0001_0001,FGFR2,0,Cao et al FGFR2,61.0,0.123,0.16,0.052,0.218,0.51,0.52,0.71,10.301,5.0,0.178,0.11,13.72,11.91,-51.21,-2.69,1906.23,0.7,0.64,0.17,7.0,0.72,-52.37,-3.23,1620.74,0.62,907.827,48.837,2.0,43.0
rif_normal_07d36b73bb7c7bb233e3274f987ff2af_0001_000000005_0001_0001,FGFR2,0,Cao et al FGFR2,65.0,0.016,0.023,0.014,0.154,0.3,0.32,0.62,14.36,6.0,0.084,0.04,18.93,20.4,-41.41,-3.11,1331.84,0.7,0.62,0.17,3.0,0.78,-50.73,-3.53,1437.88,0.67,724.277,55.0,4.0,40.0
rif_normal_9e6fd26349c4a7bce4f9e3ec91d47286_0001_1_000000000_0001_0001,FGFR2,0,Cao et al FGFR2,65.0,0.177,0.178,0.076,0.286,0.5,0.55,0.7,10.476,4.0,0.192,0.144,27.82,19.84,-38.53,-2.66,1446.64,0.71,0.64,0.06,6.0,0.71,-47.85,-3.08,1551.9,0.68,832.435,45.238,3.0,42.0
rif_normal_EHEE_hb1_2533_000000003_0001_0001,FGFR2,0,Cao et al FGFR2,65.0,0.021,0.026,0.016,0.173,0.31,0.34,0.62,14.599,6.0,0.131,0.048,35.56,18.08,-36.55,-2.46,1485.06,0.58,0.63,0.16,4.0,0.82,-53.13,-3.27,1625.41,0.71,759.495,47.5,1.0,40.0
rif_normal_EHEE_hb1_467_000000001_0001_0001,FGFR2,0,Cao et al FGFR2,65.0,0.017,0.039,0.014,0.156,0.35,0.37,0.62,14.28,6.7,0.071,0.043,18.25,23.23,-43.62,-3.1,1405.0,0.69,0.58,0.15,4.0,0.73,-50.35,-3.03,1659.98,0.72,828.079,48.78,6.0,41.0
rif_normal_EHEE_hb1_4857_000000016_0001_0001,FGFR2,0,Cao et al FGFR2,65.0,0.076,0.151,0.023,0.178,0.5,0.56,0.7,11.607,4.0,0.244,0.08,28.71,28.96,-44.24,-2.29,1928.42,0.58,0.63,0.14,14.0,0.76,-61.49,-3.62,1700.61,0.63,940.471,30.0,12.0,50.0
salireza111_Seq166_7_003_9,EGFR,0,Adaptyv binder comp round 2,49.0,0.153,0.356,0.069,0.192,0.81,0.82,0.71,14.734,4.0,0.425,0.116,2.19,3.76,-63.19,-2.27,2784.96,0.56,0.59,0.62,12.0,0.62,-63.24,-2.3,2745.64,0.7,1421.191,44.286,16.0,70.0
zalavi_shortrustamov_GGG_zalavi3,EGFR,0,Adaptyv binder comp round 2,237.0,0.376,0.55,0.191,0.306,0.59,0.59,0.58,17.781,2.4,0.657,0.467,34.63,38.25,-111.28,-2.2,5056.5,0.59,0.65,0.17,19.0,0.6,-60.07,-1.87,3203.67,0.67,2682.299,33.333,25.0,129.0
2bnr_03_600_10_2_19,pMHC_NY1,0,pMHC screening NY1,130.0,0.565,0.778,0.366,0.668,0.93,0.93,0.94,4.729,1.2,0.416,0.913,0.94,2.08,-69.23,-2.47,2804.43,0.58,0.6,0.46,9.0,0.66,-66.45,-2.55,2603.78,0.63,1443.055,43.077,9.0,65.0
2bnr_05_4200_55_0_18,pMHC_NY1,0,pMHC screening NY1,110.0,0.438,0.647,0.278,0.602,0.92,0.92,0.94,5.183,1.6,0.324,0.795,2.47,3.33,-59.92,-2.44,2459.63,0.69,0.64,0.23,7.0,0.61,-64.15,-2.49,2577.48,0.66,1255.072,47.458,4.0,59.0
2bnr_27_7_3_9_temp001_dldesign_114_af2pred,pMHC_NY1,0,pMHC screening NY2,145.0,0.567,0.817,0.378,0.675,0.94,0.94,0.94,4.547,1.1,0.403,0.899,1.09,1.27,-69.49,-2.49,2786.42,0.64,0.69,0.27,13.0,0.64,-65.15,-2.42,2694.63,0.71,1492.867,43.243,12.0,74.0
2bnr_27_7_3_9_temp003_dldesign_209_af2pred,pMHC_NY1,1,pMHC screening NY2,145.0,0.659,0.874,0.436,0.717,0.95,0.95,0.95,3.736,0.8,0.454,0.939,1.17,1.51,-64.55,-2.35,2749.75,0.65,0.68,0.31,9.0,0.65,-68.88,-2.34,2942.79,0.66,1527.941,41.892,10.0,74.0
2bnr_27_7_3_9_temp003_dldesign_304_af2pred,pMHC_NY1,1,pMHC screening NY2,145.0,0.654,0.869,0.436,0.716,0.95,0.95,0.95,3.702,0.8,0.463,0.94,1.17,1.48,-72.62,-2.55,2842.35,0.63,0.69,0.38,10.0,0.61,-72.74,-2.43,2992.5,0.62,1473.031,43.056,9.0,72.0
2bnr_27_7_3_9_temp003_dldesign_98_af2pred,pMHC_NY1,0,pMHC screening NY2,145.0,0.613,0.841,0.403,0.687,0.94,0.94,0.95,4.142,0.9,0.453,0.925,1.28,1.83,-74.44,-2.46,3030.58,0.63,0.71,0.26,12.0,0.66,-75.36,-2.58,2926.18,0.7,1539.27,43.662,10.0,71.0
AKAP9_binder_12_dldesign_13_af2pred,pMHC_SILSY1,0,pMHC screening SILSY1,124.0,0.649,0.853,0.434,0.733,0.95,0.95,0.96,3.445,0.9,0.451,0.936,1.59,1.75,-62.45,-2.16,2886.5,0.56,0.65,0.4,12.0,0.63,-67.41,-2.26,2977.26,0.64,1601.715,36.364,14.0,77.0
AKAP9_binder_15_dldesign_21_af2pred,pMHC_SILSY1,0,pMHC screening SILSY1,124.0,0.574,0.762,0.376,0.654,0.94,0.94,0.95,4.308,1.0,0.424,0.908,0.9,1.44,-68.35,-2.28,2995.97,0.63,0.59,0.19,13.0,0.61,-60.33,-2.15,2811.92,0.58,1611.342,36.986,14.0,73.0
AKAP9_binder_16_dldesign_7_af2pred,pMHC_SILSY1,0,pMHC screening SILSY1,124.0,0.573,0.794,0.371,0.667,0.94,0.95,0.94,4.115,0.9,0.434,0.914,1.35,2.6,-66.38,-2.18,3047.32,0.67,0.68,0.2,16.0,0.65,-59.81,-1.94,3078.11,0.66,1649.1,32.0,16.0,75.0
AKAP9_binder_2,pMHC_SILSY1,0,pMHC screening SILSY1,124.0,0.665,0.869,0.44,0.743,0.95,0.96,0.95,3.448,0.9,0.377,0.942,2.42,3.39,-64.21,-2.29,2806.53,0.56,0.62,0.49,15.0,0.63,-71.07,-2.55,2782.96,0.61,1439.318,39.13,11.0,69.0
AKAP9_binder_29_renumb_73_dldesign_0_af2pred,pMHC_SILSY1,0,pMHC screening SILSY1,146.0,0.595,0.81,0.385,0.688,0.94,0.95,0.95,4.379,1.0,0.425,0.896,1.26,2.49,-79.64,-2.55,3118.64,0.55,0.62,0.56,18.0,0.63,-89.47,-2.66,3358.89,0.65,1737.273,38.554,10.0,83.0
EHEE_06288_000000004_0001,VirB8,0,Cao et al VirB8,65.0,0.014,0.015,0.012,0.109,0.33,0.35,0.71,17.068,25.0,0.125,0.027,43.65,23.25,-42.7,-2.48,1724.81,0.63,0.64,0.16,4.0,0.7,-66.1,-4.04,1635.94,0.69,846.062,54.762,2.0,42.0
Grafting_Motif0042_ems_3hM_1889_0001_0002,FGFR2,0,Cao et al FGFR2,62.0,0.014,0.018,0.012,0.1,0.25,0.26,0.62,16.161,25.0,0.095,0.025,4.88,7.81,-34.37,-2.05,1678.87,0.53,0.54,0.22,3.0,0.68,-67.16,-3.54,1897.85,0.75,951.164,44.681,5.0,47.0
Grafting_Motif0072_HEEHE_2529_0001_0003,FGFR2,0,Cao et al FGFR2,65.0,0.015,0.059,0.013,0.137,0.34,0.41,0.65,13.264,25.0,0.129,0.051,20.41,17.97,-46.56,-2.89,1611.63,0.64,0.63,0.2,1.0,0.79,-86.86,-4.14,2097.67,0.66,896.308,51.111,3.0,45.0
Grafting_Motif0182_ems_3hM_1269_0001,FGFR2,0,Cao et al FGFR2,63.0,0.063,0.071,0.024,0.226,0.35,0.38,0.64,12.536,5.5,0.131,0.06,9.67,7.45,-39.91,-2.4,1664.42,0.49,0.6,0.07,4.0,0.64,-71.75,-3.68,1947.92,0.61,853.732,47.619,3.0,42.0
Grafting_Motif0184_ems_3hM_1960_0001_0001,FGFR2,0,Cao et al FGFR2,63.0,0.264,0.264,0.133,0.343,0.6,0.65,0.76,8.917,3.6,0.299,0.314,21.13,14.9,-58.94,-3.2,1843.79,0.66,0.6,0.15,3.0,0.69,-63.49,-3.26,1946.11,0.69,1000.793,54.348,2.0,46.0
Grafting_Motif0184_ems_3hM_2028_0001,FGFR2,0,Cao et al FGFR2,63.0,0.041,0.061,0.019,0.248,0.35,0.39,0.63,13.206,6.0,0.151,0.049,3.31,2.93,-40.88,-2.6,1571.71,0.54,0.63,0.1,4.0,0.71,-58.37,-3.31,1762.09,0.63,839.553,47.619,4.0,42.0
Grafting_Motif0184_ems_3hM_3391_0001,FGFR2,0,Cao et al FGFR2,60.0,0.063,0.069,0.028,0.234,0.42,0.43,0.65,12.545,4.4,0.139,0.057,20.45,22.39,-32.24,-2.22,1450.89,0.62,0.66,0.07,1.0,0.7,-50.92,-3.09,1647.63,0.72,896.103,44.186,0.0,43.0
Grafting_Motif0184_ems_3hM_3622_0001_0001,FGFR2,0,Cao et al FGFR2,61.0,0.015,0.015,0.014,0.113,0.29,0.3,0.64,16.171,25.0,0.082,0.026,11.74,8.75,-39.17,-2.32,1687.93,0.59,0.55,0.16,5.0,0.7,-61.38,-3.37,1822.27,0.61,859.7,52.381,0.0,42.0
Grafting_Motif0263_bcov_4helix_04870_0001,FGFR2,0,Cao et al FGFR2,65.0,0.031,0.04,0.016,0.174,0.32,0.39,0.63,12.679,25.0,0.15,0.065,16.36,21.24,-37.53,-2.48,1515.7,0.66,0.55,0.15,1.0,0.67,-52.4,-3.3,1589.91,0.64,763.478,46.341,1.0,41.0
Grafting_Motif0272_bcov_4helix_06710_0001,FGFR2,0,Cao et al FGFR2,65.0,0.426,0.469,0.219,0.532,0.72,0.74,0.78,6.612,1.7,0.256,0.455,4.6,7.31,-48.62,-3.26,1489.83,0.68,0.64,0.18,3.0,0.71,-60.05,-3.25,1846.67,0.61,870.071,56.522,5.0,46.0
Grafting_Motif0355_ems_3hC_947_0001_0004_0002,FGFR2,0,Cao et al FGFR2,61.0,0.018,0.019,0.015,0.202,0.3,0.32,0.61,14.54,25.0,0.116,0.048,17.5,15.92,-42.89,-2.93,1466.03,0.78,0.67,0.19,3.0,0.64,-56.73,-3.03,1869.98,0.64,716.84,56.757,1.0,37.0
Grafting_Motif0409_ems_3hM_866_0001_0002,FGFR2,0,Cao et al FGFR2,63.0,0.507,0.64,0.294,0.588,0.76,0.77,0.82,5.973,1.4,0.338,0.559,4.04,3.86,-54.44,-3.1,1756.36,0.74,0.58,0.11,2.0,0.7,-56.84,-2.97,1913.54,0.66,887.562,51.02,1.0,49.0
Grafting_Motif1153_bcov_4helix_09214_0001,FGFR2,0,Cao et al FGFR2,65.0,0.013,0.015,0.012,0.082,0.25,0.29,0.6,16.017,25.0,0.071,0.033,11.96,14.05,-32.5,-3.07,1057.6,0.62,0.59,0.26,2.0,0.66,-45.79,-2.98,1535.03,0.65,603.694,51.351,2.0,37.0
Grafting_Motif1153_ems_3hM_2252_0001,FGFR2,0,Cao et al FGFR2,62.0,0.015,0.015,0.013,0.077,0.2,0.22,0.57,19.803,25.0,0.131,0.02,39.79,20.85,-27.29,-2.22,1232.08,0.53,0.62,0.07,0.0,0.67,-65.04,-3.37,1930.9,0.67,683.437,51.724,1.0,29.0
HEEHE_0768_000000004_0001,FGFR2,0,Cao et al FGFR2,65.0,0.015,0.056,0.013,0.14,0.36,0.39,0.65,14.675,7.1,0.129,0.045,21.17,18.4,-36.33,-2.56,1421.08,0.51,0.66,0.12,0.0,0.77,-67.23,-3.42,1966.62,0.65,792.15,58.14,2.0,43.0
HEEHE_1481_000000002_0001,FGFR2,0,Cao et al FGFR2,65.0,0.013,0.015,0.012,0.091,0.3,0.31,0.62,15.951,25.0,0.076,0.041,20.6,25.74,-32.95,-2.59,1269.93,0.64,0.62,0.23,3.0,0.76,-69.28,-3.97,1746.96,0.72,721.352,52.941,1.0,34.0
HEEHE_3108_000000018_0001,FGFR2,0,Cao et al FGFR2,65.0,0.229,0.288,0.143,0.323,0.61,0.64,0.75,9.048,3.5,0.209,0.3,26.16,18.98,-45.2,-3.28,1380.08,0.67,0.67,0.15,5.0,0.69,-68.68,-3.79,1812.89,0.74,769.039,51.429,4.0,35.0
IL7Ra_binder_AF2_20,IL7Ra,1,IL7Ra Watson et al,64.0,0.482,0.602,0.242,0.474,0.82,0.82,0.87,6.644,1.6,0.21,0.671,2.02,2.53,-48.74,-3.46,1409.05,0.7,0.61,0.33,6.0,0.71,-51.05,-3.23,1578.98,0.61,701.106,56.098,3.0,41.0
IL7Ra_binder_AF2_30,IL7Ra,1,IL7Ra Watson et al,65.0,0.697,0.801,0.374,0.626,0.9,0.9,0.9,4.868,1.0,0.215,0.875,1.69,1.94,-42.78,-2.94,1455.68,0.68,0.63,0.24,8.0,0.65,-46.06,-3.19,1444.95,0.6,811.171,46.341,9.0,41.0
IL7Ra_binder_AF2_31,IL7Ra,1,IL7Ra Watson et al,94.0,0.746,0.803,0.465,0.646,0.89,0.89,0.91,4.495,1.0,0.454,0.86,1.28,1.71,-51.82,-2.64,1959.91,0.69,0.64,0.05,6.0,0.66,-52.04,-2.64,1970.05,0.62,937.126,42.553,7.0,47.0
IL7Ra_binder_AF2_44,IL7Ra,0,IL7Ra Watson et al,94.0,0.504,0.567,0.321,0.476,0.78,0.81,0.87,6.86,2.4,0.418,0.614,1.61,1.3,-45.64,-2.61,1750.54,0.52,0.66,0.12,5.0,0.63,-47.52,-2.84,1674.01,0.59,913.277,42.553,4.0,47.0
IL7Ra_binder_AF2_45,IL7Ra,1,IL7Ra Watson et al,91.0,0.721,0.771,0.436,0.621,0.88,0.89,0.89,5.026,1.1,0.502,0.863,1.53,1.47,-55.84,-2.89,1931.65,0.63,0.62,0.2,6.0,0.67,-56.97,-3.01,1894.8,0.47,985.333,45.833,3.0,48.0
Insulin_receptor_binder_AF2_46,InsulinR,1,InsulinR Watson et al,92.0,0.619,0.711,0.411,0.604,0.82,0.83,0.88,5.462,1.6,0.25,0.793,2.24,2.12,-49.86,-3.14,1587.37,0.6,0.5,0.1,6.0,0.66,-56.04,-3.06,1829.53,0.6,908.472,31.915,6.0,47.0
Insulin_receptor_binder_AF2_70,InsulinR,0,InsulinR Watson et al,88.0,0.731,0.759,0.477,0.672,0.87,0.88,0.9,4.651,1.1,0.42,0.825,1.51,2.01,-65.53,-2.7,2427.85,0.69,0.67,0.07,6.0,0.68,-67.63,-2.86,2361.56,0.66,1308.292,43.333,6.0,60.0
Insulin_receptor_binder_AF2_73,InsulinR,0,InsulinR Watson et al,77.0,0.725,0.807,0.478,0.7,0.88,0.89,0.92,4.224,1.1,0.414,0.821,1.78,2.31,-62.39,-2.96,2108.93,0.63,0.6,0.05,13.0,0.6,-64.07,-2.74,2339.96,0.6,1256.21,36.667,11.0,60.0
Motif0005_HEEHE_1258_0001_0001_4608_0001,FGFR2,0,Cao et al FGFR2,65.0,0.015,0.025,0.013,0.126,0.31,0.33,0.63,15.539,25.0,0.087,0.032,15.67,11.75,-51.1,-3.33,1532.41,0.68,0.58,0.18,3.0,0.73,-80.39,-4.21,1907.86,0.62,935.281,55.556,7.0,45.0
Motif0005_bcov_4helix_09982_0001_0003_5806_0001,FGFR2,0,Cao et al FGFR2,65.0,0.425,0.473,0.252,0.553,0.72,0.74,0.81,6.201,2.1,0.286,0.545,7.35,11.12,-39.75,-2.76,1441.25,0.72,0.49,0.25,0.0,0.76,-68.03,-4.29,1587.44,0.68,688.081,54.054,3.0,37.0
Motif0012_ems_3hM_363_0001_0001_0001,InsulinR,0,Cao et al Insulin receptor,64.0,0.505,0.69,0.296,0.587,0.81,0.82,0.87,5.996,1.7,0.126,0.546,3.04,2.93,-39.9,-2.4,1660.73,0.63,0.65,0.15,2.0,0.67,-59.08,-3.25,1818.39,0.67,846.259,43.902,3.0,41.0
Motif0018_HEEHE_0863_0001_0002_1110_0001,FGFR2,0,Cao et al FGFR2,65.0,0.054,0.103,0.023,0.235,0.38,0.42,0.66,12.03,25.0,0.128,0.072,16.34,12.89,-44.04,-2.8,1574.84,0.64,0.63,0.13,4.0,0.8,-78.88,-4.18,1886.93,0.77,767.089,52.5,2.0,40.0
Motif0018_bcov_4helix_02413_0001_0005_1255_0001,FGFR2,0,Cao et al FGFR2,65.0,0.015,0.015,0.013,0.12,0.32,0.35,0.61,14.859,25.0,0.12,0.024,13.38,13.32,-40.27,-2.16,1863.77,0.59,0.63,0.22,3.0,0.77,-62.36,-3.76,1656.66,0.66,1012.045,57.692,3.0,52.0
Motif0041_HEEHE_1858_0001_0001_6796_0001,FGFR2,0,Cao et al FGFR2,65.0,0.016,0.018,0.014,0.149,0.32,0.35,0.63,15.328,25.0,0.112,0.028,19.23,17.17,-42.26,-2.63,1606.33,0.64,0.67,0.17,2.0,0.71,-67.92,-3.63,1872.66,0.68,890.955,52.381,4.0,42.0
Motif0115_bcov_4helix_12129_0001_0002_9301_0001,FGFR2,0,Cao et al FGFR2,65.0,0.015,0.03,0.013,0.141,0.34,0.35,0.63,14.778,25.0,0.208,0.04,18.28,20.08,-47.62,-2.93,1623.44,0.7,0.45,0.23,4.0,0.72,-63.4,-3.66,1732.09,0.63,945.053,57.778,3.0,45.0
Motif0125_HHH_b2_01407_0001,SARS_CoV2_RBD,0,Cao et al SARS_CoV2_RBD,57.0,0.0,0.0,0.0,0.0,0.19,0.2,0.73,22.586,25.0,0.0,0.0,19.13,22.46,-33.77,-2.18,1546.1,0.59,0.57,0.19,5.0,0.72,-62.84,-3.13,2007.71,0.64,853.916,45.455,5.0,44.0
Motif0181_bcov_4helix_01860_0001_0001,EGFR,0,Cao et al EGFR,65.0,0.019,0.025,0.013,0.13,0.31,0.46,0.77,13.277,25.0,0.23,0.068,13.5,16.27,-27.26,-1.84,1485.54,0.64,0.64,0.23,4.0,0.62,-57.17,-3.4,1682.5,0.67,799.426,50.0,9.0,42.0
Motif0184_HEEHE_1392_0001_0001,EGFR,0,Cao et al EGFR,65.0,0.0,0.0,0.0,0.0,0.21,0.24,0.74,20.401,25.0,0.0,0.0,15.37,16.58,-32.77,-1.73,1897.55,0.48,0.54,0.2,6.0,0.76,-65.8,-3.61,1820.73,0.69,969.524,44.681,8.0,47.0
Motif0186_bcov_4helix_12845_0001_0001,EGFR,0,Cao et al EGFR,65.0,0.0,0.0,0.0,0.0,0.31,0.32,0.76,17.315,25.0,0.0,0.0,15.65,14.06,-33.65,-2.13,1580.22,0.72,0.56,0.19,2.0,0.76,-51.98,-3.06,1699.63,0.69,801.119,50.0,0.0,44.0
Motif0207_HHH_b2_02658_0001_0004,SARS_CoV2_RBD,0,Cao et al SARS_CoV2_RBD,51.0,0.014,0.014,0.012,0.083,0.39,0.43,0.78,15.826,25.0,0.143,0.023,11.89,42.18,-26.27,-1.56,1685.39,0.59,0.68,0.32,8.0,0.7,-51.08,-3.31,1541.4,0.68,901.604,32.558,8.0,43.0
Motif0232_bcov_4helix_08286_0001_0001_8885_0001,FGFR2,0,Cao et al FGFR2,65.0,0.449,0.472,0.257,0.529,0.7,0.73,0.77,6.925,1.7,0.21,0.416,5.53,7.1,-39.07,-2.96,1321.36,0.69,0.62,0.21,2.0,0.72,-64.38,-3.97,1619.85,0.71,716.724,53.659,4.0,41.0
Motif0234_bcov_4helix_09871_0001_0002_9552_0001,FGFR2,0,Cao et al FGFR2,65.0,0.017,0.017,0.015,0.162,0.27,0.29,0.6,14.517,25.0,0.087,0.047,7.47,8.68,-42.1,-3.15,1335.27,0.63,0.62,0.22,6.0,0.79,-75.54,-3.85,1963.66,0.71,682.635,51.282,2.0,39.0
Motif0279_bcov_4helix_02214_0001_0001_9620_0001,FGFR2,1,Cao et al FGFR2,65.0,0.731,0.762,0.444,0.718,0.88,0.88,0.89,4.061,1.0,0.285,0.893,3.03,2.5,-47.85,-3.52,1357.52,0.76,0.6,0.16,6.0,0.75,-62.4,-3.61,1730.5,0.71,639.79,48.485,4.0,33.0
Motif0319_bcov_4helix_13804_0001_5462_0001,FGFR2,0,Cao et al FGFR2,65.0,0.5,0.651,0.299,0.599,0.78,0.79,0.82,7.076,1.3,0.315,0.634,12.58,13.85,-44.35,-2.86,1550.13,0.68,0.59,0.43,3.0,0.67,-55.03,-3.28,1677.67,0.62,765.772,62.5,4.0,40.0
Motif0348_HEEHE_0570_0001_0001_0001,InsulinR,0,Cao et al Insulin receptor,65.0,0.017,0.038,0.014,0.168,0.34,0.39,0.75,14.212,25.0,0.093,0.06,22.03,23.5,-38.14,-2.92,1306.07,0.67,0.67,0.12,4.0,0.74,-52.57,-3.33,1576.24,0.6,746.497,51.22,1.0,41.0
Motif0396_bcov_4helix_01871_0001,SARS_CoV2_RBD,0,Cao et al SARS_CoV2_RBD,65.0,0.0,0.0,0.0,0.0,0.09,0.1,0.67,27.125,25.0,0.0,0.0,14.25,36.57,-25.12,-1.82,1382.05,0.49,0.59,0.48,2.0,0.68,-47.58,-2.58,1844.11,0.64,698.941,38.889,3.0,36.0
Motif0452_bcov_4helix_04757_0001_0001,EGFR,0,Cao et al EGFR,65.0,0.014,0.019,0.013,0.123,0.32,0.38,0.77,16.145,25.0,0.08,0.06,12.54,9.32,-36.32,-2.44,1486.01,0.58,0.52,0.36,4.0,0.68,-67.05,-3.53,1901.38,0.61,805.823,41.463,3.0,41.0
Motif0562_HHH_b2_03161_0001_0004,SARS_CoV2_RBD,1,Cao et al SARS_CoV2_RBD,56.0,0.566,0.76,0.338,0.611,0.86,0.87,0.88,6.108,1.3,0.29,0.742,3.56,6.34,-46.77,-2.74,1706.17,0.63,0.69,0.18,4.0,0.67,-57.33,-3.26,1756.21,0.65,952.893,42.553,8.0,47.0
Motif0599_bcov_4helix_08629_0001_2321_0001,FGFR2,0,Cao et al FGFR2,65.0,0.705,0.775,0.411,0.692,0.86,0.87,0.88,4.297,1.0,0.43,0.827,3.06,4.31,-59.92,-3.71,1614.62,0.8,0.62,0.07,3.0,0.79,-68.65,-4.09,1679.52,0.73,821.146,52.381,3.0,42.0
Motif0655_ems_3hM_3493_0001_0001,EGFR,0,Cao et al EGFR,62.0,0.583,0.759,0.353,0.58,0.85,0.86,0.92,5.212,1.3,0.461,0.777,1.83,2.14,-46.64,-2.43,1920.47,0.67,0.61,0.1,4.0,0.69,-51.2,-2.89,1771.29,0.7,877.574,51.064,1.0,47.0
Motif1004_HEEHE_1912_0001_0001_5348_0001,FGFR2,0,Cao et al FGFR2,65.0,0.016,0.023,0.014,0.151,0.34,0.36,0.64,14.15,25.0,0.103,0.043,20.54,18.38,-37.38,-2.6,1436.77,0.55,0.62,0.21,4.0,0.71,-61.87,-3.67,1685.32,0.7,802.826,48.718,2.0,39.0
Motif1005_bcov_4helix_03030_0001_0002_6652_0001,FGFR2,0,Cao et al FGFR2,65.0,0.335,0.402,0.201,0.464,0.66,0.68,0.77,7.692,2.1,0.151,0.523,26.29,21.4,-44.87,-3.48,1288.9,0.74,0.56,0.25,2.0,0.79,-76.63,-3.76,2038.95,0.71,744.475,59.459,1.0,37.0
Motif1005_bcov_4helix_12405_0001_0003_2420_0001,FGFR2,1,Cao et al FGFR2,65.0,0.012,0.014,0.012,0.059,0.22,0.26,0.6,17.074,25.0,0.041,0.024,21.98,22.56,-31.04,-2.48,1253.23,0.63,0.66,0.26,2.0,0.81,-68.37,-4.45,1536.11,0.72,693.094,48.571,3.0,35.0
Motif1016_HEEHE_1917_0001_0002_5204_0001,FGFR2,0,Cao et al FGFR2,65.0,0.015,0.023,0.013,0.132,0.32,0.33,0.64,14.71,25.0,0.086,0.036,19.35,19.78,-45.07,-2.81,1604.63,0.62,0.62,0.16,2.0,0.74,-72.43,-4.04,1794.81,0.72,837.199,58.696,2.0,46.0
Motif1026_HEEHE_2662_0001_0001_2892_0001,FGFR2,0,Cao et al FGFR2,65.0,0.059,0.06,0.023,0.218,0.35,0.42,0.65,12.972,25.0,0.197,0.052,21.57,16.37,-30.25,-2.24,1348.36,0.59,0.72,0.22,3.0,0.74,-73.79,-3.71,1990.44,0.62,806.762,48.718,5.0,39.0
Motif1026_bcov_4helix_11815_0001_0002_181_0001,FGFR2,0,Cao et al FGFR2,65.0,0.166,0.174,0.077,0.248,0.47,0.53,0.7,10.284,4.2,0.257,0.196,21.39,18.83,-44.73,-3.01,1488.41,0.7,0.57,0.23,4.0,0.76,-69.53,-4.08,1704.1,0.74,930.731,55.556,1.0,45.0
Motif1036_HHH_eva_0088_0001_0003_2447_0001,FGFR2,0,Cao et al FGFR2,64.0,0.214,0.269,0.13,0.364,0.46,0.6,0.68,8.429,25.0,0.186,0.324,20.08,25.63,-49.54,-2.96,1673.75,0.69,0.69,0.21,5.0,0.76,-60.57,-3.6,1682.67,0.66,848.489,63.158,4.0,38.0
Motif1040_bcov_4helix_01740_0002_1940_0001,FGFR2,1,Cao et al FGFR2,65.0,0.0,0.0,0.0,0.0,0.22,0.25,0.6,17.448,25.0,0.0,0.0,3.52,3.52,-53.79,-3.28,1639.56,0.7,0.67,0.23,3.0,0.74,-66.01,-3.69,1787.79,0.68,794.046,59.524,5.0,42.0
Motif1050_bcov_4helix_08735_0001_8025_0001,FGFR2,0,Cao et al FGFR2,65.0,0.295,0.377,0.184,0.478,0.68,0.69,0.8,7.703,3.0,0.446,0.425,5.42,4.31,-63.86,-3.44,1854.06,0.72,0.65,0.36,9.0,0.76,-66.95,-3.51,1905.19,0.69,1000.563,50.943,7.0,53.0
Motif1057_HHH_eva_0081_0001_5623_0001,FGFR2,0,Cao et al FGFR2,61.0,0.049,0.065,0.017,0.214,0.38,0.41,0.67,12.55,25.0,0.128,0.051,13.92,11.49,-45.6,-2.56,1779.94,0.6,0.59,0.17,5.0,0.73,-69.04,-3.52,1961.91,0.68,880.221,57.447,4.0,47.0
Motif1086_HEEHE_1227_0001_3406_0001,FGFR2,0,Cao et al FGFR2,65.0,0.015,0.018,0.013,0.116,0.33,0.36,0.64,14.494,25.0,0.097,0.035,16.4,13.58,-34.69,-2.51,1383.37,0.66,0.57,0.19,2.0,0.7,-70.79,-3.65,1939.64,0.71,817.188,43.902,2.0,41.0
Motif1086_ems_3hM_1300_0001_1000_0001,FGFR2,0,Cao et al FGFR2,62.0,0.016,0.018,0.013,0.132,0.32,0.33,0.64,14.314,25.0,0.093,0.036,2.67,2.68,-54.94,-3.17,1731.78,0.64,0.63,0.04,3.0,0.7,-65.12,-3.27,1993.87,0.63,885.859,55.556,3.0,45.0
Motif1104_bcov_4helix_00715_0001_0001_847_0001,FGFR2,0,Cao et al FGFR2,65.0,0.7,0.761,0.433,0.702,0.86,0.87,0.88,4.678,1.1,0.368,0.867,4.64,3.63,-59.92,-3.75,1599.41,0.83,0.58,0.24,3.0,0.71,-69.83,-4.18,1671.51,0.71,647.364,50.0,1.0,36.0
Motif1108_HEEHE_1926_0001_0001_566_0001,FGFR2,0,Cao et al FGFR2,65.0,0.014,0.017,0.013,0.108,0.25,0.26,0.6,16.715,25.0,0.053,0.033,20.42,22.52,-30.94,-2.13,1454.07,0.58,0.64,0.22,2.0,0.75,-68.75,-3.89,1768.88,0.65,679.022,55.556,1.0,36.0
Motif1166_ems_3hC_369_0001_0001_320_0001,FGFR2,0,Cao et al FGFR2,62.0,0.034,0.04,0.018,0.22,0.31,0.34,0.64,13.198,6.2,0.122,0.055,21.09,24.72,-39.77,-2.61,1521.28,0.66,0.63,0.07,3.0,0.73,-57.46,-3.39,1696.44,0.63,743.032,52.381,2.0,42.0
Motif1188_ems_4hM_2759_0001_0001_4026_0001,FGFR2,0,Cao et al FGFR2,64.0,0.014,0.014,0.013,0.09,0.22,0.26,0.6,17.383,25.0,0.067,0.032,20.85,23.26,-35.95,-2.87,1251.13,0.7,0.62,0.25,3.0,0.7,-61.74,-3.47,1781.71,0.73,690.648,44.444,5.0,36.0
Motif1222_bcov_4helix_11363_0001_0001_7564_0001,FGFR2,0,Cao et al FGFR2,65.0,0.039,0.081,0.021,0.221,0.35,0.37,0.64,12.444,25.0,0.118,0.059,22.34,16.6,-43.05,-2.59,1659.7,0.65,0.55,0.22,2.0,0.75,-72.89,-3.89,1875.36,0.71,867.846,54.167,3.0,48.0
Motif1267_HEEHE_1512_0001_0002_5485_0001,FGFR2,0,Cao et al FGFR2,65.0,0.015,0.062,0.013,0.129,0.36,0.4,0.66,13.93,25.0,0.087,0.054,20.72,16.29,-37.56,-2.59,1451.78,0.67,0.64,0.19,4.0,0.73,-67.04,-3.52,1903.66,0.72,806.498,55.0,5.0,40.0
Motif1280_HHH_eva_0002_0001_6049_0001,FGFR2,0,Cao et al FGFR2,63.0,0.12,0.141,0.054,0.229,0.42,0.46,0.67,10.969,4.7,0.138,0.143,20.85,21.71,-32.52,-2.82,1151.78,0.6,0.65,0.14,2.0,0.74,-68.26,-3.88,1761.02,0.74,698.414,46.341,1.0,41.0
Motif1280_ems_3hC_418_0001_0002_6484_0001,FGFR2,0,Cao et al FGFR2,64.0,0.015,0.017,0.013,0.131,0.26,0.29,0.61,17.69,25.0,0.118,0.039,11.77,14.88,-29.56,-2.55,1159.1,0.59,0.55,0.14,1.0,0.71,-55.63,-3.27,1702.16,0.65,686.139,61.538,1.0,39.0
Motif1379_HEEHE_2280_0001_5372_0001,FGFR2,1,Cao et al FGFR2,65.0,0.013,0.015,0.012,0.092,0.27,0.3,0.61,16.022,25.0,0.062,0.028,19.37,19.63,-32.52,-2.7,1203.49,0.68,0.61,0.36,0.0,0.82,-67.83,-3.98,1702.59,0.74,679.143,61.111,1.0,36.0
Motif1397_bcov_4helix_05101_0001_0002_5672_0001,FGFR2,0,Cao et al FGFR2,65.0,0.015,0.032,0.013,0.131,0.32,0.34,0.63,14.101,25.0,0.107,0.039,20.66,25.76,-33.31,-2.37,1405.62,0.54,0.61,0.18,2.0,0.76,-54.12,-3.17,1707.1,0.67,746.066,48.718,2.0,39.0
Motif1421_ems_3hC_1017_0001_0001_0004_8540_0001,FGFR2,0,Cao et al FGFR2,62.0,0.144,0.168,0.07,0.255,0.46,0.55,0.7,10.29,4.1,0.124,0.203,24.69,24.5,-37.9,-2.96,1278.95,0.76,0.69,0.12,3.0,0.73,-65.28,-3.49,1869.16,0.73,670.581,56.25,4.0,32.0
Motif1536_bcov_4helix_14614_0001,SARS_CoV2_RBD,0,Cao et al SARS_CoV2_RBD,65.0,0.0,0.0,0.0,0.0,0.11,0.12,0.68,26.034,25.0,0.0,0.0,10.7,8.93,-27.25,-1.85,1472.83,0.59,0.57,0.31,2.0,0.7,-53.42,-3.05,1749.46,0.71,757.923,45.238,6.0,42.0
Motif2854_HHH_eva_0240_0001,SARS_CoV2_RBD,0,Cao et al SARS_CoV2_RBD,58.0,0.0,0.0,0.0,0.0,0.1,0.11,0.71,25.644,25.0,0.0,0.0,49.32,28.66,-23.2,-1.64,1412.14,0.51,0.56,0.17,1.0,0.66,-55.41,-3.35,1652.98,0.65,737.068,41.176,0.0,34.0
NYESO_parent_binder_partial_30_3_129_dldesign_1_af2pred,pMHC_NY1,0,pMHC screening NY2,145.0,0.576,0.818,0.384,0.656,0.94,0.94,0.95,4.5,1.0,0.438,0.889,1.25,1.35,-78.34,-2.3,3409.67,0.63,0.65,0.22,12.0,0.61,-84.23,-2.4,3508.13,0.59,1872.777,40.964,17.0,83.0
Pdl1_binder_AF2_10,Pdl1,0,Pdl1 Watson et al,96.0,0.358,0.395,0.252,0.458,0.68,0.7,0.81,6.798,2.8,0.364,0.443,2.62,3.27,-33.98,-1.84,1847.16,0.6,0.73,0.28,4.0,0.68,-46.19,-2.56,1802.39,0.67,976.521,41.304,9.0,46.0
Pdl1_binder_AF2_40,Pdl1,0,Pdl1 Watson et al,99.0,0.016,0.018,0.015,0.18,0.31,0.32,0.63,15.216,25.0,0.23,0.04,27.74,18.61,-36.19,-2.03,1787.26,0.51,0.66,0.17,10.0,0.63,-39.95,-2.34,1708.24,0.59,1009.248,35.417,8.0,48.0
Pdl1_binder_AF2_53,Pdl1,0,Pdl1 Watson et al,99.0,0.013,0.013,0.012,0.08,0.25,0.27,0.6,18.078,10.9,0.074,0.025,21.96,26.19,-33.88,-2.76,1226.72,0.59,0.65,0.26,6.0,0.62,-41.5,-2.1,1973.68,0.62,713.651,33.333,9.0,39.0
Pdl1_binder_AF2_76,Pdl1,1,Pdl1 Watson et al,62.0,0.729,0.823,0.444,0.723,0.89,0.9,0.91,3.571,0.9,0.331,0.852,1.63,1.41,-37.09,-2.9,1278.29,0.64,0.64,0.21,3.0,0.71,-37.11,-3.05,1218.07,0.66,659.22,48.649,6.0,37.0
Pdl1_binder_AF2_79,Pdl1,0,Pdl1 Watson et al,84.0,0.314,0.335,0.183,0.404,0.67,0.7,0.81,7.458,2.6,0.479,0.421,1.75,1.65,-46.55,-2.39,1950.65,0.64,0.67,0.09,4.0,0.64,-47.72,-2.37,2013.0,0.63,984.91,39.13,8.0,46.0
Razora712_sequence_10,EGFR,0,Adaptyv binder comp round 1,75.0,0.496,0.655,0.25,0.452,0.9,0.9,0.71,13.405,1.7,0.512,0.694,33.11,40.99,-62.6,-2.35,2660.51,0.66,0.59,0.23,10.0,0.71,-61.34,-2.26,2719.53,0.63,1404.99,42.029,8.0,69.0
Razora712_sequence_6,EGFR,0,Adaptyv binder comp round 1,75.0,0.444,0.62,0.231,0.416,0.87,0.87,0.68,14.899,2.3,0.506,0.602,32.82,40.14,-54.84,-2.44,2243.68,0.7,0.62,0.22,10.0,0.66,-59.29,-2.25,2640.33,0.6,1407.742,39.062,10.0,64.0
Trka_binder_AF2_18,TrkA,0,TrkA Watson et al,93.0,0.82,0.834,0.575,0.736,0.9,0.9,0.92,3.333,0.9,0.479,0.868,2.3,2.22,-47.2,-2.66,1776.04,0.66,0.64,0.13,9.0,0.65,-46.82,-2.78,1681.35,0.58,933.615,42.222,8.0,45.0
Trka_binder_AF2_21,TrkA,0,TrkA Watson et al,75.0,0.614,0.626,0.364,0.633,0.82,0.82,0.85,5.665,1.2,0.488,0.609,2.49,2.06,-48.04,-2.25,2132.05,0.63,0.61,0.1,9.0,0.61,-46.01,-2.43,1889.69,0.62,1095.246,36.0,8.0,50.0
Trka_binder_AF2_53,TrkA,0,TrkA Watson et al,62.0,0.773,0.867,0.519,0.755,0.91,0.91,0.92,3.423,0.8,0.515,0.927,3.61,3.56,-49.06,-3.18,1544.14,0.76,0.67,0.32,6.0,0.71,-43.19,-2.45,1761.44,0.66,791.97,50.0,4.0,42.0
Trka_binder_AF2_88,TrkA,1,TrkA Watson et al,93.0,0.811,0.812,0.566,0.732,0.89,0.9,0.91,3.32,0.9,0.458,0.892,2.04,1.99,-49.02,-2.83,1734.71,0.58,0.58,0.18,5.0,0.64,-54.68,-2.92,1871.49,0.6,810.313,48.889,9.0,45.0
akshayc_9_run_3_1002_dldesign_0_cycle1_af2pred,EGFR,0,Adaptyv binder comp round 1,130.0,0.635,0.656,0.351,0.406,0.89,0.89,0.74,12.948,1.6,0.591,0.681,37.24,42.43,-70.27,-2.35,2994.35,0.58,0.6,0.24,14.0,0.53,-57.94,-1.75,3305.62,0.63,1698.307,41.176,12.0,85.0
allongoldberg_17449__33hp_L_,EGFR,0,Adaptyv binder comp round 1,138.0,0.0,0.0,0.0,0.0,0.18,0.19,0.5,28.728,25.0,0.0,0.0,32.64,79.16,-23.73,-1.19,1993.88,0.4,0.55,0.38,9.0,0.5,-15.22,-1.32,1148.44,0.58,1030.031,29.091,7.0,55.0
allongoldberg_3_52,EGFR,0,Adaptyv binder comp round 2,55.0,0.0,0.0,0.0,0.0,0.13,0.13,0.61,29.897,25.0,0.0,0.0,23.8,68.2,-21.95,-1.71,1280.6,0.56,0.59,0.34,3.0,0.49,-45.69,-1.94,2359.56,0.53,713.389,38.636,6.0,44.0
bcov_r3_EHEE_01391_000000032_0001_0001,IL7Ra,0,Cao et al IL7Ra,65.0,0.0,0.0,0.0,0.0,0.18,0.2,0.71,22.96,25.0,0.0,0.0,28.59,48.71,-32.31,-2.77,1165.89,0.69,0.59,0.2,4.0,0.66,-52.93,-3.36,1576.44,0.66,637.9,43.243,3.0,37.0
bcov_r4_EHEE_02918_000000005_0001_0001,IL7Ra,0,Cao et al IL7Ra,65.0,0.0,0.0,0.0,0.0,0.14,0.15,0.69,25.513,25.0,0.0,0.0,14.17,15.57,-24.61,-2.15,1143.27,0.64,0.58,0.2,1.0,0.66,-53.72,-3.36,1596.76,0.65,711.942,54.545,2.0,33.0
bcov_revert_r1_HEEH_15568_000000002_0001_1_20_H____ems_3hM_2359_0001_0003_0001_0001,TrkA,0,Cao et al TrkA,61.0,0.014,0.016,0.013,0.109,0.24,0.29,0.59,16.905,25.0,0.09,0.028,6.82,5.82,-47.5,-2.77,1717.14,0.67,0.57,0.12,6.0,0.67,-64.34,-3.84,1677.33,0.65,756.184,48.718,2.0,39.0
bcov_v4_r4_ems_p1_15H_GBL_16H_GBL_16H_0129_0001_0001_0002_000000002_0001_0001_19_34_H____ems_p1_15H_GABBL_14H_GBL_16H_0666_0001_0001_0002_0001_0001_0001,IL7Ra,1,Cao et al IL7Ra,53.0,0.528,0.77,0.293,0.55,0.83,0.85,0.88,6.0,1.1,0.289,0.798,2.62,2.91,-55.58,-3.39,1640.46,0.75,0.67,0.12,4.0,0.75,-64.68,-3.83,1689.58,0.69,886.183,47.619,4.0,42.0
ccalia_conf14_125_2,EGFR,0,Adaptyv binder comp round 1,95.0,0.38,0.496,0.212,0.353,0.82,0.85,0.64,14.901,3.1,0.597,0.434,33.84,45.39,-64.08,-2.84,2254.28,0.7,0.62,0.12,6.0,0.61,-60.73,-2.19,2775.74,0.59,1304.051,49.18,13.0,61.0
chenceshi1105_steven_binder_design_l89_s48081_it100_mpnn4,EGFR,0,Adaptyv binder comp round 2,89.0,0.554,0.684,0.286,0.463,0.9,0.9,0.71,13.868,1.4,0.471,0.749,38.54,42.88,-45.22,-2.59,1748.71,0.6,0.66,0.53,7.0,0.59,-46.3,-1.97,2354.98,0.65,982.256,50.98,10.0,51.0
cside_mot_bf5a27bd715de8d76fa148d2778c2cdd_0001_1_000000009_0001_37_42_H___bcov_4helix_00412_0001_0001,EGFR,1,Cao et al EGFR,65.0,0.713,0.853,0.443,0.71,0.91,0.91,0.93,3.59,1.1,0.501,0.886,1.91,1.71,-49.41,-2.72,1816.6,0.75,0.68,0.22,7.0,0.62,-53.41,-2.8,1909.03,0.66,894.622,46.939,4.0,49.0
cside_pol_EHEE_hb1_2008_000000019_0001,EGFR,0,Cao et al EGFR,65.0,0.0,0.0,0.0,0.0,0.11,0.13,0.72,24.983,25.0,0.0,0.0,17.75,35.69,-31.73,-2.06,1541.04,0.46,0.62,0.19,9.0,0.6,-50.61,-2.5,2021.83,0.72,896.472,38.636,7.0,44.0
csplice_r1_8215851a13b718927912cf034bd67192_0001_000000000_0001_0001_34_43_H____ems_3hM_106_0001_0002_0001_0001_4_41_HHH_38_02099_15_0001,VirB8,0,Cao et al VirB8,65.0,0.016,0.047,0.014,0.161,0.34,0.43,0.73,14.029,25.0,0.184,0.081,40.9,21.87,-47.34,-3.03,1563.44,0.62,0.68,0.23,2.0,0.79,-57.25,-3.45,1658.15,0.71,731.606,62.162,0.0,37.0
ems_3hC_1044_0001_000000014_0001,FGFR2,0,Cao et al FGFR2,63.0,0.318,0.366,0.202,0.459,0.67,0.68,0.78,7.19,2.7,0.229,0.472,3.95,3.53,-42.21,-2.81,1504.5,0.62,0.72,0.03,3.0,0.75,-66.03,-3.84,1719.93,0.72,731.804,42.105,4.0,38.0
ems_3hM_1496_000000003_0001,FGFR2,1,Cao et al FGFR2,64.0,0.682,0.685,0.402,0.687,0.86,0.86,0.86,4.778,1.1,0.361,0.72,3.08,2.92,-54.79,-3.4,1612.83,0.7,0.54,0.09,7.0,0.69,-62.45,-3.3,1890.89,0.65,883.741,46.512,6.0,43.0
ems_3hM_249_000000022_0001,FGFR2,0,Cao et al FGFR2,64.0,0.146,0.155,0.073,0.278,0.49,0.5,0.69,10.847,3.6,0.176,0.13,5.49,6.54,-44.18,-3.49,1266.06,0.7,0.61,0.12,5.0,0.76,-69.5,-4.0,1737.66,0.65,779.772,53.488,3.0,43.0
ems_3hM_2517_000000003_0001,FGFR2,0,Cao et al FGFR2,61.0,0.233,0.299,0.132,0.406,0.59,0.61,0.74,8.352,3.3,0.207,0.278,5.61,3.57,-43.6,-3.0,1452.92,0.63,0.68,0.14,4.0,0.75,-62.9,-3.65,1721.47,0.71,712.547,46.154,4.0,39.0
ems_p1_14H_GBL_14H_GBL_15H_0678_0001_0001_0002_000000003_0001,FGFR2,1,Cao et al FGFR2,49.0,0.326,0.432,0.203,0.561,0.74,0.76,0.82,5.852,2.4,0.397,0.436,2.99,3.31,-60.07,-3.28,1832.32,0.74,0.67,0.13,1.0,0.74,-73.28,-3.84,1909.42,0.68,974.903,50.0,2.0,48.0
gabriong_design2,EGFR,0,Adaptyv binder comp round 1,156.0,0.0,0.0,0.0,0.0,0.12,0.12,0.51,30.24,25.0,0.0,0.0,31.21,66.21,-38.66,-1.48,2617.97,0.44,0.53,0.15,10.0,0.51,-21.16,-1.45,1459.57,0.6,2169.309,27.679,36.0,112.0
il10ra_site1_normal_mot_8756ee2cf497b5429c717dfc0c0bcfd6_0001_000000186_0001_1_13_H___HHH_b2_05024_0001_0000100014_0000001_0_af2pred_dldesign_0_af2pred,IL10Ra,0,Bennet paper IL10Ra prospective,56.0,0.597,0.7,0.295,0.625,0.89,0.89,0.87,5.628,1.4,0.481,0.743,1.4,2.36,-57.74,-2.71,2127.9,0.65,0.67,0.2,9.0,0.64,-45.73,-2.35,1947.0,0.61,981.868,41.667,6.0,48.0
jvogt4_scfv_residues_006_02,EGFR,0,Adaptyv binder comp round 1,118.0,0.0,0.0,0.0,0.0,0.43,0.45,0.57,24.016,25.0,0.0,0.0,53.83,54.3,-40.86,-1.89,2157.21,0.64,0.62,0.09,5.0,0.49,-25.04,-1.34,1862.01,0.63,1327.328,40.0,7.0,65.0
klima_jason_egfr_aehce_2_11,EGFR,0,Adaptyv binder comp round 1,200.0,0.454,0.467,0.262,0.317,0.8,0.8,0.68,16.882,3.3,0.432,0.228,65.21,42.72,-64.75,-2.35,2751.02,0.66,0.55,0.17,12.0,0.56,-31.17,-1.42,2198.76,0.55,1507.889,35.0,13.0,80.0
longxing_CationpiFixed_ems_3hM_3002_000000000_0001_0002,TrkA,0,Cao et al TrkA,62.0,0.021,0.042,0.014,0.14,0.4,0.42,0.64,13.91,5.6,0.139,0.047,3.63,3.05,-42.03,-3.01,1398.25,0.64,0.62,0.1,4.0,0.7,-55.13,-3.33,1654.87,0.61,808.261,42.857,4.0,42.0
longxing_CationpiFixed_ems_4hC_350_0002_000000007_0001_0001,TrkA,0,Cao et al TrkA,61.0,0.012,0.015,0.012,0.112,0.24,0.26,0.6,17.771,25.0,0.087,0.025,5.16,5.91,-44.23,-2.64,1675.5,0.76,0.65,0.07,3.0,0.78,-57.85,-3.53,1639.31,0.63,857.401,52.273,1.0,44.0
longxing_Grafting2_HHH_eva_0253_0002_0007_0001_0001,IL7Ra,0,Cao et al IL7Ra,58.0,0.013,0.015,0.012,0.104,0.41,0.42,0.77,15.513,7.9,0.116,0.056,22.44,40.68,-39.94,-3.32,1204.07,0.75,0.5,0.14,3.0,0.71,-56.49,-3.51,1609.22,0.69,574.121,64.516,1.0,31.0
longxing_HHH_eva_0656_000000002_0001_0001,IL7Ra,0,Cao et al IL7Ra,54.0,0.151,0.161,0.058,0.185,0.58,0.66,0.82,10.782,5.2,0.146,0.248,4.04,4.71,-40.12,-2.86,1403.77,0.63,0.6,0.11,10.0,0.76,-61.22,-3.83,1597.53,0.71,810.977,47.5,4.0,40.0
ltk_site1_sap_16_mot_HHH_b1_04032_000000026_0001_43_56_H___HHH_b2_02721_af2_0001_0000500020_0000001_0_0001_af2pred_dldesign_0_af2pred,LTK,0,Bennet paper LTK prospective,54.0,0.0,0.0,0.0,0.0,0.44,0.45,0.84,17.52,25.0,0.0,0.0,16.63,29.0,-37.16,-2.43,1526.81,0.59,0.71,0.14,5.0,0.57,-41.11,-2.57,1599.48,0.58,857.937,45.238,7.0,42.0
ltk_site1_sap_6_mot_26ec69ceb61b298ea4d5fa1c290c1888_0001_1_000000259_0001_32_47_H___HHH_b2_05472_af2_0001_0000100002_0000001_1_0001_af2pred_0001,LTK,0,Bennet paper LTK prospective,56.0,0.235,0.577,0.118,0.322,0.76,0.77,0.89,8.88,2.9,0.216,0.368,1.78,2.08,-45.15,-2.75,1639.34,0.66,0.69,0.07,4.0,0.66,-46.36,-2.61,1773.15,0.62,866.306,43.182,5.0,44.0
maxall4_EGFR_ED_BINDER_l134_s906486_mpnn2_model1_unrelaxed_rank_001_alphafold2_multimer_v3_model_1_seed_000_top1_mutation_G108S_round1_Chain_A,EGFR,0,Adaptyv binder comp round 2,134.0,0.608,0.656,0.325,0.426,0.89,0.89,0.73,14.064,2.0,0.54,0.709,3.09,7.29,-50.81,-2.16,2347.76,0.59,0.7,0.21,6.0,0.59,-49.68,-2.18,2277.33,0.66,1334.75,37.5,9.0,64.0
mot_H_buried_HEEH_21875_000000000_0001_8_17_H___EHEE_hb1_1522_0001_0002_0001_0001,FGFR2,0,Cao et al FGFR2,65.0,0.016,0.02,0.014,0.135,0.28,0.3,0.62,15.089,25.0,0.049,0.061,10.25,15.62,-40.8,-2.76,1479.98,0.71,0.65,0.14,3.0,0.72,-53.52,-3.11,1722.07,0.69,566.316,43.333,3.0,30.0
mot_H_buried_HHH_eva_0108_000000014_0001_2_10_H___8d2701e16a639b505c5c19ed1b636e1b_0001_1_0001_0001_0001,FGFR2,0,Cao et al FGFR2,65.0,0.317,0.374,0.17,0.469,0.65,0.66,0.75,7.621,2.2,0.281,0.324,19.84,22.32,-44.45,-2.83,1569.43,0.58,0.54,0.26,2.0,0.66,-53.41,-3.07,1741.32,0.66,887.799,57.778,2.0,45.0
mot_H_fastrot_cor_0aae35b5ad8ab43c0432737690aa3e6e_0001_1_000000000_0001_21_27_H___21795611afd35a64f51a6f0208d15af2_0001_0001_0001_0001,FGFR2,0,Cao et al FGFR2,65.0,0.09,0.133,0.049,0.241,0.41,0.48,0.66,12.048,4.2,0.136,0.072,20.54,18.89,-41.86,-2.69,1553.43,0.65,0.64,0.24,4.0,0.76,-64.37,-3.72,1730.14,0.66,786.353,48.837,1.0,43.0
mot_H_fastrot_cor_3h_hb1_3344_000000002_0001_47_54_H___23185717bdd30e6be099de224680a46d_0001_0001_0001_0001,FGFR2,0,Cao et al FGFR2,65.0,0.094,0.113,0.039,0.217,0.38,0.46,0.66,11.416,5.7,0.128,0.09,13.42,14.66,-24.63,-2.01,1226.06,0.55,0.55,0.28,0.0,0.67,-52.74,-3.03,1743.21,0.6,757.746,51.282,0.0,39.0
mot_H_fastrot_cor_3h_hb1_3344_000000008_0001_48_54_H___p1_16H_GBL_16H_GABBL_16H_0048_0001_0001_0001_0001_0001,FGFR2,0,Cao et al FGFR2,56.0,0.013,0.013,0.012,0.076,0.2,0.22,0.59,17.588,25.0,0.088,0.02,13.23,13.99,-34.53,-2.89,1193.08,0.66,0.63,0.14,4.0,0.65,-59.25,-3.31,1791.13,0.68,775.907,48.649,5.0,37.0
mot_H_fastrot_cor_3h_hb1_641_000000003_0001_49_56_H___EHEE_hb1_3310_0001_0001_0001_0001,FGFR2,0,Cao et al FGFR2,65.0,0.016,0.019,0.013,0.141,0.31,0.33,0.63,15.508,6.8,0.148,0.028,24.81,17.68,-52.6,-2.89,1820.32,0.71,0.59,0.13,3.0,0.74,-58.34,-3.37,1732.84,0.69,1035.421,50.943,2.0,53.0
mot_H_fastrot_cor_da9e5f86e81fca48f449e0e79ace5297_0001_1_000000005_0001_39_45_H___ems_3hC_1310_0001_0001_0001_0001_0001,FGFR2,0,Cao et al FGFR2,64.0,0.713,0.771,0.423,0.701,0.87,0.88,0.88,4.293,0.9,0.407,0.743,1.84,2.52,-54.62,-3.09,1766.61,0.66,0.55,0.0,4.0,0.71,-65.48,-3.53,1853.28,0.68,992.578,50.0,6.0,48.0
mot_H_fastrot_cor_ems_3hM_199_000000020_0001_56_61_H___3h_hb1_4149_0001_0002_0001,FGFR2,1,Cao et al FGFR2,64.0,0.708,0.746,0.394,0.675,0.87,0.87,0.87,4.783,1.0,0.362,0.828,2.56,2.54,-54.25,-3.53,1536.92,0.77,0.7,0.03,6.0,0.74,-64.43,-3.68,1750.67,0.71,813.401,58.14,3.0,43.0
mot_H_fastrot_cor_ems_3hM_199_000000020_0001_56_61_H___e3696887754c6fba9273a780f7a942e0_0001_0001_0001_0001,FGFR2,0,Cao et al FGFR2,65.0,0.609,0.744,0.339,0.6,0.82,0.83,0.85,5.768,0.9,0.32,0.749,6.01,5.58,-37.56,-2.77,1355.2,0.63,0.63,0.32,2.0,0.76,-54.64,-3.15,1736.37,0.71,782.087,50.0,6.0,40.0
mot_H_fastrot_cor_ems_3hM_199_000000020_0001_57_61_H___EHEE_hb1_6410_0001_0001_0001_0001,FGFR2,0,Cao et al FGFR2,65.0,0.017,0.022,0.013,0.134,0.28,0.31,0.62,15.989,25.0,0.054,0.043,28.81,19.6,-29.03,-2.35,1233.78,0.61,0.64,0.07,3.0,0.76,-67.97,-3.58,1898.19,0.72,613.704,56.757,0.0,37.0
mot_H_fastrot_cor_ems_3hM_3402_000000021_0001_49_57_H___3h_hb1_132_0001_0001_0001_0001,FGFR2,0,Cao et al FGFR2,63.0,0.015,0.02,0.013,0.129,0.27,0.29,0.62,16.095,7.7,0.084,0.048,21.7,27.18,-28.37,-2.54,1118.39,0.58,0.56,0.06,0.0,0.69,-50.61,-3.23,1565.86,0.7,798.391,47.5,0.0,40.0
mot_H_fastrot_cor_ems_3hM_3402_000000021_0001_49_57_H___3h_hb1_774_0001_0001_0001_0001,FGFR2,0,Cao et al FGFR2,62.0,0.016,0.016,0.013,0.133,0.24,0.27,0.6,15.382,25.0,0.088,0.033,4.86,3.36,-27.68,-2.08,1329.9,0.52,0.57,0.06,1.0,0.62,-54.57,-3.28,1663.6,0.74,790.835,50.0,1.0,38.0
mot_H_fastrot_cor_f8f8a4152cc90f14bb898546c27f9520_0001_000000007_0001_34_38_H___3h_hb1_6351_0001_0001_0001,FGFR2,0,Cao et al FGFR2,62.0,0.355,0.46,0.23,0.436,0.65,0.68,0.79,7.174,2.2,0.244,0.521,9.4,6.38,-39.73,-3.45,1150.89,0.76,0.64,0.2,1.0,0.75,-53.64,-3.5,1534.54,0.73,642.721,51.515,3.0,33.0
mot_H_fastrot_ems_3hM_3402_000000020_0001_49_59_H___3h_hb1_283_0001_0001_0001_0001,FGFR2,0,Cao et al FGFR2,63.0,0.024,0.079,0.015,0.153,0.35,0.45,0.65,13.263,25.0,0.093,0.074,10.54,10.63,-37.2,-2.78,1337.56,0.61,0.69,0.26,3.0,0.64,-47.98,-3.29,1460.44,0.67,699.265,44.444,4.0,36.0
mot_H_fastrot_ems_3hM_3402_000000020_0001_49_59_H___3h_hb1_4652_0001_0001_0001_0001,FGFR2,0,Cao et al FGFR2,63.0,0.526,0.553,0.315,0.594,0.74,0.78,0.81,5.488,1.5,0.248,0.525,5.28,3.23,-49.81,-3.1,1606.32,0.78,0.66,0.1,5.0,0.72,-64.12,-3.55,1804.41,0.68,820.312,55.0,5.0,40.0
mot_H_fastrot_ems_3hM_3402_000000020_0001_49_59_H___EHEE_hb1_6272_0001_0002_0001_0001,FGFR2,0,Cao et al FGFR2,65.0,0.037,0.115,0.019,0.214,0.35,0.46,0.64,12.518,5.0,0.128,0.086,4.28,5.67,-38.23,-3.02,1266.28,0.59,0.66,0.15,4.0,0.75,-56.5,-3.42,1650.91,0.7,780.021,51.22,6.0,41.0
mot_H_fastrot_ems_3hM_3402_000000020_0001_49_59_H___ems_3hM_992_0001_0001_0001_0001,FGFR2,0,Cao et al FGFR2,62.0,0.017,0.019,0.014,0.166,0.3,0.3,0.62,15.096,6.1,0.083,0.036,7.48,6.4,-37.99,-2.8,1358.99,0.64,0.6,0.11,3.0,0.72,-57.34,-3.74,1532.05,0.67,709.738,54.054,0.0,37.0
mot_H_normal_0bdae3ea1698efd2bf3dd1808e7bd07d_0001_1_000000022_0001_26_31_H___f09a714c182bf5134169fdf8ae9a9191_0001_0001_0001_0001,FGFR2,0,Cao et al FGFR2,65.0,0.127,0.147,0.072,0.237,0.4,0.49,0.66,10.618,5.1,0.133,0.13,20.47,27.34,-33.84,-2.68,1262.59,0.62,0.59,0.26,4.0,0.73,-61.18,-3.56,1718.88,0.67,641.952,52.941,2.0,34.0
mot_H_normal_2f052b2daf090c755de65daeed84768b_0001_1_000000002_0001_20_26_H___ems_3hM_1541_0001_0001_0001,FGFR2,1,Cao et al FGFR2,63.0,0.29,0.322,0.166,0.424,0.66,0.68,0.76,7.802,2.5,0.314,0.331,2.37,2.83,-45.62,-2.79,1636.5,0.74,0.57,0.12,3.0,0.72,-69.75,-3.79,1842.33,0.65,814.641,54.762,4.0,42.0
mot_H_normal_3h_hb1_3627_000000010_0001_51_57_H___0ff6193654c1947063b2c6dfa8845c72_0001_0001_0001_0001,FGFR2,0,Cao et al FGFR2,65.0,0.08,0.098,0.036,0.221,0.4,0.45,0.67,11.997,5.3,0.172,0.068,17.31,23.97,-45.89,-2.59,1772.4,0.66,0.58,0.24,5.0,0.73,-44.4,-2.74,1623.36,0.68,938.913,58.333,4.0,48.0
mot_H_normal_3h_hb1_4713_000000003_0001_50_56_H___3h_hb1_2528_0001_0001_0001,FGFR2,1,Cao et al FGFR2,61.0,0.015,0.017,0.013,0.144,0.31,0.35,0.63,13.579,25.0,0.133,0.048,19.83,20.05,-33.96,-2.22,1526.87,0.45,0.58,0.03,4.0,0.73,-54.95,-3.39,1619.9,0.63,810.86,39.474,2.0,38.0
mot_H_normal_3h_hb1_4713_000000003_0001_50_56_H___6e490fc8d5470bf527001cd830998133_0001_1_0001_0001_0001,FGFR2,0,Cao et al FGFR2,65.0,0.013,0.013,0.011,0.085,0.24,0.26,0.6,16.115,25.0,0.104,0.028,10.27,12.48,-27.05,-2.18,1238.49,0.52,0.56,0.17,0.0,0.72,-45.81,-3.1,1475.32,0.66,773.528,45.238,1.0,42.0
mot_H_normal_3h_hb1_5890_000000015_0001_54_62_H___EHEE_hb1_1202_0001_0001_0001,FGFR2,0,Cao et al FGFR2,65.0,0.016,0.016,0.013,0.155,0.3,0.36,0.62,14.737,25.0,0.131,0.048,25.38,30.87,-39.19,-3.04,1287.2,0.74,0.64,0.17,2.0,0.74,-54.05,-3.6,1500.73,0.68,783.999,50.0,4.0,44.0
mot_H_normal_3h_hb1_5890_000000015_0001_54_62_H___HEEHE_0805_0001_0001_0001,FGFR2,0,Cao et al FGFR2,65.0,0.014,0.019,0.012,0.109,0.34,0.36,0.64,14.312,25.0,0.073,0.047,18.56,25.62,-30.14,-2.64,1140.31,0.62,0.63,0.17,2.0,0.74,-56.03,-3.65,1535.11,0.67,728.25,45.714,5.0,35.0
mot_H_normal_3h_hb1_6816_000000000_0001_50_58_H___12a7ffe86416d83887ddd0891a48ef14_0001_0001_0001_0001,FGFR2,0,Cao et al FGFR2,65.0,0.015,0.04,0.013,0.111,0.36,0.38,0.65,13.94,25.0,0.123,0.052,16.02,36.62,-35.63,-2.44,1458.16,0.57,0.6,0.29,0.0,0.67,-50.34,-3.31,1519.68,0.63,828.529,56.41,4.0,39.0
mot_H_normal_3h_hb1_6816_000000000_0001_50_58_H___3h_hb1_4026_0001_0003_0001,FGFR2,0,Cao et al FGFR2,63.0,0.012,0.014,0.012,0.071,0.23,0.25,0.6,18.432,25.0,0.075,0.022,23.46,20.85,-23.73,-2.37,1001.41,0.67,0.61,0.03,1.0,0.68,-52.85,-3.17,1667.78,0.72,575.423,51.515,1.0,33.0
mot_H_normal_807409fc34f04c3099c6be5b6a1e9ec4_0001_000000004_0001_40_46_H___3h_hb1_702_0001_0002_0001,FGFR2,0,Cao et al FGFR2,65.0,0.133,0.164,0.054,0.213,0.47,0.49,0.68,10.964,4.3,0.132,0.143,3.39,2.98,-42.61,-3.1,1372.48,0.77,0.64,0.0,3.0,0.8,-59.18,-3.9,1518.3,0.65,769.56,47.5,3.0,40.0
mot_H_normal_HEEH_08897_000000013_0001_46_56_H___HEEHE_1156_0001_0002_0001_0001,FGFR2,0,Cao et al FGFR2,65.0,0.015,0.019,0.013,0.129,0.29,0.32,0.62,15.656,25.0,0.083,0.047,23.72,20.36,-41.37,-2.92,1415.57,0.67,0.58,0.12,4.0,0.74,-47.03,-3.19,1472.42,0.64,689.0,50.0,1.0,36.0
mot_H_normal_HHH_eva_0323_000000006_0001_51_58_H___7461abbab0de15168f0e2fd1f7825d56_0001_0001_0001_0001,FGFR2,0,Cao et al FGFR2,65.0,0.716,0.755,0.439,0.702,0.87,0.87,0.88,4.221,0.9,0.346,0.759,3.86,3.12,-49.14,-3.25,1511.96,0.75,0.62,0.19,9.0,0.73,-58.08,-4.02,1443.42,0.72,823.854,47.619,4.0,42.0
mot_H_normal_a1d7bc4cdf5521605c83c636b39737d7_0001_1_000000009_0001_59_63_H___0e9b775401ebc4f03574fd0dbe7d3958_0001_0001_0001_0001,FGFR2,0,Cao et al FGFR2,65.0,0.575,0.62,0.329,0.635,0.8,0.81,0.84,5.457,1.5,0.359,0.713,23.94,22.95,-43.07,-2.67,1613.78,0.61,0.51,0.2,4.0,0.68,-59.82,-3.39,1765.09,0.65,894.975,56.818,5.0,44.0
mot_H_normal_d1527d9db61042ae992c5fc0a9cf6cfe_0001_1_000000001_0001_45_50_H___4b967dde4e0bfc3b7b1969e078e8a429_0001_1_0001_0001_0001,FGFR2,0,Cao et al FGFR2,65.0,0.011,0.014,0.011,0.065,0.27,0.31,0.62,16.229,25.0,0.082,0.033,14.79,16.9,-37.83,-3.08,1227.32,0.61,0.47,0.29,3.0,0.71,-58.12,-3.38,1722.15,0.66,568.618,54.839,0.0,31.0
mot_H_normal_d828b9a9cb6a11aadad07c4d64fcbd75_0001_1_000000007_0001_27_32_H___a5d1fe4e7c874d24c313d1246008b1d8_0001_0001_0001_0001_0001,FGFR2,0,Cao et al FGFR2,65.0,0.016,0.038,0.014,0.153,0.32,0.36,0.63,14.254,25.0,0.103,0.044,20.35,19.26,-34.65,-3.04,1140.84,0.65,0.6,0.19,2.0,0.7,-56.33,-3.22,1746.87,0.65,754.252,47.368,3.0,38.0
mot_H_normal_df5fdf51280a5736f57bd207e2138f4e_0001_000000000_0001_35_42_H___3h_hb1_536_0001_0002_0001,FGFR2,0,Cao et al FGFR2,61.0,0.278,0.329,0.17,0.434,0.62,0.65,0.77,7.792,2.9,0.302,0.377,6.06,6.77,-37.75,-3.15,1197.16,0.7,0.7,0.07,4.0,0.8,-52.62,-3.39,1551.19,0.72,621.079,60.0,2.0,35.0
mot_H_normal_ems_3hC_187_0002_000000003_0001_25_31_H___3h_hb1_5299_0001_0001,FGFR2,0,Cao et al FGFR2,63.0,0.077,0.124,0.02,0.17,0.37,0.47,0.67,11.789,25.0,0.141,0.096,20.82,19.04,-39.31,-3.16,1243.67,0.68,0.6,0.17,3.0,0.75,-60.79,-3.56,1708.5,0.66,736.566,58.974,1.0,39.0
mot_P_normal_EHEE_hb1_164_000000001_0001_3_5_61_63_P___EHEE_hb1_5511_0001_0001_0001,FGFR2,0,Cao et al FGFR2,65.0,0.216,0.225,0.127,0.326,0.57,0.63,0.73,9.244,3.6,0.254,0.163,27.04,29.99,-51.17,-2.91,1759.65,0.64,0.59,0.18,5.0,0.7,-57.92,-3.16,1833.25,0.67,972.244,51.064,5.0,47.0
mot_P_normal_EHEE_hb1_2550_000000002_0001_46_50_57_61_P___EHEE_hb1_2550_0001_0001_0001,FGFR2,0,Cao et al FGFR2,65.0,0.164,0.189,0.09,0.291,0.48,0.5,0.7,9.986,3.8,0.111,0.224,6.16,4.13,-35.31,-2.61,1352.67,0.58,0.63,0.19,2.0,0.77,-52.33,-3.62,1445.94,0.73,691.508,41.667,2.0,36.0
mot_P_normal_EHEE_hb1_2910_000000004_0001_44_50_59_61_P___EHEE_hb1_6636_0001_0001_0001,FGFR2,0,Cao et al FGFR2,65.0,0.051,0.069,0.021,0.172,0.35,0.45,0.66,12.501,25.0,0.126,0.054,18.36,22.99,-38.09,-2.38,1598.37,0.56,0.54,0.18,3.0,0.7,-59.69,-3.9,1531.22,0.67,1001.789,55.102,2.0,49.0
mot_P_normal_ems_bGC_257_000000013_0001_39_43_46_50_P___EHEE_hb1_5823_0001_0002_0001_0001,FGFR2,0,Cao et al FGFR2,65.0,0.074,0.101,0.022,0.186,0.36,0.49,0.65,12.132,25.0,0.137,0.082,14.1,29.45,-53.17,-2.84,1875.44,0.66,0.53,0.18,6.0,0.75,-53.36,-3.47,1539.41,0.7,1035.745,53.846,5.0,52.0
mot_P_normal_ems_bGC_257_000000021_0001_39_43_46_48_P___EHEE_hb1_4983_0001_0001_0001_0001,FGFR2,0,Cao et al FGFR2,65.0,0.016,0.023,0.013,0.139,0.26,0.37,0.61,15.42,25.0,0.101,0.075,4.98,4.26,-40.11,-2.78,1443.25,0.71,0.6,0.13,6.0,0.73,-50.42,-3.38,1491.53,0.72,854.466,35.714,6.0,42.0
mot_P_normal_ems_ferrM_6649_000000026_0001_1_23_29_34_36_P___EHEE_hb1_338_0001_0001_0001,FGFR2,0,Cao et al FGFR2,65.0,0.026,0.056,0.015,0.158,0.39,0.41,0.66,12.472,25.0,0.192,0.056,24.98,18.94,-43.12,-2.5,1723.62,0.65,0.62,0.11,7.0,0.74,-52.55,-3.6,1460.58,0.62,806.662,40.909,2.0,44.0
n_shtil_binder_5,EGFR,0,Adaptyv binder comp round 1,92.0,0.172,0.314,0.083,0.173,0.7,0.71,0.66,18.198,5.4,0.382,0.283,41.21,43.08,-40.98,-2.41,1700.79,0.62,0.61,0.32,3.0,0.62,-59.24,-2.38,2490.2,0.52,870.619,45.455,4.0,44.0
noah_holzleitner_Noah_EGFR_Binder_4,EGFR,0,Adaptyv binder comp round 2,62.0,0.188,0.451,0.065,0.231,0.8,0.81,0.66,15.189,3.6,0.329,0.288,23.74,48.83,-46.79,-2.94,1589.09,0.69,0.61,0.07,3.0,0.69,-44.25,-2.73,1619.18,0.53,789.412,34.884,3.0,43.0
nsplice_r1_4b397ff321495f1cf064223b6ad1b1e1_0001_000000002_0001_0001_24_33_H____20af7c34e0ab14a125768f3b8e48f1f5_0001_1_0001_0001_0001_15_49_HHH_02_06509_33_0001_30_crosslinked,VirB8,0,Cao et al VirB8,65.0,0.0,0.0,0.0,0.0,0.19,0.22,0.68,21.745,25.0,0.0,0.0,48.02,26.53,-38.82,-2.34,1661.89,0.51,0.46,0.19,2.0,0.8,-61.06,-4.21,1451.36,0.72,940.711,54.167,2.0,48.0
nsplice_r1_4b397ff321495f1cf064223b6ad1b1e1_0001_000000002_0001_0001_24_33_H____20af7c34e0ab14a125768f3b8e48f1f5_0001_1_0001_0001_0001_15_49_HHH_03_06717_34_0001_39_crosslinked,VirB8,0,Cao et al VirB8,65.0,0.0,0.0,0.0,0.0,0.23,0.3,0.69,18.77,25.0,0.0,0.0,44.38,33.59,-38.43,-2.06,1862.03,0.51,0.63,0.27,0.0,0.82,-56.57,-3.83,1477.07,0.73,1016.455,58.696,1.0,46.0
nsplice_r1_4b397ff321495f1cf064223b6ad1b1e1_0001_000000002_0001_0001_24_33_H____20af7c34e0ab14a125768f3b8e48f1f5_0001_1_0001_0001_0001_15_49_HHH_05_21186_40_0001,VirB8,0,Cao et al VirB8,65.0,0.016,0.016,0.014,0.109,0.33,0.35,0.72,16.562,25.0,0.16,0.028,45.7,41.74,-34.06,-2.25,1514.54,0.58,0.59,0.38,1.0,0.76,-53.97,-3.5,1541.65,0.69,823.733,56.098,3.0,41.0
nsplice_r1_ems_3hM_1972_000000001_0001_0001_2_11_H____6ba66a815c050ae16b4908ca9efb55fd_0001_0001_0002_0001_0001_14_49_HHH_06_12074_41_0001,VirB8,0,Cao et al VirB8,65.0,0.665,0.75,0.421,0.624,0.87,0.88,0.89,5.039,1.1,0.452,0.884,2.31,2.32,-54.4,-3.1,1757.05,0.73,0.59,0.3,5.0,0.72,-60.54,-3.56,1701.51,0.69,863.819,48.78,7.0,41.0
p53_AF2_11,Mdm2,1,Mdm2 Watson et al,97.0,0.492,0.708,0.268,0.504,0.84,0.85,0.79,6.214,1.2,0.329,0.693,2.47,1.7,-57.41,-3.17,1808.79,0.65,0.6,0.09,5.0,0.74,-53.17,-3.11,1708.89,0.56,916.097,43.182,4.0,44.0
p53_AF2_14,Mdm2,0,Mdm2 Watson et al,120.0,0.384,0.675,0.188,0.389,0.84,0.84,0.72,7.852,1.1,0.27,0.537,8.03,3.32,-58.98,-3.44,1714.24,0.77,0.63,0.16,7.0,0.62,-52.9,-2.59,2040.13,0.6,919.005,42.857,10.0,42.0
p53_AF2_52,Mdm2,0,Mdm2 Watson et al,99.0,0.624,0.708,0.408,0.642,0.84,0.85,0.83,4.618,1.0,0.407,0.648,3.3,3.58,-63.81,-3.1,2059.88,0.68,0.68,0.15,7.0,0.67,-59.98,-2.89,2075.08,0.57,1020.982,45.098,9.0,51.0
p53_AF2_54,Mdm2,1,Mdm2 Watson et al,101.0,0.758,0.789,0.545,0.734,0.89,0.89,0.89,3.53,0.9,0.5,0.853,2.42,2.01,-52.61,-2.77,1899.51,0.66,0.61,0.07,5.0,0.65,-54.72,-2.99,1828.71,0.59,973.012,45.455,7.0,44.0
p53_AF2_61,Mdm2,1,Mdm2 Watson et al,103.0,0.626,0.746,0.396,0.622,0.86,0.87,0.84,5.118,1.0,0.458,0.751,1.87,1.74,-52.07,-2.49,2087.54,0.6,0.59,0.11,3.0,0.66,-54.89,-2.65,2072.47,0.49,1090.771,46.809,8.0,47.0
pol_11f069ed8cb064403e8c0bb27f350109_0001_1_000000014_0001,FGFR2,0,Cao et al FGFR2,65.0,0.117,0.153,0.048,0.212,0.43,0.46,0.67,11.879,25.0,0.062,0.106,21.03,21.1,-36.53,-2.95,1239.21,0.74,0.59,0.23,4.0,0.68,-62.0,-3.4,1825.43,0.66,679.84,56.25,5.0,32.0
pol_203c464a1e6522ce01529d812aae7fa9_0001_000000004_0001_0001,FGFR2,0,Cao et al FGFR2,65.0,0.485,0.493,0.261,0.578,0.77,0.79,0.81,6.448,1.9,0.223,0.584,2.99,3.06,-48.5,-3.57,1358.79,0.8,0.57,0.29,5.0,0.82,-52.99,-3.55,1490.8,0.7,762.388,51.429,3.0,35.0
pol_85f679ced07d987232575823a6a3e025_0001_1_000000019_0001,FGFR2,0,Cao et al FGFR2,65.0,0.401,0.48,0.23,0.549,0.73,0.74,0.8,6.764,2.0,0.283,0.539,23.46,19.25,-54.75,-3.51,1561.14,0.7,0.55,0.21,5.0,0.69,-53.03,-3.0,1768.88,0.62,850.25,52.381,4.0,42.0
pol_928b9f8d339eb2f9e2405f42a2c12513_0001_000000021_0001_0001,FGFR2,0,Cao et al FGFR2,65.0,0.278,0.283,0.171,0.365,0.62,0.67,0.76,8.312,3.4,0.245,0.274,21.2,18.23,-43.87,-2.68,1638.36,0.58,0.64,0.2,9.0,0.64,-46.96,-2.8,1674.62,0.62,961.167,43.478,12.0,46.0
pol_9a3094561fc9d9c8b29d53b3994f233f_0001_000000003_0001_0001,FGFR2,0,Cao et al FGFR2,65.0,0.468,0.535,0.27,0.588,0.77,0.77,0.81,5.961,1.7,0.374,0.393,1.9,2.13,-58.11,-3.31,1757.46,0.69,0.59,0.22,6.0,0.66,-56.78,-2.97,1909.35,0.62,904.676,58.824,3.0,51.0
pol_EHEE_hb1_2955_000000013_0001_0001,FGFR2,0,Cao et al FGFR2,65.0,0.0,0.0,0.0,0.0,0.16,0.2,0.57,21.402,25.0,0.0,0.0,39.94,23.84,-37.67,-2.92,1292.2,0.61,0.69,0.17,8.0,0.66,-51.77,-3.48,1488.19,0.73,648.509,44.444,5.0,36.0
pol_dd49bf3528da6f37616b30d4057d0d98_0001_000000022_0001,FGFR2,1,Cao et al FGFR2,65.0,0.306,0.307,0.163,0.347,0.66,0.68,0.74,8.992,2.6,0.268,0.306,2.35,2.55,-42.51,-2.91,1462.26,0.62,0.58,0.12,3.0,0.71,-54.12,-3.25,1665.48,0.67,826.372,50.0,4.0,40.0
qy_qilin_yu_10_13_21_sample267_complex_42_complex,EGFR,0,Adaptyv binder comp round 2,73.0,0.156,0.251,0.064,0.179,0.76,0.76,0.65,18.876,4.6,0.333,0.156,21.43,64.26,-45.34,-2.47,1836.26,0.61,0.53,0.32,8.0,0.57,-67.74,-2.33,2910.98,0.69,904.939,33.962,8.0,53.0
rif_150db9e11f72cffa14635b31d3c45583_0001_1_000000000_0001,InsulinR,0,Cao et al Insulin receptor,65.0,0.016,0.018,0.014,0.152,0.31,0.32,0.73,14.852,25.0,0.082,0.037,13.17,13.16,-20.65,-1.69,1225.07,0.51,0.57,0.12,1.0,0.74,-47.99,-3.13,1531.97,0.64,724.373,53.659,2.0,41.0
rif_789d2e58f91de647e604bc7ec31e58d2_0001_000000019_0001_0001,InsulinR,0,Cao et al Insulin receptor,65.0,0.67,0.848,0.453,0.626,0.87,0.88,0.91,4.631,1.0,0.299,0.811,3.03,2.85,-40.86,-2.56,1594.26,0.55,0.56,0.17,2.0,0.57,-54.25,-3.19,1698.57,0.62,941.375,43.182,3.0,44.0
rif_buried_3h_hb1_3209_000000007_0001_0001,FGFR2,0,Cao et al FGFR2,63.0,0.017,0.063,0.015,0.156,0.42,0.45,0.68,13.353,25.0,0.236,0.043,17.76,30.2,-58.31,-2.67,2183.83,0.64,0.63,0.24,9.0,0.73,-64.02,-3.39,1888.45,0.61,1224.352,50.0,9.0,54.0
rif_buried_EHEE_02670_000000014_0001_0001,FGFR2,0,Cao et al FGFR2,65.0,0.188,0.22,0.097,0.286,0.56,0.59,0.72,10.145,3.2,0.264,0.257,16.17,7.53,-48.37,-3.22,1502.73,0.69,0.61,0.13,0.0,0.8,-49.5,-3.52,1407.3,0.65,697.425,50.0,0.0,36.0
rif_fastrot_8765a4d45e468d470aac65a2f3dfb4be_0001_1_000000005_0001_0001,FGFR2,0,Cao et al FGFR2,65.0,0.013,0.014,0.012,0.098,0.31,0.33,0.62,14.904,25.0,0.221,0.036,3.56,5.14,-34.23,-2.38,1439.48,0.68,0.62,0.1,1.0,0.74,-46.44,-2.65,1750.37,0.65,866.658,43.902,3.0,41.0
rif_fastrot_EHEE_10767_000000018_0001_0001,FGFR2,0,Cao et al FGFR2,65.0,0.014,0.019,0.013,0.122,0.29,0.32,0.63,15.52,13.8,0.117,0.029,27.33,29.0,-35.12,-2.22,1584.28,0.48,0.56,0.21,1.0,0.77,-56.08,-3.54,1585.65,0.66,892.648,54.348,2.0,46.0
rif_fastrot_EHEE_hb1_1323_000000006_0001_0001,FGFR2,0,Cao et al FGFR2,65.0,0.052,0.074,0.02,0.204,0.47,0.48,0.7,13.212,5.2,0.199,0.05,24.64,25.04,-40.52,-2.31,1754.42,0.53,0.6,0.18,3.0,0.75,-39.68,-2.67,1485.37,0.66,1106.625,48.148,4.0,54.0
rif_fastrot_EHEE_hb1_164_000000019_0001_0001,FGFR2,0,Cao et al FGFR2,65.0,0.0,0.0,0.0,0.0,0.21,0.22,0.58,18.861,25.0,0.0,0.0,33.48,17.62,-32.72,-2.55,1283.75,0.61,0.54,0.21,2.0,0.76,-50.07,-3.05,1643.31,0.71,690.831,40.0,3.0,40.0
rif_fastrot_EHEE_hb1_866_000000009_0001_0001,FGFR2,0,Cao et al FGFR2,65.0,0.21,0.28,0.125,0.308,0.64,0.65,0.75,9.21,2.9,0.221,0.227,31.87,18.86,-46.06,-2.8,1647.63,0.7,0.61,0.09,16.0,0.76,-41.83,-2.77,1508.33,0.71,815.071,40.0,16.0,40.0
rif_fastrot_cor_83b3a464b912af51bdd1be09a4cc6f6f_0001_000000000_0001,FGFR2,0,Cao et al FGFR2,65.0,0.082,0.082,0.028,0.18,0.42,0.45,0.67,12.702,25.0,0.149,0.108,19.12,23.43,-42.39,-2.93,1445.04,0.62,0.68,0.31,1.0,0.72,-56.66,-3.45,1640.29,0.65,817.271,57.5,2.0,40.0
rif_fastrot_cor_EHEE_hb1_4996_000000016_0001_0001,FGFR2,0,Cao et al FGFR2,65.0,0.019,0.022,0.015,0.162,0.3,0.36,0.61,14.677,5.5,0.096,0.042,10.82,9.37,-35.48,-2.28,1559.35,0.58,0.62,0.16,3.0,0.73,-49.02,-2.89,1696.25,0.62,730.937,46.154,5.0,39.0
rif_fastrot_cor_EHEE_hb1_874_000000003_0001_0001,FGFR2,0,Cao et al FGFR2,65.0,0.0,0.0,0.0,0.0,0.13,0.14,0.55,21.901,25.0,0.0,0.0,17.62,24.79,-26.9,-2.56,1050.51,0.67,0.6,0.14,0.0,0.74,-51.34,-3.18,1616.42,0.7,635.689,52.778,0.0,36.0
rif_fastrot_cor_ems_ferrM_2930_0001_000000006_0001_0001,FGFR2,0,Cao et al FGFR2,62.0,0.015,0.015,0.013,0.069,0.21,0.22,0.59,19.064,25.0,0.076,0.016,19.87,20.71,-36.61,-2.8,1307.59,0.66,0.64,0.2,0.0,0.75,-57.04,-3.37,1693.52,0.67,790.541,47.5,6.0,40.0
rif_fastrot_ems_3hC_423_0002_000000010_0001_0001,FGFR2,0,Cao et al FGFR2,62.0,0.048,0.07,0.015,0.159,0.36,0.45,0.65,13.22,25.0,0.092,0.057,14.86,14.41,-42.72,-2.39,1789.13,0.53,0.49,0.11,4.0,0.72,-58.95,-3.32,1774.14,0.69,933.991,52.0,5.0,50.0
rif_normal_0b15b337f6f0d8b5218df7b5de92e7d6_0001_000000000_0001_0001,FGFR2,0,Cao et al FGFR2,65.0,0.205,0.254,0.124,0.31,0.59,0.6,0.73,9.321,3.1,0.145,0.31,3.07,2.97,-40.35,-3.23,1247.96,0.68,0.58,0.19,3.0,0.65,-54.81,-3.13,1752.43,0.63,670.549,41.667,1.0,36.0
rif_normal_3h_hb1_5210_000000001_0001_0001,FGFR2,0,Cao et al FGFR2,61.0,0.688,0.76,0.398,0.682,0.86,0.87,0.87,3.858,0.9,0.483,0.779,2.75,3.06,-51.21,-2.99,1713.52,0.68,0.57,0.04,5.0,0.67,-53.29,-3.27,1630.53,0.62,964.228,44.444,5.0,45.0
rif_normal_EHEE_hb1_5529_000000001_0001_0001,FGFR2,0,Cao et al FGFR2,65.0,0.015,0.018,0.013,0.122,0.35,0.39,0.65,14.131,25.0,0.112,0.061,24.35,22.14,-33.64,-2.33,1440.96,0.55,0.56,0.19,5.0,0.66,-51.44,-2.92,1761.27,0.64,678.917,52.632,3.0,38.0
rif_normal_ems_ferrM_6701_0002_000000001_0001,FGFR2,0,Cao et al FGFR2,61.0,0.015,0.023,0.013,0.122,0.3,0.32,0.63,15.206,25.0,0.098,0.048,27.62,19.38,-26.18,-1.94,1347.15,0.59,0.65,0.18,0.0,0.73,-47.01,-3.18,1477.96,0.67,714.229,47.368,8.0,38.0
surabhi_lata_Design_02,EGFR,0,Adaptyv binder comp round 1,101.0,0.609,0.634,0.313,0.448,0.91,0.91,0.7,13.467,2.1,0.523,0.714,36.11,42.08,-46.83,-1.97,2373.46,0.63,0.67,0.18,5.0,0.57,-45.67,-1.91,2387.12,0.64,1227.029,47.619,14.0,63.0
z_peplib_pepseq_design_8,EGFR,0,Adaptyv binder comp round 2,50.0,0.0,0.0,0.0,0.0,0.2,0.22,0.62,27.926,25.0,0.0,0.0,16.75,48.23,-19.09,-2.07,923.85,0.47,0.56,0.46,1.0,0.57,-29.73,-1.57,1895.74,0.6,377.871,37.037,3.0,27.0
zulfatmi_pocket7pep42,EGFR,0,Adaptyv binder comp round 2,13.0,0.0,0.0,0.0,0.0,0.42,0.43,0.7,22.13,25.0,0.0,0.0,18.34,49.82,-33.27,-2.14,1556.4,0.61,0.59,0.25,3.0,0.56,-26.29,-1.99,1322.24,0.55,724.299,45.238,8.0,42.0
2bnr_24_3_0_26,pMHC_NY1,0,pMHC screening NY1,116.0,0.557,0.788,0.371,0.685,0.94,0.94,0.95,4.435,1.1,0.42,0.911,1.46,1.77,-62.96,-2.29,2747.19,0.65,0.67,0.67,8.0,0.55,-57.43,-2.14,2685.8,0.64,1545.451,44.0,9.0,75.0
2bnr_27_7_3_9_temp001_dldesign_244_af2pred,pMHC_NY1,1,pMHC screening NY2,145.0,0.638,0.861,0.421,0.709,0.94,0.95,0.94,4.062,0.9,0.457,0.929,1.03,1.49,-79.59,-2.72,2928.66,0.62,0.66,0.29,11.0,0.6,-66.9,-2.15,3117.71,0.61,1480.672,43.421,10.0,76.0
2bnr_27_7_3_9_temp003_dldesign_329_af2pred,pMHC_NY1,1,pMHC screening NY2,145.0,0.638,0.861,0.427,0.706,0.95,0.95,0.95,3.905,0.9,0.454,0.932,1.18,1.44,-76.3,-2.68,2844.99,0.63,0.67,0.35,10.0,0.63,-71.35,-2.46,2902.29,0.67,1466.139,43.662,7.0,71.0
2bnr_27_7_3_9_temp01_dldesign_547_af2pred,pMHC_NY1,0,pMHC screening NY2,145.0,0.636,0.864,0.424,0.708,0.95,0.95,0.95,3.854,0.9,0.444,0.933,1.04,1.83,-78.26,-2.7,2896.43,0.67,0.7,0.47,12.0,0.65,-75.62,-2.57,2946.57,0.67,1443.604,45.07,11.0,71.0
2bnr_27_7_3_9_temp01_dldesign_715_af2pred,pMHC_NY1,1,pMHC screening NY2,145.0,0.658,0.865,0.429,0.715,0.95,0.95,0.95,3.787,0.8,0.425,0.939,1.07,1.66,-75.76,-2.67,2837.57,0.64,0.71,0.35,14.0,0.64,-74.82,-2.49,3001.28,0.65,1456.883,47.059,9.0,68.0
2bnr_39_17_1_3,pMHC_NY1,0,pMHC screening NY1,120.0,0.589,0.83,0.399,0.722,0.94,0.95,0.95,3.844,1.0,0.38,0.899,1.77,2.79,-90.28,-3.03,2976.67,0.65,0.69,0.21,11.0,0.67,-93.72,-2.97,3154.84,0.69,1526.613,45.07,9.0,71.0
AKAP9_binder_12_dldesign_2_af2pred,pMHC_SILSY1,0,pMHC screening SILSY1,124.0,0.6,0.811,0.396,0.691,0.95,0.95,0.95,3.851,1.0,0.449,0.919,1.18,1.31,-62.03,-2.19,2833.35,0.61,0.6,0.17,10.0,0.64,-71.88,-2.41,2988.41,0.64,1616.979,37.333,19.0,75.0
AKAP9_binder_25_renumb_6_dldesign_0_af2pred,pMHC_SILSY1,0,pMHC screening SILSY1,124.0,0.639,0.838,0.4,0.731,0.95,0.95,0.95,3.975,0.9,0.419,0.928,1.18,1.76,-67.39,-2.15,3135.44,0.62,0.62,0.19,10.0,0.64,-74.03,-2.39,3101.89,0.61,1744.385,36.364,13.0,77.0
AKAP9_binder_28,pMHC_SILSY1,0,pMHC screening SILSY1,124.0,0.609,0.808,0.412,0.694,0.95,0.95,0.95,3.739,0.9,0.445,0.923,1.22,2.24,-67.69,-2.21,3063.88,0.61,0.6,0.23,12.0,0.64,-69.02,-2.36,2924.23,0.61,1642.09,39.744,18.0,78.0
AKAP9_binder_4,pMHC_SILSY1,0,pMHC screening SILSY1,124.0,0.625,0.832,0.4,0.701,0.94,0.95,0.95,3.973,1.0,0.419,0.927,1.29,1.38,-67.65,-2.34,2891.81,0.62,0.65,0.24,14.0,0.64,-71.85,-2.44,2944.72,0.59,1541.322,42.466,11.0,73.0
AKAP9_binder_6_dldesign_30_af2pred,pMHC_SILSY1,0,pMHC screening SILSY1,124.0,0.671,0.862,0.43,0.748,0.95,0.95,0.95,3.575,0.9,0.44,0.926,1.22,1.5,-69.51,-2.42,2869.86,0.64,0.66,0.51,10.0,0.66,-77.4,-2.55,3036.2,0.62,1547.789,43.243,11.0,74.0
EHEE_03959_000000027_0001,VirB8,0,Cao et al VirB8,65.0,0.066,0.082,0.02,0.181,0.46,0.5,0.76,12.344,5.3,0.186,0.071,41.8,23.06,-31.51,-1.64,1926.03,0.52,0.53,0.07,6.0,0.7,-55.17,-3.25,1699.32,0.73,971.515,38.636,3.0,44.0
Grafting_Motif0042_ems_3hM_3346_0001,FGFR2,0,Cao et al FGFR2,62.0,0.014,0.016,0.013,0.133,0.29,0.32,0.63,15.01,25.0,0.156,0.028,12.64,13.53,-48.62,-2.89,1684.16,0.63,0.62,0.16,2.0,0.75,-69.27,-3.7,1870.4,0.68,959.357,59.184,0.0,49.0
Grafting_Motif0070_HHH_eva_0534_0001,FGFR2,1,Cao et al FGFR2,55.0,0.043,0.072,0.017,0.193,0.38,0.4,0.65,12.32,4.4,0.137,0.081,19.13,25.11,-27.41,-2.23,1229.75,0.52,0.58,0.12,0.0,0.58,-58.78,-3.19,1842.48,0.71,749.692,41.463,2.0,41.0
Grafting_Motif0176_ems_3hM_679_0001_0001,FGFR2,0,Cao et al FGFR2,62.0,0.015,0.017,0.013,0.137,0.26,0.28,0.62,15.746,25.0,0.078,0.021,12.17,10.98,-40.36,-2.53,1595.73,0.58,0.52,0.03,4.0,0.7,-57.38,-3.12,1840.41,0.72,778.127,45.946,1.0,37.0
Grafting_Motif0182_bcov_4helix_08410_0001,FGFR2,1,Cao et al FGFR2,65.0,0.272,0.325,0.158,0.443,0.64,0.67,0.76,7.59,2.7,0.238,0.285,2.67,3.65,-53.34,-3.02,1768.82,0.66,0.62,0.17,1.0,0.66,-62.53,-3.2,1954.74,0.66,966.434,59.091,0.0,44.0
Grafting_Motif0184_HHH_eva_0514_0001,FGFR2,0,Cao et al FGFR2,51.0,0.015,0.017,0.013,0.113,0.24,0.26,0.63,16.181,25.0,0.107,0.026,3.0,4.4,-37.0,-2.41,1532.32,0.67,0.62,0.13,2.0,0.72,-56.48,-3.2,1764.94,0.7,779.047,51.163,0.0,43.0
Grafting_Motif0184_ems_3hM_2721_0001,FGFR2,0,Cao et al FGFR2,63.0,0.015,0.017,0.012,0.108,0.27,0.29,0.62,15.522,25.0,0.073,0.034,22.88,22.58,-29.64,-2.39,1238.95,0.64,0.59,0.03,4.0,0.71,-74.44,-3.73,1994.22,0.55,713.832,50.0,2.0,36.0
Grafting_Motif0184_ems_3hM_3503_0001_0001,FGFR2,0,Cao et al FGFR2,64.0,0.024,0.032,0.014,0.183,0.31,0.34,0.63,13.238,25.0,0.124,0.059,15.04,7.73,-45.31,-2.75,1649.78,0.71,0.64,0.07,2.0,0.69,-65.24,-3.27,1997.12,0.75,922.294,48.837,2.0,43.0
Grafting_Motif0263_bcov_4helix_00545_0001,FGFR2,0,Cao et al FGFR2,65.0,0.015,0.018,0.013,0.116,0.32,0.34,0.63,15.153,25.0,0.087,0.045,18.95,23.44,-37.87,-2.79,1356.95,0.63,0.58,0.28,2.0,0.75,-64.61,-3.67,1758.81,0.69,718.83,47.222,1.0,36.0
Grafting_Motif0263_bcov_4helix_02755_0001_0002,FGFR2,0,Cao et al FGFR2,65.0,0.127,0.17,0.074,0.273,0.41,0.48,0.67,10.166,25.0,0.154,0.156,21.53,22.67,-32.6,-2.58,1262.07,0.59,0.6,0.12,1.0,0.75,-57.46,-3.17,1813.46,0.65,741.476,48.485,2.0,33.0
Grafting_Motif0388_bcov_4helix_09569_0001_0002,FGFR2,0,Cao et al FGFR2,65.0,0.014,0.018,0.013,0.113,0.28,0.29,0.62,15.138,25.0,0.088,0.038,10.6,16.79,-39.14,-2.94,1330.35,0.7,0.61,0.27,3.0,0.66,-63.96,-3.54,1808.77,0.72,759.691,60.465,3.0,43.0
Grafting_Motif0413_bcov_4helix_01717_0001_0002,FGFR2,0,Cao et al FGFR2,65.0,0.067,0.089,0.021,0.18,0.43,0.43,0.66,12.393,5.8,0.112,0.05,18.52,23.2,-45.37,-2.94,1542.12,0.64,0.61,0.21,4.0,0.65,-55.91,-3.25,1722.48,0.67,891.441,47.826,4.0,46.0
Grafting_Motif0433_ems_3hM_769_0001,FGFR2,0,Cao et al FGFR2,61.0,0.052,0.069,0.016,0.154,0.36,0.38,0.66,12.655,6.1,0.088,0.07,9.87,15.51,-30.23,-2.11,1432.1,0.53,0.53,0.11,3.0,0.69,-53.87,-3.25,1659.5,0.7,797.789,47.5,4.0,40.0
Grafting_Motif0601_HHH_eva_0777_0001,FGFR2,0,Cao et al FGFR2,53.0,0.077,0.098,0.029,0.249,0.38,0.46,0.68,11.234,4.7,0.098,0.11,19.25,18.24,-40.35,-2.88,1402.89,0.62,0.61,0.19,7.0,0.71,-68.2,-3.93,1737.34,0.69,735.731,51.351,2.0,37.0
Grafting_Motif1153_p1_16H_GBL_16H_GABBL_16H_0429_0001_0001_0001_0001,FGFR2,1,Cao et al FGFR2,56.0,0.197,0.259,0.118,0.383,0.58,0.61,0.75,8.318,3.2,0.175,0.243,4.16,2.92,-36.51,-2.95,1238.59,0.73,0.68,0.12,2.0,0.75,-65.69,-3.74,1755.65,0.68,678.497,43.243,2.0,37.0
HEEHE_3045_000000021_0001,FGFR2,0,Cao et al FGFR2,65.0,0.013,0.016,0.012,0.08,0.26,0.32,0.61,16.905,25.0,0.098,0.026,26.75,27.5,-43.49,-3.01,1446.6,0.63,0.6,0.24,7.0,0.74,-75.6,-4.03,1874.21,0.68,761.228,45.652,5.0,46.0
HHH_eva_0601_000000000_0001,VirB8,0,Cao et al VirB8,52.0,0.015,0.021,0.013,0.125,0.37,0.42,0.76,14.445,25.0,0.166,0.048,43.86,27.95,-36.88,-2.12,1743.55,0.46,0.48,0.2,2.0,0.75,-47.6,-3.26,1458.64,0.71,991.035,55.102,2.0,49.0
IL7Ra_binder_AF2_16,IL7Ra,0,IL7Ra Watson et al,90.0,0.497,0.595,0.302,0.509,0.77,0.78,0.86,6.591,1.8,0.428,0.593,8.2,9.47,-52.72,-2.68,1966.4,0.62,0.58,0.1,5.0,0.63,-50.67,-2.56,1982.26,0.6,1010.107,51.923,7.0,52.0
IL7Ra_binder_AF2_17,IL7Ra,1,IL7Ra Watson et al,88.0,0.566,0.612,0.32,0.488,0.84,0.85,0.88,6.307,1.8,0.406,0.67,2.26,2.28,-55.33,-2.64,2095.95,0.63,0.63,0.08,7.0,0.55,-45.11,-2.47,1823.08,0.55,1074.893,52.083,4.0,48.0
IL7Ra_binder_AF2_36,IL7Ra,0,IL7Ra Watson et al,55.0,0.344,0.553,0.183,0.45,0.76,0.78,0.86,6.734,2.7,0.273,0.445,2.7,3.93,-46.09,-2.85,1615.36,0.62,0.58,0.19,3.0,0.63,-59.02,-3.4,1733.74,0.56,873.743,47.619,6.0,42.0
IL7Ra_binder_AF2_55,IL7Ra,1,IL7Ra Watson et al,65.0,0.605,0.749,0.334,0.571,0.86,0.87,0.89,5.658,1.1,0.292,0.813,3.2,3.04,-42.68,-3.05,1397.63,0.63,0.65,0.15,6.0,0.73,-49.45,-3.35,1477.76,0.58,730.877,45.946,6.0,37.0
IL7Ra_binder_AF2_82,IL7Ra,0,IL7Ra Watson et al,96.0,0.661,0.673,0.373,0.549,0.84,0.85,0.87,5.976,1.3,0.266,0.713,2.52,3.31,-59.0,-2.94,2009.94,0.65,0.69,0.1,9.0,0.66,-53.53,-2.89,1849.6,0.62,890.485,50.0,8.0,44.0
Insulin_receptor_binder_AF2_23,InsulinR,0,InsulinR Watson et al,89.0,0.754,0.785,0.504,0.695,0.88,0.89,0.91,4.257,1.0,0.32,0.855,1.9,2.14,-49.77,-2.43,2047.59,0.56,0.53,0.09,9.0,0.57,-48.41,-2.22,2177.61,0.62,1235.273,37.288,14.0,59.0
Insulin_receptor_binder_AF2_32,InsulinR,0,InsulinR Watson et al,65.0,0.687,0.815,0.431,0.677,0.89,0.89,0.91,4.558,1.1,0.262,0.795,3.17,3.03,-57.66,-3.35,1721.15,0.76,0.61,0.27,6.0,0.74,-59.11,-3.07,1925.4,0.67,930.82,40.426,9.0,47.0
Insulin_receptor_binder_AF2_42,InsulinR,0,InsulinR Watson et al,71.0,0.146,0.188,0.067,0.214,0.57,0.59,0.8,10.648,4.3,0.171,0.214,8.84,6.56,-45.06,-2.55,1764.71,0.69,0.66,0.16,4.0,0.74,-62.25,-3.06,2033.97,0.54,1018.088,44.231,7.0,52.0
Insulin_receptor_binder_AF2_6,InsulinR,0,InsulinR Watson et al,52.0,0.265,0.374,0.169,0.372,0.72,0.74,0.87,7.06,3.4,0.258,0.408,1.75,2.53,-50.74,-2.87,1767.87,0.69,0.55,0.14,2.0,0.66,-57.68,-3.33,1730.97,0.51,1038.661,44.231,7.0,52.0
Insulin_receptor_binder_AF2_84,InsulinR,0,InsulinR Watson et al,65.0,0.594,0.703,0.361,0.629,0.84,0.85,0.89,5.174,1.5,0.372,0.774,1.29,1.82,-50.78,-2.81,1807.87,0.62,0.67,0.36,7.0,0.56,-50.11,-2.96,1692.81,0.61,1000.003,42.308,9.0,52.0
LTKBind_lk8,LTK,1,Bennet paper LTK prospective,55.0,0.57,0.829,0.272,0.593,0.9,0.9,0.92,5.535,1.3,0.445,0.783,2.11,2.26,-46.8,-2.82,1659.23,0.71,0.68,0.17,7.0,0.68,-55.03,-2.88,1907.64,0.58,915.329,35.556,8.0,45.0
Motif0003_HEEHE_2080_0001_0001_6500_0001,FGFR2,0,Cao et al FGFR2,65.0,0.019,0.031,0.014,0.153,0.38,0.39,0.66,13.905,25.0,0.074,0.072,26.39,21.77,-41.24,-3.23,1278.04,0.62,0.62,0.09,3.0,0.73,-74.13,-3.85,1925.62,0.64,638.084,51.429,2.0,35.0
Motif0003_HEEHE_2987_0001_0001_5747_0001,FGFR2,0,Cao et al FGFR2,65.0,0.142,0.165,0.056,0.235,0.53,0.56,0.73,10.508,4.4,0.156,0.152,19.17,19.84,-41.96,-2.67,1569.6,0.61,0.61,0.21,3.0,0.76,-63.69,-3.4,1871.47,0.73,802.664,51.22,3.0,41.0
Motif0003_bcov_4helix_00839_0001_0001_833_0001,FGFR2,1,Cao et al FGFR2,65.0,0.056,0.07,0.025,0.219,0.35,0.41,0.65,12.084,4.4,0.133,0.072,21.22,24.07,-41.38,-2.72,1523.21,0.68,0.54,0.17,3.0,0.81,-68.99,-4.44,1555.36,0.7,780.806,53.846,3.0,39.0
Motif0004_HEEHE_0562_0001_0001_634_0001,FGFR2,0,Cao et al FGFR2,65.0,0.462,0.463,0.276,0.482,0.77,0.77,0.82,6.61,2.1,0.458,0.527,20.57,16.6,-45.0,-2.61,1722.63,0.66,0.64,0.12,1.0,0.75,-70.71,-3.86,1833.56,0.64,904.349,47.727,7.0,44.0
Motif0015_HHH_eva_0485_0001,SARS_CoV2_RBD,0,Cao et al SARS_CoV2_RBD,55.0,0.052,0.143,0.014,0.145,0.56,0.59,0.82,12.369,5.3,0.2,0.101,54.03,34.73,-48.05,-3.31,1452.77,0.71,0.68,0.15,8.0,0.64,-52.39,-2.98,1755.89,0.69,615.021,42.857,5.0,35.0
Motif0022_HHH_eva_0407_0001_0003_4220_0001,FGFR2,0,Cao et al FGFR2,62.0,0.016,0.017,0.013,0.109,0.28,0.29,0.62,16.292,25.0,0.133,0.024,19.19,16.55,-40.3,-2.1,1915.42,0.52,0.57,0.16,3.0,0.71,-53.83,-3.49,1542.68,0.69,1047.332,53.191,4.0,47.0
Motif0023_bcov_4helix_07063_0001_9039_0001,FGFR2,0,Cao et al FGFR2,65.0,0.034,0.036,0.016,0.189,0.33,0.36,0.64,13.542,6.0,0.104,0.045,9.85,10.44,-30.52,-2.16,1412.32,0.51,0.56,0.21,2.0,0.76,-50.09,-2.81,1779.87,0.66,763.004,56.098,1.0,41.0
Motif0025_HEEHE_2988_0001_0002_3188_0001,FGFR2,0,Cao et al FGFR2,65.0,0.014,0.017,0.013,0.118,0.3,0.33,0.62,16.015,25.0,0.066,0.029,16.69,15.76,-36.8,-2.59,1418.5,0.66,0.64,0.28,2.0,0.76,-75.91,-3.89,1951.2,0.67,722.642,50.0,2.0,40.0
Motif0034_HEEHE_3081_0001_0001_9348_0001,FGFR2,0,Cao et al FGFR2,65.0,0.015,0.03,0.013,0.132,0.32,0.35,0.64,14.319,25.0,0.079,0.037,22.37,19.57,-39.07,-2.62,1488.7,0.61,0.63,0.03,4.0,0.79,-63.95,-3.54,1806.89,0.68,781.035,57.5,4.0,40.0
Motif0035_ems_3hM_3366_0001_7578_0001,FGFR2,0,Cao et al FGFR2,64.0,0.016,0.021,0.014,0.15,0.3,0.32,0.63,14.839,6.7,0.083,0.047,25.04,25.56,-27.07,-2.14,1267.78,0.54,0.53,0.12,2.0,0.79,-60.99,-3.49,1746.33,0.65,753.188,51.282,3.0,39.0
Motif0047_HHH_eva_0228_0001_4086_0001,FGFR2,0,Cao et al FGFR2,60.0,0.023,0.024,0.014,0.148,0.35,0.37,0.65,13.571,25.0,0.099,0.069,19.95,26.68,-29.81,-2.34,1273.75,0.57,0.7,0.23,3.0,0.71,-64.05,-3.55,1805.17,0.63,778.624,51.351,1.0,37.0
Motif0050_bcov_4helix_13787_0001_4269_0001,FGFR2,0,Cao et al FGFR2,65.0,0.017,0.019,0.014,0.149,0.33,0.36,0.63,15.134,6.5,0.13,0.04,15.92,14.73,-44.3,-2.95,1502.09,0.65,0.64,0.2,4.0,0.73,-58.22,-3.12,1863.65,0.6,927.376,63.83,2.0,47.0
Motif0122_ems_3hM_2027_0001_0001_0001,EGFR,0,Cao et al EGFR,62.0,0.029,0.073,0.014,0.138,0.43,0.49,0.81,11.994,25.0,0.167,0.11,20.75,24.13,-38.38,-3.05,1257.68,0.66,0.54,0.07,6.0,0.65,-61.25,-3.16,1936.77,0.64,664.34,43.59,7.0,39.0
Motif0127_bcov_4helix_11441_0001_4899_0001,FGFR2,1,Cao et al FGFR2,65.0,0.617,0.618,0.333,0.633,0.83,0.84,0.83,5.428,1.1,0.45,0.683,2.98,2.77,-41.1,-2.36,1743.78,0.59,0.61,0.13,5.0,0.79,-60.21,-3.24,1857.71,0.7,871.453,46.341,4.0,41.0
Motif0133_ems_4hM_3181_0002_0001_0001_7526_0001,FGFR2,0,Cao et al FGFR2,60.0,0.02,0.022,0.015,0.174,0.3,0.34,0.63,14.094,5.7,0.129,0.063,17.97,23.18,-34.33,-2.54,1349.9,0.64,0.69,0.07,4.0,0.75,-69.63,-4.09,1702.95,0.66,674.852,55.556,2.0,36.0
Motif0145_HHH_b2_03662_0001_0002,SARS_CoV2_RBD,0,Cao et al SARS_CoV2_RBD,56.0,0.524,0.709,0.302,0.582,0.86,0.86,0.88,6.095,1.5,0.266,0.764,1.9,1.55,-53.71,-2.93,1829.98,0.71,0.67,0.04,7.0,0.76,-76.07,-3.97,1914.69,0.68,970.508,38.0,3.0,50.0
Motif0273_bcov_4helix_05747_0001_5425_0001,FGFR2,0,Cao et al FGFR2,65.0,0.016,0.019,0.014,0.137,0.31,0.31,0.62,15.009,25.0,0.078,0.033,18.88,20.34,-37.06,-3.16,1173.46,0.66,0.59,0.1,1.0,0.63,-57.44,-3.31,1733.0,0.63,761.778,52.632,2.0,38.0
Motif0545_ems_3hM_1660_0001_0001_0001,EGFR,0,Cao et al EGFR,63.0,0.0,0.0,0.0,0.0,0.25,0.26,0.75,18.794,25.0,0.0,0.0,7.09,9.33,-34.46,-2.24,1541.51,0.64,0.6,0.09,4.0,0.76,-55.03,-2.93,1879.0,0.62,783.921,51.163,3.0,43.0
Motif0582_bcov_4helix_00052_0001_0001_1009_0001,FGFR2,0,Cao et al FGFR2,65.0,0.02,0.028,0.016,0.166,0.35,0.37,0.64,13.453,25.0,0.112,0.036,5.04,5.51,-53.07,-2.91,1825.87,0.7,0.67,0.13,7.0,0.74,-72.67,-3.71,1957.29,0.68,877.365,54.348,4.0,46.0
Motif0865_ems_3hM_3051_0001_0001,EGFR,0,Cao et al EGFR,61.0,0.128,0.242,0.08,0.204,0.61,0.64,0.85,9.558,25.0,0.291,0.195,18.39,27.04,-41.61,-2.23,1863.15,0.67,0.67,0.13,9.0,0.75,-55.61,-3.18,1750.26,0.67,926.769,45.833,6.0,48.0
Motif0947_HHH_b2_04372_0001,SARS_CoV2_RBD,0,Cao et al SARS_CoV2_RBD,52.0,0.0,0.0,0.0,0.0,0.23,0.3,0.75,19.017,25.0,0.0,0.0,12.61,46.9,-36.84,-2.16,1702.14,0.56,0.6,0.43,9.0,0.62,-57.66,-3.21,1798.12,0.68,926.424,34.884,7.0,43.0
Motif1002_HEEHE_2247_0001_0002_6807_0001,FGFR2,0,Cao et al FGFR2,65.0,0.552,0.651,0.345,0.537,0.79,0.81,0.85,5.958,1.3,0.382,0.673,22.44,18.17,-51.03,-2.9,1757.99,0.63,0.54,0.21,6.0,0.74,-55.08,-3.06,1802.73,0.66,947.059,52.381,4.0,42.0
Motif1002_HEEHE_2766_0001_9507_0001,FGFR2,0,Cao et al FGFR2,65.0,0.05,0.083,0.02,0.226,0.32,0.36,0.63,12.775,4.2,0.1,0.072,22.5,21.19,-40.72,-3.11,1309.71,0.71,0.64,0.13,3.0,0.72,-68.09,-3.53,1929.11,0.66,686.234,45.0,0.0,40.0
Motif1005_HEEHE_0935_0001_0001_4396_0001,FGFR2,0,Cao et al FGFR2,65.0,0.185,0.186,0.093,0.282,0.56,0.57,0.72,10.224,3.4,0.249,0.133,21.03,15.99,-34.37,-2.19,1572.92,0.54,0.6,0.07,1.0,0.75,-66.08,-3.6,1836.7,0.72,825.344,52.381,0.0,42.0
Motif1011_HEEHE_3217_0001_0001_4914_0001,FGFR2,0,Cao et al FGFR2,65.0,0.075,0.106,0.035,0.219,0.37,0.47,0.65,12.065,25.0,0.226,0.11,20.14,19.9,-31.59,-2.35,1342.2,0.51,0.63,0.23,1.0,0.75,-68.22,-4.01,1702.22,0.6,758.29,55.556,4.0,36.0
Motif1028_bcov_4helix_03508_0001_7637_0001,FGFR2,0,Cao et al FGFR2,65.0,0.014,0.014,0.012,0.081,0.25,0.31,0.61,16.189,25.0,0.128,0.027,20.29,29.46,-25.13,-1.88,1339.38,0.52,0.45,0.48,2.0,0.69,-66.97,-3.34,2007.34,0.57,828.041,48.649,6.0,37.0
Motif1039_HHH_eva_0215_0001_0003_7844_0001,FGFR2,0,Cao et al FGFR2,59.0,0.092,0.151,0.045,0.207,0.47,0.51,0.69,11.218,4.5,0.114,0.112,4.44,4.39,-35.76,-2.82,1268.1,0.72,0.65,0.19,1.0,0.77,-63.48,-3.74,1696.64,0.64,729.528,55.556,7.0,36.0
Motif1045_bcov_4helix_01753_0001_0002_2791_0001,FGFR2,0,Cao et al FGFR2,65.0,0.02,0.027,0.015,0.2,0.31,0.32,0.62,14.574,7.0,0.111,0.033,14.95,11.24,-35.16,-2.41,1460.91,0.59,0.54,0.18,3.0,0.73,-68.56,-3.89,1762.09,0.65,812.636,48.649,0.0,37.0
Motif1045_bcov_4helix_02640_0001_0002_6937_0001,FGFR2,0,Cao et al FGFR2,65.0,0.015,0.02,0.012,0.107,0.3,0.33,0.63,15.271,25.0,0.092,0.043,23.2,17.44,-35.56,-2.11,1687.34,0.49,0.57,0.32,1.0,0.68,-60.15,-3.39,1776.11,0.69,925.28,58.0,2.0,50.0
Motif1061_HEEHE_0895_0002_2594_0001,FGFR2,0,Cao et al FGFR2,65.0,0.532,0.605,0.288,0.527,0.79,0.79,0.83,6.24,1.3,0.272,0.526,3.44,5.06,-49.94,-3.13,1597.98,0.69,0.64,0.25,3.0,0.74,-65.97,-3.77,1752.03,0.69,870.551,52.273,3.0,44.0
Motif1062_bcov_4helix_04155_0001_0001_7980_0001,FGFR2,0,Cao et al FGFR2,65.0,0.016,0.02,0.013,0.142,0.31,0.33,0.63,16.499,25.0,0.065,0.047,21.31,21.45,-46.28,-3.51,1318.83,0.76,0.62,0.26,0.0,0.75,-60.46,-3.15,1918.14,0.65,625.521,68.571,0.0,35.0
Motif1062_bcov_4helix_11045_0002_7273_0001,FGFR2,0,Cao et al FGFR2,65.0,0.138,0.185,0.068,0.268,0.49,0.52,0.69,10.166,3.7,0.2,0.123,1.76,2.57,-46.8,-3.13,1495.71,0.68,0.61,0.33,3.0,0.68,-70.37,-3.91,1801.56,0.7,815.559,51.111,2.0,45.0
Motif1071_bcov_4helix_06003_0001_0002_4120_0001,FGFR2,0,Cao et al FGFR2,65.0,0.013,0.015,0.012,0.082,0.27,0.29,0.61,15.614,25.0,0.105,0.033,20.04,21.19,-32.71,-2.41,1357.09,0.62,0.57,0.24,1.0,0.71,-48.23,-3.2,1506.05,0.69,619.794,56.098,3.0,41.0
Motif1101_ems_4hC_2720_0001_0002_7378_0001,FGFR2,0,Cao et al FGFR2,60.0,0.151,0.167,0.056,0.226,0.46,0.5,0.71,10.56,5.1,0.205,0.114,17.81,19.27,-47.69,-3.15,1512.28,0.68,0.62,0.14,1.0,0.8,-66.72,-3.68,1813.05,0.69,882.208,48.889,4.0,45.0
Motif1187_p1_15H_GBL_16H_GABBL_16H_0303_0001_0001_0001_0001_0003_7831_0001,FGFR2,0,Cao et al FGFR2,55.0,0.015,0.016,0.013,0.13,0.28,0.37,0.64,13.6,25.0,0.133,0.056,17.03,29.82,-32.58,-1.99,1633.4,0.63,0.62,0.22,0.0,0.72,-70.07,-3.81,1840.83,0.67,924.442,45.652,2.0,46.0
Motif1199_ems_3hM_1581_0001_2727_0001,FGFR2,0,Cao et al FGFR2,62.0,0.113,0.123,0.031,0.185,0.37,0.48,0.66,11.956,5.3,0.118,0.182,17.1,16.58,-34.61,-2.93,1180.04,0.73,0.56,0.18,4.0,0.72,-74.21,-3.86,1922.4,0.68,579.774,50.0,1.0,30.0
Motif1209_ems_3hM_917_0001_9207_0001,FGFR2,0,Cao et al FGFR2,63.0,0.026,0.046,0.016,0.196,0.33,0.36,0.64,13.308,6.3,0.084,0.053,21.95,21.16,-29.54,-2.88,1026.23,0.64,0.64,0.17,1.0,0.8,-69.13,-4.1,1684.14,0.64,607.861,54.545,0.0,33.0
Motif1267_bcov_4helix_14055_0002_1930_0001,FGFR2,0,Cao et al FGFR2,65.0,0.267,0.268,0.173,0.365,0.63,0.67,0.76,8.241,3.1,0.311,0.283,17.09,25.03,-43.25,-2.33,1859.66,0.57,0.62,0.27,6.0,0.75,-68.28,-3.62,1888.75,0.76,976.106,50.0,6.0,50.0
Motif1309_bcov_4helix_12198_0001_5177_0001,FGFR2,0,Cao et al FGFR2,65.0,0.037,0.059,0.018,0.202,0.32,0.32,0.63,12.618,5.2,0.113,0.065,24.8,20.09,-35.06,-2.66,1319.79,0.62,0.58,0.1,2.0,0.75,-59.22,-3.42,1730.36,0.62,761.399,51.351,2.0,37.0
Motif1313_bcov_4helix_13499_0001,SARS_CoV2_RBD,0,Cao et al SARS_CoV2_RBD,65.0,0.0,0.0,0.0,0.0,0.2,0.26,0.71,20.241,25.0,0.0,0.0,14.52,34.1,-42.44,-2.35,1803.01,0.54,0.61,0.3,9.0,0.64,-46.07,-2.86,1612.39,0.7,897.915,42.0,8.0,50.0
Motif1320_ems_3hM_2575_0001_3430_0001,FGFR2,0,Cao et al FGFR2,63.0,0.618,0.65,0.341,0.636,0.81,0.82,0.84,5.761,1.1,0.37,0.451,4.08,2.97,-42.35,-2.52,1679.62,0.66,0.61,0.03,3.0,0.81,-63.47,-3.53,1800.1,0.73,947.847,41.86,5.0,43.0
Motif1352_bcov_4helix_12111_0001,SARS_CoV2_RBD,0,Cao et al SARS_CoV2_RBD,65.0,0.166,0.21,0.077,0.202,0.51,0.6,0.77,11.791,25.0,0.175,0.059,53.54,27.77,-59.27,-2.76,2145.19,0.58,0.57,0.39,1.0,0.73,-48.88,-2.95,1656.81,0.72,1100.331,60.938,3.0,64.0
Motif1388_bcov_4helix_10036_0001_7588_0001,FGFR2,0,Cao et al FGFR2,65.0,0.306,0.353,0.181,0.426,0.64,0.67,0.76,7.845,2.7,0.25,0.446,20.53,24.92,-38.69,-2.6,1485.55,0.63,0.59,0.27,2.0,0.67,-67.17,-3.51,1914.98,0.73,747.901,51.22,3.0,41.0
Motif2877_ems_3hC_242_0001_0001,SARS_CoV2_RBD,0,Cao et al SARS_CoV2_RBD,61.0,0.012,0.014,0.011,0.077,0.32,0.36,0.75,17.17,25.0,0.112,0.034,11.96,30.74,-40.57,-2.48,1638.13,0.55,0.64,0.19,7.0,0.63,-59.62,-2.98,2000.18,0.64,928.866,28.846,8.0,52.0
NYESO_parent_binder_partial_20_2_58_dldesign_1_af2pred,pMHC_NY1,0,pMHC screening NY2,145.0,0.248,0.406,0.164,0.363,0.87,0.88,0.9,8.41,3.3,0.307,0.444,1.37,2.36,-66.1,-2.2,2999.19,0.54,0.67,0.35,6.0,0.62,-78.48,-2.69,2918.19,0.68,1581.184,47.436,8.0,78.0
Pdl1_binder_AF2_28,Pdl1,0,Pdl1 Watson et al,95.0,0.255,0.325,0.158,0.347,0.59,0.6,0.74,8.196,2.8,0.234,0.34,7.32,2.99,-33.0,-2.15,1537.42,0.57,0.71,0.17,8.0,0.68,-37.76,-2.26,1673.82,0.64,859.305,26.829,12.0,41.0
Pdl1_binder_AF2_29,Pdl1,0,Pdl1 Watson et al,97.0,0.194,0.211,0.123,0.249,0.54,0.56,0.73,9.565,4.1,0.263,0.21,11.57,7.21,-39.75,-2.19,1812.49,0.59,0.63,0.16,12.0,0.58,-50.29,-2.4,2097.2,0.58,864.087,48.936,11.0,47.0
Pdl1_binder_AF2_41,Pdl1,0,Pdl1 Watson et al,94.0,0.535,0.599,0.363,0.59,0.76,0.77,0.85,5.123,1.9,0.514,0.661,2.03,2.1,-57.32,-2.71,2115.41,0.67,0.69,0.15,8.0,0.65,-44.04,-2.59,1700.88,0.66,1040.508,32.075,10.0,53.0
Pdl1_binder_AF2_58,Pdl1,0,Pdl1 Watson et al,98.0,0.704,0.764,0.468,0.662,0.86,0.86,0.89,4.442,1.2,0.515,0.827,1.61,1.41,-53.51,-2.89,1848.9,0.69,0.62,0.09,8.0,0.6,-44.61,-2.51,1776.53,0.62,976.993,40.0,13.0,50.0
Pdl1_binder_AF2_62,Pdl1,0,Pdl1 Watson et al,97.0,0.772,0.819,0.563,0.693,0.88,0.89,0.91,3.924,0.9,0.584,0.857,1.49,1.35,-54.26,-2.75,1973.15,0.64,0.68,0.04,9.0,0.56,-56.15,-2.82,1988.12,0.66,977.592,37.736,14.0,53.0
Razora712_sequence_2,EGFR,0,Adaptyv binder comp round 1,87.0,0.243,0.419,0.11,0.283,0.75,0.76,0.68,16.573,4.0,0.368,0.33,46.16,43.17,-36.57,-1.68,2179.34,0.65,0.68,0.2,5.0,0.51,-52.39,-1.92,2729.19,0.62,1147.447,38.182,6.0,55.0
Trka_binder_AF2_13,TrkA,0,TrkA Watson et al,65.0,0.658,0.791,0.422,0.685,0.87,0.87,0.89,4.092,0.9,0.398,0.871,2.05,2.01,-52.02,-3.27,1590.28,0.69,0.69,0.22,6.0,0.66,-47.1,-3.01,1563.36,0.56,870.619,44.186,3.0,43.0
Trka_binder_AF2_55,TrkA,0,TrkA Watson et al,81.0,0.321,0.407,0.181,0.424,0.67,0.7,0.77,8.243,2.4,0.308,0.346,3.13,2.23,-33.37,-2.54,1314.94,0.64,0.64,0.23,4.0,0.74,-40.02,-2.63,1524.54,0.63,620.095,38.235,4.0,34.0
Trka_binder_AF2_79,TrkA,0,TrkA Watson et al,62.0,0.762,0.854,0.495,0.751,0.9,0.9,0.91,3.238,0.8,0.498,0.905,2.22,2.61,-54.83,-3.42,1601.38,0.74,0.62,0.3,7.0,0.7,-45.98,-2.74,1675.49,0.57,787.77,50.0,6.0,42.0
Trka_binder_AF2_81,TrkA,0,TrkA Watson et al,99.0,0.36,0.433,0.234,0.44,0.69,0.7,0.78,7.419,2.5,0.402,0.497,2.15,2.07,-42.54,-2.55,1665.32,0.66,0.58,0.14,5.0,0.67,-49.21,-2.74,1796.31,0.62,902.61,42.553,6.0,47.0
Trka_binder_AF2_92,TrkA,0,TrkA Watson et al,62.0,0.477,0.591,0.25,0.56,0.77,0.77,0.83,5.741,1.5,0.38,0.686,1.2,1.31,-44.61,-3.19,1397.84,0.73,0.63,0.34,6.0,0.57,-36.0,-2.35,1534.37,0.58,776.254,50.0,8.0,38.0
Trka_binder_AF2_94,TrkA,0,TrkA Watson et al,95.0,0.739,0.79,0.529,0.701,0.85,0.88,0.89,3.642,1.1,0.422,0.914,2.4,2.21,-23.82,-1.88,1265.97,0.62,0.62,0.2,2.0,0.65,-37.78,-2.57,1470.1,0.64,726.899,44.737,3.0,38.0
adrian_tripp_egfr_cetuxi_0133_0002_A,EGFR,1,Adaptyv binder comp round 1,150.0,0.671,0.692,0.383,0.472,0.9,0.9,0.67,16.058,1.6,0.552,0.772,38.63,40.41,-66.47,-2.69,2474.28,0.62,0.69,0.28,10.0,0.59,-80.03,-2.43,3296.53,0.61,1419.756,38.028,11.0,71.0
bcov_r4_EHEE_rd4_0066_min_rise1_31_000000005_0001_0001,IL7Ra,0,Cao et al IL7Ra,40.0,0.0,0.0,0.0,0.0,0.23,0.31,0.77,19.193,25.0,0.0,0.0,10.99,18.51,-32.62,-2.38,1370.42,0.68,0.61,0.29,2.0,0.73,-58.92,-3.89,1513.48,0.64,824.854,51.22,5.0,41.0
bcov_revert_r1_ems_3hM_862_000000002_0001_23_41_H____ems_3hC_169_0002_0001_0002_0001_0001,TrkA,0,Cao et al TrkA,63.0,0.0,0.0,0.0,0.0,0.17,0.18,0.56,20.748,25.0,0.0,0.0,8.71,12.63,-30.63,-2.12,1448.18,0.47,0.49,0.04,3.0,0.79,-52.05,-3.73,1393.94,0.73,846.608,40.476,2.0,42.0
briannaughton_1_plus_2,EGFR,1,Adaptyv binder comp round 2,250.0,0.355,0.469,0.204,0.309,0.51,0.51,0.55,21.417,3.2,0.593,0.112,56.68,55.21,-105.98,-2.24,4727.59,0.57,0.59,0.31,16.0,0.53,-29.14,-1.5,1936.58,0.57,2777.973,37.405,24.0,131.0
carlos_bueno_WWB53,EGFR,0,Adaptyv binder comp round 1,200.0,0.0,0.0,0.0,0.0,0.18,0.19,0.46,27.995,25.0,0.0,0.0,16.39,24.37,-67.55,-1.73,3900.75,0.59,0.64,0.23,4.0,0.53,-53.12,-1.5,3530.67,0.55,2069.83,35.577,14.0,104.0
chenceshi1105_steven_binder_design_l82_s44755_it100_mpnn6,EGFR,0,Adaptyv binder comp round 2,82.0,0.505,0.644,0.261,0.451,0.89,0.89,0.7,13.827,2.0,0.44,0.658,37.34,43.69,-50.68,-2.5,2023.44,0.67,0.62,0.38,5.0,0.62,-63.42,-2.57,2468.64,0.65,1209.502,47.458,12.0,59.0
cside_mot_529224d0d35034490beef32fdb89bec2_0001_000000013_0001_57_63_H___bcov_4helix_04912_0001_0001,EGFR,0,Cao et al EGFR,65.0,0.015,0.015,0.012,0.072,0.24,0.25,0.75,19.208,25.0,0.068,0.02,14.87,33.95,-22.88,-1.85,1237.04,0.5,0.64,0.31,5.0,0.72,-61.0,-3.38,1804.06,0.62,739.546,40.541,6.0,37.0
cside_mot_bf5a27bd715de8d76fa148d2778c2cdd_0001_1_000000009_0001_37_42_H___bcov_4helix_11479_0001_0001,EGFR,0,Cao et al EGFR,65.0,0.416,0.623,0.264,0.448,0.75,0.8,0.88,6.212,2.4,0.327,0.506,4.21,3.98,-37.73,-1.75,2151.07,0.57,0.61,0.16,4.0,0.68,-51.9,-2.32,2239.63,0.64,995.627,45.283,7.0,53.0
cside_pol_aa59a2f430affb7376cda7908cd62d3f_0001_000000004_0001,EGFR,0,Cao et al EGFR,65.0,0.015,0.018,0.013,0.147,0.35,0.38,0.78,13.761,25.0,0.121,0.049,3.18,4.82,-39.59,-2.51,1575.04,0.62,0.58,0.17,6.0,0.69,-54.5,-2.88,1889.38,0.69,730.429,52.5,0.0,40.0
csplice_r1_4b397ff321495f1cf064223b6ad1b1e1_0001_000000002_0001_0001_24_33_H____6f654f4cfc61edc6ea6babecf4619bd0_0001_1_0001_0001_0001_16_50_HHH_34_02923_11_0001_4_crosslinked,VirB8,0,Cao et al VirB8,65.0,0.014,0.018,0.012,0.096,0.31,0.36,0.72,15.442,25.0,0.168,0.034,35.99,21.92,-48.43,-2.84,1707.8,0.69,0.62,0.16,2.0,0.8,-62.95,-3.58,1757.77,0.67,876.462,52.174,2.0,46.0
csplice_r1_EHEE_05087_000000002_0001_0001_26_35_H____ems_3hM_97_0001_0002_0001_0001_4_41_HHH_34_05836_10_0001,VirB8,0,Cao et al VirB8,65.0,0.012,0.014,0.012,0.08,0.27,0.28,0.7,18.348,25.0,0.103,0.026,50.68,25.53,-45.16,-3.14,1437.32,0.71,0.57,0.13,4.0,0.74,-67.57,-3.91,1729.33,0.7,794.38,56.098,3.0,41.0
csplice_r1_a2de759c170706188c6e693fd8ea43cc_0001_000000001_0001_0001_38_47_H____ems_3hM_3574_0001_0003_0001_0001_20_58_HHH_35_09984_27_0001,VirB8,0,Cao et al VirB8,65.0,0.575,0.604,0.378,0.568,0.84,0.85,0.88,5.556,2.0,0.44,0.839,9.35,11.6,-54.92,-3.45,1593.45,0.66,0.56,0.23,5.0,0.78,-59.9,-3.5,1709.01,0.7,842.0,52.5,3.0,40.0
elian_elian4,EGFR,0,Adaptyv binder comp round 2,100.0,0.478,0.597,0.271,0.394,0.86,0.87,0.7,14.57,2.3,0.494,0.608,39.09,46.8,-52.94,-2.16,2456.27,0.65,0.64,0.27,10.0,0.58,-57.7,-1.62,3568.59,0.65,1546.441,36.765,13.0,68.0
ems_3hM_19_000000027_0001,FGFR2,1,Cao et al FGFR2,62.0,0.672,0.741,0.403,0.666,0.85,0.86,0.88,4.644,1.1,0.339,0.696,2.03,2.73,-50.53,-3.22,1569.68,0.73,0.61,0.13,4.0,0.72,-69.22,-4.11,1684.08,0.68,890.49,51.163,4.0,43.0
ems_3hM_444_000000018_0001,FGFR2,0,Cao et al FGFR2,64.0,0.083,0.087,0.018,0.181,0.39,0.41,0.66,12.427,6.4,0.118,0.069,21.26,25.57,-32.11,-2.17,1479.6,0.53,0.61,0.1,5.0,0.69,-60.09,-3.11,1932.05,0.72,820.29,43.902,5.0,41.0
ems_p1_14H_GBL_16H_GABBL_15H_0571_0001_0001_0002_000000010_0001,FGFR2,0,Cao et al FGFR2,53.0,0.571,0.68,0.33,0.678,0.82,0.83,0.85,4.804,1.3,0.194,0.804,3.88,4.22,-41.75,-2.98,1400.7,0.61,0.7,0.15,2.0,0.78,-60.09,-3.66,1643.35,0.66,624.026,48.571,1.0,35.0
eugene_valkov_rfdiff_design_84_12_dldesign_3_af2pred,EGFR,0,Adaptyv binder comp round 1,84.0,0.264,0.443,0.144,0.308,0.79,0.8,0.67,16.716,3.7,0.449,0.315,38.49,43.53,-50.08,-2.45,2048.3,0.71,0.62,0.36,3.0,0.58,-64.54,-2.17,2973.2,0.57,1268.127,47.458,9.0,59.0
il10ra_site1_normal_mot_HHH_b2_07873_af2_000000172_0001_1_19_H___HHH_b1_01637_af2_0001_0000100003_0000001_0_af2pred_0001,IL10Ra,0,Bennet paper IL10Ra prospective,58.0,0.0,0.0,0.0,0.0,0.21,0.24,0.73,21.961,25.0,0.0,0.0,42.22,48.13,-10.96,-1.87,587.14,0.44,0.54,0.19,3.0,0.53,-37.36,-1.88,1986.19,0.57,399.969,15.789,0.0,19.0
klima_jason_egfr_aehce_2_20,EGFR,0,Adaptyv binder comp round 1,200.0,0.014,0.014,0.011,0.035,0.56,0.57,0.6,21.555,7.6,0.365,0.028,49.75,40.25,-76.52,-2.33,3289.99,0.56,0.63,0.17,12.0,0.42,-14.48,-0.56,2580.73,0.58,1770.834,40.217,21.0,92.0
longxing_Grafting2_ems_3hC_859_0001_0005_0001_0001,IL7Ra,0,Cao et al IL7Ra,60.0,0.0,0.0,0.0,0.0,0.26,0.29,0.74,19.569,25.0,0.0,0.0,20.81,38.01,-36.44,-2.23,1631.78,0.63,0.6,0.06,3.0,0.74,-53.66,-3.41,1572.62,0.63,915.459,40.0,4.0,40.0
longxing_ems_3hM_1179_000000009_0001_0001,IL7Ra,0,Cao et al IL7Ra,63.0,0.012,0.014,0.011,0.07,0.26,0.32,0.74,19.561,25.0,0.071,0.021,15.75,30.08,-32.86,-2.17,1511.97,0.53,0.54,0.18,5.0,0.68,-54.52,-3.61,1511.5,0.64,869.968,47.727,4.0,44.0
longxing_ems_3hM_1894_000000008_0001_0001,IL7Ra,0,Cao et al IL7Ra,62.0,0.0,0.0,0.0,0.0,0.17,0.19,0.71,22.627,25.0,0.0,0.0,21.45,42.42,-33.32,-2.23,1494.32,0.63,0.59,0.03,2.0,0.72,-61.5,-3.99,1542.65,0.67,738.729,55.263,1.0,38.0
longxing_ems_p1_15H_GBL_16H_GBL_14H_0057_0001_0001_0002_000000006_0001_0001,IL7Ra,0,Cao et al IL7Ra,51.0,0.148,0.151,0.068,0.206,0.62,0.63,0.83,11.2,4.5,0.203,0.244,1.3,1.37,-50.98,-3.34,1524.95,0.68,0.68,0.15,6.0,0.78,-57.42,-3.74,1535.76,0.67,821.67,47.5,4.0,40.0
ltk_site1_sap_8_mot_HHH_b2_04809_af2_000000276_0001_1_18_H___HHH_b2_02277_0001_0000100001_0000001_1_0001_af2pred_0001,LTK,0,Bennet paper LTK prospective,56.0,0.254,0.593,0.122,0.392,0.79,0.79,0.88,8.584,2.8,0.235,0.5,1.97,3.01,-41.21,-2.73,1510.24,0.62,0.67,0.21,5.0,0.64,-45.86,-2.63,1740.94,0.61,804.604,43.902,5.0,41.0
mlange05_C,EGFR,0,Adaptyv binder comp round 2,195.0,0.0,0.0,0.0,0.0,0.14,0.16,0.52,29.727,25.0,0.0,0.0,49.53,37.7,-21.43,-1.33,1613.69,0.49,0.59,0.14,3.0,0.42,-27.32,-0.91,3012.02,0.66,1012.623,37.736,8.0,53.0
mot_H_HHH_eva_0065_000000013_0001_6_10_H___EHEE_hb1_958_0001_0001,InsulinR,0,Cao et al Insulin receptor,65.0,0.012,0.016,0.012,0.09,0.26,0.28,0.71,18.75,25.0,0.066,0.04,19.57,33.24,-31.78,-2.51,1267.32,0.58,0.62,0.14,2.0,0.69,-51.24,-3.0,1705.57,0.68,783.993,45.0,4.0,40.0
mot_H_buried_HEEH_21875_000000000_0001_8_17_H___EHEE_hb1_2564_0001_0001_0001,FGFR2,0,Cao et al FGFR2,65.0,0.015,0.018,0.013,0.111,0.27,0.28,0.62,17.22,25.0,0.096,0.027,27.14,18.38,-41.63,-2.69,1549.99,0.57,0.58,0.05,1.0,0.75,-48.14,-3.18,1511.83,0.66,812.926,58.537,1.0,41.0
mot_H_buried_HHH_eva_0156_000000001_0001_26_30_H___3h_hb1_1312_0001_0001_0001_0001,FGFR2,0,Cao et al FGFR2,65.0,0.031,0.045,0.016,0.186,0.33,0.34,0.62,13.493,25.0,0.106,0.044,22.66,24.81,-38.88,-2.52,1543.55,0.65,0.63,0.06,2.0,0.75,-65.2,-3.76,1733.54,0.69,789.256,47.619,6.0,42.0
mot_H_buried_ems_3hM_3074_000000005_0001_9_14_H___7fcaf56ba63583689c6a1ced173f321f_0001_0001_0001,FGFR2,0,Cao et al FGFR2,65.0,0.013,0.014,0.012,0.087,0.25,0.26,0.61,16.019,25.0,0.076,0.028,5.3,4.86,-29.98,-2.44,1230.87,0.57,0.48,0.26,1.0,0.81,-55.83,-3.76,1485.35,0.6,654.465,56.41,1.0,39.0
mot_H_fastrot_3h_hb1_1457_000000000_0001_52_57_H___EHEE_hb1_5557_0001_0001,FGFR2,0,Cao et al FGFR2,65.0,0.05,0.064,0.017,0.173,0.38,0.45,0.65,13.485,25.0,0.172,0.119,7.12,5.11,-28.83,-2.27,1270.83,0.61,0.66,0.16,4.0,0.74,-55.99,-3.31,1690.18,0.76,739.395,52.778,3.0,36.0
mot_H_fastrot_cor_0aae35b5ad8ab43c0432737690aa3e6e_0001_1_000000000_0001_21_27_H___1c8f3be52235f7cd7406b8ed9870ca9f_0001_0001_0001_0001_0001,FGFR2,0,Cao et al FGFR2,65.0,0.014,0.014,0.012,0.084,0.31,0.34,0.63,15.361,25.0,0.067,0.047,23.9,22.11,-34.73,-3.38,1026.31,0.8,0.63,0.18,1.0,0.74,-52.55,-3.24,1623.38,0.63,569.245,48.148,4.0,27.0
mot_H_fastrot_cor_3h_hb1_2383_000000002_0001_27_35_H___9b903dc053fd93016b460265f30c0f0c_0001_0001_0001,FGFR2,1,Cao et al FGFR2,65.0,0.017,0.026,0.014,0.154,0.38,0.4,0.65,13.55,6.3,0.138,0.051,2.32,3.03,-34.24,-2.33,1472.1,0.6,0.62,0.21,4.0,0.63,-51.12,-2.92,1750.57,0.65,750.578,54.762,2.0,42.0
mot_H_fastrot_cor_3h_hb1_5971_000000012_0001_53_59_H___EHEE_hb1_600_0001_0001_0001,FGFR2,0,Cao et al FGFR2,65.0,0.05,0.1,0.018,0.17,0.43,0.48,0.68,12.924,25.0,0.118,0.079,13.9,27.81,-46.5,-2.57,1812.13,0.71,0.57,0.13,4.0,0.8,-59.05,-3.34,1767.52,0.69,915.508,44.444,6.0,45.0
mot_H_fastrot_cor_3h_hb1_5971_000000012_0001_53_59_H___EHEE_hb1_6153_0001_0002_0001_0001,FGFR2,0,Cao et al FGFR2,65.0,0.123,0.172,0.052,0.22,0.49,0.5,0.69,11.97,4.1,0.116,0.086,2.85,3.83,-37.45,-2.44,1534.67,0.59,0.63,0.13,2.0,0.78,-61.0,-3.46,1761.82,0.65,767.363,46.341,1.0,41.0
mot_H_fastrot_cor_3h_hb1_5971_000000012_0001_53_59_H___EHEE_hb1_876_0001_0001_0001,FGFR2,0,Cao et al FGFR2,65.0,0.084,0.117,0.035,0.21,0.49,0.5,0.68,11.752,4.7,0.198,0.06,8.44,9.6,-53.75,-2.69,1996.02,0.57,0.55,0.12,4.0,0.79,-50.11,-3.25,1543.7,0.71,957.54,48.148,5.0,54.0
mot_H_fastrot_cor_6e4aff9dfc522e4e4ce90e9205722a4a_0001_000000000_0001_23_27_H___EHEE_hb1_5070_0001_0001_0001_0001,FGFR2,0,Cao et al FGFR2,65.0,0.012,0.012,0.011,0.065,0.17,0.25,0.57,17.942,25.0,0.081,0.018,6.33,5.27,-47.26,-2.84,1664.14,0.72,0.7,0.21,4.0,0.69,-56.38,-3.19,1765.62,0.68,981.275,52.174,4.0,46.0
mot_H_fastrot_cor_da9e5f86e81fca48f449e0e79ace5297_0001_1_000000005_0001_39_45_H___3h_hb1_1252_0001_0001_0001,FGFR2,0,Cao et al FGFR2,61.0,0.017,0.038,0.013,0.139,0.38,0.42,0.66,13.932,25.0,0.161,0.07,6.22,5.36,-40.11,-3.27,1226.8,0.7,0.61,0.06,4.0,0.74,-51.76,-3.29,1573.83,0.65,557.853,62.857,3.0,35.0
mot_H_fastrot_cor_ems_3hM_199_000000020_0001_56_61_H___3h_hb1_3662_0001_0001_0001,FGFR2,0,Cao et al FGFR2,64.0,0.015,0.02,0.013,0.112,0.3,0.33,0.63,14.553,25.0,0.1,0.034,16.11,17.2,-39.92,-2.63,1516.24,0.56,0.59,0.1,4.0,0.73,-57.16,-3.62,1580.58,0.7,813.671,48.889,3.0,45.0
mot_H_fastrot_cor_ems_3hM_199_000000020_0001_56_61_H___9b4810ebe31d859dda278d1af4a347dc_0001_0001_0001_0001,FGFR2,0,Cao et al FGFR2,65.0,0.081,0.091,0.034,0.202,0.35,0.42,0.64,11.838,25.0,0.181,0.079,17.96,32.62,-55.3,-2.96,1868.91,0.6,0.55,0.12,7.0,0.73,-49.13,-3.09,1591.27,0.71,995.711,56.0,6.0,50.0
mot_H_fastrot_cor_ems_3hM_199_000000020_0001_56_61_H___HHH_eva_0045_0001_0003_0001_0001,FGFR2,0,Cao et al FGFR2,63.0,0.055,0.086,0.019,0.19,0.42,0.44,0.68,12.421,4.9,0.16,0.058,10.46,10.74,-40.35,-2.16,1871.99,0.5,0.55,0.15,1.0,0.73,-56.04,-3.21,1743.65,0.68,949.236,50.0,3.0,52.0
mot_H_fastrot_cor_ems_3hM_199_000000020_0001_56_61_H___b0c0654667fa6b409c38e6cab02bbf82_0001_0001_0001,FGFR2,0,Cao et al FGFR2,65.0,0.014,0.039,0.013,0.113,0.31,0.37,0.64,13.82,25.0,0.122,0.05,14.73,21.54,-38.26,-2.38,1605.93,0.59,0.65,0.14,5.0,0.77,-57.0,-3.4,1676.62,0.69,887.864,52.381,1.0,42.0
mot_H_fastrot_cor_ems_3hM_199_000000020_0001_56_61_H___ems_3hM_2415_0001_0002_0001,FGFR2,1,Cao et al FGFR2,63.0,0.605,0.659,0.332,0.638,0.82,0.82,0.84,5.711,1.1,0.29,0.646,2.12,2.12,-49.1,-2.73,1795.65,0.68,0.65,0.06,4.0,0.72,-60.99,-3.49,1746.83,0.69,883.607,53.659,6.0,41.0
mot_H_fastrot_cor_ems_3hM_199_000000020_0001_56_61_H___ems_3hM_2512_0001_0001_0001_0001,FGFR2,1,Cao et al FGFR2,64.0,0.216,0.221,0.138,0.34,0.57,0.61,0.74,8.743,3.3,0.224,0.282,14.66,24.06,-37.12,-2.56,1449.71,0.68,0.56,0.15,4.0,0.74,-56.95,-3.61,1575.8,0.62,797.702,48.837,4.0,43.0
mot_H_fastrot_cor_ems_3hM_199_000000020_0001_57_61_H___3ac16779e8f5e64f8d5afa0df408b04d_0001_0001_0001,FGFR2,0,Cao et al FGFR2,65.0,0.014,0.019,0.013,0.115,0.3,0.34,0.63,15.621,25.0,0.099,0.039,3.64,2.97,-34.63,-2.51,1381.05,0.57,0.48,0.27,5.0,0.7,-50.43,-3.39,1486.67,0.64,782.979,53.659,1.0,41.0
mot_H_fastrot_cor_ems_3hM_199_000000020_0001_57_61_H___3h_hb1_5454_0001_0001_0001_0001,FGFR2,0,Cao et al FGFR2,65.0,0.024,0.057,0.018,0.216,0.38,0.39,0.65,13.168,4.8,0.135,0.062,8.61,9.05,-31.96,-2.1,1522.48,0.65,0.51,0.06,2.0,0.73,-64.17,-3.17,2024.14,0.62,922.663,52.273,5.0,44.0
mot_H_fastrot_cor_ems_3hM_3402_000000021_0001_49_57_H___3h_hb1_6854_0001_0001_0001,FGFR2,0,Cao et al FGFR2,62.0,0.028,0.067,0.013,0.145,0.4,0.42,0.67,13.519,6.3,0.169,0.048,5.7,7.55,-42.31,-2.25,1877.55,0.55,0.53,0.13,1.0,0.72,-52.71,-3.15,1673.24,0.69,1082.688,46.429,2.0,56.0
mot_H_fastrot_cor_ems_3hM_3402_000000021_0001_49_57_H___EHEE_hb1_4077_0001_0001_0001,FGFR2,0,Cao et al FGFR2,65.0,0.0,0.0,0.0,0.0,0.19,0.25,0.58,20.322,25.0,0.0,0.0,12.3,11.24,-44.29,-3.17,1396.63,0.7,0.59,0.11,3.0,0.7,-53.42,-3.29,1621.36,0.71,727.698,52.778,1.0,36.0
mot_H_fastrot_cor_f8f8a4152cc90f14bb898546c27f9520_0001_000000007_0001_34_38_H___3h_hb1_2056_0001_0001_0001,FGFR2,0,Cao et al FGFR2,64.0,0.014,0.016,0.013,0.108,0.25,0.27,0.6,15.707,25.0,0.111,0.032,23.04,19.18,-36.15,-2.39,1514.57,0.54,0.59,0.03,0.0,0.74,-56.6,-3.3,1713.72,0.65,808.676,47.5,0.0,40.0
mot_H_fastrot_cor_f8f8a4152cc90f14bb898546c27f9520_0001_000000007_0001_34_42_H___4h_hb1_2666_0001_0001_0001,FGFR2,0,Cao et al FGFR2,64.0,0.14,0.171,0.037,0.198,0.45,0.52,0.7,10.489,4.6,0.122,0.158,5.86,6.56,-37.37,-2.88,1295.79,0.59,0.52,0.07,2.0,0.77,-60.19,-3.92,1535.59,0.68,744.523,50.0,4.0,36.0
mot_H_fastrot_ems_3hC_244_0002_000000001_0001_25_34_H___e1030ed65d0c7994dfac754902c1b018_0001_1_0001_0001_0001,FGFR2,0,Cao et al FGFR2,65.0,0.179,0.201,0.078,0.259,0.42,0.5,0.65,10.798,3.4,0.126,0.103,16.71,18.98,-41.52,-2.9,1431.81,0.71,0.52,0.26,2.0,0.67,-56.48,-3.12,1810.21,0.73,742.191,61.538,1.0,39.0
mot_H_normal_2f052b2daf090c755de65daeed84768b_0001_1_000000002_0001_20_26_H___02343a121c35a1ca750c8b0f0b2ad607_0001_0001_0001,FGFR2,0,Cao et al FGFR2,65.0,0.059,0.107,0.02,0.178,0.43,0.5,0.68,11.635,25.0,0.215,0.102,18.49,25.43,-33.6,-2.5,1345.34,0.57,0.6,0.14,1.0,0.73,-61.25,-3.39,1808.52,0.65,711.882,56.818,2.0,44.0
mot_H_normal_304dd668f33ab1d6143cf7f840504353_0001_000000002_0001_2_8_H___EHEE_hb1_597_0001_0001_0001,FGFR2,0,Cao et al FGFR2,65.0,0.023,0.079,0.013,0.143,0.37,0.41,0.65,13.2,5.5,0.08,0.076,28.53,32.37,-34.88,-2.39,1460.33,0.51,0.6,0.24,4.0,0.73,-47.02,-3.07,1533.93,0.73,891.419,36.364,3.0,44.0
mot_H_normal_3h_hb1_3434_000000000_0001_27_33_H___EHEE_hb1_3733_0001_0002_0001,FGFR2,0,Cao et al FGFR2,65.0,0.521,0.567,0.291,0.558,0.8,0.8,0.83,6.502,1.4,0.279,0.649,36.65,17.49,-31.31,-2.37,1320.53,0.61,0.57,0.05,4.0,0.65,-46.1,-2.71,1698.65,0.72,730.991,55.263,4.0,38.0
mot_H_normal_3h_hb1_3604_000000000_0001_4_11_H___3h_hb1_622_0001_0001_0001_0001,FGFR2,0,Cao et al FGFR2,61.0,0.067,0.071,0.033,0.219,0.37,0.4,0.67,11.705,4.9,0.106,0.083,23.09,24.08,-35.46,-2.56,1383.06,0.57,0.64,0.13,1.0,0.7,-67.08,-3.64,1841.21,0.7,718.625,48.571,2.0,35.0
mot_H_normal_3h_hb1_3627_000000010_0001_51_57_H___42781771f41cd8c275d06381651c929e_0001_1_0001_0001_0001,FGFR2,1,Cao et al FGFR2,65.0,0.704,0.728,0.417,0.687,0.87,0.87,0.86,4.734,0.9,0.384,0.548,2.05,2.02,-57.29,-3.19,1797.25,0.74,0.61,0.19,8.0,0.75,-62.71,-3.55,1766.38,0.67,920.739,54.545,3.0,44.0
mot_H_normal_3h_hb1_6816_000000000_0001_50_58_H___3h_hb1_2672_0001_0001_0001,FGFR2,0,Cao et al FGFR2,64.0,0.345,0.411,0.212,0.472,0.64,0.71,0.77,7.107,2.3,0.183,0.644,28.12,21.04,-35.1,-3.02,1163.42,0.63,0.75,0.08,7.0,0.68,-60.88,-3.73,1631.24,0.69,701.685,39.394,2.0,33.0
mot_H_normal_3h_hb1_6816_000000000_0001_50_58_H___50bb92c43185242dd741b67c870cb38c_0001_1_0001_0001_0001_0001,FGFR2,0,Cao et al FGFR2,65.0,0.016,0.022,0.014,0.162,0.37,0.41,0.65,13.369,7.0,0.186,0.066,19.59,18.02,-38.17,-2.46,1554.19,0.61,0.61,0.15,2.0,0.65,-53.01,-3.02,1754.82,0.7,913.009,47.619,5.0,42.0
mot_H_normal_8c68aacd1394bbd7e9861905d67c5795_0001_1_000000003_0001_19_25_H___886c6eb027ae3cf96a25d0dbff2e2d77_0001_0001_0001_0001_0001,FGFR2,0,Cao et al FGFR2,65.0,0.12,0.131,0.048,0.227,0.4,0.46,0.68,10.86,5.2,0.166,0.103,15.24,30.76,-45.32,-2.53,1787.97,0.59,0.57,0.18,5.0,0.7,-54.62,-3.31,1651.78,0.71,1079.955,54.717,7.0,53.0
mot_H_normal_HEEHE_2363_000000001_0001_43_52_H___ems_3hC_891_0001_0001_0001_0001_0001,FGFR2,0,Cao et al FGFR2,62.0,0.015,0.017,0.012,0.104,0.28,0.28,0.62,16.286,25.0,0.07,0.042,21.55,20.75,-30.53,-2.3,1324.64,0.67,0.53,0.27,3.0,0.69,-57.87,-3.24,1783.66,0.67,704.504,50.0,4.0,38.0
mot_H_normal_HEEH_06813_000000019_0001_52_62_H___34a37739ef0a54feefae6a95fd5832fe_0001_0001_0001,FGFR2,0,Cao et al FGFR2,65.0,0.644,0.679,0.36,0.665,0.83,0.84,0.85,4.583,1.1,0.452,0.81,3.93,2.53,-35.68,-2.43,1465.45,0.65,0.54,0.16,3.0,0.8,-54.78,-3.48,1574.13,0.63,750.145,50.0,5.0,40.0
mot_H_normal_HEEH_22986_000000001_0001_5_10_H___2d68222805c583f3cc145c7acb05988a_0001_0001_0001_0001,FGFR2,0,Cao et al FGFR2,65.0,0.014,0.014,0.012,0.126,0.24,0.29,0.6,15.558,25.0,0.103,0.035,18.69,16.26,-34.78,-2.32,1497.7,0.51,0.47,0.34,1.0,0.57,-29.3,-2.17,1352.27,0.65,742.694,64.103,2.0,39.0
mot_H_normal_HHH_eva_0080_000000003_0001_7_14_H___3h_hb1_5745_0001_0001_0001,FGFR2,0,Cao et al FGFR2,62.0,0.041,0.065,0.019,0.156,0.44,0.48,0.69,11.771,25.0,0.198,0.061,19.13,25.32,-38.42,-2.39,1608.51,0.65,0.59,0.1,1.0,0.69,-48.47,-3.08,1572.22,0.67,939.376,46.939,3.0,49.0
mot_H_normal_HHH_eva_0323_000000006_0001_51_58_H___3h_hb1_4_0001_0001_0001,FGFR2,0,Cao et al FGFR2,64.0,0.14,0.171,0.078,0.284,0.52,0.55,0.72,10.05,4.0,0.254,0.125,22.6,24.08,-43.43,-2.83,1533.84,0.66,0.59,0.07,2.0,0.73,-57.72,-3.49,1654.78,0.7,810.229,47.917,2.0,48.0
mot_H_normal_a1d7bc4cdf5521605c83c636b39737d7_0001_1_000000009_0001_59_63_H___4h_hb1_3786_0001_0001_0001,FGFR2,0,Cao et al FGFR2,61.0,0.012,0.012,0.011,0.052,0.21,0.22,0.61,18.846,25.0,0.074,0.018,16.7,14.67,-49.7,-2.76,1803.09,0.69,0.63,0.14,6.0,0.63,-54.83,-3.31,1658.47,0.63,968.052,43.182,6.0,44.0
mot_H_normal_d828b9a9cb6a11aadad07c4d64fcbd75_0001_1_000000007_0001_27_32_H___3h_hb1_2438_0001_0001_0001_0001,FGFR2,0,Cao et al FGFR2,64.0,0.016,0.045,0.014,0.15,0.38,0.41,0.67,13.124,8.7,0.149,0.059,18.32,20.35,-39.99,-2.57,1553.95,0.59,0.5,0.1,1.0,0.65,-52.61,-2.76,1905.44,0.61,933.033,52.174,4.0,46.0
mot_H_normal_ems_3hM_1194_000000001_0001_2_11_H___3h_hb1_2358_0001_0002_1_0001_0001,FGFR2,0,Cao et al FGFR2,64.0,0.014,0.075,0.013,0.117,0.31,0.42,0.64,12.978,25.0,0.075,0.072,23.57,22.7,-23.86,-2.35,1015.78,0.55,0.64,0.12,1.0,0.72,-51.22,-3.02,1698.77,0.67,708.709,50.0,2.0,40.0
mot_H_normal_ems_3hM_1194_000000001_0001_2_11_H___3h_hb1_3979_0001_0001_0001_0001,FGFR2,0,Cao et al FGFR2,62.0,0.015,0.021,0.014,0.143,0.34,0.38,0.65,14.864,25.0,0.091,0.044,4.96,4.15,-45.67,-2.56,1783.7,0.73,0.53,0.13,4.0,0.75,-58.65,-3.48,1687.45,0.63,896.497,52.273,1.0,44.0
mot_H_normal_ems_3hM_132_000000003_0001_1_47_55_H___188d228e95c3fc858553d07409058b39_0001_0001_0001_0001,FGFR2,0,Cao et al FGFR2,65.0,0.501,0.597,0.283,0.605,0.76,0.77,0.8,6.008,1.3,0.339,0.506,5.87,5.14,-40.82,-2.61,1566.96,0.62,0.65,0.2,4.0,0.69,-50.5,-3.11,1622.53,0.68,847.057,50.0,2.0,44.0
mot_H_normal_ems_3hM_132_000000003_0001_1_47_55_H___EHEE_hb1_5115_0001_0001_0001,FGFR2,0,Cao et al FGFR2,65.0,0.691,0.75,0.4,0.659,0.86,0.86,0.87,5.173,1.0,0.466,0.577,21.01,16.53,-60.77,-2.9,2094.95,0.66,0.55,0.11,3.0,0.72,-59.94,-3.47,1728.96,0.63,1185.242,42.424,3.0,66.0
mot_H_normal_ems_3hM_132_000000003_0001_1_47_55_H___EHEE_hb1_6315_0001_0002_0001,FGFR2,0,Cao et al FGFR2,65.0,0.016,0.06,0.014,0.142,0.43,0.45,0.68,13.676,7.5,0.149,0.054,16.46,26.58,-54.29,-2.65,2045.41,0.6,0.55,0.15,5.0,0.61,-46.25,-2.7,1710.61,0.61,1027.505,46.0,5.0,50.0
mot_H_normal_ems_3hM_132_000000003_0001_1_47_55_H___ems_3hC_202_0001_0002_0001_0001,FGFR2,0,Cao et al FGFR2,64.0,0.049,0.094,0.024,0.197,0.43,0.46,0.69,11.746,5.5,0.169,0.078,21.53,19.49,-44.4,-2.67,1663.31,0.69,0.61,0.06,5.0,0.7,-65.98,-3.46,1905.8,0.67,912.17,50.0,5.0,44.0
mot_H_normal_ems_3hM_2997_000000001_0001_48_58_H___EHEE_hb1_5976_0001_0001_0001_0001,FGFR2,0,Cao et al FGFR2,65.0,0.364,0.427,0.227,0.43,0.64,0.68,0.78,7.286,2.2,0.156,0.491,25.64,21.38,-38.65,-2.81,1374.19,0.61,0.61,0.12,3.0,0.78,-47.93,-3.16,1517.49,0.66,817.392,46.341,8.0,41.0
mot_P_normal_EHEE_hb1_1591_000000008_0001_3_5_61_63_P___EHEE_hb1_2741_0001_0001_0001,FGFR2,0,Cao et al FGFR2,65.0,0.023,0.037,0.014,0.166,0.34,0.37,0.64,14.913,25.0,0.116,0.046,11.89,11.15,-54.87,-3.08,1781.31,0.68,0.64,0.21,7.0,0.69,-60.11,-3.66,1642.62,0.72,891.122,47.727,8.0,44.0
mot_P_normal_EHEE_hb1_2910_000000004_0001_46_48_59_61_P___EHEE_hb1_2943_0001_0001_0001,FGFR2,0,Cao et al FGFR2,65.0,0.017,0.018,0.014,0.153,0.27,0.35,0.6,14.611,7.9,0.152,0.038,8.6,6.74,-38.81,-2.82,1377.98,0.64,0.72,0.18,4.0,0.7,-47.4,-3.38,1403.55,0.72,777.055,47.5,6.0,40.0
mot_P_normal_ems_ferrC_544_000000006_0001_27_29_34_36_P___HEEHE_2430_0001_0001_0001,FGFR2,0,Cao et al FGFR2,65.0,0.141,0.184,0.066,0.262,0.47,0.49,0.69,10.721,3.4,0.158,0.12,21.65,20.25,-42.16,-2.79,1511.2,0.64,0.64,0.19,5.0,0.78,-62.05,-3.9,1590.08,0.73,753.25,50.0,2.0,40.0
nickboyd_Domain2_Seq3,EGFR,0,Adaptyv binder comp round 1,43.0,0.021,0.123,0.013,0.124,0.66,0.67,0.64,19.606,6.0,0.115,0.097,15.51,27.46,-19.67,-1.94,1012.12,0.62,0.6,0.29,2.0,0.57,-32.2,-2.25,1431.81,0.6,527.998,27.586,6.0,29.0
nside_mot_4a0b58da0a66d934d1bcaa80596e03bc_0001_1_000000014_0001_27_32_H___ems_3hM_1087_0001_0001,EGFR,1,Cao et al EGFR,62.0,0.688,0.778,0.435,0.668,0.88,0.89,0.88,5.728,0.9,0.325,0.728,2.4,2.43,-51.88,-2.99,1736.13,0.77,0.79,0.04,8.0,0.72,-66.31,-3.57,1854.98,0.68,924.678,30.435,9.0,46.0
nsplice_r1_4b397ff321495f1cf064223b6ad1b1e1_0001_000000002_0001_0001_24_33_H____8edf3dbcd0f6789eec36dd53d59925b1_0001_0001_0001_0001_0001_17_50_HHH_01_28920_37_0001,VirB8,1,Cao et al VirB8,65.0,0.388,0.542,0.25,0.451,0.78,0.79,0.86,7.326,2.0,0.467,0.773,3.46,3.64,-52.49,-3.17,1654.25,0.69,0.57,0.23,5.0,0.78,-56.52,-3.64,1553.73,0.71,893.625,55.263,3.0,38.0
p53_AF2_18,Mdm2,1,Mdm2 Watson et al,95.0,0.658,0.739,0.475,0.664,0.85,0.86,0.86,4.238,1.0,0.394,0.821,2.95,2.0,-42.79,-2.53,1691.11,0.66,0.6,0.2,3.0,0.68,-44.23,-2.42,1829.46,0.53,887.42,37.209,4.0,43.0
p53_AF2_36,Mdm2,1,Mdm2 Watson et al,115.0,0.721,0.795,0.399,0.621,0.89,0.9,0.85,4.603,0.9,0.456,0.814,2.62,2.17,-62.06,-2.79,2223.5,0.66,0.5,0.24,9.0,0.68,-54.89,-2.74,2002.73,0.59,1021.453,42.553,5.0,47.0
p53_AF2_59,Mdm2,1,Mdm2 Watson et al,97.0,0.74,0.768,0.528,0.698,0.86,0.88,0.88,3.871,0.9,0.393,0.851,5.74,3.3,-48.43,-2.57,1885.2,0.58,0.62,0.07,4.0,0.57,-43.48,-2.25,1934.24,0.56,877.321,44.444,3.0,45.0
p53_AF2_62,Mdm2,0,Mdm2 Watson et al,77.0,0.693,0.78,0.498,0.706,0.87,0.87,0.88,3.796,0.9,0.391,0.845,3.57,2.0,-38.01,-2.28,1670.01,0.67,0.6,0.22,2.0,0.7,-56.62,-2.79,2030.42,0.63,801.036,46.341,6.0,41.0
p53_AF2_72,Mdm2,0,Mdm2 Watson et al,85.0,0.702,0.763,0.432,0.658,0.87,0.87,0.87,4.156,1.0,0.481,0.789,1.2,1.17,-73.38,-3.26,2251.59,0.7,0.64,0.17,8.0,0.75,-79.87,-3.47,2299.24,0.58,1249.947,50.943,8.0,53.0
pol_1f9913b7c5dabb30183ca9be15803902_0001_1_000000006_0001_0001,InsulinR,0,Cao et al Insulin receptor,65.0,0.131,0.192,0.066,0.231,0.44,0.56,0.78,10.395,4.0,0.128,0.185,2.58,1.78,-50.65,-3.15,1605.65,0.64,0.69,0.22,4.0,0.66,-61.6,-3.71,1660.92,0.64,897.82,44.681,6.0,47.0
pol_HEEHE_3011_000000011_0001_0001,FGFR2,0,Cao et al FGFR2,65.0,0.014,0.015,0.012,0.105,0.29,0.34,0.62,15.041,25.0,0.141,0.034,4.12,3.77,-46.67,-3.09,1511.97,0.7,0.57,0.12,4.0,0.62,-60.38,-3.48,1732.69,0.69,842.188,43.182,1.0,44.0
pol_HEEHE_3132_000000027_0001_0001,FGFR2,0,Cao et al FGFR2,65.0,0.015,0.015,0.012,0.079,0.28,0.3,0.61,17.368,25.0,0.121,0.031,28.2,22.8,-44.17,-2.7,1637.79,0.67,0.69,0.17,11.0,0.77,-70.26,-3.69,1901.74,0.74,832.051,53.488,6.0,43.0
pol_HEEHE_3342_000000009_0001_0001,FGFR2,0,Cao et al FGFR2,65.0,0.016,0.058,0.014,0.14,0.36,0.37,0.65,13.589,6.9,0.113,0.044,19.79,16.76,-43.62,-2.59,1684.34,0.66,0.68,0.06,2.0,0.65,-60.35,-3.32,1816.02,0.63,961.364,52.083,2.0,48.0
pol_b1cb25c0e7dfcf6d9372bc33a2507aba_0001_1_000000002_0001_0001,FGFR2,0,Cao et al FGFR2,65.0,0.013,0.013,0.012,0.073,0.28,0.36,0.62,18.03,25.0,0.134,0.026,41.78,23.21,-32.01,-2.89,1106.36,0.68,0.58,0.17,6.0,0.78,-59.16,-3.45,1714.47,0.67,553.792,63.333,2.0,30.0
pol_c68078bd548daad3d0e699638a646fa2_0001_000000026_0001_0001,FGFR2,0,Cao et al FGFR2,65.0,0.061,0.083,0.023,0.172,0.51,0.51,0.7,11.828,25.0,0.313,0.112,20.24,21.3,-37.74,-2.33,1621.4,0.62,0.62,0.23,3.0,0.63,-58.1,-3.32,1751.68,0.68,927.844,43.182,4.0,44.0
pol_ems_3hM_3115_000000012_0001_0001,FGFR2,0,Cao et al FGFR2,64.0,0.016,0.03,0.014,0.15,0.33,0.36,0.65,13.677,25.0,0.081,0.058,4.54,3.83,-44.11,-3.59,1229.58,0.75,0.58,0.1,1.0,0.71,-53.88,-3.28,1644.69,0.68,720.054,52.778,3.0,36.0
pol_ems_ferrM_2699_0001_000000000_0001_0001,FGFR2,0,Cao et al FGFR2,62.0,0.148,0.163,0.049,0.215,0.49,0.51,0.7,10.902,4.2,0.145,0.089,20.3,20.71,-36.41,-2.18,1668.12,0.6,0.59,0.27,2.0,0.76,-51.56,-3.0,1716.26,0.69,931.795,52.273,0.0,44.0
qxy615_s1_rfd_comp_beta_782_81,EGFR,0,Adaptyv binder comp round 2,75.0,0.0,0.0,0.0,0.0,0.19,0.19,0.59,29.039,25.0,0.0,0.0,28.19,52.68,-38.63,-2.65,1455.6,0.61,0.61,0.28,6.0,0.65,-79.86,-2.21,3611.57,0.56,727.9,39.024,4.0,41.0
rif_fastrot_2cd83384dffaee57737fd15f0ea4e940_0001_000000006_0001,FGFR2,0,Cao et al FGFR2,65.0,0.015,0.086,0.014,0.154,0.44,0.48,0.68,13.355,25.0,0.117,0.073,19.4,33.67,-44.21,-3.33,1327.19,0.74,0.52,0.32,2.0,0.73,-59.29,-3.4,1741.7,0.71,859.44,52.381,3.0,42.0
rif_fastrot_EHEE_hb1_4510_000000005_0001_0001,FGFR2,0,Cao et al FGFR2,65.0,0.093,0.096,0.036,0.213,0.5,0.51,0.71,11.708,4.9,0.141,0.132,29.85,24.33,-42.9,-3.0,1428.56,0.61,0.64,0.12,4.0,0.65,-47.92,-2.66,1801.64,0.58,817.197,40.909,5.0,44.0
rif_fastrot_cor_3h_hb1_6806_000000003_0001_0001,FGFR2,0,Cao et al FGFR2,63.0,0.073,0.075,0.031,0.238,0.39,0.43,0.67,11.755,4.5,0.175,0.062,8.23,6.79,-36.35,-2.41,1510.68,0.57,0.57,0.04,2.0,0.72,-71.69,-3.81,1883.95,0.68,841.996,58.14,3.0,43.0
rif_fastrot_cor_8b7d8f4d1cf4226de246871dfc5023b8_0001_000000005_0001_0001,FGFR2,0,Cao et al FGFR2,65.0,0.013,0.015,0.012,0.074,0.3,0.33,0.63,14.946,25.0,0.103,0.049,12.6,13.11,-25.15,-2.07,1213.95,0.58,0.55,0.27,2.0,0.61,-47.34,-2.72,1737.64,0.64,718.353,53.846,2.0,39.0
rif_fastrot_ems_ferrM_1033_0001_000000006_0001,FGFR2,0,Cao et al FGFR2,64.0,0.406,0.457,0.235,0.46,0.71,0.72,0.8,6.972,2.1,0.278,0.544,9.04,9.86,-40.25,-3.01,1335.17,0.63,0.64,0.29,1.0,0.73,-45.07,-3.27,1377.31,0.66,736.29,51.282,0.0,39.0
rif_normal_EHEE_09767_000000005_0001_0001,FGFR2,0,Cao et al FGFR2,65.0,0.014,0.014,0.012,0.108,0.33,0.34,0.63,14.727,8.6,0.126,0.05,34.94,24.13,-35.94,-2.59,1387.4,0.46,0.6,0.06,5.0,0.7,-49.46,-2.98,1659.6,0.67,693.571,45.0,4.0,40.0
rif_normal_EHEE_hb1_1000_000000001_0001_0001,FGFR2,0,Cao et al FGFR2,65.0,0.013,0.013,0.012,0.089,0.28,0.3,0.61,15.766,25.0,0.143,0.025,18.99,16.44,-48.5,-2.3,2106.76,0.61,0.64,0.17,5.0,0.76,-62.5,-3.21,1947.54,0.71,1168.613,48.276,4.0,58.0
rif_normal_HEEHE_2934_000000018_0001_0001,FGFR2,0,Cao et al FGFR2,65.0,0.521,0.62,0.296,0.492,0.76,0.77,0.82,6.969,1.3,0.2,0.635,25.81,21.42,-52.88,-4.21,1255.42,0.81,0.69,0.13,5.0,0.76,-62.23,-3.47,1795.7,0.66,620.752,60.606,3.0,33.0
rif_normal_ems_bGC_231_000000012_0001_0001,FGFR2,0,Cao et al FGFR2,57.0,0.014,0.015,0.012,0.101,0.27,0.34,0.63,15.764,25.0,0.143,0.03,15.89,9.77,-58.56,-3.31,1767.88,0.59,0.55,0.31,9.0,0.67,-47.92,-3.06,1566.31,0.71,990.182,56.604,7.0,53.0
salireza111_Seq166_1_001_7,EGFR,0,Adaptyv binder comp round 2,49.0,0.132,0.295,0.041,0.167,0.78,0.79,0.73,14.276,4.3,0.422,0.114,19.71,62.89,-59.74,-2.22,2696.68,0.67,0.59,0.5,10.0,0.62,-53.81,-2.5,2150.95,0.56,1414.648,42.857,9.0,70.0
spacecruiser42_d2_prompt_binder_t0_8_42,EGFR,0,Adaptyv binder comp round 2,19.0,0.015,0.017,0.013,0.118,0.61,0.63,0.75,16.412,8.3,0.239,0.064,4.92,9.98,-45.33,-1.97,2303.76,0.59,0.63,0.12,6.0,0.63,-34.66,-1.78,1945.49,0.56,1201.592,33.871,8.0,62.0
spacecruiser42_d2_prompt_binder_t1_0_37,EGFR,0,Adaptyv binder comp round 2,18.0,0.012,0.013,0.012,0.081,0.47,0.52,0.65,21.958,25.0,0.05,0.022,12.45,33.78,-24.51,-2.24,1095.16,0.71,0.65,0.3,3.0,0.47,-35.02,-1.9,1844.7,0.57,607.025,30.556,8.0,36.0
tadej_satler_5HT6op,EGFR,0,Adaptyv binder comp round 1,62.0,0.493,0.674,0.228,0.466,0.91,0.91,0.7,12.974,1.6,0.527,0.702,36.5,44.09,-50.62,-2.51,2015.67,0.66,0.7,0.38,8.0,0.5,-49.07,-1.82,2690.07,0.63,1161.479,42.857,8.0,56.0
vratinsrivastava10_sequence_0,EGFR,0,Adaptyv binder comp round 1,100.0,0.18,0.327,0.071,0.167,0.74,0.74,0.67,17.954,5.3,0.463,0.151,34.21,38.81,-40.22,-1.94,2071.51,0.63,0.58,0.18,8.0,0.58,-42.42,-1.64,2579.69,0.67,1160.01,42.857,12.0,56.0
vratinsrivastava10_sequence_9,EGFR,0,Adaptyv binder comp round 1,100.0,0.0,0.0,0.0,0.0,0.18,0.2,0.55,28.244,25.0,0.0,0.0,49.59,55.98,-35.29,-1.56,2255.26,0.49,0.56,0.39,9.0,0.55,-28.03,-1.85,1511.15,0.57,1397.846,36.62,17.0,71.0
2bnr_27_7_3_9_temp001_dldesign_581_af2pred,pMHC_NY1,1,pMHC screening NY2,145.0,0.62,0.863,0.423,0.708,0.95,0.95,0.95,3.922,0.9,0.446,0.93,0.97,1.44,-72.1,-2.5,2882.11,0.67,0.65,0.21,11.0,0.66,-80.78,-2.83,2853.52,0.68,1460.82,45.714,12.0,70.0
2bnr_27_7_3_9_temp003_dldesign_716_af2pred,pMHC_NY1,0,pMHC screening NY2,145.0,0.606,0.834,0.39,0.681,0.94,0.94,0.95,4.38,1.0,0.456,0.921,1.29,1.4,-74.69,-2.61,2863.3,0.64,0.72,0.29,12.0,0.64,-76.06,-2.54,2994.71,0.65,1451.479,43.662,9.0,71.0
2bnr_27_7_3_9_temp01_dldesign_949_af2pred,pMHC_NY1,0,pMHC screening NY2,145.0,0.665,0.877,0.449,0.724,0.95,0.95,0.95,3.632,0.8,0.46,0.944,0.91,1.3,-79.19,-2.74,2887.39,0.63,0.71,0.54,14.0,0.69,-82.54,-2.9,2850.81,0.63,1459.201,47.059,10.0,68.0
2bnr_31_13_2_27,pMHC_NY1,0,pMHC screening NY1,106.0,0.504,0.713,0.308,0.627,0.93,0.93,0.94,4.97,1.3,0.388,0.855,1.65,2.03,-66.2,-2.55,2596.08,0.65,0.72,0.35,9.0,0.66,-65.04,-2.35,2773.32,0.68,1366.613,44.286,6.0,70.0
2bnr_4_49_2_0,pMHC_NY1,0,pMHC screening NY1,142.0,0.492,0.755,0.317,0.617,0.91,0.92,0.93,5.293,1.3,0.411,0.844,1.45,1.34,-70.1,-2.42,2893.78,0.64,0.69,0.61,8.0,0.55,-61.89,-2.1,2943.14,0.62,1639.234,44.444,7.0,81.0
AKAP9_binder_16,pMHC_SILSY1,0,pMHC screening SILSY1,124.0,0.505,0.69,0.341,0.594,0.93,0.94,0.94,4.554,1.0,0.392,0.849,1.57,3.3,-70.61,-2.36,2992.77,0.62,0.7,0.23,13.0,0.62,-65.56,-2.19,2989.46,0.64,1639.688,34.211,16.0,76.0
AKAP9_binder_27_dldesign_24_af2pred,pMHC_SILSY1,0,pMHC screening SILSY1,124.0,0.643,0.854,0.428,0.727,0.95,0.95,0.95,3.498,0.9,0.451,0.939,1.67,2.09,-61.2,-2.17,2821.9,0.64,0.62,0.33,15.0,0.64,-69.76,-2.37,2946.43,0.58,1593.352,37.333,18.0,75.0
AKAP9_binder_27_renumb_49_dldesign_0_af2pred,pMHC_SILSY1,0,pMHC screening SILSY1,124.0,0.543,0.747,0.365,0.617,0.94,0.95,0.94,4.376,0.9,0.419,0.881,1.81,2.3,-67.04,-2.2,3049.3,0.62,0.63,0.32,11.0,0.6,-67.66,-2.21,3064.66,0.68,1672.074,38.667,15.0,75.0
AKAP9_binder_2_dldesign_25_af2pred,pMHC_SILSY1,0,pMHC screening SILSY1,124.0,0.646,0.855,0.422,0.732,0.95,0.95,0.95,3.601,0.9,0.386,0.936,2.13,2.39,-69.34,-2.48,2793.47,0.56,0.68,0.38,14.0,0.64,-69.24,-2.43,2852.21,0.62,1425.314,40.845,11.0,71.0
AKAP9_binder_4_renumb_82_dldesign_0_af2pred,pMHC_SILSY1,0,pMHC screening SILSY1,124.0,0.542,0.73,0.33,0.625,0.93,0.93,0.94,5.139,1.1,0.398,0.866,1.29,1.96,-63.38,-2.13,2975.97,0.58,0.63,0.27,10.0,0.62,-66.41,-2.15,3086.11,0.66,1555.373,40.278,14.0,72.0
EEHEE_38518_000000001_0001,VirB8,0,Cao et al VirB8,65.0,0.027,0.116,0.014,0.154,0.47,0.5,0.76,12.82,7.0,0.175,0.08,45.62,24.23,-44.75,-2.41,1854.85,0.65,0.65,0.19,2.0,0.76,-48.91,-3.29,1484.4,0.77,995.115,51.111,4.0,45.0
EHEE_11067_000000026_0001,VirB8,0,Cao et al VirB8,65.0,0.0,0.0,0.0,0.0,0.21,0.23,0.67,21.683,25.0,0.0,0.0,24.93,23.41,-36.28,-2.32,1564.0,0.65,0.61,0.23,3.0,0.73,-60.37,-3.69,1633.89,0.74,874.188,56.41,4.0,39.0
Grafting_Motif0042_bcov_4helix_01367_0001_0001,FGFR2,0,Cao et al FGFR2,65.0,0.014,0.016,0.013,0.103,0.26,0.29,0.62,16.341,25.0,0.093,0.039,21.93,23.05,-27.03,-2.29,1179.79,0.66,0.6,0.24,4.0,0.72,-58.62,-3.57,1641.77,0.71,686.71,48.649,4.0,37.0
Grafting_Motif0165_HHH_eva_0168_0001,FGFR2,0,Cao et al FGFR2,60.0,0.0,0.0,0.0,0.0,0.2,0.2,0.6,19.355,25.0,0.0,0.0,26.3,23.53,-71.95,-3.06,2351.34,0.65,0.59,0.17,7.0,0.74,-71.4,-3.78,1888.5,0.71,1174.824,62.5,3.0,56.0
Grafting_Motif0176_ems_3hC_721_0001_0001_0001,FGFR2,0,Cao et al FGFR2,62.0,0.096,0.105,0.042,0.238,0.39,0.45,0.65,11.28,4.7,0.146,0.128,25.01,21.53,-36.87,-2.69,1371.49,0.52,0.66,0.1,5.0,0.68,-63.14,-3.19,1980.91,0.65,738.085,45.0,1.0,40.0
Grafting_Motif0184_HHH_eva_0309_0001,FGFR2,0,Cao et al FGFR2,59.0,0.107,0.156,0.04,0.203,0.46,0.47,0.67,11.643,4.3,0.094,0.121,25.63,19.85,-33.97,-2.87,1184.99,0.64,0.66,0.15,3.0,0.7,-67.17,-3.44,1952.74,0.67,695.136,42.105,5.0,38.0
Grafting_Motif0272_ems_3hC_1737_0001_0001_0002,FGFR2,0,Cao et al FGFR2,62.0,0.073,0.081,0.03,0.221,0.4,0.42,0.66,12.406,5.5,0.123,0.081,6.48,7.1,-38.09,-2.77,1376.34,0.65,0.65,0.11,2.0,0.71,-55.35,-3.18,1740.69,0.63,868.245,53.659,2.0,41.0
Grafting_Motif0355_ems_3hM_1271_0001_0001,FGFR2,0,Cao et al FGFR2,64.0,0.013,0.013,0.012,0.082,0.25,0.31,0.62,16.81,25.0,0.115,0.023,17.07,17.66,-49.61,-2.73,1814.67,0.6,0.61,0.14,5.0,0.74,-68.98,-3.47,1987.66,0.61,1057.037,54.902,4.0,51.0
Grafting_Motif0388_ems_3hC_675_0002_0001_0001,FGFR2,0,Cao et al FGFR2,63.0,0.0,0.0,0.0,0.0,0.21,0.22,0.6,18.63,25.0,0.0,0.0,22.38,20.38,-43.56,-2.94,1481.18,0.66,0.52,0.06,2.0,0.74,-57.2,-3.57,1602.37,0.75,771.042,53.846,1.0,39.0
Grafting_Motif0460_bcov_4helix_09214_0001,FGFR2,0,Cao et al FGFR2,65.0,0.078,0.113,0.032,0.196,0.4,0.46,0.68,11.818,25.0,0.163,0.092,18.73,21.4,-25.63,-2.36,1085.32,0.5,0.6,0.23,0.0,0.71,-65.37,-3.94,1658.15,0.69,803.213,51.22,1.0,41.0
Grafting_Motif1153_ems_3hM_3288_0001_0004,FGFR2,0,Cao et al FGFR2,64.0,0.017,0.018,0.015,0.163,0.27,0.29,0.62,14.718,25.0,0.092,0.032,7.04,6.72,-35.66,-2.56,1391.18,0.56,0.62,0.1,4.0,0.74,-62.34,-3.97,1568.81,0.66,762.522,42.857,2.0,42.0
Grafting_Motif1193_ems_3hM_1359_0001,FGFR2,0,Cao et al FGFR2,61.0,0.401,0.519,0.233,0.539,0.7,0.72,0.78,6.332,1.7,0.11,0.296,4.05,3.39,-35.25,-2.64,1337.75,0.57,0.62,0.11,3.0,0.72,-59.89,-3.56,1680.09,0.7,663.771,51.429,5.0,35.0
HEEHE_2481_000000011_0001,FGFR2,0,Cao et al FGFR2,65.0,0.194,0.207,0.056,0.236,0.54,0.56,0.73,10.343,4.3,0.122,0.199,22.21,27.62,-45.9,-3.64,1261.21,0.76,0.7,0.22,4.0,0.76,-72.52,-3.98,1822.24,0.65,738.11,50.0,3.0,34.0
HEEHE_3018_000000027_0001,FGFR2,0,Cao et al FGFR2,65.0,0.016,0.026,0.014,0.16,0.32,0.34,0.64,14.079,25.0,0.103,0.056,20.34,20.28,-43.03,-2.94,1463.59,0.63,0.57,0.1,2.0,0.71,-52.74,-3.45,1528.43,0.64,677.036,51.429,1.0,35.0
IL10raBind_cb9,IL10Ra,1,Bennet paper IL10Ra prospective,56.0,0.0,0.0,0.0,0.0,0.23,0.3,0.72,19.809,25.0,0.0,0.0,53.56,39.84,-24.82,-2.17,1143.27,0.53,0.68,0.12,3.0,0.68,-63.6,-3.17,2003.27,0.68,633.794,46.875,3.0,32.0
IL7Ra_binder_AF2_25,IL7Ra,0,IL7Ra Watson et al,62.0,0.606,0.722,0.361,0.615,0.87,0.87,0.9,4.795,1.4,0.295,0.802,1.79,3.4,-43.71,-2.99,1462.75,0.68,0.6,0.1,5.0,0.62,-49.34,-3.15,1565.77,0.52,885.857,43.182,3.0,44.0
IL7Ra_binder_AF2_4,IL7Ra,0,IL7Ra Watson et al,100.0,0.684,0.742,0.448,0.625,0.85,0.86,0.89,4.95,1.1,0.4,0.812,1.56,1.66,-45.07,-2.62,1718.24,0.66,0.57,0.2,8.0,0.68,-47.16,-2.92,1613.65,0.48,935.472,40.0,12.0,45.0
IL7Ra_binder_AF2_48,IL7Ra,1,IL7Ra Watson et al,97.0,0.698,0.703,0.429,0.607,0.87,0.87,0.89,5.074,1.2,0.467,0.793,2.48,2.48,-63.28,-3.02,2093.26,0.61,0.59,0.11,9.0,0.57,-64.09,-2.72,2359.23,0.51,1154.188,44.068,6.0,59.0
IL7Ra_binder_AF2_59,IL7Ra,0,IL7Ra Watson et al,86.0,0.538,0.568,0.283,0.453,0.82,0.82,0.86,6.88,1.8,0.211,0.699,2.0,3.43,-39.48,-2.43,1623.21,0.59,0.56,0.1,5.0,0.65,-46.77,-2.91,1609.7,0.59,827.687,33.333,5.0,42.0
IL7Ra_binder_AF2_6,IL7Ra,0,IL7Ra Watson et al,75.0,0.593,0.722,0.352,0.605,0.84,0.84,0.89,5.355,1.3,0.348,0.754,1.8,2.51,-48.09,-2.84,1694.63,0.68,0.63,0.03,5.0,0.63,-49.86,-3.0,1661.91,0.62,987.926,46.512,3.0,43.0
IL7Ra_binder_AF2_74,IL7Ra,1,IL7Ra Watson et al,86.0,0.647,0.73,0.383,0.605,0.85,0.86,0.88,5.309,1.3,0.422,0.68,2.66,2.81,-55.95,-2.79,2006.99,0.66,0.67,0.12,4.0,0.71,-65.75,-2.9,2265.75,0.64,1094.202,40.741,7.0,54.0
IL7Ra_binder_AF2_90,IL7Ra,0,IL7Ra Watson et al,91.0,0.55,0.584,0.317,0.487,0.8,0.81,0.86,6.726,1.6,0.262,0.627,2.31,2.34,-48.35,-2.71,1783.09,0.56,0.59,0.1,8.0,0.61,-54.17,-2.95,1834.35,0.63,930.711,41.667,9.0,48.0
Insulin_receptor_binder_AF2_12,InsulinR,0,InsulinR Watson et al,62.0,0.261,0.39,0.167,0.337,0.66,0.69,0.84,7.794,3.7,0.132,0.465,1.25,2.04,-40.29,-2.78,1449.84,0.52,0.69,0.19,7.0,0.57,-35.86,-2.53,1419.96,0.64,804.662,46.341,8.0,41.0
Insulin_receptor_binder_AF2_36,InsulinR,0,InsulinR Watson et al,82.0,0.731,0.791,0.475,0.693,0.89,0.89,0.91,4.274,1.2,0.346,0.861,1.39,1.77,-47.72,-2.89,1651.46,0.61,0.64,0.25,3.0,0.67,-51.41,-3.19,1611.32,0.59,1006.227,48.889,7.0,45.0
Insulin_receptor_binder_AF2_53,InsulinR,0,InsulinR Watson et al,81.0,0.771,0.825,0.512,0.716,0.9,0.9,0.92,4.007,1.0,0.265,0.87,1.56,1.99,-53.49,-2.88,1856.32,0.65,0.62,0.12,14.0,0.61,-50.32,-2.69,1873.96,0.57,1013.841,36.538,14.0,52.0
Insulin_receptor_binder_AF2_67,InsulinR,0,InsulinR Watson et al,87.0,0.746,0.773,0.454,0.67,0.88,0.89,0.9,4.517,1.1,0.369,0.796,1.46,1.91,-54.13,-2.87,1888.3,0.66,0.59,0.1,7.0,0.65,-50.75,-2.75,1843.21,0.56,1024.09,42.593,11.0,54.0
Insulin_receptor_binder_AF2_69,InsulinR,0,InsulinR Watson et al,79.0,0.355,0.439,0.207,0.421,0.61,0.7,0.8,7.328,2.5,0.214,0.375,9.61,7.08,-42.0,-2.39,1757.54,0.55,0.59,0.2,4.0,0.68,-57.66,-2.87,2009.17,0.59,954.995,39.623,8.0,53.0
Motif0003_HEEHE_1600_0001_0001_9661_0001,FGFR2,0,Cao et al FGFR2,65.0,0.069,0.089,0.036,0.238,0.39,0.45,0.66,11.982,25.0,0.152,0.064,15.87,13.0,-44.34,-2.86,1550.81,0.58,0.64,0.15,2.0,0.8,-69.91,-4.03,1734.82,0.67,860.161,52.273,3.0,44.0
Motif0003_HEEHE_2103_0001_0001_5803_0001,FGFR2,0,Cao et al FGFR2,65.0,0.463,0.491,0.249,0.5,0.76,0.77,0.81,6.674,1.8,0.309,0.419,19.17,19.14,-45.96,-3.0,1533.77,0.73,0.62,0.14,2.0,0.69,-58.04,-3.33,1740.63,0.69,850.496,53.659,5.0,41.0
Motif0003_HHH_eva_0393_0001_0003_8388_0001,FGFR2,0,Cao et al FGFR2,66.0,0.015,0.02,0.012,0.111,0.26,0.33,0.62,15.081,25.0,0.085,0.042,24.5,11.45,-29.72,-2.7,1099.49,0.57,0.62,0.21,2.0,0.77,-68.08,-3.89,1752.14,0.67,700.319,56.41,3.0,39.0
Motif0003_ems_3hM_937_0001_0001_324_0001,FGFR2,1,Cao et al FGFR2,61.0,0.015,0.031,0.013,0.128,0.34,0.38,0.65,13.674,25.0,0.1,0.044,18.35,14.71,-37.75,-2.81,1343.35,0.74,0.59,0.16,1.0,0.76,-72.02,-3.79,1900.34,0.71,951.315,47.5,4.0,40.0
Motif0004_HEEHE_1334_0001_7002_0001,FGFR2,0,Cao et al FGFR2,65.0,0.016,0.019,0.014,0.151,0.29,0.32,0.62,14.76,25.0,0.093,0.028,9.49,9.26,-38.63,-2.77,1393.39,0.59,0.62,0.16,0.0,0.74,-64.67,-3.47,1864.09,0.68,757.26,53.846,0.0,39.0
Motif0018_HHH_b2_02273_0001_0002,SARS_CoV2_RBD,0,Cao et al SARS_CoV2_RBD,53.0,0.63,0.784,0.287,0.626,0.89,0.9,0.9,5.166,1.1,0.363,0.542,48.47,26.88,-71.48,-3.33,2149.14,0.71,0.65,0.14,2.0,0.69,-44.74,-2.63,1701.53,0.71,1109.343,52.83,4.0,53.0
Motif0018_bcov_4helix_01056_0001_0005_7730_0001,FGFR2,0,Cao et al FGFR2,65.0,0.012,0.012,0.011,0.032,0.19,0.22,0.59,19.083,25.0,0.108,0.018,15.12,13.97,-30.31,-2.18,1392.66,0.61,0.54,0.25,0.0,0.78,-64.83,-4.17,1555.81,0.69,870.729,50.0,1.0,44.0
Motif0018_bcov_4helix_02515_0001_0001_9547_0001,FGFR2,0,Cao et al FGFR2,65.0,0.153,0.172,0.05,0.217,0.53,0.54,0.71,10.473,4.1,0.142,0.115,5.72,5.03,-52.54,-3.15,1666.56,0.73,0.66,0.24,2.0,0.74,-61.03,-3.65,1670.49,0.71,892.307,56.863,3.0,51.0
Motif0021_HEEHE_1340_0001_0002_9048_0001,FGFR2,0,Cao et al FGFR2,65.0,0.013,0.013,0.012,0.069,0.28,0.3,0.62,16.992,25.0,0.074,0.022,20.32,17.79,-54.65,-2.76,1979.84,0.64,0.61,0.35,2.0,0.76,-64.13,-3.85,1667.23,0.72,899.127,54.0,2.0,50.0
Motif0021_HEEHE_1585_0001_8075_0001,FGFR2,0,Cao et al FGFR2,65.0,0.074,0.112,0.026,0.189,0.43,0.46,0.69,11.855,25.0,0.137,0.067,22.47,17.61,-42.78,-2.85,1500.38,0.69,0.62,0.12,3.0,0.78,-76.24,-3.84,1985.89,0.66,882.462,56.818,5.0,44.0
Motif0030_bcov_4helix_10201_0001,SARS_CoV2_RBD,0,Cao et al SARS_CoV2_RBD,65.0,0.0,0.0,0.0,0.0,0.16,0.18,0.7,23.668,25.0,0.0,0.0,16.3,33.34,-22.39,-1.65,1358.44,0.56,0.65,0.3,6.0,0.61,-59.61,-3.17,1880.89,0.65,725.252,34.146,5.0,41.0
Motif0031_HEEHE_2620_0001_4968_0001,FGFR2,0,Cao et al FGFR2,65.0,0.156,0.165,0.052,0.212,0.38,0.57,0.66,10.456,25.0,0.119,0.275,27.59,25.52,-27.56,-2.87,960.19,0.76,0.68,0.26,3.0,0.78,-72.65,-3.73,1947.35,0.7,576.62,57.143,0.0,28.0
Motif0041_HEEHE_2229_0001_6285_0001,FGFR2,0,Cao et al FGFR2,65.0,0.014,0.052,0.013,0.113,0.37,0.41,0.66,14.233,25.0,0.116,0.048,22.08,17.98,-41.78,-2.68,1559.53,0.73,0.66,0.21,0.0,0.75,-65.0,-3.78,1717.99,0.67,865.993,56.098,1.0,41.0
Motif0041_bcov_4helix_01056_0001_6828_0001,FGFR2,0,Cao et al FGFR2,65.0,0.016,0.017,0.013,0.12,0.25,0.26,0.61,16.857,25.0,0.089,0.025,17.79,17.9,-41.46,-2.62,1579.46,0.6,0.51,0.21,1.0,0.72,-63.55,-3.71,1712.35,0.64,828.752,59.524,1.0,42.0
Motif0065_bcov_4helix_04338_0001_0001,EGFR,0,Cao et al EGFR,65.0,0.0,0.0,0.0,0.0,0.24,0.27,0.75,19.229,25.0,0.0,0.0,20.01,21.42,-32.12,-2.49,1288.1,0.61,0.63,0.2,4.0,0.75,-59.7,-3.39,1759.9,0.64,719.132,44.737,6.0,38.0
Motif0155_ems_3hM_3133_0001_0001,EGFR,0,Cao et al EGFR,63.0,0.012,0.012,0.011,0.048,0.22,0.37,0.75,15.443,25.0,0.206,0.031,15.63,14.45,-29.02,-1.56,1862.38,0.5,0.62,0.07,4.0,0.69,-53.71,-3.03,1770.64,0.65,1118.378,35.714,8.0,56.0
Motif0194_HHH_eva_0267_0001,SARS_CoV2_RBD,0,Cao et al SARS_CoV2_RBD,62.0,0.0,0.0,0.0,0.0,0.21,0.25,0.72,20.92,25.0,0.0,0.0,21.5,25.23,-37.4,-2.12,1763.7,0.6,0.59,0.21,8.0,0.69,-61.21,-3.14,1949.82,0.62,872.989,51.163,7.0,43.0
Motif0223_bcov_4helix_06585_0001_0001_0001,InsulinR,1,Cao et al Insulin receptor,65.0,0.549,0.688,0.335,0.577,0.82,0.83,0.9,5.206,1.6,0.216,0.729,2.23,1.72,-46.71,-2.93,1595.57,0.7,0.67,0.1,8.0,0.74,-55.96,-3.47,1613.57,0.69,873.459,39.535,5.0,43.0
Motif0253_ems_3hM_737_0001_6903_0001,FGFR2,0,Cao et al FGFR2,62.0,0.029,0.046,0.017,0.221,0.3,0.33,0.63,13.42,4.8,0.137,0.052,21.36,24.97,-38.29,-2.28,1677.57,0.62,0.58,0.07,5.0,0.68,-64.58,-3.55,1817.79,0.65,801.166,54.762,2.0,42.0
Motif0268_ems_3hC_1767_0001_0002_8531_0001,FGFR2,0,Cao et al FGFR2,63.0,0.213,0.262,0.117,0.311,0.49,0.6,0.71,9.311,3.4,0.237,0.15,19.78,18.79,-63.05,-3.22,1955.58,0.71,0.59,0.14,5.0,0.76,-70.34,-3.73,1885.38,0.65,919.373,53.191,3.0,47.0
Motif0329_bcov_4helix_09020_0001_0001,EGFR,0,Cao et al EGFR,65.0,0.012,0.012,0.011,0.029,0.25,0.32,0.75,17.491,25.0,0.142,0.031,5.12,4.68,-26.95,-1.84,1466.59,0.59,0.56,0.23,5.0,0.68,-57.24,-3.3,1735.88,0.69,804.912,40.909,5.0,44.0
Motif0419_bcov_4helix_14246_0001,SARS_CoV2_RBD,0,Cao et al SARS_CoV2_RBD,65.0,0.0,0.0,0.0,0.0,0.21,0.23,0.71,21.518,25.0,0.0,0.0,19.49,26.84,-34.34,-1.92,1789.67,0.61,0.7,0.13,5.0,0.69,-65.52,-3.16,2071.77,0.74,922.854,30.435,2.0,46.0
Motif0493_bcov_4helix_05945_0001_4026_0001,FGFR2,0,Cao et al FGFR2,65.0,0.319,0.388,0.196,0.496,0.67,0.68,0.78,6.873,2.4,0.276,0.424,9.24,12.52,-45.65,-2.45,1860.04,0.63,0.64,0.21,2.0,0.68,-62.09,-3.41,1821.68,0.62,839.42,59.091,2.0,44.0
Motif0582_bcov_4helix_05315_0001_5500_0001,FGFR2,0,Cao et al FGFR2,65.0,0.013,0.015,0.012,0.08,0.29,0.34,0.62,16.25,25.0,0.087,0.03,20.98,28.03,-33.47,-2.13,1572.55,0.55,0.52,0.37,4.0,0.78,-62.98,-3.71,1696.03,0.65,882.329,51.163,4.0,43.0
Motif0766_ems_3hC_894_0002_0001_0001_0001,EGFR,0,Cao et al EGFR,62.0,0.012,0.013,0.011,0.069,0.32,0.4,0.78,15.165,25.0,0.244,0.043,12.8,18.39,-30.56,-2.08,1469.31,0.62,0.6,0.14,3.0,0.73,-65.61,-3.06,2142.66,0.7,778.583,42.105,6.0,38.0
Motif0889_bcov_4helix_06633_0001,SARS_CoV2_RBD,1,Cao et al SARS_CoV2_RBD,65.0,0.538,0.693,0.336,0.494,0.83,0.84,0.87,7.323,1.4,0.31,0.75,2.17,1.84,-53.73,-3.32,1617.7,0.7,0.69,0.19,5.0,0.7,-57.34,-3.21,1784.11,0.7,762.848,47.727,7.0,44.0
Motif1005_HEEHE_1543_0001_0002_3980_0001,FGFR2,0,Cao et al FGFR2,65.0,0.057,0.067,0.02,0.196,0.36,0.4,0.64,13.163,25.0,0.108,0.057,12.33,11.24,-40.81,-2.58,1581.17,0.58,0.67,0.17,2.0,0.8,-66.11,-3.9,1695.19,0.7,755.262,48.78,2.0,41.0
Motif1005_bcov_4helix_08595_0001_0001_4709_0001,FGFR2,0,Cao et al FGFR2,65.0,0.014,0.018,0.012,0.101,0.28,0.34,0.62,15.12,25.0,0.121,0.039,21.23,18.04,-37.75,-2.44,1545.32,0.55,0.56,0.29,1.0,0.79,-66.97,-3.86,1735.52,0.72,852.473,52.5,1.0,40.0
Motif1016_HEEHE_1289_0001_856_0001,FGFR2,1,Cao et al FGFR2,65.0,0.714,0.808,0.443,0.661,0.87,0.87,0.9,4.241,0.9,0.459,0.852,2.67,2.92,-59.33,-3.62,1639.1,0.76,0.71,0.11,3.0,0.72,-62.48,-3.62,1725.65,0.67,935.047,52.273,3.0,44.0
Motif1039_ems_3hM_3276_0001_0001_965_0001,FGFR2,0,Cao et al FGFR2,61.0,0.015,0.019,0.012,0.101,0.27,0.3,0.63,15.366,25.0,0.052,0.031,21.94,19.34,-37.29,-2.67,1395.57,0.67,0.6,0.04,0.0,0.76,-65.61,-3.51,1868.0,0.72,754.165,53.125,0.0,32.0
Motif1040_HHH_eva_0271_0001_0003_8666_0001,FGFR2,0,Cao et al FGFR2,61.0,0.103,0.117,0.05,0.258,0.42,0.5,0.67,10.768,5.4,0.18,0.082,19.83,18.27,-54.19,-3.13,1728.6,0.75,0.56,0.11,3.0,0.76,-68.7,-3.56,1929.0,0.67,925.458,53.333,2.0,45.0
Motif1045_HEEHE_1378_0001_0001_1_4725_0001,FGFR2,0,Cao et al FGFR2,65.0,0.317,0.317,0.194,0.388,0.63,0.65,0.76,8.082,3.1,0.132,0.368,20.99,19.75,-38.8,-2.72,1428.79,0.66,0.62,0.16,3.0,0.76,-79.85,-4.01,1989.91,0.67,700.202,50.0,0.0,38.0
Motif1045_HEEHE_1682_0001_0003_9230_0001,FGFR2,0,Cao et al FGFR2,65.0,0.122,0.134,0.048,0.256,0.51,0.53,0.72,11.35,4.1,0.132,0.175,19.74,24.37,-45.56,-3.68,1236.47,0.78,0.71,0.17,3.0,0.68,-63.83,-3.77,1695.15,0.68,663.521,47.059,1.0,34.0
Motif1045_ems_4hM_2829_0001_0002_9946_0001,FGFR2,0,Cao et al FGFR2,64.0,0.057,0.06,0.026,0.214,0.39,0.42,0.66,12.22,5.2,0.222,0.075,15.8,14.43,-41.02,-2.61,1571.87,0.56,0.63,0.19,5.0,0.72,-65.09,-3.62,1797.56,0.66,877.058,40.0,4.0,45.0
Motif1053_HEEHE_2369_0002_6677_0001,FGFR2,0,Cao et al FGFR2,65.0,0.059,0.074,0.025,0.222,0.39,0.42,0.67,12.608,5.0,0.142,0.059,19.82,17.26,-39.62,-2.63,1504.81,0.68,0.64,0.12,0.0,0.74,-72.51,-3.78,1915.86,0.68,823.167,57.5,0.0,40.0
Motif1056_ems_3hM_3678_0001_3383_0001,FGFR2,0,Cao et al FGFR2,62.0,0.085,0.087,0.041,0.266,0.43,0.44,0.69,11.907,4.6,0.137,0.085,24.04,21.65,-32.84,-2.41,1364.96,0.64,0.65,0.14,2.0,0.69,-58.8,-3.08,1911.75,0.68,820.035,57.5,2.0,40.0
Motif1082_bcov_4helix_02843_0001_3531_0001,FGFR2,0,Cao et al FGFR2,65.0,0.029,0.042,0.017,0.194,0.37,0.38,0.66,12.983,25.0,0.119,0.05,23.09,17.15,-42.39,-2.9,1459.38,0.72,0.61,0.14,5.0,0.69,-60.78,-3.3,1844.58,0.64,822.603,46.154,2.0,39.0
Motif1086_bcov_4helix_08843_0001_0002_7222_0001,FGFR2,0,Cao et al FGFR2,65.0,0.014,0.016,0.012,0.121,0.33,0.34,0.64,13.857,25.0,0.11,0.056,26.03,22.29,-38.91,-3.35,1161.62,0.63,0.59,0.26,2.0,0.72,-75.1,-3.77,1991.64,0.66,633.373,51.515,0.0,33.0
Motif1090_ems_3hC_760_0002_0001_0001_9821_0001,FGFR2,0,Cao et al FGFR2,60.0,0.144,0.147,0.059,0.235,0.54,0.56,0.73,10.64,4.1,0.26,0.136,6.54,9.12,-51.83,-3.44,1504.79,0.68,0.65,0.14,8.0,0.72,-66.18,-3.89,1702.69,0.63,802.078,56.818,2.0,44.0
Motif1115_bcov_4helix_06354_0001_0002_1008_0001,FGFR2,0,Cao et al FGFR2,65.0,0.041,0.064,0.018,0.196,0.4,0.44,0.66,12.365,25.0,0.172,0.053,18.57,17.57,-36.43,-2.3,1582.15,0.53,0.67,0.19,4.0,0.7,-53.22,-3.27,1629.78,0.66,886.337,51.111,5.0,45.0
Motif1126_ems_3hM_1680_0001_0002_3931_0001,FGFR2,0,Cao et al FGFR2,63.0,0.676,0.767,0.387,0.684,0.85,0.86,0.87,4.599,1.0,0.332,0.77,4.23,3.1,-44.89,-3.43,1310.38,0.71,0.63,0.03,2.0,0.73,-57.88,-3.83,1512.69,0.73,735.122,48.571,1.0,35.0
Motif1129_HHH_eva_0545_0001_3431_0001,FGFR2,0,Cao et al FGFR2,56.0,0.428,0.485,0.239,0.585,0.75,0.75,0.8,6.552,1.7,0.103,0.355,21.34,22.81,-35.74,-2.96,1208.45,0.76,0.64,0.12,1.0,0.68,-67.92,-3.54,1915.97,0.69,665.914,54.286,2.0,35.0
Motif1129_bcov_4helix_09488_0003_3426_0001,FGFR2,0,Cao et al FGFR2,65.0,0.262,0.304,0.121,0.31,0.57,0.61,0.74,9.006,3.2,0.2,0.298,17.27,30.06,-39.84,-2.79,1429.02,0.69,0.58,0.22,1.0,0.73,-72.38,-3.72,1944.85,0.69,784.511,58.974,0.0,39.0
Motif1131_HHH_eva_0017_0001_0002_275_0001,FGFR2,0,Cao et al FGFR2,59.0,0.604,0.607,0.32,0.615,0.83,0.83,0.83,5.808,1.4,0.321,0.706,20.15,21.57,-39.58,-2.61,1516.95,0.68,0.64,0.15,2.0,0.77,-67.93,-3.81,1784.36,0.72,846.249,46.512,3.0,43.0
Motif1278_HEEHE_1528_0002_2374_0001,FGFR2,0,Cao et al FGFR2,65.0,0.493,0.55,0.28,0.516,0.74,0.78,0.82,6.378,1.8,0.323,0.555,18.21,18.21,-47.21,-2.78,1700.07,0.66,0.61,0.13,6.0,0.76,-66.62,-3.87,1723.26,0.73,904.457,54.762,3.0,42.0
Motif1335_HHH_eva_0213_0001_1394_0001,FGFR2,0,Cao et al FGFR2,62.0,0.015,0.017,0.013,0.118,0.35,0.4,0.66,14.495,25.0,0.184,0.041,18.93,30.99,-44.65,-2.41,1854.3,0.61,0.67,0.23,1.0,0.78,-71.73,-3.73,1922.35,0.71,1076.08,54.0,5.0,50.0
Motif1379_HEEHE_2541_0001_0002_1793_0001,FGFR2,0,Cao et al FGFR2,65.0,0.152,0.162,0.071,0.26,0.56,0.57,0.73,10.673,4.0,0.172,0.166,20.87,19.7,-40.06,-3.1,1290.53,0.72,0.62,0.18,1.0,0.74,-70.1,-4.03,1737.7,0.71,794.262,47.5,2.0,40.0
Motif1388_ems_3hC_675_0002_0001_6829_0001,FGFR2,0,Cao et al FGFR2,63.0,0.057,0.09,0.017,0.172,0.4,0.41,0.67,12.453,25.0,0.151,0.067,4.45,4.77,-45.18,-2.57,1756.81,0.67,0.62,0.07,3.0,0.77,-64.72,-3.68,1760.46,0.69,825.16,51.163,2.0,43.0
Motif1585_bcov_4helix_05041_0001,SARS_CoV2_RBD,0,Cao et al SARS_CoV2_RBD,65.0,0.0,0.0,0.0,0.0,0.09,0.12,0.68,26.853,25.0,0.0,0.0,12.5,33.37,-31.05,-2.22,1397.47,0.69,0.66,0.32,4.0,0.69,-61.44,-3.29,1865.15,0.62,716.981,41.667,4.0,36.0
NYESO_parent_binder_partial_10_3_52_dldesign_0_af2pred,pMHC_NY1,1,pMHC screening NY2,145.0,0.591,0.823,0.378,0.677,0.94,0.94,0.94,4.498,0.9,0.43,0.906,1.82,2.45,-70.41,-2.56,2750.43,0.63,0.65,0.15,8.0,0.7,-75.85,-2.55,2977.64,0.67,1503.479,46.479,10.0,71.0
NYESO_parent_binder_partial_30_3_107_dldesign_0_af2pred,pMHC_NY1,0,pMHC screening NY2,145.0,0.557,0.788,0.344,0.65,0.93,0.93,0.94,4.854,1.0,0.394,0.871,1.08,1.31,-80.39,-2.64,3043.22,0.71,0.7,0.24,13.0,0.7,-90.1,-2.77,3254.14,0.67,1588.561,41.25,8.0,80.0
Pdl1_binder_AF2_52,Pdl1,0,Pdl1 Watson et al,88.0,0.727,0.786,0.468,0.684,0.86,0.87,0.9,3.857,1.1,0.252,0.78,15.22,10.82,-28.1,-2.36,1190.0,0.59,0.64,0.05,2.0,0.58,-32.3,-2.16,1496.75,0.69,780.679,25.0,8.0,40.0
Pdl1_binder_AF2_7,Pdl1,0,Pdl1 Watson et al,88.0,0.439,0.459,0.272,0.511,0.75,0.75,0.84,6.117,2.2,0.493,0.56,1.56,1.42,-38.72,-2.25,1716.9,0.51,0.67,0.23,7.0,0.65,-51.8,-2.63,1969.33,0.63,965.175,42.553,11.0,47.0
Pdl1_binder_AF2_85,Pdl1,0,Pdl1 Watson et al,90.0,0.476,0.494,0.307,0.552,0.73,0.75,0.83,5.819,2.0,0.439,0.608,1.59,1.62,-46.83,-2.48,1888.83,0.64,0.69,0.12,6.0,0.62,-40.85,-2.55,1603.37,0.66,969.311,40.0,12.0,50.0
Pdl1_binder_AF2_87,Pdl1,1,Pdl1 Watson et al,88.0,0.797,0.801,0.513,0.706,0.89,0.9,0.91,3.596,0.9,0.582,0.847,1.48,1.45,-60.32,-3.09,1954.06,0.76,0.74,0.19,7.0,0.72,-68.89,-3.52,1954.86,0.75,1005.289,47.826,5.0,46.0
Pdl1_binder_AF2_90,Pdl1,0,Pdl1 Watson et al,92.0,0.018,0.065,0.015,0.183,0.34,0.4,0.66,13.939,5.8,0.313,0.056,1.34,1.29,-53.75,-2.42,2217.48,0.64,0.68,0.13,5.0,0.65,-51.51,-2.41,2139.74,0.65,1141.299,41.176,5.0,51.0
Trka_binder_AF2_11,TrkA,0,TrkA Watson et al,62.0,0.527,0.702,0.311,0.618,0.8,0.8,0.85,5.201,1.3,0.341,0.782,1.19,1.18,-40.95,-2.82,1449.64,0.7,0.56,0.32,3.0,0.7,-43.0,-2.88,1492.15,0.58,796.543,40.0,6.0,40.0
Trka_binder_AF2_12,TrkA,0,TrkA Watson et al,62.0,0.599,0.731,0.356,0.678,0.82,0.82,0.87,4.514,1.2,0.363,0.802,1.47,1.71,-39.7,-2.77,1434.62,0.72,0.65,0.19,6.0,0.65,-37.3,-2.65,1408.71,0.6,679.58,41.667,5.0,36.0
Trka_binder_AF2_38,TrkA,0,TrkA Watson et al,62.0,0.473,0.649,0.287,0.617,0.78,0.79,0.84,5.073,1.6,0.388,0.822,1.4,1.66,-38.3,-2.6,1473.39,0.67,0.68,0.24,6.0,0.65,-34.54,-2.55,1355.35,0.65,750.366,37.143,6.0,35.0
Trka_binder_AF2_50,TrkA,0,TrkA Watson et al,67.0,0.664,0.776,0.44,0.711,0.85,0.86,0.89,3.788,1.1,0.43,0.908,1.36,1.71,-48.18,-2.9,1659.17,0.7,0.63,0.19,10.0,0.64,-38.28,-2.31,1656.84,0.68,807.87,37.209,8.0,43.0
Trka_binder_AF2_65,TrkA,0,TrkA Watson et al,62.0,0.537,0.676,0.319,0.641,0.8,0.81,0.86,4.757,1.3,0.28,0.801,1.35,1.87,-47.98,-3.65,1315.23,0.63,0.54,0.32,3.0,0.74,-43.46,-3.57,1218.39,0.63,676.177,48.571,5.0,35.0
Trka_binder_AF2_9,TrkA,0,TrkA Watson et al,82.0,0.726,0.785,0.514,0.714,0.85,0.87,0.89,3.624,1.0,0.432,0.848,2.68,1.66,-44.68,-2.72,1644.75,0.59,0.61,0.16,5.0,0.67,-50.8,-2.87,1769.35,0.52,889.676,46.512,5.0,43.0
allongoldberg_4_44,EGFR,0,Adaptyv binder comp round 2,138.0,0.0,0.0,0.0,0.0,0.21,0.23,0.51,28.55,25.0,0.0,0.0,41.04,57.5,-39.78,-2.05,1939.46,0.61,0.56,0.24,5.0,0.51,-44.41,-1.31,3378.86,0.56,1010.617,52.083,5.0,48.0
amelie_schreiber_model_56_119_15,EGFR,0,Adaptyv binder comp round 2,74.0,0.427,0.646,0.223,0.432,0.88,0.88,0.69,14.183,2.1,0.46,0.665,36.97,44.22,-43.77,-1.99,2196.21,0.6,0.7,0.17,4.0,0.54,-44.05,-1.56,2824.23,0.55,1160.377,47.619,10.0,63.0
bcov_r2_ems_bGC_164_000000018_0001_0001,IL7Ra,0,Cao et al IL7Ra,53.0,0.0,0.0,0.0,0.0,0.21,0.22,0.74,22.398,25.0,0.0,0.0,7.36,12.89,-35.37,-2.61,1353.13,0.62,0.62,0.14,4.0,0.67,-55.96,-3.23,1732.4,0.64,812.847,41.86,4.0,43.0
bcov_v4_r4_ems_p1_15H_GBL_16H_GBL_16H_0129_0001_0001_0002_000000002_0001_0001_19_34_H____ems_p1_16H_GBL_16H_GABBL_16H_0045_0001_0001_0002_0001_0001_0001_0001,IL7Ra,1,Cao et al IL7Ra,56.0,0.718,0.816,0.348,0.662,0.92,0.93,0.9,4.396,0.9,0.362,0.872,1.91,2.04,-62.11,-3.49,1782.31,0.75,0.7,0.12,4.0,0.73,-65.72,-4.13,1589.43,0.64,923.262,47.727,5.0,44.0
binom16_pocket2pep86,EGFR,0,Adaptyv binder comp round 2,16.0,0.014,0.016,0.012,0.109,0.55,0.56,0.73,20.126,8.3,0.196,0.033,3.34,4.78,-63.61,-3.04,2089.35,0.7,0.6,0.25,11.0,0.6,-47.51,-2.33,2038.23,0.61,909.982,48.148,6.0,54.0
binom16_pocket2pep89,EGFR,0,Adaptyv binder comp round 2,17.0,0.014,0.016,0.013,0.11,0.55,0.55,0.78,18.995,8.8,0.175,0.04,6.53,22.15,-60.57,-2.6,2325.22,0.71,0.65,0.62,9.0,0.67,-39.7,-1.9,2087.45,0.6,1096.021,46.429,6.0,56.0
ccalia_conf58_160_3,EGFR,0,Adaptyv binder comp round 1,112.0,0.0,0.0,0.0,0.0,0.43,0.44,0.62,24.223,25.0,0.0,0.0,34.73,38.08,-56.84,-2.3,2470.6,0.64,0.57,0.04,5.0,0.56,-54.43,-1.69,3227.8,0.58,1414.783,47.887,9.0,71.0
christoph_gruber_UpperBinder_Scaffold3_LowerBinder,EGFR,0,Adaptyv binder comp round 2,116.0,0.329,0.563,0.154,0.311,0.79,0.79,0.55,20.8,2.3,0.508,0.076,20.44,25.49,-76.18,-2.23,3416.98,0.63,0.61,0.2,9.0,0.67,-77.31,-2.22,3475.17,0.55,1981.953,31.481,22.0,108.0
chuh_EGFR_Seg1_l58_s941869_mpnn2,EGFR,0,Adaptyv binder comp round 2,58.0,0.62,0.768,0.266,0.555,0.94,0.94,0.69,13.388,1.2,0.263,0.821,15.17,30.08,-40.7,-2.86,1422.83,0.7,0.64,0.15,6.0,0.67,-57.57,-2.66,2164.89,0.61,718.279,27.778,10.0,36.0
cside_mot_31efc13c780ed6f490de3a72028f6d05_0001_000000015_0001_2_11_H___bcov_4helix_01383_0001_0001,EGFR,0,Cao et al EGFR,65.0,0.0,0.0,0.0,0.0,0.19,0.2,0.74,22.186,25.0,0.0,0.0,18.58,35.73,-21.98,-2.21,993.95,0.57,0.66,0.12,6.0,0.74,-52.3,-3.16,1654.11,0.7,521.722,36.667,3.0,30.0
cside_mot_e0145147a46a99bf52938354812e8700_0001_000000006_0001_36_44_H___bcov_4helix_03631_0001_0001,EGFR,0,Cao et al EGFR,65.0,0.613,0.811,0.372,0.615,0.87,0.87,0.92,4.67,1.2,0.468,0.778,1.83,1.79,-42.02,-2.28,1840.39,0.69,0.63,0.18,9.0,0.7,-54.08,-2.86,1890.7,0.68,951.439,50.0,6.0,48.0
csplice_r1_ems_3hM_1972_000000001_0001_0001_2_11_H____6261e9fc671901e549fde597862c28fc_0001_0001_0002_0001_0001_15_48_HHH_32_18265_28_0001,VirB8,0,Cao et al VirB8,65.0,0.0,0.0,0.0,0.0,0.24,0.24,0.69,21.032,25.0,0.0,0.0,48.32,26.58,-30.71,-2.93,1047.68,0.65,0.54,0.37,3.0,0.74,-55.07,-3.8,1450.43,0.73,531.403,68.0,2.0,25.0
deepsatlow_design_0_n_0_mpnn_1_164_plddt_0_823_i_ptm_0_756_i_pae_15_687_rmsd_2_555,EGFR,0,Adaptyv binder comp round 1,69.0,0.424,0.637,0.213,0.413,0.88,0.88,0.71,13.552,1.9,0.466,0.69,42.65,43.67,-49.71,-2.34,2127.37,0.7,0.54,0.07,8.0,0.55,-44.93,-2.02,2226.61,0.58,1232.322,40.625,9.0,64.0
ems_3hM_1606_000000022_0001,FGFR2,0,Cao et al FGFR2,63.0,0.058,0.069,0.027,0.213,0.4,0.42,0.67,12.164,5.8,0.174,0.066,4.72,3.9,-48.67,-3.05,1596.67,0.69,0.68,0.21,2.0,0.77,-60.61,-3.51,1725.99,0.69,842.673,62.162,3.0,37.0
ems_3hM_1693_000000010_0001,FGFR2,0,Cao et al FGFR2,60.0,0.027,0.034,0.015,0.177,0.35,0.37,0.65,13.693,25.0,0.136,0.045,17.24,21.69,-50.57,-3.41,1482.02,0.7,0.62,0.07,5.0,0.75,-51.57,-3.42,1509.05,0.73,857.329,52.381,2.0,42.0
ems_ferrM_832_0001_000000001_0001,VirB8,0,Cao et al VirB8,60.0,0.014,0.017,0.012,0.083,0.3,0.38,0.73,16.659,25.0,0.126,0.029,47.2,24.42,-50.32,-3.01,1670.38,0.7,0.58,0.29,4.0,0.63,-47.31,-3.03,1561.85,0.73,875.335,59.524,2.0,42.0
ems_p1_14H_GBL_16H_GABBL_15H_0072_0001_0001_0002_000000007_0001,FGFR2,0,Cao et al FGFR2,53.0,0.57,0.667,0.291,0.653,0.83,0.83,0.86,4.73,1.3,0.226,0.616,3.55,2.84,-45.63,-3.18,1433.63,0.7,0.65,0.08,6.0,0.72,-70.12,-3.91,1793.05,0.68,769.468,50.0,1.0,38.0
ems_p1_15H_GBL_16H_GABBL_15H_0275_0001_0001_0002_000000029_0001,FGFR2,1,Cao et al FGFR2,54.0,0.025,0.036,0.016,0.196,0.35,0.38,0.66,12.842,25.0,0.104,0.055,20.04,22.87,-24.14,-2.23,1080.16,0.67,0.58,0.22,1.0,0.7,-58.16,-3.38,1719.49,0.7,776.911,45.238,2.0,42.0
fgndd1_fg_seq1,EGFR,0,Adaptyv binder comp round 2,154.0,0.327,0.355,0.148,0.226,0.78,0.78,0.67,17.665,4.6,0.511,0.157,6.5,10.18,-53.81,-2.02,2657.79,0.62,0.6,0.2,14.0,0.58,-43.84,-1.85,2370.66,0.6,1303.51,37.143,12.0,70.0
longxing_Grafting2_HHH_eva_0270_0002_0023_0001_0001,IL7Ra,0,Cao et al IL7Ra,63.0,0.015,0.048,0.013,0.132,0.49,0.5,0.78,13.802,7.3,0.102,0.073,4.82,5.89,-38.38,-2.32,1651.92,0.59,0.57,0.14,4.0,0.63,-49.94,-3.3,1514.85,0.63,885.318,47.619,7.0,42.0
longxing_Motif4_ems_p1_14H_GBL_16H_GABBL_15H_0565_0001_0001_0001_0001_0001_0004,TrkA,0,Cao et al TrkA,53.0,0.197,0.238,0.112,0.276,0.55,0.59,0.75,8.764,3.9,0.199,0.248,19.69,20.58,-38.57,-2.74,1407.07,0.56,0.61,0.17,5.0,0.71,-54.69,-3.41,1601.81,0.6,753.38,47.5,4.0,40.0
ltk_site1_normal_mot_HHH_b1_06834_000000201_0001_21_37_H___HHH_b2_07070_af2_0001_0000100006_0000001_0,LTK,0,Bennet paper LTK prospective,57.0,0.46,0.755,0.223,0.555,0.86,0.86,0.91,5.746,1.7,0.31,0.471,2.86,2.85,-50.99,-2.16,2356.67,0.52,0.69,0.12,14.0,0.6,-42.95,-2.35,1829.48,0.59,1118.151,42.105,8.0,57.0
ltk_site1_sap_21_mot_ems_3hC_963_000000042_0001_23_41_H___HHH_b1_06642_0001_0000100013_0000001_0_0001_af2pred_0001,LTK,0,Bennet paper LTK prospective,56.0,0.0,0.0,0.0,0.0,0.33,0.35,0.82,18.749,25.0,0.0,0.0,19.94,34.14,-51.81,-3.35,1545.49,0.69,0.63,0.03,4.0,0.68,-49.63,-2.82,1759.72,0.58,752.54,52.5,1.0,40.0
lyu_2,EGFR,0,Adaptyv binder comp round 2,100.0,0.561,0.65,0.301,0.433,0.88,0.89,0.68,14.815,1.7,0.541,0.67,38.32,45.44,-63.96,-2.36,2705.37,0.65,0.62,0.15,10.0,0.6,-71.17,-2.14,3320.83,0.62,1683.346,42.466,15.0,73.0
maxall4_EGFR_TRIM_l126_s498823_mpnn2_model1_unrelaxed_rank_001_alphafold2_multimer_v3_model_1_seed_000_top1_mutation_L39G_round1_Chain_A,EGFR,0,Adaptyv binder comp round 2,126.0,0.56,0.628,0.307,0.42,0.86,0.86,0.7,15.244,2.0,0.393,0.618,34.88,39.55,-57.89,-2.28,2543.36,0.72,0.62,0.22,12.0,0.64,-75.41,-2.14,3527.87,0.57,1360.424,44.444,11.0,72.0
mot_H_3h_hb1_6512_000000019_0001_14_18_H___EHEE_hb1_2690_0001_0001,InsulinR,0,Cao et al Insulin receptor,65.0,0.0,0.0,0.0,0.0,0.19,0.2,0.68,22.678,25.0,0.0,0.0,37.57,20.0,-41.03,-2.35,1746.55,0.56,0.55,0.09,11.0,0.65,-41.42,-3.02,1372.83,0.7,1042.059,32.0,11.0,50.0
mot_H_buried_HEEH_21875_000000000_0001_8_17_H___334a1c7ecad821806bad3ec2cf037196_0001_0001_0002_0001_0001,FGFR2,0,Cao et al FGFR2,65.0,0.412,0.447,0.211,0.44,0.71,0.71,0.77,8.673,1.7,0.331,0.487,4.54,5.04,-39.82,-2.73,1458.9,0.72,0.65,0.2,1.0,0.77,-70.58,-3.61,1953.99,0.73,728.78,48.649,5.0,37.0
mot_H_buried_HHH_eva_0108_000000014_0001_2_9_H___3h_hb1_2945_0001_0001,FGFR2,0,Cao et al FGFR2,63.0,0.652,0.684,0.37,0.634,0.84,0.85,0.85,5.27,1.0,0.407,0.579,3.8,3.29,-53.59,-3.06,1749.63,0.69,0.69,0.16,8.0,0.73,-63.69,-3.92,1623.62,0.77,925.824,48.077,4.0,52.0
mot_H_buried_ems_3hC_255_0002_000000000_0001_47_55_H___EHEE_hb1_811_0001_0002_0001_0001,FGFR2,0,Cao et al FGFR2,65.0,0.192,0.371,0.11,0.358,0.63,0.67,0.73,12.126,2.8,0.152,0.343,11.97,13.67,-40.15,-2.93,1368.64,0.74,0.63,0.17,2.0,0.73,-59.37,-3.38,1754.34,0.67,764.994,50.0,3.0,36.0
mot_H_fastrot_3h_hb1_3344_000000001_0001_47_55_H___3h_hb1_2466_0001_0001_0001_0001,FGFR2,0,Cao et al FGFR2,63.0,0.059,0.08,0.023,0.162,0.4,0.49,0.68,11.402,25.0,0.194,0.099,36.37,22.52,-41.88,-2.23,1875.75,0.47,0.62,0.27,1.0,0.72,-45.74,-2.9,1579.9,0.65,933.122,57.143,1.0,49.0
mot_H_fastrot_9bd462782c304fa80c4d96dd5304cc22_0001_1_000000000_0001_39_48_H___EHEE_hb1_2241_0001_0001_0001,FGFR2,0,Cao et al FGFR2,65.0,0.059,0.078,0.021,0.196,0.41,0.47,0.65,12.994,4.7,0.206,0.046,22.99,15.62,-39.32,-1.92,2050.39,0.59,0.6,0.12,4.0,0.73,-52.29,-3.26,1601.56,0.71,1102.149,53.448,1.0,58.0
mot_H_fastrot_HEEH_15960_000000006_0001_55_60_H___HHH_eva_0327_0001_0002_0001_0001,FGFR2,0,Cao et al FGFR2,63.0,0.015,0.022,0.013,0.138,0.34,0.38,0.64,13.831,5.8,0.2,0.048,1.83,2.96,-48.31,-2.62,1844.64,0.67,0.63,0.07,2.0,0.7,-62.98,-3.6,1748.39,0.69,945.279,52.083,5.0,48.0
mot_H_fastrot_cor_3h_hb1_3344_000000001_0001_47_52_H___9ab48f5443450482767dde66f0ee4c14_0001_1_0001_0001,FGFR2,0,Cao et al FGFR2,65.0,0.016,0.049,0.013,0.127,0.29,0.38,0.63,14.231,25.0,0.084,0.051,21.13,19.13,-42.85,-2.95,1452.83,0.67,0.54,0.24,3.0,0.73,-49.45,-2.9,1703.67,0.69,738.211,61.905,2.0,42.0
mot_H_fastrot_cor_3h_hb1_3849_000000004_0001_7_15_H___0ab3869da37c3a88770350829dbd1a7c_0001_0001_0001_0001_0001,FGFR2,0,Cao et al FGFR2,65.0,0.013,0.016,0.012,0.097,0.32,0.33,0.64,14.85,25.0,0.089,0.03,22.47,25.53,-30.09,-1.97,1530.33,0.6,0.58,0.24,2.0,0.74,-55.66,-3.64,1531.02,0.65,940.917,44.681,4.0,47.0
mot_H_fastrot_cor_3h_hb1_5971_000000012_0001_53_59_H___EHEE_hb1_3359_0001_0001_0001_0001,FGFR2,0,Cao et al FGFR2,65.0,0.012,0.014,0.011,0.053,0.22,0.22,0.59,17.571,25.0,0.104,0.022,13.51,27.28,-31.16,-2.01,1549.96,0.57,0.64,0.19,5.0,0.77,-45.86,-2.62,1747.31,0.7,863.421,39.535,6.0,43.0
mot_H_fastrot_cor_85931e5ecd843587efdb8cd577e0fb5b_0001_000000016_0001_36_43_H___3h_hb1_324_0001_0001_0001,FGFR2,1,Cao et al FGFR2,64.0,0.103,0.11,0.047,0.221,0.46,0.48,0.69,11.291,4.5,0.22,0.072,3.5,3.03,-46.52,-2.55,1824.15,0.54,0.54,0.03,5.0,0.71,-64.31,-3.25,1979.06,0.66,938.594,53.061,5.0,49.0
mot_H_fastrot_cor_abde7b46eeb91f9ac4683c589f713694_0001_000000000_0001_42_46_H___3h_hb1_935_0001_0001_0001_0001,FGFR2,0,Cao et al FGFR2,62.0,0.015,0.077,0.013,0.131,0.4,0.43,0.67,12.958,25.0,0.166,0.056,23.39,23.38,-49.05,-2.59,1895.3,0.62,0.6,0.13,5.0,0.77,-65.74,-3.92,1675.98,0.73,1054.132,53.846,4.0,52.0
mot_H_fastrot_cor_da9e5f86e81fca48f449e0e79ace5297_0001_1_000000005_0001_39_45_H___HHH_eva_0366_0001_0002_0001_0001,FGFR2,0,Cao et al FGFR2,63.0,0.017,0.02,0.014,0.14,0.3,0.33,0.62,15.171,6.2,0.179,0.03,10.6,11.64,-37.28,-2.08,1790.18,0.58,0.61,0.13,2.0,0.75,-60.31,-3.5,1724.69,0.67,1004.157,55.357,2.0,56.0
mot_H_fastrot_cor_ems_3hM_199_000000020_0001_56_61_H___EHEE_hb1_3459_0001_0001_0001_0001,FGFR2,0,Cao et al FGFR2,65.0,0.016,0.019,0.013,0.138,0.24,0.27,0.6,16.471,6.5,0.087,0.042,6.14,4.36,-35.0,-2.33,1501.55,0.64,0.6,0.09,1.0,0.74,-52.44,-2.93,1788.89,0.56,678.806,48.718,3.0,39.0
mot_H_fastrot_cor_ems_3hM_199_000000020_0001_56_61_H___EHEE_hb1_5187_0001_0001,FGFR2,0,Cao et al FGFR2,65.0,0.167,0.183,0.081,0.27,0.48,0.53,0.69,9.89,4.0,0.147,0.131,19.62,29.96,-37.34,-1.95,1910.51,0.58,0.56,0.16,4.0,0.7,-59.06,-3.11,1897.43,0.74,865.026,56.522,0.0,46.0
mot_H_fastrot_cor_ems_3hM_199_000000020_0001_56_61_H___ac8037d672c59d32580f387017a592c7_0001_1_0001_0001_0001,FGFR2,0,Cao et al FGFR2,65.0,0.05,0.095,0.017,0.162,0.45,0.48,0.7,11.564,25.0,0.199,0.084,17.62,20.52,-39.24,-2.34,1678.99,0.6,0.56,0.39,6.0,0.74,-55.67,-3.31,1683.24,0.67,919.296,55.556,4.0,45.0
mot_H_fastrot_cor_ems_3hM_199_000000020_0001_57_61_H___25c8cd20f61a57c51ae7d3a5fee6398f_0001_0001_0001_0001,FGFR2,0,Cao et al FGFR2,65.0,0.014,0.017,0.013,0.109,0.25,0.27,0.6,16.104,8.5,0.084,0.024,17.81,17.81,-39.86,-2.17,1833.47,0.59,0.62,0.25,6.0,0.74,-47.24,-3.11,1517.26,0.76,1028.561,49.02,3.0,51.0
mot_H_fastrot_cor_ems_3hM_199_000000020_0001_57_61_H___EHEE_hb1_4392_0001_0001_0001,FGFR2,0,Cao et al FGFR2,65.0,0.013,0.016,0.012,0.089,0.28,0.28,0.61,17.156,25.0,0.08,0.032,4.21,3.33,-45.86,-2.94,1561.27,0.75,0.57,0.03,5.0,0.71,-53.77,-3.35,1604.19,0.64,779.958,46.154,6.0,39.0
mot_H_fastrot_cor_ems_3hM_3402_000000021_0001_49_57_H___8dc12848c9cb0c29c3e7ea1f735f89c4_0001_0001_0001_0001,FGFR2,1,Cao et al FGFR2,65.0,0.012,0.014,0.011,0.081,0.26,0.3,0.61,16.494,25.0,0.114,0.031,20.86,34.21,-32.64,-2.06,1586.74,0.5,0.53,0.37,3.0,0.73,-47.91,-2.93,1636.16,0.62,827.116,44.444,2.0,45.0
mot_H_fastrot_cor_ems_3hM_3402_000000021_0001_49_57_H___ems_3hC_209_0002_0001_0001_0001_0001,FGFR2,0,Cao et al FGFR2,63.0,0.015,0.015,0.013,0.128,0.27,0.29,0.62,14.34,25.0,0.138,0.037,22.23,25.78,-33.29,-2.32,1432.74,0.67,0.65,0.06,0.0,0.71,-48.45,-3.3,1467.66,0.66,818.984,48.718,1.0,39.0
mot_H_fastrot_ems_3hC_244_0002_000000001_0001_25_34_H___3h_hb1_3061_0001_0001,FGFR2,0,Cao et al FGFR2,63.0,0.016,0.018,0.013,0.14,0.26,0.27,0.61,16.358,25.0,0.08,0.035,11.33,9.29,-37.92,-2.39,1585.35,0.66,0.57,0.06,0.0,0.75,-57.87,-3.47,1667.83,0.64,838.945,51.163,1.0,43.0
mot_H_normal_3h_hb1_1975_000000000_0001_25_33_H___EHEE_hb1_1924_0001_0001_0001,FGFR2,0,Cao et al FGFR2,65.0,0.043,0.049,0.017,0.172,0.37,0.4,0.65,12.92,6.0,0.121,0.047,6.3,10.13,-44.2,-2.83,1561.66,0.67,0.61,0.11,2.0,0.76,-59.3,-3.64,1627.0,0.68,918.093,48.936,4.0,47.0
mot_H_normal_3h_hb1_2992_000000003_0001_53_60_H___7b5c6d394d914027e7b210f270e2c206_0001_1_0001_0001_0001,FGFR2,0,Cao et al FGFR2,65.0,0.012,0.015,0.012,0.091,0.31,0.33,0.63,16.039,25.0,0.083,0.035,2.09,2.76,-42.72,-2.9,1472.62,0.71,0.43,0.15,3.0,0.62,-48.1,-2.92,1648.82,0.6,897.238,46.512,4.0,43.0
mot_H_normal_3h_hb1_3209_000000013_0001_59_63_H___ems_3hC_1249_0001_0001_0001,FGFR2,1,Cao et al FGFR2,64.0,0.681,0.766,0.408,0.684,0.86,0.86,0.88,4.435,0.9,0.378,0.79,3.22,2.58,-45.86,-2.98,1538.18,0.78,0.7,0.0,3.0,0.72,-52.68,-3.04,1732.12,0.7,833.894,44.186,4.0,43.0
mot_H_normal_3h_hb1_3627_000000010_0001_51_57_H___3h_hb1_6143_0001_0001_0001_0001,FGFR2,0,Cao et al FGFR2,62.0,0.473,0.499,0.287,0.545,0.76,0.77,0.83,6.093,2.1,0.25,0.575,3.72,5.06,-50.78,-3.35,1516.87,0.75,0.6,0.12,4.0,0.78,-57.43,-3.52,1629.46,0.72,765.089,55.263,1.0,38.0
mot_H_normal_3h_hb1_3627_000000010_0001_51_57_H___3h_hb1_856_0001_0001_0001_0001,FGFR2,0,Cao et al FGFR2,64.0,0.022,0.055,0.018,0.159,0.39,0.44,0.66,14.103,25.0,0.102,0.09,36.27,21.16,-33.23,-2.65,1255.9,0.61,0.65,0.3,1.0,0.7,-60.8,-3.67,1657.73,0.65,650.926,58.065,3.0,31.0
mot_H_normal_3h_hb1_5058_000000000_0001_25_34_H___8bd06ebc3cbedac15846a86c2748c4c6_0001_1_0001_0001_0001,FGFR2,0,Cao et al FGFR2,65.0,0.466,0.587,0.278,0.537,0.71,0.74,0.8,6.208,1.7,0.341,0.565,20.02,19.71,-59.71,-3.34,1787.34,0.71,0.62,0.13,8.0,0.64,-45.12,-3.19,1412.74,0.69,941.692,48.936,7.0,47.0
mot_H_normal_3h_hb1_5666_000000013_0001_34_42_H___3h_hb1_1802_0001_0001_0001,FGFR2,0,Cao et al FGFR2,64.0,0.169,0.219,0.111,0.321,0.52,0.55,0.71,8.847,3.7,0.236,0.18,22.08,18.71,-35.71,-2.51,1420.15,0.59,0.57,0.09,3.0,0.69,-58.74,-3.53,1665.23,0.63,735.488,47.5,3.0,40.0
mot_H_normal_3h_hb1_5890_000000015_0001_50_60_H___EHEE_hb1_2514_0001_0001_0001,FGFR2,0,Cao et al FGFR2,65.0,0.016,0.018,0.013,0.113,0.26,0.3,0.61,15.437,25.0,0.125,0.029,26.92,16.76,-38.4,-2.22,1726.0,0.62,0.69,0.03,3.0,0.74,-55.68,-3.61,1542.13,0.66,905.568,56.522,2.0,46.0
mot_H_normal_3h_hb1_6816_000000000_0001_50_58_H___3h_hb1_3520_0001_0001_0001_0001,FGFR2,0,Cao et al FGFR2,63.0,0.014,0.018,0.013,0.107,0.23,0.27,0.61,16.921,25.0,0.084,0.03,21.15,20.68,-26.76,-2.0,1336.23,0.55,0.57,0.12,1.0,0.71,-57.95,-3.45,1680.8,0.75,735.815,50.0,2.0,34.0
mot_H_normal_3h_hb1_6816_000000000_0001_50_58_H___EHEE_hb1_2988_0001_0001_0001,FGFR2,0,Cao et al FGFR2,65.0,0.047,0.082,0.019,0.21,0.39,0.43,0.66,12.822,25.0,0.16,0.052,18.24,15.06,-53.8,-2.91,1849.07,0.7,0.63,0.08,4.0,0.73,-49.47,-3.01,1644.14,0.67,892.66,47.917,4.0,48.0
mot_H_normal_3h_hb1_6816_000000000_0001_50_58_H___HEEHE_2751_0001_0001_0001_0001,FGFR2,0,Cao et al FGFR2,65.0,0.134,0.165,0.071,0.267,0.48,0.52,0.7,11.005,4.0,0.128,0.116,23.94,20.31,-32.71,-2.33,1401.93,0.6,0.6,0.16,2.0,0.75,-53.34,-3.44,1550.56,0.63,709.995,45.455,7.0,33.0
mot_H_normal_HEEH_08897_000000013_0001_46_56_H___3h_hb1_4885_0001_0001_0001_0001,FGFR2,0,Cao et al FGFR2,62.0,0.181,0.255,0.111,0.334,0.47,0.57,0.7,8.706,3.0,0.193,0.223,2.36,2.34,-43.63,-2.76,1578.32,0.71,0.63,0.04,6.0,0.72,-52.11,-3.08,1692.79,0.73,827.097,48.649,3.0,37.0
mot_H_normal_HHH_eva_0047_000000004_0001_10_18_H___EHEE_hb1_4567_0001_0001_0001,FGFR2,0,Cao et al FGFR2,65.0,0.0,0.0,0.0,0.0,0.17,0.19,0.58,20.863,25.0,0.0,0.0,22.06,34.8,-42.72,-2.6,1641.74,0.67,0.54,0.12,4.0,0.74,-46.89,-3.13,1496.33,0.7,927.312,47.826,3.0,46.0
mot_H_normal_beeaf63b05778b6dc4e0d4755a79d7be_0001_1_000000001_0001_39_45_H___EHEE_hb1_808_0001_0001_0001_0001,FGFR2,0,Cao et al FGFR2,65.0,0.174,0.22,0.085,0.278,0.51,0.55,0.71,10.869,4.4,0.198,0.077,21.74,12.51,-75.95,-2.94,2582.77,0.68,0.6,0.1,7.0,0.69,-59.71,-3.43,1739.47,0.68,1387.019,38.806,7.0,67.0
mot_H_normal_beeaf63b05778b6dc4e0d4755a79d7be_0001_1_000000001_0001_39_45_H___c8a99ad6d7b1b78de11449349f5e49fc_0001_1_0001_0001_0001,FGFR2,0,Cao et al FGFR2,65.0,0.017,0.038,0.013,0.13,0.39,0.42,0.66,13.54,6.4,0.114,0.052,19.47,23.02,-35.84,-2.45,1464.74,0.63,0.6,0.23,1.0,0.68,-54.51,-3.2,1706.06,0.65,654.174,58.537,3.0,41.0
mot_H_normal_cf0768f3acfb5f6faa02b7828d906f37_0001_000000002_0001_40_44_H___ems_3hM_289_0001_0001_0001,FGFR2,0,Cao et al FGFR2,62.0,0.034,0.045,0.017,0.218,0.33,0.34,0.64,13.403,5.7,0.151,0.048,7.23,6.83,-36.17,-2.3,1575.86,0.54,0.59,0.12,1.0,0.64,-61.4,-3.55,1730.12,0.67,783.035,46.341,0.0,41.0
mot_H_normal_ems_3hM_1633_000000000_0001_11_16_H___ems_4hC_2031_0002_0001_0001_0001,FGFR2,0,Cao et al FGFR2,62.0,0.08,0.093,0.038,0.249,0.39,0.43,0.67,11.584,4.5,0.157,0.094,13.72,8.87,-38.4,-2.63,1457.53,0.63,0.65,0.19,2.0,0.69,-56.16,-3.5,1603.11,0.66,834.826,59.524,1.0,42.0
mot_H_normal_f8f8a4152cc90f14bb898546c27f9520_0001_000000018_0001_34_43_H___3h_hb1_2521_0001_0001_0001,FGFR2,0,Cao et al FGFR2,64.0,0.031,0.039,0.016,0.199,0.38,0.39,0.66,13.37,5.3,0.181,0.055,23.54,19.78,-28.35,-2.02,1403.69,0.48,0.57,0.16,2.0,0.68,-50.37,-3.01,1674.34,0.65,873.603,41.463,3.0,41.0
mot_P_normal_EHEE_hb1_2925_000000016_0001_5_7_61_63_P___EHEE_hb1_1535_0001_0001_0001,FGFR2,0,Cao et al FGFR2,65.0,0.012,0.012,0.011,0.067,0.17,0.19,0.57,19.179,25.0,0.07,0.018,15.88,8.7,-38.14,-2.94,1298.25,0.71,0.65,0.07,3.0,0.76,-54.12,-3.48,1553.99,0.72,658.397,45.946,2.0,37.0
mot_P_normal_ems_bGC_257_000000021_0001_39_43_46_48_P___HEEHE_1580_0001_0001_0001,FGFR2,0,Cao et al FGFR2,65.0,0.243,0.324,0.146,0.398,0.5,0.54,0.71,8.483,2.6,0.123,0.269,18.47,19.98,-26.52,-2.21,1200.11,0.42,0.59,0.17,1.0,0.66,-52.96,-3.23,1640.65,0.65,519.757,50.0,2.0,30.0
nasr_kaveh_ZistRayaneshDesign_08,EGFR,0,Adaptyv binder comp round 1,80.0,0.0,0.0,0.0,0.0,0.22,0.23,0.58,28.505,25.0,0.0,0.0,20.26,61.26,-13.25,-1.46,910.52,0.49,0.57,0.46,1.0,0.64,-57.01,-2.29,2488.21,0.59,431.182,34.483,1.0,29.0
nickboyd_Domain2_Seq1,EGFR,0,Adaptyv binder comp round 1,43.0,0.091,0.336,0.056,0.243,0.77,0.79,0.67,17.03,4.5,0.347,0.196,34.53,43.78,-39.68,-2.38,1664.79,0.68,0.58,0.33,7.0,0.51,-16.38,-1.11,1480.83,0.59,877.41,46.809,10.0,47.0
nickboyd_Dual_Seq1,EGFR,0,Adaptyv binder comp round 1,43.0,0.013,0.014,0.012,0.074,0.57,0.58,0.63,21.293,25.0,0.181,0.036,34.29,43.24,-44.78,-2.92,1535.46,0.66,0.61,0.41,6.0,0.64,-40.06,-2.04,1960.04,0.62,721.494,56.757,3.0,37.0
nsplice_r1_EHEE_01784_000000022_0001_0001_27_36_H____77c945addde205f5321b01ec35fdea5f_0001_0001_0002_0001_0001_17_51_HHH_05_25361_36_0001,VirB8,0,Cao et al VirB8,65.0,0.013,0.017,0.012,0.084,0.31,0.33,0.71,16.982,10.0,0.122,0.039,39.16,21.89,-44.43,-2.81,1580.59,0.62,0.63,0.17,3.0,0.75,-73.56,-3.97,1854.79,0.71,854.189,59.091,2.0,44.0
nsplice_r1_ems_3hM_1972_000000001_0001_0001_2_11_H____62b95a6957470920c8f1bc82cc7c5399_0001_1_0001_0001_0001_0001_36_64_HHH_04_02085_41_0001,VirB8,0,Cao et al VirB8,65.0,0.016,0.029,0.013,0.128,0.37,0.42,0.74,13.779,6.4,0.15,0.078,45.12,21.75,-35.48,-2.68,1321.82,0.64,0.53,0.17,2.0,0.75,-49.03,-3.29,1492.23,0.71,692.483,56.098,4.0,41.0
p53_AF2_22,Mdm2,1,Mdm2 Watson et al,105.0,0.765,0.817,0.535,0.725,0.9,0.91,0.89,3.541,0.8,0.366,0.862,2.07,1.65,-44.4,-2.73,1624.94,0.66,0.52,0.08,6.0,0.69,-52.06,-2.78,1873.58,0.6,855.464,42.857,6.0,42.0
p53_AF2_23,Mdm2,1,Mdm2 Watson et al,78.0,0.479,0.714,0.309,0.535,0.83,0.84,0.79,6.188,1.0,0.404,0.786,4.15,2.97,-53.53,-2.83,1889.37,0.68,0.62,0.12,7.0,0.67,-48.24,-2.77,1743.71,0.55,889.476,44.186,9.0,43.0
p53_AF2_80,Mdm2,0,Mdm2 Watson et al,93.0,0.795,0.828,0.58,0.75,0.9,0.91,0.91,3.269,0.8,0.476,0.874,2.12,1.99,-62.38,-3.26,1914.81,0.66,0.57,0.26,8.0,0.54,-57.57,-2.91,1978.46,0.53,979.595,44.0,7.0,50.0
p53_AF2_84,Mdm2,1,Mdm2 Watson et al,105.0,0.789,0.81,0.542,0.727,0.9,0.9,0.9,3.572,0.8,0.461,0.883,4.15,3.21,-42.47,-2.4,1767.53,0.65,0.45,0.09,3.0,0.58,-53.87,-2.85,1891.94,0.64,965.704,42.222,4.0,45.0
p53_AF2_96,Mdm2,0,Mdm2 Watson et al,94.0,0.638,0.695,0.429,0.636,0.83,0.83,0.85,4.535,1.0,0.458,0.671,5.61,5.5,-61.0,-3.06,1995.76,0.66,0.6,0.12,9.0,0.72,-46.02,-2.47,1861.08,0.65,1070.467,42.857,4.0,49.0
pol_2a1759941bcf27235298e31dcfefb43e_0001_1_000000022_0001,FGFR2,0,Cao et al FGFR2,65.0,0.016,0.016,0.014,0.117,0.24,0.28,0.61,16.58,25.0,0.12,0.028,15.8,16.44,-31.59,-2.2,1432.88,0.61,0.61,0.14,3.0,0.74,-54.8,-3.16,1731.47,0.68,762.011,59.524,0.0,42.0
pol_994e7806e43dddd6db744b5b0d69dc86_0001_000000003_0001_0001,FGFR2,0,Cao et al FGFR2,65.0,0.229,0.248,0.123,0.302,0.52,0.6,0.71,9.414,3.4,0.227,0.199,17.2,18.34,-34.38,-2.58,1334.56,0.66,0.59,0.19,2.0,0.53,-49.94,-2.82,1770.27,0.66,778.183,52.5,3.0,40.0
pol_EHEE_hb1_2872_000000012_0001_0001,FGFR2,0,Cao et al FGFR2,65.0,0.159,0.24,0.096,0.321,0.55,0.58,0.71,9.63,3.4,0.192,0.275,29.15,18.61,-42.85,-3.4,1258.65,0.75,0.68,0.16,4.0,0.64,-46.3,-3.34,1386.69,0.69,697.689,54.054,4.0,37.0
pol_EHEE_hb1_3969_000000012_0001_0001,FGFR2,0,Cao et al FGFR2,65.0,0.016,0.017,0.014,0.172,0.27,0.28,0.59,17.1,6.9,0.095,0.032,11.27,8.84,-32.4,-2.25,1442.44,0.54,0.63,0.17,1.0,0.69,-54.58,-3.26,1675.08,0.67,708.289,51.351,2.0,37.0
pol_d98b4791b6225abad9199bf72535a804_0001_000000004_0001,FGFR2,0,Cao et al FGFR2,65.0,0.392,0.446,0.243,0.518,0.69,0.72,0.78,6.606,2.2,0.174,0.456,19.77,20.77,-46.27,-3.29,1408.4,0.72,0.57,0.22,2.0,0.68,-54.62,-3.32,1643.08,0.64,801.657,50.0,2.0,42.0
pol_ems_3hC_807_000000012_0001_0001,FGFR2,1,Cao et al FGFR2,63.0,0.626,0.666,0.358,0.652,0.82,0.83,0.84,4.991,1.1,0.318,0.694,2.06,2.27,-47.18,-3.26,1446.11,0.69,0.62,0.0,2.0,0.68,-57.96,-3.48,1663.78,0.66,711.288,53.659,1.0,41.0
pol_proteinG_5342_000000025_0001_0001,FGFR2,0,Cao et al FGFR2,57.0,0.013,0.015,0.011,0.078,0.24,0.3,0.61,16.512,25.0,0.102,0.023,15.42,25.79,-42.5,-2.35,1806.46,0.62,0.57,0.27,5.0,0.71,-47.7,-2.88,1658.4,0.64,984.854,49.057,5.0,53.0
praghava531_seq2,EGFR,0,Adaptyv binder comp round 2,120.0,0.3,0.466,0.129,0.225,0.75,0.77,0.73,12.382,3.2,0.495,0.305,1.19,3.68,-63.99,-2.14,2992.11,0.6,0.62,0.34,10.0,0.56,-60.66,-2.11,2874.23,0.49,1566.996,44.578,7.0,83.0
rif_fastrot_51795df6240b2cd79629f11a12b4f3c7_0001_000000000_0001_0001,FGFR2,1,Cao et al FGFR2,65.0,0.77,0.816,0.477,0.731,0.9,0.9,0.9,3.605,0.9,0.505,0.862,2.09,2.76,-60.58,-3.6,1681.32,0.8,0.64,0.26,4.0,0.77,-76.03,-4.0,1901.84,0.72,996.282,54.0,7.0,50.0
rif_fastrot_6cf85767c3c437fdad13c89943aa8bc5_0001_1_000000001_0001_0001,FGFR2,0,Cao et al FGFR2,65.0,0.03,0.05,0.016,0.182,0.37,0.38,0.65,13.065,5.2,0.123,0.065,2.72,2.8,-37.54,-2.96,1269.96,0.7,0.6,0.14,7.0,0.74,-56.3,-3.31,1699.01,0.65,697.354,47.059,5.0,34.0
rif_fastrot_9006757272de5ee680fdc16be6fae3a9_0001_000000017_0001,FGFR2,0,Cao et al FGFR2,65.0,0.017,0.018,0.014,0.158,0.31,0.35,0.63,14.017,25.0,0.123,0.052,20.22,23.41,-34.29,-2.66,1287.51,0.59,0.68,0.29,2.0,0.65,-58.46,-3.6,1624.42,0.71,664.931,66.667,3.0,36.0
rif_fastrot_EHEE_hb1_1948_000000024_0001_0001,FGFR2,0,Cao et al FGFR2,65.0,0.024,0.039,0.014,0.168,0.37,0.4,0.66,13.848,25.0,0.129,0.063,26.11,20.21,-28.59,-2.19,1304.23,0.51,0.59,0.16,3.0,0.63,-53.68,-3.3,1626.76,0.66,763.029,45.455,5.0,44.0
rif_fastrot_EHEE_hb1_3919_000000026_0001_0001,FGFR2,0,Cao et al FGFR2,65.0,0.015,0.016,0.013,0.137,0.24,0.26,0.59,16.436,25.0,0.115,0.026,23.69,17.8,-39.87,-2.58,1544.62,0.59,0.67,0.03,4.0,0.71,-51.18,-2.89,1773.16,0.65,787.641,46.154,4.0,39.0
rif_fastrot_EHEE_hb1_3994_000000001_0001_0001,FGFR2,0,Cao et al FGFR2,65.0,0.068,0.089,0.029,0.22,0.41,0.47,0.66,12.142,4.6,0.205,0.08,15.73,9.04,-45.9,-3.12,1469.74,0.71,0.62,0.1,2.0,0.76,-54.21,-3.4,1593.8,0.68,775.57,44.186,3.0,43.0
rif_fastrot_EHEE_hb1_440_000000002_1_0001_0001,FGFR2,0,Cao et al FGFR2,65.0,0.021,0.027,0.015,0.181,0.37,0.39,0.64,14.172,7.2,0.153,0.075,15.09,13.18,-36.59,-2.84,1289.45,0.72,0.68,0.16,0.0,0.79,-48.85,-3.06,1595.29,0.75,781.392,41.463,4.0,41.0
rif_fastrot_cor_EHEE_hb1_1152_000000021_0001_0001,FGFR2,0,Cao et al FGFR2,65.0,0.039,0.045,0.017,0.167,0.36,0.39,0.64,14.618,25.0,0.081,0.067,28.21,31.33,-32.72,-2.69,1216.94,0.61,0.51,0.22,1.0,0.71,-51.14,-3.01,1700.41,0.66,704.64,57.895,1.0,38.0
rif_fastrot_cor_e1ef7646c543dd7f18ed19a7dd011b02_0001_000000014_0001_0001,FGFR2,0,Cao et al FGFR2,65.0,0.329,0.369,0.178,0.476,0.7,0.71,0.76,7.313,2.6,0.355,0.426,16.08,9.04,-47.21,-3.1,1523.78,0.73,0.61,0.19,4.0,0.63,-44.27,-2.91,1521.5,0.67,842.914,56.41,6.0,39.0
rif_fastrot_cor_ferr_hb1_3895_000000014_0001,FGFR2,0,Cao et al FGFR2,63.0,0.013,0.017,0.012,0.093,0.29,0.31,0.63,16.454,25.0,0.078,0.033,13.54,12.41,-41.14,-3.09,1331.3,0.73,0.59,0.14,3.0,0.65,-54.73,-3.38,1619.86,0.64,702.782,47.368,2.0,38.0
rif_fastrot_ems_ferrC_597_000000021_0001_0001,FGFR2,0,Cao et al FGFR2,61.0,0.015,0.015,0.013,0.092,0.23,0.29,0.61,18.121,25.0,0.087,0.025,21.68,23.85,-37.11,-2.97,1249.64,0.76,0.71,0.29,5.0,0.63,-41.06,-2.78,1474.83,0.69,694.273,40.0,5.0,35.0
rif_normal_0e3f7ae2dfe2e0c7426aff15e073e7fc_0001_000000000_0001_0001,FGFR2,0,Cao et al FGFR2,65.0,0.021,0.04,0.017,0.185,0.33,0.35,0.63,13.818,5.0,0.091,0.054,3.88,3.2,-41.99,-3.08,1361.4,0.69,0.58,0.32,2.0,0.65,-54.9,-3.47,1580.17,0.61,702.565,51.429,1.0,35.0
rif_normal_6a3f5630ac42a4c189826c2fb9d87020_0001_000000001_0001,FGFR2,0,Cao et al FGFR2,65.0,0.7,0.711,0.361,0.658,0.87,0.87,0.86,4.736,1.0,0.394,0.79,3.57,3.6,-44.9,-2.91,1544.23,0.59,0.63,0.27,7.0,0.71,-56.3,-3.68,1529.45,0.69,795.408,51.111,3.0,45.0
rif_normal_9251b64d05f072e7c0db923aea53daa8_0001_000000007_0001_0001,FGFR2,0,Cao et al FGFR2,65.0,0.018,0.021,0.014,0.17,0.31,0.31,0.62,14.24,25.0,0.072,0.051,20.98,20.73,-29.18,-2.42,1205.49,0.62,0.65,0.16,4.0,0.76,-57.54,-3.27,1758.51,0.69,678.4,64.865,2.0,37.0
rif_normal_EHEE_hb1_1953_000000002_0001_0001,FGFR2,0,Cao et al FGFR2,65.0,0.019,0.045,0.016,0.196,0.32,0.36,0.62,14.926,5.8,0.135,0.048,14.92,8.36,-40.81,-2.93,1392.41,0.65,0.67,0.19,3.0,0.74,-53.73,-3.25,1651.75,0.67,776.584,48.571,3.0,35.0
rif_normal_EHEE_hb1_3176_000000006_0001,FGFR2,0,Cao et al FGFR2,65.0,0.013,0.016,0.012,0.097,0.21,0.26,0.57,17.623,25.0,0.07,0.022,21.68,13.75,-40.15,-2.41,1663.68,0.54,0.61,0.16,4.0,0.73,-58.92,-3.31,1778.79,0.58,886.456,53.846,6.0,39.0
rif_normal_EHEE_hb1_3313_000000005_0001_0001,FGFR2,0,Cao et al FGFR2,65.0,0.0,0.0,0.0,0.0,0.2,0.28,0.58,19.452,25.0,0.0,0.0,28.61,25.93,-37.9,-2.94,1287.45,0.61,0.59,0.3,2.0,0.71,-57.32,-3.35,1711.68,0.64,640.106,58.333,1.0,36.0
theraven_sequence10,EGFR,0,Adaptyv binder comp round 1,71.0,0.158,0.192,0.072,0.148,0.74,0.74,0.62,18.243,5.5,0.377,0.196,38.05,44.46,-53.65,-2.76,1946.86,0.64,0.6,0.15,3.0,0.69,-62.7,-2.55,2462.78,0.61,1081.662,50.0,6.0,56.0
x_rustamov_m_18_41,EGFR,1,Adaptyv binder comp round 1,100.0,0.597,0.672,0.333,0.439,0.89,0.9,0.72,13.45,1.7,0.509,0.715,35.42,43.36,-62.84,-2.39,2626.09,0.63,0.68,0.31,11.0,0.68,-69.13,-2.3,3010.91,0.58,1559.902,37.5,16.0,72.0
x_rustamov_s_15_28,EGFR,0,Adaptyv binder comp round 1,100.0,0.248,0.392,0.131,0.269,0.77,0.78,0.64,17.435,4.9,0.45,0.255,35.33,43.35,-60.73,-2.5,2433.26,0.63,0.68,0.13,8.0,0.58,-55.1,-2.0,2753.31,0.64,1371.932,41.935,12.0,62.0
2bnr_03_4200_70_0_15,pMHC_NY1,0,pMHC screening NY1,117.0,0.052,0.114,0.021,0.164,0.82,0.83,0.86,12.403,5.4,0.269,0.117,1.05,1.35,-47.74,-1.89,2530.01,0.63,0.69,0.38,3.0,0.65,-64.57,-2.35,2747.19,0.65,1395.443,48.571,1.0,70.0
2bnr_04_4600_136_1_2,pMHC_NY1,0,pMHC screening NY1,132.0,0.525,0.777,0.353,0.655,0.92,0.93,0.94,4.669,1.2,0.328,0.853,2.31,2.47,-64.23,-2.37,2714.26,0.66,0.73,0.45,8.0,0.63,-68.22,-2.66,2563.97,0.66,1210.74,45.161,5.0,62.0
2bnr_27_7_3_9_temp001_dldesign_192_af2pred,pMHC_NY1,1,pMHC screening NY2,145.0,0.603,0.847,0.406,0.695,0.94,0.94,0.95,4.3,0.9,0.431,0.92,0.98,1.29,-73.47,-2.61,2813.95,0.65,0.75,0.41,13.0,0.68,-76.3,-2.75,2775.84,0.67,1477.812,44.595,13.0,74.0
2bnr_27_7_3_9_temp001_dldesign_870_af2pred,pMHC_NY1,1,pMHC screening NY2,145.0,0.659,0.873,0.434,0.715,0.95,0.95,0.95,3.798,0.8,0.445,0.936,1.16,1.66,-65.54,-2.3,2846.11,0.63,0.66,0.38,7.0,0.67,-75.14,-2.53,2968.91,0.71,1467.512,46.667,10.0,75.0
2bnr_27_7_3_9_temp003_dldesign_141_af2pred,pMHC_NY1,0,pMHC screening NY2,145.0,0.54,0.8,0.367,0.658,0.93,0.93,0.94,4.591,1.2,0.408,0.895,1.57,2.69,-68.55,-2.68,2554.55,0.61,0.69,0.37,12.0,0.65,-74.85,-2.53,2956.86,0.67,1399.346,44.928,9.0,69.0
AKAP9_binder_13,pMHC_SILSY1,0,pMHC screening SILSY1,124.0,0.528,0.729,0.36,0.544,0.94,0.95,0.95,4.855,0.9,0.379,0.836,1.12,2.06,-60.13,-2.13,2818.89,0.58,0.62,0.38,9.0,0.61,-65.86,-2.38,2766.39,0.7,1491.916,40.0,7.0,70.0
AKAP9_binder_18,pMHC_SILSY1,0,pMHC screening SILSY1,124.0,0.52,0.729,0.365,0.566,0.95,0.95,0.95,4.944,0.9,0.402,0.796,1.28,2.07,-61.96,-2.04,3033.72,0.55,0.68,0.23,18.0,0.57,-59.6,-2.11,2826.42,0.65,1635.436,39.726,18.0,73.0
AKAP9_binder_1_dldesign_25_af2pred,pMHC_SILSY1,0,pMHC screening SILSY1,124.0,0.603,0.797,0.384,0.692,0.94,0.94,0.95,4.193,1.0,0.419,0.921,0.88,1.26,-70.93,-2.42,2934.36,0.64,0.64,0.49,9.0,0.64,-70.26,-2.34,2998.5,0.65,1604.391,43.662,14.0,71.0
AKAP9_binder_21_dldesign_10_af2pred,pMHC_SILSY1,0,pMHC screening SILSY1,124.0,0.56,0.77,0.379,0.674,0.94,0.95,0.94,3.987,1.0,0.389,0.903,2.79,5.12,-57.1,-2.11,2708.93,0.53,0.65,0.3,9.0,0.67,-67.66,-2.21,3066.4,0.57,1439.264,36.111,10.0,72.0
AKAP9_binder_30,pMHC_SILSY1,0,pMHC screening SILSY1,146.0,0.497,0.752,0.333,0.53,0.94,0.94,0.94,5.759,1.0,0.361,0.733,1.37,1.48,-58.83,-2.01,2926.16,0.59,0.63,0.44,11.0,0.58,-65.65,-2.1,3123.35,0.58,1604.678,47.5,7.0,80.0
EHEE_12100_000000019_0001,VirB8,0,Cao et al VirB8,65.0,0.059,0.073,0.019,0.18,0.5,0.55,0.77,12.575,25.0,0.168,0.09,44.98,23.02,-38.54,-2.48,1556.24,0.59,0.61,0.06,6.0,0.62,-48.02,-2.87,1675.59,0.7,847.599,53.659,5.0,41.0
Grafting_Motif0042_ems_3hC_645_0002_0001_0002,FGFR2,0,Cao et al FGFR2,61.0,0.014,0.014,0.013,0.102,0.31,0.35,0.64,14.347,25.0,0.075,0.046,27.03,33.96,-19.02,-1.98,958.98,0.58,0.6,0.24,3.0,0.73,-65.55,-3.5,1872.61,0.71,555.155,41.935,1.0,31.0
Grafting_Motif0070_ems_3hM_1812_0001,FGFR2,0,Cao et al FGFR2,59.0,0.015,0.015,0.013,0.137,0.25,0.26,0.62,15.079,25.0,0.126,0.037,20.12,25.39,-35.49,-2.61,1361.95,0.71,0.64,0.04,5.0,0.69,-62.78,-3.66,1717.58,0.67,687.64,55.0,1.0,40.0
Grafting_Motif0072_HEEHE_0918_0001_0002,FGFR2,0,Cao et al FGFR2,65.0,0.018,0.033,0.015,0.174,0.32,0.36,0.64,13.49,25.0,0.1,0.041,10.89,10.96,-50.68,-3.19,1590.34,0.66,0.62,0.18,2.0,0.72,-72.94,-3.75,1945.41,0.67,733.685,61.905,2.0,42.0
Grafting_Motif0072_bcov_4helix_02172_0001_0002,FGFR2,0,Cao et al FGFR2,65.0,0.559,0.615,0.297,0.597,0.8,0.81,0.84,5.891,1.3,0.222,0.496,3.16,2.44,-44.84,-2.75,1631.56,0.65,0.65,0.16,4.0,0.74,-63.78,-3.85,1658.09,0.68,796.81,53.659,1.0,41.0
Grafting_Motif0176_ems_3hC_1386_0001,FGFR2,0,Cao et al FGFR2,60.0,0.057,0.083,0.031,0.22,0.36,0.43,0.66,11.841,5.1,0.089,0.083,10.06,13.33,-39.67,-2.91,1364.1,0.66,0.66,0.09,0.0,0.73,-63.77,-3.67,1739.41,0.68,772.649,47.368,3.0,38.0
Grafting_Motif0184_HHH_eva_0266_0001_0001,FGFR2,0,Cao et al FGFR2,62.0,0.644,0.683,0.343,0.654,0.84,0.85,0.86,4.796,1.2,0.341,0.757,3.68,4.27,-46.99,-2.98,1575.91,0.66,0.71,0.14,2.0,0.65,-61.79,-3.26,1897.97,0.62,875.11,48.837,4.0,43.0
Grafting_Motif0184_ems_3hM_2313_0001_0003,FGFR2,0,Cao et al FGFR2,64.0,0.061,0.095,0.033,0.234,0.41,0.42,0.67,11.818,4.6,0.095,0.081,15.95,14.47,-41.47,-2.39,1734.6,0.52,0.57,0.09,0.0,0.69,-64.9,-3.17,2049.02,0.64,775.338,48.649,0.0,37.0
Grafting_Motif0253_ems_3hM_2325_0001,FGFR2,0,Cao et al FGFR2,64.0,0.0,0.0,0.0,0.0,0.15,0.17,0.57,22.954,25.0,0.0,0.0,38.66,21.02,-32.97,-2.61,1261.29,0.66,0.64,0.09,1.0,0.8,-67.41,-4.12,1635.52,0.71,661.643,59.375,2.0,32.0
Grafting_Motif0263_ems_3hM_1859_0001_0003,FGFR2,0,Cao et al FGFR2,64.0,0.055,0.058,0.023,0.207,0.39,0.41,0.66,11.978,25.0,0.08,0.069,18.18,19.81,-38.09,-2.69,1418.1,0.69,0.55,0.09,3.0,0.66,-60.69,-3.41,1781.82,0.69,729.447,51.282,5.0,39.0
Grafting_Motif0355_bcov_4helix_03460_0001,FGFR2,0,Cao et al FGFR2,65.0,0.015,0.015,0.012,0.111,0.32,0.34,0.62,15.014,25.0,0.115,0.038,18.58,24.11,-31.8,-2.44,1300.82,0.53,0.59,0.21,2.0,0.7,-59.5,-3.49,1703.51,0.58,747.252,52.778,2.0,36.0
Grafting_Motif0394_bcov_4helix_09747_0001_0002,FGFR2,0,Cao et al FGFR2,65.0,0.507,0.53,0.301,0.508,0.75,0.77,0.8,7.172,1.6,0.268,0.553,16.64,35.13,-48.33,-3.07,1576.79,0.62,0.61,0.24,5.0,0.7,-56.33,-3.33,1692.96,0.57,919.759,46.512,3.0,43.0
Grafting_Motif0394_ems_3hC_290_0001_0002,FGFR2,0,Cao et al FGFR2,63.0,0.017,0.018,0.015,0.176,0.29,0.3,0.62,15.044,5.7,0.095,0.034,23.81,21.95,-39.53,-2.76,1431.74,0.62,0.7,0.07,6.0,0.72,-62.45,-3.4,1835.91,0.66,735.02,47.5,2.0,40.0
Grafting_Motif0394_ems_3hM_439_0001_0002,FGFR2,0,Cao et al FGFR2,61.0,0.113,0.113,0.032,0.19,0.46,0.47,0.69,11.592,4.6,0.152,0.114,4.11,6.94,-35.54,-2.97,1198.58,0.67,0.62,0.15,1.0,0.72,-57.17,-3.58,1597.2,0.7,671.718,53.125,1.0,32.0
Grafting_Motif0609_ems_3hC_1734_0001,FGFR2,0,Cao et al FGFR2,63.0,0.016,0.017,0.014,0.176,0.3,0.32,0.63,14.392,25.0,0.11,0.043,9.67,10.72,-34.3,-2.52,1362.83,0.55,0.59,0.06,4.0,0.67,-54.59,-3.35,1629.65,0.72,764.478,40.0,2.0,40.0
Grafting_Motif0612_HHH_eva_0773_0001,FGFR2,0,Cao et al FGFR2,53.0,0.021,0.021,0.015,0.196,0.32,0.34,0.64,13.966,25.0,0.1,0.046,3.16,3.9,-39.56,-2.57,1536.85,0.69,0.63,0.21,5.0,0.78,-59.57,-3.92,1520.85,0.68,695.268,54.054,1.0,37.0
Grafting_Motif0612_bcov_4helix_13479_0001,FGFR2,0,Cao et al FGFR2,65.0,0.013,0.015,0.012,0.095,0.24,0.26,0.6,16.161,25.0,0.088,0.03,7.31,11.42,-33.43,-2.95,1134.83,0.72,0.63,0.2,1.0,0.75,-57.06,-3.82,1493.37,0.63,726.965,57.895,1.0,38.0
Grafting_Motif1153_ems_3hM_1239_0001_0003,FGFR2,1,Cao et al FGFR2,64.0,0.017,0.044,0.013,0.152,0.34,0.37,0.63,14.59,6.3,0.126,0.053,5.59,4.42,-43.47,-3.15,1380.58,0.74,0.62,0.15,5.0,0.77,-67.32,-3.93,1714.89,0.67,815.046,46.667,3.0,45.0
HEEHE_1652_000000020_0001,FGFR2,0,Cao et al FGFR2,65.0,0.526,0.607,0.284,0.493,0.76,0.78,0.83,6.429,1.4,0.282,0.553,15.42,11.2,-54.58,-3.56,1532.56,0.71,0.63,0.26,3.0,0.76,-74.7,-3.89,1921.58,0.71,825.858,56.098,5.0,41.0
HHH_eva_0506_000000003_0001,FGFR2,0,Cao et al FGFR2,55.0,0.644,0.706,0.345,0.684,0.86,0.86,0.86,4.454,1.1,0.368,0.688,1.99,2.06,-50.61,-3.28,1541.0,0.66,0.68,0.11,6.0,0.68,-65.21,-3.62,1802.51,0.69,841.392,45.238,6.0,42.0
HHH_eva_0516_000000019_0001,FGFR2,0,Cao et al FGFR2,51.0,0.485,0.623,0.268,0.655,0.78,0.8,0.84,4.895,1.4,0.378,0.826,17.92,18.38,-49.88,-2.94,1696.57,0.82,0.67,0.24,3.0,0.7,-70.71,-3.64,1940.69,0.72,805.249,60.0,7.0,35.0
IL7Ra_binder_AF2_26,IL7Ra,1,IL7Ra Watson et al,67.0,0.69,0.805,0.392,0.658,0.9,0.9,0.9,4.476,1.0,0.348,0.881,1.35,1.21,-49.05,-2.78,1765.83,0.65,0.6,0.14,6.0,0.64,-58.82,-3.4,1730.75,0.6,989.796,34.884,8.0,43.0
IL7Ra_binder_AF2_32,IL7Ra,0,IL7Ra Watson et al,97.0,0.402,0.42,0.246,0.341,0.73,0.73,0.85,8.138,2.7,0.358,0.403,1.65,1.92,-53.8,-2.56,2102.34,0.62,0.57,0.04,7.0,0.65,-59.9,-3.03,1975.67,0.62,1043.327,50.98,7.0,51.0
IL7Ra_binder_AF2_39,IL7Ra,0,IL7Ra Watson et al,94.0,0.741,0.827,0.458,0.641,0.89,0.89,0.89,4.761,1.0,0.414,0.858,1.52,1.94,-52.33,-2.65,1976.53,0.66,0.52,0.11,9.0,0.64,-55.63,-2.81,1977.6,0.58,1076.264,36.538,9.0,52.0
IL7Ra_binder_AF2_94,IL7Ra,0,IL7Ra Watson et al,56.0,0.587,0.774,0.331,0.642,0.88,0.88,0.9,4.805,1.2,0.248,0.799,1.26,1.09,-50.12,-3.22,1554.56,0.75,0.67,0.17,4.0,0.7,-62.24,-3.93,1585.35,0.66,828.473,50.0,4.0,40.0
Insulin_receptor_binder_AF2_10,InsulinR,0,InsulinR Watson et al,65.0,0.293,0.311,0.145,0.275,0.71,0.73,0.83,8.883,3.6,0.373,0.359,4.14,4.56,-49.89,-2.94,1698.62,0.64,0.63,0.14,5.0,0.6,-60.71,-3.46,1756.26,0.62,981.984,39.216,7.0,51.0
Insulin_receptor_binder_AF2_17,InsulinR,0,InsulinR Watson et al,80.0,0.177,0.268,0.093,0.243,0.45,0.6,0.74,10.223,4.1,0.197,0.238,1.77,1.87,-49.53,-3.22,1539.89,0.67,0.66,0.12,4.0,0.66,-55.97,-3.29,1699.09,0.59,929.338,42.553,7.0,47.0
Insulin_receptor_binder_AF2_49,InsulinR,1,InsulinR Watson et al,58.0,0.686,0.801,0.41,0.717,0.9,0.9,0.92,3.883,1.1,0.381,0.844,2.37,2.2,-56.52,-3.09,1831.65,0.69,0.66,0.21,7.0,0.69,-72.11,-3.63,1986.64,0.66,937.838,45.833,6.0,48.0
Insulin_receptor_binder_AF2_62,InsulinR,1,InsulinR Watson et al,65.0,0.735,0.852,0.466,0.669,0.9,0.91,0.91,4.21,1.0,0.246,0.915,1.42,2.13,-55.95,-3.27,1708.38,0.75,0.61,0.26,7.0,0.68,-54.68,-3.07,1779.96,0.59,963.375,40.0,6.0,50.0
Insulin_receptor_binder_AF2_83,InsulinR,1,InsulinR Watson et al,79.0,0.606,0.672,0.397,0.624,0.83,0.84,0.89,5.031,1.5,0.303,0.735,1.96,2.01,-65.94,-3.23,2038.46,0.67,0.64,0.05,9.0,0.58,-62.21,-2.96,2102.02,0.61,1077.627,40.0,12.0,55.0
Motif0001_HHH_eva_0268_0001_0001_0001,EGFR,0,Cao et al EGFR,63.0,0.013,0.02,0.012,0.101,0.29,0.3,0.77,17.99,25.0,0.062,0.041,17.54,16.3,-27.57,-2.06,1335.16,0.61,0.59,0.16,2.0,0.69,-66.92,-3.35,1998.63,0.64,568.606,51.613,3.0,31.0
Motif0003_HEEHE_2966_0001_0004_1457_0001,FGFR2,1,Cao et al FGFR2,65.0,0.701,0.771,0.415,0.642,0.87,0.87,0.89,4.586,0.9,0.412,0.806,2.16,2.26,-64.84,-4.04,1606.22,0.77,0.68,0.28,7.0,0.78,-61.97,-3.93,1576.18,0.73,839.018,55.0,6.0,40.0
Motif0003_HEEHE_2967_0001_0002_2146_0001,FGFR2,0,Cao et al FGFR2,65.0,0.675,0.732,0.393,0.646,0.86,0.86,0.88,4.971,1.0,0.402,0.723,3.32,3.11,-49.95,-3.14,1588.24,0.74,0.75,0.16,1.0,0.73,-70.0,-3.63,1930.65,0.68,825.23,60.0,2.0,40.0
Motif0005_HEEHE_2188_0001_0002_2651_0001,FGFR2,0,Cao et al FGFR2,65.0,0.051,0.052,0.018,0.209,0.39,0.41,0.66,13.336,25.0,0.159,0.041,13.02,12.24,-48.41,-2.59,1870.34,0.62,0.65,0.13,2.0,0.71,-71.47,-3.81,1873.51,0.66,957.967,56.818,1.0,44.0
Motif0010_p1_15H_GBL_16H_GABBL_16H_0021_0001_0001_0002_0001_0002_1258_0001,FGFR2,0,Cao et al FGFR2,55.0,0.426,0.52,0.252,0.597,0.74,0.76,0.8,5.783,1.8,0.423,0.68,2.3,3.31,-37.86,-2.42,1565.3,0.59,0.63,0.2,3.0,0.77,-64.58,-3.72,1734.08,0.69,733.229,57.5,4.0,40.0
Motif0018_HEEHE_1852_0001_0001_7381_0001,FGFR2,0,Cao et al FGFR2,65.0,0.395,0.486,0.224,0.44,0.72,0.73,0.81,7.33,1.5,0.349,0.378,13.9,17.17,-61.69,-3.6,1712.56,0.71,0.7,0.25,7.0,0.64,-52.21,-3.28,1591.46,0.67,1017.798,48.936,7.0,47.0
Motif0018_ems_3hC_59_0002_0001_0003_3445_0001,FGFR2,0,Cao et al FGFR2,62.0,0.69,0.771,0.396,0.697,0.86,0.87,0.88,4.547,0.9,0.431,0.771,1.64,2.01,-59.89,-3.43,1746.81,0.79,0.66,0.04,4.0,0.69,-63.16,-3.5,1806.24,0.71,924.864,59.524,7.0,42.0
Motif0019_ems_3hM_2678_0001_1680_0001,FGFR2,0,Cao et al FGFR2,64.0,0.019,0.029,0.015,0.178,0.34,0.35,0.63,14.323,5.3,0.137,0.054,4.58,3.98,-43.21,-3.17,1363.74,0.71,0.6,0.06,2.0,0.8,-72.44,-4.14,1748.81,0.64,763.082,41.463,3.0,41.0
Motif0023_HHH_eva_0033_0001_0002_9443_0001,FGFR2,0,Cao et al FGFR2,63.0,0.269,0.292,0.16,0.351,0.64,0.65,0.77,8.743,3.2,0.264,0.269,15.66,31.55,-41.55,-2.26,1837.5,0.53,0.54,0.2,4.0,0.74,-74.8,-3.91,1912.47,0.71,977.919,48.936,7.0,47.0
Motif0037_ems_3hM_2229_0001_4944_0001,FGFR2,0,Cao et al FGFR2,64.0,0.577,0.615,0.36,0.641,0.81,0.82,0.84,5.638,1.5,0.377,0.662,15.14,28.17,-44.32,-2.58,1719.26,0.67,0.64,0.23,5.0,0.7,-66.29,-3.78,1752.4,0.63,972.435,43.478,6.0,46.0
Motif0093_ems_3hC_241_0001_0001_0001,EGFR,0,Cao et al EGFR,64.0,0.0,0.0,0.0,0.0,0.17,0.18,0.74,21.62,25.0,0.0,0.0,22.04,22.84,-30.8,-1.76,1754.9,0.57,0.61,0.17,2.0,0.7,-48.69,-3.14,1551.89,0.68,943.402,45.455,2.0,44.0
Motif0126_ems_3hC_798_0002_0001_0003_0001,EGFR,0,Cao et al EGFR,64.0,0.049,0.069,0.023,0.147,0.43,0.5,0.8,12.292,25.0,0.205,0.112,13.24,14.85,-21.9,-1.65,1329.63,0.59,0.58,0.12,1.0,0.73,-57.14,-3.44,1663.06,0.62,712.756,36.111,10.0,36.0
Motif0160_bcov_4helix_01592_0001_8914_0001,FGFR2,0,Cao et al FGFR2,65.0,0.065,0.107,0.029,0.208,0.4,0.47,0.66,11.549,5.9,0.135,0.09,3.38,3.19,-36.81,-2.57,1433.89,0.6,0.62,0.18,2.0,0.7,-55.92,-3.12,1793.41,0.63,700.149,43.59,1.0,39.0
Motif0174_p1_15H_GBL_16H_GABBL_16H_0359_0001_0001_0002_0001_0001,EGFR,0,Cao et al EGFR,55.0,0.012,0.012,0.012,0.026,0.38,0.41,0.8,16.302,25.0,0.284,0.024,18.75,27.07,-47.35,-2.54,1863.99,0.66,0.57,0.15,5.0,0.65,-59.11,-3.13,1887.04,0.64,1117.325,50.0,9.0,56.0
Motif0205_ems_3hM_1748_0001_9927_0001,FGFR2,0,Cao et al FGFR2,61.0,0.013,0.016,0.012,0.07,0.2,0.24,0.6,18.219,25.0,0.05,0.03,24.38,21.09,-32.81,-2.19,1500.39,0.65,0.54,0.12,5.0,0.69,-60.01,-3.27,1835.79,0.71,649.183,50.0,2.0,36.0
Motif0210_ems_3hM_568_0001_0002_0001,InsulinR,0,Cao et al Insulin receptor,60.0,0.015,0.017,0.012,0.108,0.26,0.28,0.73,17.9,25.0,0.081,0.023,18.07,18.66,-54.9,-3.05,1799.0,0.71,0.68,0.16,2.0,0.68,-52.69,-3.04,1735.96,0.7,908.062,55.814,1.0,43.0
Motif0263_bcov_4helix_01138_0001_0001_3576_0001,FGFR2,0,Cao et al FGFR2,65.0,0.014,0.018,0.013,0.137,0.29,0.3,0.63,15.102,25.0,0.201,0.041,6.42,7.77,-31.2,-2.23,1401.9,0.62,0.69,0.17,3.0,0.73,-59.76,-3.58,1668.73,0.65,694.599,62.5,1.0,40.0
Motif0273_HHH_eva_0140_0001_0001_4094_0001,FGFR2,1,Cao et al FGFR2,61.0,0.017,0.057,0.013,0.128,0.31,0.4,0.64,13.036,25.0,0.092,0.069,20.57,20.08,-51.18,-2.82,1816.88,0.68,0.52,0.18,5.0,0.74,-66.35,-3.56,1865.49,0.63,875.93,51.111,1.0,45.0
Motif0273_bcov_4helix_03804_0001_2827_0001,FGFR2,1,Cao et al FGFR2,65.0,0.717,0.722,0.395,0.68,0.88,0.88,0.87,4.746,1.0,0.462,0.674,2.46,3.61,-59.42,-3.3,1801.26,0.74,0.65,0.2,4.0,0.75,-66.36,-3.77,1761.94,0.7,964.191,58.696,2.0,46.0
Motif0277_bcov_4helix_01612_0001_179_0001,FGFR2,0,Cao et al FGFR2,65.0,0.016,0.068,0.014,0.157,0.39,0.42,0.67,12.732,7.0,0.102,0.065,2.53,3.66,-56.14,-3.59,1562.7,0.78,0.58,0.2,2.0,0.72,-56.54,-3.16,1787.11,0.73,776.08,61.538,1.0,39.0
Motif0394_bcov_4helix_06236_0001_0001_3233_0001,FGFR2,0,Cao et al FGFR2,65.0,0.015,0.016,0.013,0.128,0.26,0.28,0.6,15.503,25.0,0.079,0.031,20.79,24.91,-33.68,-2.6,1293.85,0.69,0.65,0.19,1.0,0.78,-63.93,-4.08,1567.79,0.65,710.743,52.778,1.0,36.0
Motif0486_ems_3hC_1502_0001_0002,SARS_CoV2_RBD,1,Cao et al SARS_CoV2_RBD,64.0,0.67,0.793,0.415,0.666,0.9,0.9,0.89,5.28,1.2,0.359,0.815,3.03,4.19,-53.04,-2.97,1784.25,0.65,0.69,0.0,8.0,0.72,-63.26,-3.61,1752.36,0.68,885.024,35.294,12.0,51.0
Motif0525_bcov_4helix_10645_0001_0002,SARS_CoV2_RBD,0,Cao et al SARS_CoV2_RBD,65.0,0.014,0.015,0.012,0.099,0.41,0.46,0.75,16.293,25.0,0.141,0.04,53.25,28.87,-26.52,-2.35,1130.39,0.69,0.64,0.2,4.0,0.68,-50.39,-3.02,1666.69,0.76,619.606,58.333,4.0,36.0
Motif0557_bcov_4helix_05632_0001,SARS_CoV2_RBD,0,Cao et al SARS_CoV2_RBD,65.0,0.0,0.0,0.0,0.0,0.17,0.19,0.7,22.848,25.0,0.0,0.0,22.31,29.67,-29.43,-1.74,1688.22,0.54,0.7,0.19,3.0,0.68,-55.0,-3.13,1759.15,0.73,831.792,53.191,0.0,47.0
Motif0605_bcov_4helix_06216_0001,SARS_CoV2_RBD,0,Cao et al SARS_CoV2_RBD,65.0,0.0,0.0,0.0,0.0,0.1,0.11,0.68,27.202,25.0,0.0,0.0,18.68,48.07,-18.91,-1.45,1304.28,0.56,0.71,0.37,4.0,0.65,-54.45,-2.79,1954.98,0.65,792.511,30.556,4.0,36.0
Motif0744_ems_3hM_3547_0001_9440_0001,FGFR2,1,Cao et al FGFR2,61.0,0.644,0.692,0.342,0.656,0.85,0.85,0.85,5.022,1.1,0.39,0.665,2.36,3.82,-51.04,-3.07,1662.59,0.71,0.63,0.1,7.0,0.77,-62.65,-3.38,1853.65,0.67,885.346,53.333,6.0,45.0
Motif1002_bcov_4helix_00777_0001_0002_1928_0001,FGFR2,0,Cao et al FGFR2,65.0,0.055,0.093,0.03,0.187,0.41,0.45,0.67,13.537,6.0,0.094,0.148,15.88,5.79,-39.04,-3.33,1173.87,0.68,0.65,0.15,2.0,0.77,-69.03,-3.71,1861.81,0.64,645.249,51.515,1.0,33.0
Motif1005_HEEHE_0423_0001_0003_7155_0001,FGFR2,0,Cao et al FGFR2,65.0,0.015,0.024,0.013,0.135,0.34,0.37,0.64,14.766,25.0,0.095,0.053,15.82,17.63,-33.4,-2.75,1214.25,0.67,0.72,0.18,1.0,0.71,-56.41,-3.14,1794.38,0.66,629.251,50.0,1.0,34.0
Motif1005_HHH_eva_0219_0001_0003_1_1752_0001,FGFR2,0,Cao et al FGFR2,61.0,0.015,0.017,0.013,0.102,0.28,0.3,0.62,15.708,25.0,0.059,0.056,24.58,21.75,-40.9,-3.07,1333.36,0.75,0.64,0.13,1.0,0.74,-80.49,-4.18,1924.92,0.69,597.618,55.882,1.0,34.0
Motif1012_ems_3hC_496_0002_0001_0002_6439_0001,FGFR2,0,Cao et al FGFR2,64.0,0.015,0.019,0.013,0.141,0.25,0.26,0.61,15.83,25.0,0.086,0.038,22.76,20.28,-28.6,-2.3,1242.03,0.62,0.66,0.09,3.0,0.75,-57.78,-3.03,1909.65,0.67,651.979,47.368,0.0,38.0
Motif1014_HHH_eva_0215_0001_0003_5631_0001,FGFR2,0,Cao et al FGFR2,59.0,0.02,0.035,0.015,0.166,0.3,0.34,0.64,13.319,7.2,0.066,0.05,15.73,17.71,-23.14,-1.99,1161.0,0.63,0.62,0.23,1.0,0.78,-69.98,-3.63,1929.85,0.67,767.518,50.0,5.0,36.0
Motif1016_HEEHE_1259_0001_0001_8982_0001,FGFR2,0,Cao et al FGFR2,65.0,0.054,0.113,0.019,0.181,0.42,0.49,0.67,12.48,5.9,0.16,0.071,21.09,19.57,-41.76,-2.39,1746.95,0.57,0.65,0.21,3.0,0.75,-73.04,-3.86,1894.67,0.59,856.035,52.381,0.0,42.0
Motif1016_HEEHE_2129_0002_9143_0001,FGFR2,0,Cao et al FGFR2,65.0,0.031,0.052,0.016,0.184,0.36,0.38,0.65,13.109,5.4,0.073,0.085,26.4,22.46,-37.48,-3.03,1236.03,0.68,0.6,0.16,2.0,0.71,-75.15,-4.09,1836.04,0.58,599.591,51.613,0.0,31.0
Motif1016_HEEHE_2429_0001_0002_7656_0001,FGFR2,0,Cao et al FGFR2,65.0,0.169,0.191,0.047,0.224,0.51,0.53,0.7,10.897,4.2,0.137,0.139,2.6,2.37,-44.99,-3.25,1382.72,0.67,0.63,0.3,2.0,0.79,-69.5,-4.04,1718.81,0.7,691.205,65.714,1.0,35.0
Motif1016_ems_3hM_483_0001_0003_1_7740_0001,FGFR2,0,Cao et al FGFR2,63.0,0.086,0.096,0.039,0.226,0.35,0.43,0.65,11.81,5.2,0.1,0.074,22.95,20.45,-47.45,-3.41,1392.53,0.71,0.66,0.17,3.0,0.65,-59.46,-2.99,1989.17,0.65,847.479,54.054,0.0,37.0
Motif1019_HHH_eva_0609_0001_3943_0001,FGFR2,0,Cao et al FGFR2,50.0,0.05,0.087,0.021,0.176,0.39,0.47,0.69,11.807,25.0,0.183,0.062,15.11,15.76,-41.6,-2.58,1613.84,0.62,0.54,0.27,4.0,0.76,-59.12,-3.5,1687.12,0.73,935.899,53.333,5.0,45.0
Motif1045_HEEHE_0529_0001_0004_1540_0001,FGFR2,0,Cao et al FGFR2,65.0,0.103,0.105,0.032,0.2,0.46,0.49,0.68,11.764,4.7,0.189,0.091,16.52,12.59,-41.99,-2.83,1485.33,0.62,0.62,0.12,2.0,0.8,-85.79,-4.47,1920.25,0.71,815.868,50.0,2.0,40.0
Motif1045_HEEHE_2135_0001_0002_8671_0001,FGFR2,0,Cao et al FGFR2,65.0,0.015,0.016,0.012,0.12,0.27,0.29,0.61,16.076,25.0,0.075,0.028,13.58,14.28,-35.85,-2.62,1365.89,0.59,0.59,0.1,3.0,0.72,-61.77,-3.51,1759.64,0.61,707.247,51.282,2.0,39.0
Motif1045_HEEHE_3044_0001_0001_4549_0001,FGFR2,1,Cao et al FGFR2,65.0,0.773,0.837,0.48,0.722,0.9,0.9,0.91,3.666,0.8,0.507,0.884,2.26,2.67,-66.98,-3.77,1778.46,0.78,0.69,0.07,8.0,0.79,-84.69,-4.21,2011.86,0.67,924.617,57.5,4.0,40.0
Motif1050_HEEHE_1912_0001_0002_6344_0001,FGFR2,0,Cao et al FGFR2,65.0,0.016,0.027,0.014,0.132,0.32,0.42,0.62,13.421,25.0,0.129,0.055,20.12,18.45,-63.25,-4.05,1559.84,0.62,0.64,0.19,4.0,0.78,-64.0,-3.4,1884.76,0.61,857.895,57.143,2.0,42.0
Motif1050_HEEHE_2333_0001_0002_6656_0001,FGFR2,0,Cao et al FGFR2,65.0,0.03,0.074,0.015,0.158,0.4,0.45,0.66,13.052,25.0,0.099,0.057,17.54,19.69,-44.44,-3.04,1463.33,0.68,0.67,0.16,2.0,0.79,-69.15,-3.9,1773.88,0.7,758.272,55.263,0.0,38.0
Motif1050_HEEHE_2395_0001_6241_0001,FGFR2,0,Cao et al FGFR2,65.0,0.085,0.111,0.027,0.25,0.43,0.48,0.68,11.954,25.0,0.18,0.092,13.59,13.96,-60.27,-4.04,1493.23,0.56,0.63,0.13,5.0,0.7,-54.87,-3.13,1755.05,0.69,801.529,54.762,1.0,42.0
Motif1061_HEEHE_3053_0001_3081_0001,FGFR2,0,Cao et al FGFR2,65.0,0.015,0.016,0.013,0.147,0.27,0.28,0.61,14.585,25.0,0.058,0.033,4.88,4.66,-43.24,-2.84,1521.7,0.61,0.66,0.14,3.0,0.72,-67.72,-3.19,2123.7,0.69,565.799,64.706,1.0,34.0
Motif1062_bcov_4helix_11454_0001_6778_0001,FGFR2,0,Cao et al FGFR2,65.0,0.013,0.017,0.012,0.095,0.27,0.29,0.62,17.163,25.0,0.075,0.028,14.75,22.61,-39.12,-2.46,1587.57,0.65,0.53,0.28,4.0,0.67,-66.08,-3.7,1786.27,0.65,811.178,50.0,2.0,40.0
Motif1082_HEEHE_2296_0001_9485_0001,FGFR2,0,Cao et al FGFR2,65.0,0.149,0.169,0.074,0.239,0.55,0.56,0.71,10.426,3.9,0.174,0.114,9.96,13.16,-38.07,-2.59,1468.17,0.53,0.46,0.1,1.0,0.72,-60.36,-3.29,1835.07,0.68,793.563,53.488,2.0,43.0
Motif1101_bcov_4helix_07181_0001_2378_0001,FGFR2,0,Cao et al FGFR2,65.0,0.123,0.149,0.066,0.263,0.43,0.49,0.68,10.759,4.7,0.105,0.094,16.53,9.92,-43.01,-3.07,1400.66,0.73,0.62,0.26,2.0,0.73,-61.01,-3.31,1845.17,0.65,795.875,52.381,0.0,42.0
Motif1104_bcov_4helix_07645_0001_0003_7165_0001,FGFR2,0,Cao et al FGFR2,65.0,0.046,0.079,0.016,0.156,0.37,0.46,0.64,12.638,5.9,0.174,0.065,15.75,24.64,-30.67,-2.28,1343.28,0.66,0.65,0.29,0.0,0.74,-65.0,-3.58,1814.82,0.63,783.55,64.286,0.0,42.0
Motif1108_HEEHE_1692_0002_8996_0001,FGFR2,0,Cao et al FGFR2,65.0,0.017,0.042,0.013,0.131,0.34,0.37,0.64,13.837,25.0,0.095,0.073,20.43,26.18,-34.85,-2.89,1203.98,0.7,0.58,0.27,2.0,0.76,-58.52,-3.41,1716.88,0.6,679.361,54.286,1.0,35.0
Motif1110_ems_3hM_1918_0001_0003_1392_0001,FGFR2,0,Cao et al FGFR2,62.0,0.015,0.016,0.014,0.141,0.32,0.34,0.63,14.49,25.0,0.155,0.036,20.27,14.28,-42.52,-2.63,1614.62,0.64,0.57,0.09,1.0,0.69,-79.2,-3.6,2201.72,0.64,856.761,54.545,1.0,44.0
Motif1111_HEEHE_1843_0001_6171_0001,FGFR2,0,Cao et al FGFR2,65.0,0.015,0.017,0.013,0.118,0.31,0.35,0.62,14.875,25.0,0.106,0.037,17.18,17.13,-35.73,-2.74,1304.56,0.56,0.6,0.37,1.0,0.78,-57.55,-3.57,1610.89,0.71,743.672,54.054,0.0,37.0
Motif1188_ems_3hM_232_0001_0006_2289_0001,FGFR2,1,Cao et al FGFR2,64.0,0.046,0.067,0.02,0.218,0.35,0.38,0.64,12.589,25.0,0.188,0.07,17.71,23.64,-37.63,-2.27,1660.87,0.58,0.54,0.04,5.0,0.71,-69.37,-3.87,1793.3,0.72,879.651,42.222,2.0,45.0
Motif1188_ems_4hM_3689_0001_9117_0001,FGFR2,0,Cao et al FGFR2,62.0,0.19,0.222,0.117,0.313,0.52,0.58,0.72,9.642,4.0,0.206,0.171,20.22,27.44,-41.65,-2.75,1512.56,0.76,0.68,0.19,3.0,0.8,-59.25,-3.88,1527.18,0.6,841.592,54.545,4.0,44.0
Motif1227_HHH_eva_0022_0001_0001_154_0001,FGFR2,0,Cao et al FGFR2,59.0,0.159,0.17,0.073,0.235,0.5,0.56,0.71,10.451,4.3,0.216,0.153,14.67,27.25,-40.56,-2.42,1679.13,0.63,0.64,0.24,2.0,0.7,-73.71,-3.78,1952.01,0.66,803.077,54.762,3.0,42.0
Motif1418_ems_3hM_3264_0001_8609_0001,FGFR2,0,Cao et al FGFR2,62.0,0.315,0.382,0.184,0.468,0.67,0.69,0.78,7.242,2.3,0.194,0.343,4.26,3.3,-47.12,-3.18,1482.97,0.76,0.6,0.18,2.0,0.75,-57.13,-3.38,1688.63,0.66,782.12,60.976,3.0,41.0
Motif1994_HHH_b1_06749_0001_0001,SARS_CoV2_RBD,0,Cao et al SARS_CoV2_RBD,56.0,0.0,0.0,0.0,0.0,0.25,0.25,0.74,21.154,25.0,0.0,0.0,18.28,29.23,-36.33,-2.53,1436.2,0.59,0.6,0.22,4.0,0.69,-49.95,-2.86,1747.48,0.66,763.174,44.444,2.0,36.0
NYESO_parent_binder_partial_10_3_210_dldesign_1_af2pred,pMHC_NY1,0,pMHC screening NY2,145.0,0.568,0.808,0.384,0.678,0.93,0.94,0.94,4.311,1.1,0.393,0.905,1.07,1.96,-69.89,-2.46,2842.27,0.57,0.65,0.47,8.0,0.58,-68.61,-2.46,2791.46,0.62,1606.869,46.053,9.0,76.0
NYESO_parent_binder_partial_20_2_310_dldesign_1_af2pred,pMHC_NY1,0,pMHC screening NY2,145.0,0.615,0.833,0.395,0.696,0.94,0.94,0.94,4.326,0.9,0.427,0.932,1.3,1.31,-75.82,-2.65,2862.15,0.6,0.65,0.42,10.0,0.65,-74.97,-2.53,2958.77,0.65,1525.623,47.297,12.0,74.0
Pdl1_binder_AF2_23,Pdl1,0,Pdl1 Watson et al,92.0,0.561,0.567,0.394,0.591,0.79,0.8,0.87,5.178,1.9,0.438,0.677,25.12,19.17,-47.71,-2.76,1727.03,0.62,0.66,0.05,8.0,0.52,-44.11,-2.44,1808.36,0.67,917.937,42.857,7.0,49.0
Pdl1_binder_AF2_38,Pdl1,0,Pdl1 Watson et al,91.0,0.769,0.811,0.495,0.693,0.88,0.88,0.9,3.987,1.0,0.474,0.775,2.97,2.28,-50.58,-2.77,1826.82,0.67,0.69,0.36,9.0,0.65,-44.28,-2.29,1932.95,0.62,922.754,37.778,6.0,45.0
Pdl1_binder_AF2_54,Pdl1,1,Pdl1 Watson et al,93.0,0.723,0.759,0.479,0.678,0.85,0.85,0.89,4.04,1.1,0.471,0.83,1.51,1.37,-55.73,-3.47,1606.77,0.7,0.73,0.2,6.0,0.73,-57.58,-3.29,1748.38,0.73,896.422,45.238,3.0,42.0
Pdl1_binder_AF2_57,Pdl1,0,Pdl1 Watson et al,96.0,0.828,0.84,0.596,0.745,0.91,0.91,0.93,3.024,0.9,0.531,0.862,1.85,1.39,-40.67,-2.24,1815.99,0.54,0.66,0.2,5.0,0.61,-44.39,-2.26,1966.52,0.7,990.504,32.609,11.0,46.0
Pdl1_binder_AF2_66,Pdl1,0,Pdl1 Watson et al,65.0,0.017,0.026,0.013,0.153,0.36,0.4,0.71,12.922,25.0,0.171,0.068,7.31,5.61,-25.52,-1.81,1410.67,0.56,0.77,0.19,4.0,0.74,-39.68,-2.98,1332.33,0.67,717.55,44.444,8.0,36.0
Trka_binder_AF2_28,TrkA,0,TrkA Watson et al,55.0,0.418,0.572,0.23,0.58,0.73,0.74,0.82,6.404,1.7,0.299,0.691,1.69,1.61,-43.31,-2.99,1449.27,0.67,0.58,0.26,4.0,0.73,-45.98,-3.32,1383.1,0.6,697.308,54.054,4.0,37.0
Trka_binder_AF2_52,TrkA,0,TrkA Watson et al,54.0,0.326,0.489,0.196,0.518,0.69,0.7,0.81,6.17,2.1,0.246,0.569,1.86,2.39,-42.38,-2.87,1477.38,0.73,0.62,0.3,4.0,0.72,-39.43,-2.86,1376.59,0.66,782.109,42.857,5.0,35.0
Trka_binder_AF2_73,TrkA,1,TrkA Watson et al,65.0,0.69,0.784,0.437,0.678,0.86,0.86,0.9,3.933,1.0,0.357,0.914,1.86,1.99,-39.59,-2.74,1447.62,0.7,0.67,0.35,4.0,0.73,-43.24,-2.9,1488.69,0.54,802.133,41.026,7.0,39.0
Trka_binder_AF2_74,TrkA,0,TrkA Watson et al,65.0,0.697,0.792,0.451,0.719,0.87,0.87,0.9,3.594,1.1,0.482,0.889,1.82,2.25,-49.43,-2.82,1750.25,0.59,0.65,0.19,8.0,0.73,-49.65,-2.87,1729.05,0.64,877.592,42.857,11.0,42.0
Trka_binder_AF2_75,TrkA,0,TrkA Watson et al,88.0,0.715,0.788,0.504,0.7,0.86,0.87,0.89,3.802,1.1,0.46,0.868,1.66,1.77,-40.81,-2.25,1812.8,0.51,0.65,0.17,6.0,0.67,-56.86,-3.34,1700.74,0.67,932.195,45.652,0.0,46.0
Trka_binder_AF2_77,TrkA,0,TrkA Watson et al,55.0,0.628,0.777,0.369,0.702,0.85,0.86,0.88,3.853,1.0,0.391,0.851,3.31,3.11,-41.31,-2.97,1389.39,0.73,0.63,0.32,4.0,0.66,-32.37,-2.55,1271.49,0.56,675.856,42.857,4.0,35.0
bcov_6ala_r1_ems_3hM_1717_000000004_0001_1_19_H____ems_3hM_441_0001_0002_0001_0001,TrkA,0,Cao et al TrkA,64.0,0.016,0.016,0.013,0.128,0.34,0.36,0.62,14.206,25.0,0.179,0.031,7.7,10.12,-35.14,-2.05,1714.8,0.54,0.55,0.14,6.0,0.67,-49.63,-3.3,1502.31,0.68,877.198,43.182,3.0,44.0
bcov_r3_HEEH_02947_000000071_0001_0001,IL7Ra,0,Cao et al IL7Ra,64.0,0.0,0.0,0.0,0.0,0.14,0.17,0.7,23.265,25.0,0.0,0.0,21.24,35.02,-31.29,-1.99,1572.67,0.54,0.66,0.15,2.0,0.7,-56.74,-3.36,1688.09,0.65,982.812,46.341,4.0,41.0
bcov_v3_r3_HEEH_17685_000000000_0001_0001_1_21_H____HEEH_18638_0001_0003_0001_0001_0001,IL7Ra,0,Cao et al IL7Ra,64.0,0.011,0.012,0.011,0.03,0.34,0.45,0.74,16.087,11.7,0.164,0.032,45.18,48.04,-38.63,-2.72,1419.38,0.52,0.63,0.14,8.0,0.69,-54.2,-3.41,1591.19,0.63,851.897,41.86,3.0,43.0
begonia_sp_13_EGFR_l61_s456546_mpnn1_model1,EGFR,0,Adaptyv binder comp round 2,61.0,0.36,0.606,0.175,0.413,0.87,0.87,0.63,16.873,2.3,0.341,0.526,36.69,42.8,-53.63,-2.5,2141.91,0.69,0.58,0.23,7.0,0.65,-58.68,-2.0,2933.11,0.57,1121.973,50.0,9.0,54.0
bundit_b_s18_manbaritone_Seq6_EGFR_binder_70_100_beta_778_dldesign_0_Length_71,EGFR,0,Adaptyv binder comp round 2,71.0,0.502,0.622,0.246,0.443,0.9,0.91,0.64,13.749,2.1,0.549,0.673,4.08,9.82,-59.3,-2.9,2047.17,0.64,0.63,0.27,5.0,0.63,-54.69,-2.7,2025.78,0.63,1079.887,56.667,6.0,60.0
cbrown_cbrown_0005_2_EGFR_l81_s801188_mpnn1_model1,EGFR,0,Adaptyv binder comp round 2,81.0,0.661,0.729,0.318,0.505,0.93,0.93,0.69,13.686,1.2,0.364,0.794,34.81,45.09,-47.78,-2.53,1891.73,0.69,0.68,0.17,6.0,0.57,-54.78,-2.16,2540.21,0.67,1213.619,48.214,8.0,56.0
christoph_gruber_UpperBinder_Scaffold2_LowerBinder,EGFR,0,Adaptyv binder comp round 2,116.0,0.073,0.417,0.018,0.159,0.62,0.64,0.56,21.909,3.2,0.554,0.042,37.2,58.0,-99.63,-2.19,4557.13,0.61,0.61,0.17,12.0,0.64,-60.95,-2.14,2844.86,0.56,2649.293,34.351,34.0,131.0
cside_mot_0de9477ba0dbddfa7624c9ae29652058_0001_000000018_0001_2_9_H___bcov_4helix_07877_0001_0002_0001,EGFR,0,Cao et al EGFR,65.0,0.224,0.263,0.093,0.191,0.55,0.67,0.84,9.124,3.9,0.22,0.254,2.39,2.11,-47.85,-2.59,1849.24,0.62,0.62,0.19,7.0,0.75,-64.85,-3.47,1868.31,0.62,970.543,48.98,6.0,49.0
cside_mot_3h_hb1_1541_000000003_0001_2_11_H___ems_3hM_2546_0001_0003_0001,EGFR,1,Cao et al EGFR,63.0,0.679,0.847,0.427,0.71,0.9,0.9,0.93,3.764,1.1,0.472,0.868,1.91,3.49,-41.18,-2.17,1899.0,0.62,0.65,0.04,4.0,0.64,-64.62,-3.01,2144.88,0.58,894.37,40.426,9.0,47.0
cside_mot_6f10f171e258a16133a1e7ff65db1d94_0001_000000017_0001_24_28_H___bcov_4helix_06679_0001_0001_0001,EGFR,0,Cao et al EGFR,65.0,0.014,0.026,0.013,0.11,0.37,0.51,0.79,12.268,25.0,0.308,0.067,14.6,33.73,-45.81,-2.61,1758.35,0.67,0.61,0.18,10.0,0.69,-57.91,-3.42,1695.67,0.64,915.968,50.0,10.0,54.0
cside_mot_a7288a09f00b01dfee855e706f1c9d6a_0001_000000006_0001_43_47_H___bcov_4helix_12782_0001_0001,EGFR,0,Cao et al EGFR,65.0,0.364,0.515,0.224,0.431,0.72,0.75,0.86,6.375,2.8,0.45,0.56,3.13,2.91,-38.09,-1.94,1961.64,0.62,0.58,0.26,7.0,0.77,-57.49,-2.95,1947.83,0.7,925.692,45.833,6.0,48.0
csplice_r1_HEEH_00104_000000002_0001_0001_51_60_H____bcfe5f602c3a11759a1137071bf3b596_0001_1_0001_0002_0001_0001_4_34_HHH_31_00728_21_0001_11_crosslinked,VirB8,0,Cao et al VirB8,65.0,0.415,0.458,0.26,0.438,0.76,0.78,0.85,6.949,2.5,0.363,0.638,3.9,3.23,-48.91,-3.02,1617.61,0.73,0.58,0.07,3.0,0.69,-52.08,-3.36,1547.66,0.69,827.091,56.41,3.0,39.0
csplice_r1_HEEH_25006_000000001_0001_0001_43_52_H____ems_3hM_3100_0001_0002_0001_0001_4_41_HHH_34_26465_29_0001,VirB8,0,Cao et al VirB8,65.0,0.432,0.499,0.256,0.448,0.75,0.77,0.84,7.32,2.3,0.346,0.616,8.32,11.18,-49.78,-3.25,1530.42,0.64,0.52,0.26,1.0,0.75,-52.87,-3.22,1639.81,0.73,816.348,60.526,1.0,38.0
darius_szablowski_EGFR_binder_3___ggggs_3_linked_top_binders_1_rev_and_2_rev,EGFR,0,Adaptyv binder comp round 2,194.0,0.0,0.0,0.0,0.0,0.16,0.17,0.5,29.434,25.0,0.0,0.0,29.94,42.18,-45.73,-1.46,3126.14,0.43,0.61,0.35,10.0,0.41,-33.93,-1.01,3357.47,0.63,1434.994,32.323,6.0,99.0
deepsatflow_6aru_final_chain_A_domain_3_l147_s945609_mpnn1,EGFR,1,Adaptyv binder comp round 2,147.0,0.669,0.688,0.347,0.456,0.91,0.9,0.72,13.96,1.5,0.409,0.665,33.93,42.04,-69.67,-3.25,2142.21,0.75,0.63,0.11,9.0,0.64,-59.87,-2.15,2789.81,0.62,1240.465,39.655,11.0,58.0
ems_3hM_2590_000000028_0001,FGFR2,0,Cao et al FGFR2,63.0,0.183,0.237,0.115,0.325,0.51,0.58,0.71,9.039,3.4,0.153,0.172,20.64,24.57,-34.43,-2.62,1315.22,0.41,0.53,0.11,5.0,0.75,-69.1,-3.58,1929.77,0.58,792.498,57.143,5.0,42.0
ems_p1_16H_GBL_16H_GABBL_15H_0178_0001_0001_0001_000000016_0001,FGFR2,1,Cao et al FGFR2,55.0,0.675,0.775,0.391,0.71,0.88,0.88,0.89,4.028,1.0,0.333,0.8,1.66,2.25,-52.45,-3.41,1537.1,0.66,0.62,0.17,7.0,0.67,-64.41,-3.64,1767.25,0.66,843.797,50.0,7.0,44.0
evarist_planet_FM_75_7_10,EGFR,0,Adaptyv binder comp round 1,60.0,0.0,0.0,0.0,0.0,0.34,0.35,0.62,26.426,25.0,0.0,0.0,43.33,49.33,-38.36,-2.33,1643.64,0.63,0.58,0.44,6.0,0.59,-42.27,-1.74,2423.83,0.63,907.16,45.833,9.0,48.0
gabriong_design8,EGFR,0,Adaptyv binder comp round 1,156.0,0.0,0.0,0.0,0.0,0.27,0.39,0.51,25.534,25.0,0.0,0.0,44.68,55.52,-31.66,-1.51,2094.0,0.59,0.59,0.16,7.0,0.31,-5.35,-0.66,805.98,0.57,1040.385,30.0,9.0,50.0
il10ra_site1_sap_16_mot_HHH_b1_01307_000000115_0001_1_18_H___HHH_b1_03429_0001_0000100002_0000001_0_0001_af2pred_dldesign_0_af2pred,IL10Ra,0,Bennet paper IL10Ra prospective,56.0,0.09,0.195,0.028,0.178,0.56,0.65,0.79,12.316,4.6,0.231,0.172,61.2,37.4,-37.94,-2.86,1328.26,0.6,0.56,0.37,5.0,0.64,-36.94,-2.24,1650.97,0.6,705.043,46.875,4.0,32.0
jakublala_epitope_1_30aa_pdb,EGFR,0,Adaptyv binder comp round 2,30.0,0.037,0.449,0.021,0.27,0.76,0.76,0.65,17.641,3.4,0.144,0.232,15.06,32.66,-37.47,-2.74,1366.12,0.68,0.67,0.39,3.0,0.61,-35.14,-2.32,1516.24,0.65,676.607,31.579,0.0,38.0
jvogt4_hotspots_only_469_03,EGFR,0,Adaptyv binder comp round 1,79.0,0.29,0.454,0.146,0.318,0.8,0.81,0.67,16.006,3.5,0.476,0.347,24.27,33.72,-52.68,-2.02,2608.13,0.62,0.62,0.34,5.0,0.61,-52.71,-2.28,2307.03,0.59,1434.75,45.07,7.0,71.0
longxing_Grafting2_HHH_eva_0376_0002_0011_0001_0001,IL7Ra,0,Cao et al IL7Ra,62.0,0.642,0.754,0.356,0.634,0.89,0.89,0.9,4.855,1.2,0.358,0.815,1.53,2.03,-52.72,-3.11,1696.78,0.68,0.63,0.13,5.0,0.74,-62.9,-3.83,1640.14,0.68,884.166,51.22,6.0,41.0
longxing_Grafting2_ems_3hM_843_0001_0012_0001_0001,IL7Ra,1,Cao et al IL7Ra,61.0,0.59,0.728,0.338,0.603,0.86,0.87,0.89,5.098,1.3,0.218,0.82,7.03,10.29,-36.23,-2.63,1376.47,0.72,0.63,0.12,3.0,0.78,-67.5,-3.95,1707.26,0.67,796.497,43.59,2.0,39.0
longxing_ems_p1_14H_GBL_16H_GABBL_16H_0506_0001_0001_0001_000000001_0001_0001,IL7Ra,0,Cao et al IL7Ra,54.0,0.0,0.0,0.0,0.0,0.26,0.28,0.74,20.504,25.0,0.0,0.0,17.19,33.19,-27.68,-1.87,1482.67,0.62,0.7,0.27,1.0,0.74,-56.28,-3.5,1606.53,0.61,749.665,48.649,2.0,37.0
ltk_site1_normal_mot_2882495fe543bf04d475310816427418_0001_000000198_0001_17_33_H___HHH_b2_01388_af2_0001_0000200004_0000002_0_af2pred_0001,LTK,0,Bennet paper LTK prospective,57.0,0.013,0.019,0.012,0.045,0.46,0.48,0.83,16.47,9.4,0.109,0.046,50.8,33.74,-52.31,-3.21,1632.21,0.66,0.58,0.07,9.0,0.67,-40.69,-2.44,1668.36,0.62,921.024,44.737,9.0,38.0
ltk_site1_normal_mot_HHH_b1_02176_af2_000000094_0001_23_39_H___HHH_b1_03711_0002_0000400020_0000001_0,LTK,0,Bennet paper LTK prospective,55.0,0.0,0.0,0.0,0.0,0.2,0.22,0.78,23.14,25.0,0.0,0.0,19.32,37.52,-39.68,-2.78,1427.38,0.72,0.69,0.26,7.0,0.74,-57.9,-2.77,2091.93,0.68,875.237,46.341,2.0,41.0
martin_EGFR_l121_s46924_mpnn18,EGFR,0,Adaptyv binder comp round 2,121.0,0.217,0.293,0.089,0.17,0.73,0.74,0.64,19.282,5.4,0.474,0.122,61.61,53.13,-56.18,-2.31,2433.48,0.65,0.64,0.42,7.0,0.47,-24.5,-1.27,1932.34,0.63,1401.281,53.125,15.0,64.0
mot_H_buried_3h_hb1_1810_000000005_0001_6_10_H___f69ca8fc6f93c8ef0813fcf11e4c80b6_0001_1_0001_0001_0001,FGFR2,0,Cao et al FGFR2,65.0,0.045,0.052,0.017,0.172,0.42,0.43,0.65,13.289,25.0,0.173,0.05,18.66,32.57,-42.99,-2.43,1767.65,0.59,0.62,0.23,4.0,0.78,-55.49,-3.57,1554.59,0.7,924.247,53.191,3.0,47.0
mot_H_fastrot_3h_hb1_1389_000000000_0001_55_59_H___3h_hb1_2957_0001_0001_0001_0001,FGFR2,0,Cao et al FGFR2,65.0,0.041,0.044,0.015,0.163,0.35,0.4,0.64,14.683,25.0,0.113,0.058,15.47,24.02,-43.9,-3.04,1446.33,0.71,0.58,0.17,0.0,0.69,-55.09,-3.27,1687.24,0.64,779.349,60.976,3.0,41.0
mot_H_fastrot_cor_3h_hb1_3344_000000008_0001_48_54_H___ems_3hM_752_0001_0001,FGFR2,0,Cao et al FGFR2,61.0,0.039,0.078,0.018,0.228,0.38,0.39,0.65,12.631,7.9,0.072,0.055,11.18,12.58,-36.76,-2.42,1519.14,0.67,0.58,0.07,5.0,0.67,-55.06,-3.18,1730.27,0.6,798.28,47.368,3.0,38.0
mot_H_fastrot_cor_3h_hb1_3344_000000008_0001_48_55_H___ems_3hM_516_0001_0001_0001_0001,FGFR2,0,Cao et al FGFR2,63.0,0.088,0.092,0.032,0.186,0.39,0.5,0.67,11.826,25.0,0.21,0.124,18.79,26.87,-45.48,-2.5,1822.2,0.61,0.66,0.15,6.0,0.66,-60.4,-3.34,1808.11,0.66,920.529,51.163,3.0,43.0
mot_H_fastrot_cor_5f7be76032930812e1c336f7bc1cda57_0001_000000004_0001_23_27_H___3h_hb1_147_0001_0001_0001,FGFR2,0,Cao et al FGFR2,65.0,0.03,0.084,0.02,0.174,0.4,0.45,0.64,15.664,25.0,0.075,0.096,40.71,33.79,-29.37,-2.22,1325.45,0.64,0.66,0.29,2.0,0.6,-42.04,-2.48,1691.99,0.68,641.986,56.667,0.0,30.0
mot_H_fastrot_cor_5f7be76032930812e1c336f7bc1cda57_0001_000000004_0001_23_27_H___EHEE_hb1_3147_0001_0001_0001,FGFR2,0,Cao et al FGFR2,65.0,0.363,0.52,0.203,0.436,0.73,0.74,0.79,8.332,1.9,0.241,0.373,28.45,19.99,-46.63,-3.14,1483.52,0.77,0.69,0.17,2.0,0.73,-51.24,-3.32,1542.77,0.66,760.643,45.0,6.0,40.0
mot_H_fastrot_cor_da9e5f86e81fca48f449e0e79ace5297_0001_1_000000005_0001_39_45_H___b6936f74d7a5507abc685a6a464cbdec_0001_1_0001_0001_0001_0001,FGFR2,0,Cao et al FGFR2,65.0,0.48,0.56,0.28,0.539,0.72,0.75,0.81,5.974,1.7,0.33,0.55,3.95,2.68,-37.82,-2.61,1450.89,0.61,0.55,0.17,2.0,0.67,-44.65,-2.83,1579.62,0.69,765.516,55.0,3.0,40.0
mot_H_fastrot_cor_da9e5f86e81fca48f449e0e79ace5297_0001_1_000000005_0001_39_45_H___ems_3hC_900_0001_0001_0001,FGFR2,0,Cao et al FGFR2,60.0,0.056,0.057,0.018,0.193,0.39,0.41,0.67,12.723,5.6,0.156,0.085,23.39,17.82,-39.51,-2.76,1430.85,0.64,0.6,0.14,3.0,0.64,-52.95,-3.1,1709.63,0.63,716.978,55.263,2.0,38.0
mot_H_fastrot_cor_ems_3hM_1062_000000000_0001_47_55_H___3h_hb1_3102_0001_0003_0001,FGFR2,0,Cao et al FGFR2,64.0,0.0,0.0,0.0,0.0,0.17,0.19,0.58,20.304,25.0,0.0,0.0,22.57,18.68,-50.66,-2.62,1931.08,0.56,0.54,0.18,4.0,0.66,-50.16,-2.97,1689.36,0.6,1112.133,51.02,6.0,49.0
mot_H_fastrot_cor_ems_3hM_1062_000000000_0001_47_55_H___3h_hb1_941_0001_0003_0001,FGFR2,0,Cao et al FGFR2,62.0,0.013,0.015,0.012,0.08,0.24,0.27,0.61,16.138,25.0,0.078,0.033,30.01,18.31,-30.15,-2.34,1287.18,0.65,0.59,0.23,1.0,0.74,-53.26,-3.21,1660.83,0.66,677.429,50.0,2.0,32.0
mot_H_fastrot_cor_ems_3hM_199_000000020_0001_56_61_H___68d55f6911a4ea30717503c8ab2dd3d4_0001_1_0001_0001,FGFR2,0,Cao et al FGFR2,65.0,0.014,0.015,0.013,0.117,0.26,0.26,0.6,16.008,8.2,0.082,0.026,19.35,18.54,-30.72,-2.27,1352.92,0.55,0.6,0.13,4.0,0.8,-60.34,-3.89,1551.5,0.73,762.741,52.381,5.0,42.0
mot_H_fastrot_cor_ems_3hM_199_000000020_0001_57_61_H___3h_hb1_3150_0001_0001,FGFR2,0,Cao et al FGFR2,64.0,0.452,0.511,0.269,0.551,0.73,0.77,0.81,5.925,2.0,0.297,0.53,22.56,26.08,-48.49,-2.83,1713.88,0.66,0.55,0.09,7.0,0.66,-49.05,-2.94,1667.78,0.65,820.992,56.098,1.0,41.0
mot_H_fastrot_cor_ems_3hM_199_000000020_0001_57_61_H___ems_3hM_1890_0001_0001_0001,FGFR2,0,Cao et al FGFR2,59.0,0.017,0.028,0.014,0.146,0.37,0.41,0.66,13.222,25.0,0.142,0.081,2.83,2.36,-34.48,-2.2,1565.35,0.6,0.59,0.04,7.0,0.65,-53.99,-3.11,1733.35,0.71,831.702,40.476,5.0,42.0
mot_H_fastrot_ems_3hM_256_000000003_0001_6_15_H___3h_hb1_3394_0001_0001_0001_0001,FGFR2,0,Cao et al FGFR2,60.0,0.012,0.014,0.012,0.08,0.24,0.3,0.62,16.628,25.0,0.168,0.028,17.85,24.34,-42.32,-2.6,1625.77,0.67,0.63,0.28,2.0,0.73,-55.57,-3.24,1716.46,0.69,891.326,48.78,3.0,41.0
mot_H_normal_3h_hb1_3209_000000013_0001_58_63_H___EHEE_hb1_4026_0001_0001_0001,FGFR2,0,Cao et al FGFR2,65.0,0.116,0.117,0.036,0.221,0.48,0.51,0.71,11.74,4.3,0.16,0.063,14.92,12.52,-59.78,-3.04,1963.86,0.71,0.56,0.14,3.0,0.66,-54.45,-3.01,1811.25,0.67,1129.554,51.923,4.0,52.0
mot_H_normal_3h_hb1_3434_000000000_0001_27_33_H___3h_hb1_702_0001_0003_0001,FGFR2,0,Cao et al FGFR2,65.0,0.422,0.455,0.227,0.534,0.72,0.75,0.81,6.329,1.9,0.351,0.51,4.51,4.81,-56.4,-3.14,1793.33,0.66,0.57,0.0,9.0,0.67,-59.71,-3.24,1843.56,0.65,959.302,52.0,3.0,50.0
mot_H_normal_3h_hb1_3434_000000000_0001_27_33_H___ac3bf7123f4e1201a8bf48969e6d8260_0001_0001_0001_0001,FGFR2,0,Cao et al FGFR2,65.0,0.558,0.612,0.303,0.61,0.79,0.8,0.82,5.986,1.2,0.331,0.646,23.47,19.12,-41.98,-3.04,1382.05,0.7,0.63,0.32,2.0,0.66,-62.58,-3.34,1871.13,0.6,763.932,48.571,5.0,35.0
mot_H_normal_3h_hb1_4705_000000000_0001_24_34_H___3h_hb1_2523_0001_0001_0001,FGFR2,0,Cao et al FGFR2,65.0,0.015,0.025,0.013,0.127,0.3,0.38,0.62,13.858,25.0,0.16,0.056,2.11,2.64,-46.64,-3.01,1549.54,0.63,0.63,0.0,3.0,0.65,-58.21,-3.61,1613.49,0.62,869.092,46.154,0.0,39.0
mot_H_normal_3h_hb1_5890_000000015_0001_50_60_H___EHEE_hb1_2692_0001_0002_0001_0001,FGFR2,0,Cao et al FGFR2,65.0,0.016,0.016,0.013,0.129,0.22,0.23,0.59,17.296,8.1,0.079,0.021,10.67,14.74,-46.04,-2.86,1610.19,0.64,0.61,0.09,6.0,0.75,-56.53,-3.49,1619.21,0.77,846.434,51.22,7.0,41.0
mot_H_normal_3h_hb1_5890_000000015_0001_50_60_H___EHEE_hb1_5646_0001_0001_0001,FGFR2,0,Cao et al FGFR2,65.0,0.349,0.608,0.208,0.406,0.74,0.77,0.77,7.873,1.3,0.241,0.468,4.95,4.42,-49.19,-3.19,1544.22,0.67,0.64,0.16,1.0,0.67,-53.61,-3.26,1642.33,0.7,813.925,46.512,1.0,43.0
mot_H_normal_3h_hb1_5890_000000015_0001_54_62_H___ems_3hM_2831_0001_0001_0001_0001,FGFR2,0,Cao et al FGFR2,61.0,0.021,0.027,0.016,0.195,0.32,0.34,0.64,13.646,5.2,0.116,0.043,23.18,18.2,-34.82,-2.37,1471.62,0.55,0.53,0.09,3.0,0.69,-54.82,-3.27,1676.14,0.63,811.664,50.0,3.0,42.0
mot_H_normal_3h_hb1_5971_000000003_0001_46_55_H___611f71ad5715b631a8dec46b2086d2c3_0001_0001_0001_0001,FGFR2,0,Cao et al FGFR2,65.0,0.033,0.073,0.015,0.17,0.34,0.41,0.63,12.567,5.3,0.174,0.051,20.09,17.99,-36.62,-2.1,1743.22,0.57,0.65,0.1,2.0,0.73,-59.5,-3.4,1747.97,0.6,882.558,53.191,1.0,47.0
mot_H_normal_4656a4a29125d9c9ae178a4f6f77cadc_0001_000000000_0001_19_23_H___0501d96d4aa09b2f9aa84fa361a1eeb4_0001_0001_0001,FGFR2,0,Cao et al FGFR2,65.0,0.012,0.014,0.011,0.07,0.23,0.24,0.6,17.681,25.0,0.091,0.023,3.06,4.12,-47.27,-3.03,1562.25,0.77,0.56,0.21,2.0,0.74,-56.85,-3.57,1591.66,0.64,775.392,52.632,4.0,38.0
mot_H_normal_HEEH_08897_000000013_0001_46_56_H___3h_hb1_2068_0001_0003_0001_0001,FGFR2,0,Cao et al FGFR2,63.0,0.162,0.167,0.098,0.266,0.48,0.54,0.7,9.777,5.0,0.204,0.209,20.83,18.8,-30.41,-2.18,1395.33,0.58,0.5,0.21,3.0,0.69,-49.2,-2.98,1649.97,0.67,858.896,41.86,5.0,43.0
mot_H_normal_HEEH_08897_000000013_0001_46_56_H___ems_3hM_3294_0001_0001_0001_0001,FGFR2,0,Cao et al FGFR2,62.0,0.153,0.17,0.05,0.212,0.45,0.51,0.7,11.093,25.0,0.117,0.2,18.93,34.57,-36.73,-3.06,1200.95,0.62,0.61,0.21,2.0,0.79,-67.05,-3.9,1721.03,0.68,587.891,50.0,3.0,30.0
mot_H_normal_HHH_eva_0047_000000004_0001_10_18_H___4h_hb1_75_0001_0002_0001,FGFR2,0,Cao et al FGFR2,61.0,0.014,0.033,0.013,0.131,0.28,0.38,0.63,13.939,25.0,0.155,0.046,14.34,13.11,-48.98,-2.5,1961.57,0.69,0.65,0.18,5.0,0.63,-60.54,-3.37,1795.4,0.59,978.227,48.936,3.0,47.0
mot_H_normal_HHH_eva_0047_000000004_0001_10_18_H___EHEE_hb1_1515_0001_0002_0001,FGFR2,0,Cao et al FGFR2,65.0,0.013,0.015,0.012,0.088,0.23,0.27,0.6,17.01,25.0,0.097,0.021,24.15,17.7,-42.99,-2.43,1768.65,0.53,0.58,0.16,1.0,0.71,-53.96,-3.25,1659.22,0.74,886.293,66.667,0.0,45.0
mot_H_normal_HHH_eva_0323_000000006_0001_54_61_H___3h_hb1_47_0001_0002_0001_0001,FGFR2,0,Cao et al FGFR2,61.0,0.013,0.014,0.012,0.097,0.34,0.38,0.65,13.888,25.0,0.127,0.05,25.31,17.39,-25.59,-2.55,1003.03,0.67,0.62,0.07,2.0,0.71,-51.58,-3.25,1588.66,0.68,634.642,41.176,5.0,34.0
mot_H_normal_ems_3hM_1633_000000000_0001_11_16_H___cbfb8bff9606dcdd00a1330cc00c9243_0001_1_0001_0001,FGFR2,0,Cao et al FGFR2,65.0,0.016,0.019,0.013,0.134,0.33,0.34,0.63,14.06,25.0,0.123,0.04,18.94,19.78,-37.95,-2.68,1417.23,0.57,0.59,0.1,2.0,0.69,-52.18,-3.2,1632.52,0.65,675.146,52.381,0.0,42.0
mot_H_normal_ems_3hM_1633_000000000_0001_11_16_H___ems_3hC_1397_0001_0001_0002_0001,FGFR2,0,Cao et al FGFR2,63.0,0.051,0.065,0.023,0.225,0.34,0.42,0.65,12.413,4.9,0.138,0.071,22.57,18.27,-37.69,-2.92,1288.73,0.66,0.63,0.07,1.0,0.69,-64.91,-3.4,1908.74,0.7,568.785,61.765,1.0,34.0
mot_P_fastrot_ferr_hb1_3571_000000012_0001_28_30_33_35_P___ems_ferrM_2699_0001_0001_0001,FGFR2,0,Cao et al FGFR2,62.0,0.0,0.0,0.0,0.0,0.15,0.17,0.58,21.314,25.0,0.0,0.0,29.83,34.27,-31.99,-2.83,1131.02,0.59,0.65,0.24,1.0,0.6,-47.04,-2.74,1715.46,0.6,575.33,58.065,1.0,31.0
mot_P_normal_EHEE_06818_000000002_0001_3_5_63_65_P___EHEE_hb1_3888_0001_0001_0001,FGFR2,0,Cao et al FGFR2,65.0,0.015,0.017,0.013,0.127,0.28,0.33,0.62,15.661,7.6,0.104,0.049,32.41,21.96,-33.51,-2.33,1436.64,0.62,0.63,0.19,3.0,0.71,-51.02,-3.2,1594.47,0.64,723.454,40.476,0.0,42.0
mot_P_normal_EHEE_hb1_204_000000000_0001_46_52_61_63_P___EHEE_hb1_356_0001_0001_0001,FGFR2,0,Cao et al FGFR2,65.0,0.0,0.0,0.0,0.0,0.16,0.19,0.55,22.071,25.0,0.0,0.0,40.22,19.07,-19.22,-2.21,870.2,0.65,0.75,0.18,2.0,0.67,-44.6,-2.84,1573.06,0.66,525.654,53.846,3.0,26.0
mot_P_normal_EHEE_hb1_2724_000000005_0001_44_50_57_61_P___EHEE_hb1_1613_0001_0001_0001,FGFR2,0,Cao et al FGFR2,65.0,0.258,0.308,0.144,0.379,0.6,0.63,0.75,8.559,25.0,0.232,0.384,26.36,27.93,-39.26,-2.72,1443.63,0.6,0.59,0.13,2.0,0.61,-58.44,-3.55,1647.28,0.7,797.938,52.632,1.0,38.0
mot_P_normal_EHEE_hb1_2724_000000005_0001_46_48_59_63_P___HEEHE_0947_0001_0001,FGFR2,0,Cao et al FGFR2,65.0,0.619,0.659,0.335,0.592,0.83,0.84,0.84,6.279,1.1,0.429,0.633,18.31,35.38,-45.04,-2.86,1574.65,0.71,0.58,0.3,1.0,0.66,-45.61,-2.82,1616.68,0.68,853.766,46.341,0.0,41.0
mot_P_normal_EHEE_hb1_2910_000000004_0001_46_48_59_61_P___EHEE_hb1_5905_0001_0001_0001,FGFR2,0,Cao et al FGFR2,65.0,0.013,0.013,0.012,0.084,0.24,0.32,0.59,16.951,25.0,0.124,0.029,8.22,8.36,-35.45,-2.7,1310.8,0.64,0.62,0.18,2.0,0.75,-53.78,-3.76,1431.9,0.74,687.691,40.0,3.0,40.0
mw88_10_SWAP_FOLDING_E3,EGFR,0,Adaptyv binder comp round 1,200.0,0.0,0.0,0.0,0.0,0.2,0.21,0.47,27.967,25.0,0.0,0.0,20.71,16.6,-47.18,-1.5,3148.86,0.46,0.7,0.32,6.0,0.41,-15.22,-1.2,1266.02,0.52,1811.793,39.796,12.0,98.0
mw88_9_SWAP_FULL_ENERGY3,EGFR,0,Adaptyv binder comp round 1,200.0,0.0,0.0,0.0,0.0,0.18,0.17,0.47,28.693,25.0,0.0,0.0,42.21,49.34,-70.66,-1.81,3903.81,0.54,0.63,0.27,10.0,0.02,90290.81,1954.54,4619.54,0.77,2194.854,45.872,14.0,109.0
nsplice_r1_EHEE_01784_000000022_0001_0001_27_36_H____e378ad5b99f69d69c82cdd59948ed3bd_0001_1_0001_0001_0001_0001_18_51_HHH_04_32293_38_0001,VirB8,1,Cao et al VirB8,65.0,0.121,0.189,0.061,0.228,0.58,0.62,0.8,10.717,4.6,0.157,0.167,42.74,25.61,-31.37,-2.46,1276.14,0.54,0.56,0.23,1.0,0.74,-56.23,-3.35,1676.67,0.7,727.104,50.0,0.0,40.0
nsplice_r1_a2de759c170706188c6e693fd8ea43cc_0001_000000001_0001_0001_38_47_H____ems_3hM_3574_0001_0003_0001_0001_20_58_HHH_05_12123_35_0001_59_crosslinked,VirB8,0,Cao et al VirB8,65.0,0.012,0.013,0.011,0.05,0.31,0.33,0.71,16.886,25.0,0.211,0.026,41.23,24.07,-37.83,-2.61,1448.61,0.6,0.63,0.17,1.0,0.75,-58.23,-3.44,1693.56,0.63,708.913,57.5,1.0,40.0
p53_AF2_37,Mdm2,0,Mdm2 Watson et al,89.0,0.461,0.632,0.237,0.482,0.81,0.81,0.79,6.385,1.2,0.247,0.557,25.49,7.31,-38.11,-2.22,1713.23,0.52,0.45,0.11,5.0,0.55,-32.76,-2.24,1465.23,0.58,935.754,36.957,8.0,46.0
p53_AF2_43,Mdm2,0,Mdm2 Watson et al,78.0,0.651,0.788,0.44,0.657,0.87,0.88,0.85,4.161,0.9,0.389,0.827,2.78,1.96,-53.57,-2.89,1855.02,0.65,0.58,0.21,7.0,0.69,-57.69,-3.13,1843.08,0.59,938.994,41.304,6.0,46.0
p53_AF2_47,Mdm2,1,Mdm2 Watson et al,112.0,0.8,0.825,0.521,0.704,0.91,0.92,0.9,3.631,0.9,0.48,0.827,1.44,1.21,-71.58,-2.93,2447.08,0.67,0.56,0.11,7.0,0.7,-69.2,-2.88,2400.49,0.54,1318.718,46.552,4.0,58.0
p53_AF2_53,Mdm2,1,Mdm2 Watson et al,102.0,0.762,0.767,0.47,0.687,0.87,0.88,0.88,3.99,0.9,0.368,0.742,3.11,2.07,-63.46,-2.64,2407.14,0.64,0.59,0.16,7.0,0.7,-83.01,-3.16,2628.83,0.58,1173.828,42.373,5.0,59.0
p53_AF2_85,Mdm2,0,Mdm2 Watson et al,113.0,0.814,0.838,0.605,0.756,0.9,0.91,0.91,3.138,0.8,0.455,0.888,1.84,1.36,-59.03,-2.94,2010.6,0.67,0.67,0.13,6.0,0.61,-57.12,-2.85,2005.44,0.57,1021.941,42.857,7.0,49.0
pol_3h_hb1_4534_000000018_0001_0001,FGFR2,1,Cao et al FGFR2,54.0,0.691,0.775,0.395,0.714,0.87,0.88,0.88,4.22,1.0,0.382,0.804,2.77,3.07,-39.54,-2.94,1346.57,0.66,0.57,0.12,5.0,0.68,-52.0,-3.31,1570.29,0.61,780.6,47.5,3.0,40.0
pol_627cca7fff5b11f1889d65372dc94346_0001_1_000000023_0001_0001,FGFR2,0,Cao et al FGFR2,65.0,0.016,0.018,0.014,0.182,0.29,0.3,0.62,14.708,7.3,0.099,0.036,19.55,22.53,-25.6,-1.86,1376.45,0.6,0.59,0.18,4.0,0.64,-54.82,-2.97,1843.41,0.65,781.808,38.889,5.0,36.0
pol_HHH_eva_0540_000000011_0001_0001,FGFR2,1,Cao et al FGFR2,56.0,0.049,0.078,0.021,0.243,0.38,0.38,0.66,12.307,25.0,0.109,0.088,22.79,22.36,-37.66,-2.94,1280.19,0.62,0.51,0.15,2.0,0.64,-46.96,-2.69,1746.48,0.7,737.232,48.571,4.0,35.0
pol_ems_3hM_2401_000000019_0001_0001,FGFR2,0,Cao et al FGFR2,64.0,0.018,0.051,0.015,0.184,0.31,0.35,0.6,13.81,25.0,0.09,0.051,25.38,21.4,-37.12,-2.46,1509.51,0.61,0.65,0.09,2.0,0.72,-51.41,-3.2,1604.68,0.66,712.804,40.0,1.0,35.0
pol_ems_ferrM_1431_0001_000000005_0001_0001,FGFR2,0,Cao et al FGFR2,59.0,0.016,0.016,0.013,0.145,0.26,0.27,0.61,15.364,25.0,0.103,0.027,12.27,5.26,-44.79,-3.03,1476.22,0.66,0.63,0.19,3.0,0.67,-64.09,-3.44,1862.81,0.67,752.139,50.0,1.0,42.0
qilin_y_test6,EGFR,0,Adaptyv binder comp round 2,93.0,0.012,0.013,0.012,0.067,0.49,0.53,0.66,19.124,25.0,0.154,0.027,5.48,9.65,-68.42,-2.0,3428.04,0.5,0.61,0.39,8.0,0.62,-96.2,-2.28,4216.37,0.59,1870.424,41.379,9.0,87.0
rif_fastrot_EHEE_hb1_1181_000000012_0001_0001,FGFR2,0,Cao et al FGFR2,65.0,0.015,0.019,0.013,0.132,0.29,0.32,0.61,16.308,25.0,0.114,0.026,18.62,30.62,-40.42,-2.22,1817.1,0.53,0.55,0.24,2.0,0.76,-57.93,-3.5,1654.44,0.67,995.643,47.917,3.0,48.0
rif_fastrot_EHEE_hb1_2412_000000021_0001_0001,FGFR2,0,Cao et al FGFR2,65.0,0.019,0.023,0.015,0.172,0.32,0.33,0.64,14.454,25.0,0.129,0.043,32.6,23.28,-37.01,-2.4,1539.14,0.57,0.53,0.11,3.0,0.74,-59.12,-3.16,1869.62,0.65,831.807,51.111,4.0,45.0
rif_fastrot_cor_3h_hb1_3293_000000002_0001,FGFR2,0,Cao et al FGFR2,62.0,0.15,0.157,0.085,0.277,0.48,0.51,0.69,10.258,4.4,0.198,0.135,16.73,9.1,-37.53,-2.38,1579.57,0.54,0.56,0.04,1.0,0.7,-59.68,-3.31,1801.69,0.65,791.848,48.889,0.0,45.0
rif_fastrot_cor_3h_hb1_44_000000019_0001,FGFR2,0,Cao et al FGFR2,61.0,0.177,0.194,0.103,0.312,0.43,0.54,0.69,9.306,25.0,0.15,0.193,24.38,23.0,-26.63,-1.96,1361.5,0.59,0.62,0.1,3.0,0.69,-53.48,-2.95,1813.79,0.67,809.584,45.0,1.0,40.0
rif_fastrot_cor_EHEE_hb1_2_000000008_0001_0001,FGFR2,0,Cao et al FGFR2,65.0,0.014,0.014,0.012,0.101,0.26,0.34,0.61,16.048,25.0,0.15,0.03,25.21,30.57,-44.1,-2.38,1849.64,0.58,0.55,0.13,2.0,0.67,-47.76,-2.85,1676.74,0.68,964.519,45.652,6.0,46.0
rif_fastrot_cor_EHEE_hb1_3947_000000000_0001_0001,FGFR2,0,Cao et al FGFR2,65.0,0.016,0.016,0.013,0.135,0.27,0.36,0.61,14.87,25.0,0.186,0.04,11.79,10.15,-53.64,-3.08,1743.68,0.68,0.67,0.11,4.0,0.74,-52.1,-2.98,1749.04,0.62,840.574,52.273,4.0,44.0
rif_fastrot_cor_HEEH_04931_000000009_0001_0001,FGFR2,0,Cao et al FGFR2,64.0,0.105,0.121,0.035,0.212,0.4,0.49,0.67,11.968,4.6,0.203,0.123,30.22,21.46,-55.99,-3.23,1732.17,0.65,0.56,0.19,6.0,0.75,-55.89,-3.29,1700.1,0.69,973.78,52.083,5.0,48.0
rif_normal_ae2d1c0b5552e85e62693402b9c72bf7_0001_000000011_0001,FGFR2,0,Cao et al FGFR2,65.0,0.299,0.33,0.164,0.433,0.59,0.66,0.72,7.855,2.6,0.212,0.274,18.67,19.87,-46.73,-3.06,1526.53,0.69,0.62,0.1,5.0,0.64,-49.36,-2.96,1665.4,0.65,853.949,50.0,3.0,44.0
rif_normal_ems_ferrM_1201_000000016_0001_0001,FGFR2,0,Cao et al FGFR2,62.0,0.122,0.142,0.056,0.253,0.45,0.49,0.68,11.203,3.9,0.088,0.207,23.08,25.21,-32.36,-2.8,1157.89,0.66,0.64,0.07,3.0,0.62,-56.59,-3.52,1609.16,0.65,571.022,40.625,1.0,32.0
rif_normal_ferr_hb1_2366_000000012_0001,FGFR2,0,Cao et al FGFR2,62.0,0.015,0.035,0.013,0.135,0.34,0.38,0.64,13.116,25.0,0.084,0.064,6.72,5.52,-48.54,-3.67,1324.19,0.69,0.6,0.22,3.0,0.74,-66.33,-3.73,1780.47,0.75,647.468,58.824,1.0,34.0
silvia_toscani_B_EGFR_6,EGFR,0,Adaptyv binder comp round 2,65.0,0.199,0.476,0.098,0.257,0.81,0.82,0.64,17.462,2.9,0.324,0.41,19.73,32.24,-31.25,-1.99,1570.08,0.6,0.72,0.33,5.0,0.59,-43.58,-1.99,2193.29,0.55,801.451,37.209,5.0,43.0
zalavi_egfr_binder3,EGFR,0,Adaptyv binder comp round 1,150.0,0.357,0.434,0.182,0.282,0.79,0.79,0.62,17.529,3.0,0.462,0.43,19.75,30.57,-54.75,-2.52,2170.28,0.61,0.69,0.05,11.0,0.63,-48.17,-2.0,2403.4,0.6,1149.932,26.984,7.0,63.0
2bnr_03_200_17_0_29,pMHC_NY1,0,pMHC screening NY1,150.0,0.57,0.789,0.359,0.666,0.93,0.93,0.94,4.613,1.1,0.342,0.878,2.41,2.53,-62.15,-2.34,2653.34,0.56,0.62,0.36,7.0,0.59,-69.38,-2.36,2945.11,0.59,1372.602,46.154,3.0,65.0
2bnr_27_7_3_9_temp001_dldesign_37_af2pred,pMHC_NY1,1,pMHC screening NY2,145.0,0.63,0.851,0.419,0.696,0.94,0.95,0.95,4.119,0.9,0.442,0.932,0.99,1.2,-74.72,-2.66,2812.95,0.63,0.68,0.24,14.0,0.68,-71.84,-2.46,2922.0,0.7,1539.889,45.833,13.0,72.0
2bnr_27_7_3_9_temp001_dldesign_584_af2pred,pMHC_NY1,0,pMHC screening NY2,145.0,0.624,0.85,0.416,0.701,0.94,0.95,0.95,3.976,0.9,0.442,0.935,1.16,1.41,-64.78,-2.28,2838.43,0.63,0.76,0.38,9.0,0.65,-74.16,-2.5,2966.14,0.65,1565.309,41.333,11.0,75.0
2bnr_27_7_3_9_temp003_dldesign_746_af2pred,pMHC_NY1,0,pMHC screening NY2,145.0,0.613,0.838,0.402,0.688,0.94,0.94,0.95,4.206,0.9,0.44,0.926,1.08,1.63,-55.92,-1.91,2932.43,0.64,0.67,0.38,10.0,0.65,-69.27,-2.43,2852.14,0.67,1522.895,43.243,10.0,74.0
2bnr_27_7_3_9_temp01_dldesign_567_af2pred,pMHC_NY1,0,pMHC screening NY2,145.0,0.634,0.863,0.436,0.72,0.94,0.95,0.95,3.799,0.9,0.432,0.932,0.98,1.33,-75.52,-2.7,2798.88,0.67,0.72,0.35,13.0,0.67,-72.31,-2.59,2794.38,0.72,1482.916,45.333,11.0,75.0
2bnr_27_7_3_9_temp01_dldesign_810_af2pred,pMHC_NY1,1,pMHC screening NY2,145.0,0.618,0.861,0.42,0.702,0.95,0.95,0.95,3.926,0.9,0.44,0.932,1.04,1.38,-66.57,-2.33,2858.21,0.61,0.69,0.33,13.0,0.64,-69.33,-2.35,2954.73,0.72,1481.48,43.662,11.0,71.0
AKAP9_binder_12_dldesign_16_af2pred,pMHC_SILSY1,0,pMHC screening SILSY1,124.0,0.621,0.831,0.41,0.708,0.95,0.95,0.95,3.642,1.0,0.458,0.927,1.25,1.36,-66.23,-2.25,2937.53,0.68,0.63,0.24,16.0,0.65,-65.35,-2.3,2840.1,0.6,1600.051,36.986,17.0,73.0
AKAP9_binder_29,pMHC_SILSY1,0,pMHC screening SILSY1,146.0,0.429,0.657,0.293,0.443,0.91,0.91,0.93,6.389,1.0,0.336,0.628,1.87,2.79,-78.79,-2.71,2902.73,0.67,0.63,0.43,10.0,0.61,-76.33,-2.56,2984.23,0.62,1354.154,43.836,4.0,73.0
AKAP9_binder_3_dldesign_31_af2pred,pMHC_SILSY1,0,pMHC screening SILSY1,124.0,0.634,0.824,0.419,0.698,0.95,0.95,0.95,3.706,0.9,0.451,0.932,0.94,1.19,-79.02,-2.66,2968.86,0.68,0.61,0.59,11.0,0.66,-78.78,-2.62,3007.85,0.63,1558.672,46.154,10.0,78.0
AKAP9_binder_6_renumb_91_dldesign_0_af2pred,pMHC_SILSY1,0,pMHC screening SILSY1,124.0,0.646,0.839,0.428,0.718,0.95,0.95,0.95,3.754,0.8,0.435,0.938,1.96,2.45,-56.61,-1.8,3145.14,0.58,0.66,0.39,10.0,0.57,-67.76,-2.31,2937.65,0.62,1580.984,38.961,16.0,77.0
AKAP9_binder_9_dldesign_20_af2pred,pMHC_SILSY1,0,pMHC screening SILSY1,124.0,0.63,0.841,0.41,0.722,0.95,0.95,0.95,3.712,0.9,0.416,0.932,2.41,2.8,-60.01,-2.04,2943.86,0.64,0.66,0.22,8.0,0.64,-65.54,-2.16,3033.75,0.65,1546.531,35.616,7.0,73.0
EHEE_05172_000000021_0001,VirB8,0,Cao et al VirB8,65.0,0.0,0.0,0.0,0.0,0.16,0.22,0.66,21.388,25.0,0.0,0.0,8.1,7.95,-48.93,-2.97,1645.16,0.69,0.55,0.18,2.0,0.67,-53.8,-3.42,1574.31,0.72,841.637,47.5,2.0,40.0
Grafting_Motif0042_bcov_4helix_01961_0001,FGFR2,0,Cao et al FGFR2,65.0,0.013,0.014,0.012,0.073,0.26,0.31,0.62,16.053,25.0,0.103,0.031,22.23,25.75,-26.82,-1.82,1472.58,0.59,0.62,0.26,5.0,0.67,-59.32,-3.49,1698.53,0.66,779.754,47.619,4.0,42.0
Grafting_Motif0042_bcov_4helix_11820_0001,FGFR2,0,Cao et al FGFR2,65.0,0.509,0.578,0.278,0.571,0.77,0.77,0.81,6.473,1.3,0.207,0.405,8.99,14.54,-37.51,-3.08,1217.07,0.67,0.59,0.3,3.0,0.7,-60.37,-3.46,1746.68,0.72,703.886,50.0,2.0,38.0
Grafting_Motif0042_bcov_4helix_12827_0001,FGFR2,0,Cao et al FGFR2,65.0,0.014,0.017,0.012,0.088,0.29,0.3,0.63,15.8,25.0,0.061,0.042,22.58,26.86,-26.14,-2.78,939.67,0.7,0.66,0.23,1.0,0.7,-57.32,-3.29,1740.55,0.61,520.241,53.571,1.0,28.0
Grafting_Motif0111_ems_3hM_120_0001,FGFR2,0,Cao et al FGFR2,63.0,0.073,0.091,0.038,0.235,0.44,0.48,0.67,11.839,4.5,0.164,0.092,3.03,3.06,-41.2,-2.67,1540.37,0.66,0.61,0.17,3.0,0.72,-63.79,-3.57,1788.6,0.74,767.962,50.0,1.0,40.0
Grafting_Motif0111_ems_3hM_45_0001,FGFR2,0,Cao et al FGFR2,62.0,0.094,0.123,0.055,0.243,0.44,0.47,0.69,11.138,5.5,0.186,0.108,2.11,3.62,-48.93,-3.22,1521.79,0.73,0.67,0.03,5.0,0.72,-65.58,-4.0,1640.6,0.7,823.022,48.78,1.0,41.0
Grafting_Motif0182_ems_3hM_120_0001_0002,FGFR2,0,Cao et al FGFR2,63.0,0.115,0.129,0.056,0.248,0.45,0.47,0.68,11.013,3.8,0.14,0.096,6.15,4.32,-40.82,-2.76,1477.62,0.69,0.64,0.14,3.0,0.7,-63.26,-3.31,1912.29,0.63,762.087,46.154,3.0,39.0
Grafting_Motif0204_ems_3hC_202_0001,FGFR2,0,Cao et al FGFR2,64.0,0.016,0.041,0.014,0.158,0.37,0.38,0.65,13.854,5.9,0.092,0.06,21.11,24.47,-35.8,-2.7,1324.58,0.62,0.69,0.06,3.0,0.71,-60.1,-3.82,1573.34,0.75,657.248,44.444,7.0,36.0
Grafting_Motif0204_p1_15H_GABBL_14H_GBL_16H_0177_0001_0001_0002_0001,FGFR2,0,Cao et al FGFR2,53.0,0.016,0.035,0.014,0.155,0.35,0.38,0.67,13.538,25.0,0.098,0.046,18.03,19.97,-40.73,-2.87,1418.76,0.67,0.68,0.12,2.0,0.76,-65.51,-3.89,1683.63,0.71,748.723,51.351,2.0,37.0
Grafting_Motif0263_ems_3hC_90_0002_0001_0001,FGFR2,0,Cao et al FGFR2,64.0,0.236,0.261,0.151,0.361,0.58,0.59,0.73,8.736,2.7,0.168,0.286,4.47,7.54,-42.58,-3.14,1357.62,0.52,0.58,0.16,3.0,0.76,-57.08,-3.66,1557.71,0.76,696.521,51.351,2.0,37.0
Grafting_Motif0272_ems_3hM_1172_0001,FGFR2,0,Cao et al FGFR2,63.0,0.013,0.016,0.012,0.12,0.26,0.35,0.61,15.776,25.0,0.096,0.041,23.96,27.92,-35.01,-2.53,1383.71,0.62,0.58,0.24,1.0,0.7,-54.97,-3.39,1621.1,0.68,781.284,45.714,1.0,35.0
Grafting_Motif0363_ems_3hM_1201_0001,FGFR2,0,Cao et al FGFR2,60.0,0.302,0.386,0.168,0.465,0.64,0.66,0.76,7.848,2.5,0.266,0.32,3.49,3.17,-35.43,-2.91,1218.85,0.6,0.63,0.14,2.0,0.76,-71.15,-3.69,1930.46,0.65,791.018,48.837,2.0,43.0
Grafting_Motif0394_bcov_4helix_06516_0001_0002,FGFR2,0,Cao et al FGFR2,65.0,0.019,0.045,0.016,0.167,0.28,0.32,0.62,13.892,4.7,0.067,0.043,19.28,20.48,-33.07,-2.44,1357.02,0.54,0.54,0.12,3.0,0.7,-67.84,-3.62,1875.88,0.69,844.934,44.444,4.0,45.0
Grafting_Motif0413_p1_15H_GBL_16H_GABBL_16H_0303_0001_0001_0002_0001_0001,FGFR2,0,Cao et al FGFR2,55.0,0.046,0.061,0.015,0.166,0.34,0.42,0.67,11.946,25.0,0.119,0.076,7.68,11.61,-42.06,-2.8,1501.62,0.68,0.67,0.28,2.0,0.74,-83.24,-4.03,2066.26,0.64,773.898,56.757,2.0,37.0
Grafting_Motif0460_ems_3hC_478_0001_0001,FGFR2,0,Cao et al FGFR2,61.0,0.141,0.157,0.077,0.267,0.43,0.49,0.7,10.104,3.9,0.106,0.141,26.05,13.71,-30.99,-2.36,1315.09,0.62,0.59,0.09,8.0,0.72,-63.77,-3.43,1857.0,0.72,675.479,48.649,1.0,37.0
Grafting_Motif0601_ems_3hC_563_0002_0001,FGFR2,0,Cao et al FGFR2,64.0,0.075,0.117,0.026,0.178,0.43,0.49,0.68,11.659,5.5,0.13,0.117,8.07,4.36,-35.99,-2.64,1360.72,0.61,0.69,0.1,2.0,0.73,-62.59,-3.59,1745.28,0.68,761.274,40.541,1.0,37.0
Grafting_Motif0657_bcov_4helix_00774_0001,FGFR2,0,Cao et al FGFR2,65.0,0.19,0.196,0.093,0.265,0.5,0.54,0.69,10.134,3.7,0.155,0.2,2.43,3.66,-43.38,-3.1,1397.83,0.68,0.64,0.15,1.0,0.76,-56.61,-3.35,1687.78,0.68,815.396,45.238,2.0,42.0
HEEHE_0530_000000006_0001,FGFR2,0,Cao et al FGFR2,65.0,0.045,0.046,0.016,0.176,0.31,0.37,0.63,13.177,25.0,0.088,0.06,21.14,18.38,-41.18,-3.04,1355.98,0.74,0.64,0.19,0.0,0.78,-69.29,-4.26,1627.07,0.66,720.003,60.0,0.0,35.0
HHH_eva_0607_000000002_0001,FGFR2,0,Cao et al FGFR2,50.0,0.067,0.068,0.034,0.249,0.38,0.4,0.67,12.21,5.0,0.119,0.05,10.7,5.26,-32.52,-2.38,1364.76,0.56,0.54,0.17,2.0,0.7,-59.07,-3.31,1783.03,0.66,861.903,45.0,2.0,40.0
IL7Ra_binder_AF2_40,IL7Ra,0,IL7Ra Watson et al,65.0,0.519,0.683,0.309,0.562,0.83,0.83,0.89,5.432,1.5,0.273,0.698,0.95,1.22,-48.13,-2.75,1749.01,0.68,0.64,0.11,7.0,0.69,-48.35,-3.13,1545.23,0.67,892.218,29.545,7.0,44.0
IL7Ra_binder_AF2_58,IL7Ra,0,IL7Ra Watson et al,71.0,0.414,0.462,0.242,0.425,0.79,0.79,0.87,7.062,2.4,0.25,0.563,1.17,1.45,-44.25,-2.41,1837.46,0.68,0.64,0.14,5.0,0.6,-42.38,-2.53,1673.19,0.57,1009.155,41.86,6.0,43.0
IL7Ra_binder_AF2_65,IL7Ra,0,IL7Ra Watson et al,74.0,0.505,0.632,0.299,0.526,0.8,0.81,0.87,5.972,1.9,0.343,0.625,1.62,1.52,-40.57,-2.2,1846.31,0.51,0.57,0.11,3.0,0.48,-49.29,-2.54,1942.49,0.59,1039.233,38.776,6.0,49.0
IL7Ra_binder_AF2_77,IL7Ra,1,IL7Ra Watson et al,65.0,0.141,0.261,0.084,0.23,0.61,0.64,0.82,10.456,4.5,0.135,0.219,1.65,1.57,-37.28,-2.3,1620.54,0.59,0.62,0.12,5.0,0.65,-46.29,-2.81,1644.8,0.66,813.105,43.59,4.0,39.0
IL7Ra_binder_AF2_87,IL7Ra,0,IL7Ra Watson et al,85.0,0.659,0.753,0.4,0.609,0.87,0.87,0.89,5.272,1.2,0.489,0.788,2.55,3.84,-52.12,-2.75,1891.94,0.63,0.51,0.07,5.0,0.66,-61.05,-3.06,1993.87,0.59,1067.951,39.623,7.0,53.0
Insulin_receptor_binder_AF2_30,InsulinR,1,InsulinR Watson et al,84.0,0.8,0.856,0.554,0.728,0.91,0.91,0.93,4.007,0.9,0.464,0.885,1.52,2.65,-59.44,-2.85,2087.1,0.62,0.58,0.05,10.0,0.62,-56.54,-2.73,2073.5,0.68,1162.377,32.0,12.0,50.0
Insulin_receptor_binder_AF2_48,InsulinR,1,InsulinR Watson et al,99.0,0.74,0.81,0.513,0.648,0.87,0.87,0.91,4.699,1.1,0.268,0.849,2.94,2.68,-39.46,-2.58,1530.05,0.71,0.6,0.13,5.0,0.7,-50.43,-2.63,1913.8,0.53,983.917,38.298,5.0,47.0
Insulin_receptor_binder_AF2_5,InsulinR,0,InsulinR Watson et al,65.0,0.486,0.582,0.28,0.58,0.79,0.81,0.87,5.555,1.9,0.27,0.604,2.17,2.96,-48.65,-2.97,1636.58,0.61,0.66,0.18,7.0,0.68,-54.48,-3.34,1628.96,0.61,897.316,42.222,8.0,45.0
Insulin_receptor_binder_AF2_76,InsulinR,0,InsulinR Watson et al,90.0,0.648,0.702,0.39,0.611,0.83,0.84,0.89,5.151,1.5,0.232,0.774,2.18,1.74,-48.8,-2.87,1698.99,0.65,0.61,0.07,3.0,0.67,-51.95,-3.17,1636.92,0.63,835.785,45.455,9.0,44.0
Insulin_receptor_binder_AF2_92,InsulinR,0,InsulinR Watson et al,75.0,0.602,0.72,0.389,0.653,0.84,0.84,0.89,4.816,1.6,0.21,0.846,4.92,4.12,-45.86,-2.56,1787.98,0.55,0.66,0.21,4.0,0.62,-51.07,-2.56,1993.2,0.56,974.507,42.0,5.0,50.0
LaMBO2_8_36,pMHC_NY1,0,pMHC screening NY1,130.0,0.012,0.013,0.012,0.074,0.67,0.73,0.7,13.488,9.7,0.167,0.043,3.77,2.66,-54.64,-2.3,2375.43,0.58,0.75,0.54,6.0,0.59,-48.95,-2.21,2217.04,0.65,1181.67,41.379,4.0,58.0
Motif0003_HEEHE_1213_0001_0003_1383_0001,FGFR2,0,Cao et al FGFR2,65.0,0.193,0.249,0.121,0.315,0.53,0.57,0.72,9.246,3.0,0.107,0.384,26.95,22.95,-38.76,-3.73,1039.23,0.7,0.66,0.09,2.0,0.79,-73.25,-3.96,1851.08,0.7,538.259,43.75,2.0,32.0
Motif0003_HEEHE_3036_0001_0001_5354_0001,FGFR2,1,Cao et al FGFR2,65.0,0.637,0.707,0.347,0.552,0.83,0.84,0.86,5.608,1.0,0.368,0.568,2.56,2.98,-56.15,-3.44,1632.77,0.76,0.64,0.1,8.0,0.78,-73.21,-4.2,1741.1,0.69,907.221,58.14,8.0,43.0
Motif0005_HEEHE_1512_0001_0003_2699_0001,FGFR2,0,Cao et al FGFR2,65.0,0.033,0.042,0.014,0.146,0.33,0.39,0.64,13.539,25.0,0.107,0.075,21.53,27.25,-36.66,-2.5,1469.22,0.72,0.62,0.24,3.0,0.78,-79.78,-4.0,1996.04,0.7,714.9,50.0,3.0,34.0
Motif0005_HEEHE_2817_0001_0001_8200_0001,FGFR2,0,Cao et al FGFR2,65.0,0.153,0.193,0.077,0.283,0.54,0.57,0.71,10.219,3.5,0.288,0.135,20.7,16.84,-42.44,-2.66,1593.67,0.65,0.62,0.19,2.0,0.74,-68.02,-3.49,1946.97,0.67,876.98,55.814,2.0,43.0
Motif0018_HEEHE_2209_0001_0001_1561_0001,FGFR2,0,Cao et al FGFR2,65.0,0.017,0.019,0.015,0.163,0.32,0.34,0.62,14.981,25.0,0.1,0.03,18.88,14.35,-44.73,-2.68,1670.14,0.74,0.62,0.14,5.0,0.76,-67.53,-3.58,1887.64,0.63,833.759,51.22,1.0,41.0
Motif0018_HHH_eva_0051_0001_0001_5323_0001,FGFR2,1,Cao et al FGFR2,62.0,0.019,0.042,0.016,0.201,0.36,0.4,0.64,13.304,6.2,0.177,0.038,11.02,12.8,-34.09,-2.16,1577.2,0.55,0.63,0.14,1.0,0.77,-68.95,-4.0,1723.74,0.74,864.167,60.87,3.0,46.0
Motif0018_ems_3hC_242_0001_0003_6469_0001,FGFR2,1,Cao et al FGFR2,61.0,0.536,0.697,0.325,0.543,0.81,0.81,0.83,5.907,1.1,0.285,0.682,2.83,4.23,-52.79,-3.5,1506.76,0.75,0.57,0.13,4.0,0.81,-62.16,-4.12,1508.51,0.69,706.917,61.111,2.0,36.0
Motif0021_HEEHE_1481_0001_0003_8810_0001,FGFR2,0,Cao et al FGFR2,65.0,0.087,0.098,0.022,0.175,0.35,0.46,0.64,12.168,25.0,0.128,0.101,20.07,19.64,-37.47,-2.77,1352.85,0.69,0.69,0.16,0.0,0.71,-71.68,-3.73,1922.6,0.71,775.813,57.895,1.0,38.0
Motif0025_HEEHE_2988_0001_0001_6230_0001,FGFR2,0,Cao et al FGFR2,65.0,0.016,0.018,0.013,0.131,0.27,0.31,0.62,15.517,25.0,0.053,0.041,24.98,21.5,-32.41,-2.73,1188.61,0.68,0.71,0.22,2.0,0.8,-80.0,-4.04,1982.61,0.69,590.354,62.857,0.0,35.0
Motif0029_bcov_4helix_11313_0001_0001,EGFR,0,Cao et al EGFR,65.0,0.0,0.0,0.0,0.0,0.23,0.27,0.75,18.361,25.0,0.0,0.0,15.02,17.44,-20.66,-2.17,950.87,0.55,0.59,0.22,3.0,0.76,-54.82,-3.02,1816.3,0.68,531.808,41.935,2.0,31.0
Motif0034_ems_3hM_483_0001_0003_1957_0001,FGFR2,0,Cao et al FGFR2,63.0,0.032,0.034,0.014,0.159,0.34,0.38,0.65,13.09,25.0,0.094,0.063,22.68,19.71,-43.05,-3.25,1323.73,0.61,0.57,0.14,3.0,0.74,-66.58,-3.6,1849.5,0.66,677.894,54.054,0.0,37.0
Motif0089_bcov_4helix_11896_0001_9007_0001,FGFR2,0,Cao et al FGFR2,65.0,0.254,0.33,0.158,0.395,0.62,0.67,0.77,7.851,3.3,0.251,0.415,9.7,8.73,-42.03,-3.49,1205.62,0.76,0.65,0.16,3.0,0.71,-51.57,-3.26,1581.96,0.68,672.44,40.0,4.0,35.0
Motif0090_bcov_4helix_08836_0001_0001,EGFR,0,Cao et al EGFR,65.0,0.326,0.435,0.204,0.389,0.74,0.76,0.88,6.744,4.0,0.281,0.452,6.62,7.29,-38.76,-2.28,1697.43,0.61,0.57,0.17,5.0,0.63,-57.27,-3.33,1717.56,0.66,863.18,43.478,4.0,46.0
Motif0101_ems_3hM_2342_0001_0001,EGFR,0,Cao et al EGFR,63.0,0.012,0.015,0.011,0.056,0.24,0.25,0.75,19.25,25.0,0.066,0.019,10.31,12.53,-32.12,-2.16,1484.14,0.55,0.56,0.1,1.0,0.67,-55.3,-3.53,1566.99,0.68,645.382,50.0,1.0,36.0
Motif0138_ems_3hC_333_0001_5851_0001,FGFR2,1,Cao et al FGFR2,63.0,0.315,0.387,0.203,0.409,0.65,0.68,0.78,7.326,2.6,0.302,0.33,4.67,3.2,-52.7,-3.13,1686.23,0.72,0.66,0.17,4.0,0.68,-62.34,-3.46,1800.21,0.72,774.245,57.778,6.0,45.0
Motif0163_ems_3hM_113_0001_0003_6755_0001,FGFR2,0,Cao et al FGFR2,64.0,0.533,0.539,0.303,0.58,0.79,0.8,0.81,6.104,1.5,0.311,0.476,5.54,4.5,-42.75,-2.81,1518.85,0.69,0.61,0.1,3.0,0.71,-62.23,-3.64,1708.84,0.67,781.115,53.659,2.0,41.0
Motif0193_bcov_4helix_02992_0001_0001,EGFR,0,Cao et al EGFR,65.0,0.014,0.049,0.013,0.106,0.39,0.45,0.78,13.77,25.0,0.236,0.068,13.86,28.7,-42.64,-2.02,2110.87,0.5,0.52,0.18,5.0,0.68,-60.74,-3.39,1792.61,0.61,955.36,47.059,5.0,51.0
Motif0207_bcov_4helix_09570_0001_9731_0001,FGFR2,0,Cao et al FGFR2,65.0,0.33,0.372,0.206,0.438,0.69,0.69,0.79,7.155,2.6,0.292,0.376,3.28,2.31,-43.97,-2.67,1648.84,0.63,0.61,0.24,2.0,0.7,-62.35,-3.22,1933.57,0.58,810.237,53.333,3.0,45.0
Motif0276_ems_3hC_338_0001_0001_0001,SARS_CoV2_RBD,0,Cao et al SARS_CoV2_RBD,61.0,0.0,0.0,0.0,0.0,0.13,0.2,0.68,23.106,25.0,0.0,0.0,50.53,29.06,-73.46,-2.76,2660.4,0.63,0.64,0.0,9.0,0.69,-51.34,-2.93,1752.49,0.75,1378.184,52.055,6.0,73.0
Motif0324_bcov_4helix_05304_0001_7118_0001,FGFR2,0,Cao et al FGFR2,65.0,0.689,0.753,0.389,0.685,0.85,0.86,0.88,4.569,1.1,0.367,0.788,2.89,2.33,-47.59,-3.15,1509.5,0.7,0.6,0.14,1.0,0.81,-69.34,-3.91,1775.42,0.76,783.428,56.41,1.0,39.0
Motif0383_ems_3hC_1588_0002_0001_0001,InsulinR,0,Cao et al Insulin receptor,61.0,0.015,0.018,0.013,0.119,0.28,0.29,0.74,17.57,25.0,0.069,0.025,10.72,6.12,-49.18,-2.7,1821.97,0.59,0.56,0.13,2.0,0.76,-65.75,-3.63,1809.45,0.59,1091.553,43.137,2.0,51.0
Motif0541_bcov_4helix_00545_0001,SARS_CoV2_RBD,0,Cao et al SARS_CoV2_RBD,65.0,0.0,0.0,0.0,0.0,0.1,0.12,0.69,25.572,25.0,0.0,0.0,12.02,22.89,-27.19,-2.35,1158.44,0.52,0.61,0.31,5.0,0.73,-50.4,-3.14,1605.63,0.7,664.513,35.897,4.0,39.0
Motif0957_bcov_4helix_07648_0001_0001,SARS_CoV2_RBD,0,Cao et al SARS_CoV2_RBD,65.0,0.0,0.0,0.0,0.0,0.14,0.14,0.7,25.25,25.0,0.0,0.0,10.95,22.4,-8.74,-1.59,548.31,0.73,0.6,0.28,2.0,0.66,-63.62,-3.44,1849.72,0.72,467.396,42.308,2.0,26.0
Motif1002_HEEHE_0883_0001_0001_3125_0001,FGFR2,0,Cao et al FGFR2,65.0,0.046,0.082,0.016,0.173,0.38,0.41,0.66,12.87,25.0,0.108,0.062,21.91,19.82,-32.66,-2.43,1341.72,0.53,0.55,0.21,4.0,0.74,-73.43,-3.65,2012.04,0.74,835.916,57.5,0.0,40.0
Motif1002_HEEHE_2315_0001_9744_0001,FGFR2,0,Cao et al FGFR2,65.0,0.015,0.017,0.013,0.124,0.25,0.31,0.6,15.385,25.0,0.111,0.045,21.32,27.8,-32.24,-2.9,1110.2,0.73,0.54,0.19,5.0,0.74,-61.49,-3.74,1644.64,0.67,663.052,54.545,4.0,33.0
Motif1004_HEEHE_2596_0001_0002_3564_0001,FGFR2,0,Cao et al FGFR2,65.0,0.016,0.019,0.013,0.141,0.27,0.28,0.61,16.253,7.3,0.05,0.026,15.67,11.99,-36.16,-2.71,1336.62,0.62,0.59,0.13,3.0,0.78,-80.33,-4.16,1930.63,0.72,642.843,57.576,2.0,33.0
Motif1005_HEEHE_1062_0001_0001_7671_0001,FGFR2,0,Cao et al FGFR2,65.0,0.05,0.053,0.018,0.211,0.36,0.39,0.65,12.792,25.0,0.17,0.056,22.08,16.9,-45.33,-2.78,1629.72,0.67,0.61,0.21,3.0,0.72,-83.74,-4.56,1836.18,0.67,825.342,54.762,1.0,42.0
Motif1005_HEEHE_2615_0001_0001_505_0001,FGFR2,0,Cao et al FGFR2,65.0,0.015,0.024,0.013,0.138,0.3,0.34,0.63,16.035,25.0,0.072,0.094,26.55,21.23,-42.97,-3.57,1204.15,0.71,0.61,0.18,2.0,0.79,-75.27,-4.07,1848.56,0.63,619.099,51.613,0.0,31.0
Motif1005_HEEHE_3153_0001_0003_3151_0001,FGFR2,0,Cao et al FGFR2,65.0,0.39,0.518,0.218,0.407,0.7,0.72,0.79,7.576,1.7,0.157,0.52,20.32,25.0,-51.13,-3.28,1558.75,0.73,0.65,0.22,4.0,0.75,-68.58,-3.89,1764.33,0.64,764.862,47.222,3.0,36.0
Motif1016_HEEHE_0332_0001_4399_0001,FGFR2,0,Cao et al FGFR2,65.0,0.061,0.085,0.021,0.201,0.42,0.44,0.66,12.574,5.0,0.112,0.112,24.19,21.39,-39.34,-2.77,1418.06,0.65,0.61,0.12,3.0,0.7,-74.35,-3.68,2020.2,0.68,701.893,54.054,1.0,37.0
Motif1017_ems_3hM_2532_0001_881_0001,FGFR2,1,Cao et al FGFR2,64.0,0.543,0.594,0.322,0.603,0.79,0.8,0.83,5.667,1.4,0.369,0.554,2.52,2.54,-53.05,-3.15,1683.4,0.66,0.69,0.2,1.0,0.79,-72.29,-3.9,1854.28,0.72,871.354,57.447,1.0,47.0
Motif1028_HHH_eva_0070_0001_0001_2618_0001,FGFR2,0,Cao et al FGFR2,65.0,0.065,0.103,0.027,0.186,0.41,0.48,0.67,11.464,25.0,0.15,0.088,18.8,16.67,-58.54,-3.41,1719.29,0.71,0.6,0.16,5.0,0.67,-56.39,-2.62,2152.79,0.71,938.905,57.778,6.0,45.0
Motif1028_HHH_eva_0303_0001_5513_0001,FGFR2,0,Cao et al FGFR2,60.0,0.095,0.106,0.043,0.249,0.42,0.43,0.68,11.4,6.4,0.16,0.062,21.6,15.93,-43.82,-2.41,1818.97,0.6,0.58,0.18,4.0,0.77,-70.42,-3.76,1871.31,0.65,965.886,61.702,1.0,47.0
Motif1031_HEEHE_1342_0001_7336_0001,FGFR2,0,Cao et al FGFR2,65.0,0.015,0.052,0.013,0.127,0.35,0.41,0.65,13.533,25.0,0.188,0.074,20.28,17.58,-28.61,-1.74,1640.89,0.5,0.56,0.23,0.0,0.74,-65.13,-3.38,1925.6,0.64,907.6,53.488,5.0,43.0
Motif1045_HEEHE_1770_0001_0001_7480_0001,FGFR2,0,Cao et al FGFR2,65.0,0.088,0.124,0.037,0.246,0.39,0.44,0.65,12.024,3.6,0.117,0.083,20.03,18.74,-49.71,-3.23,1540.31,0.7,0.63,0.16,3.0,0.79,-73.18,-4.34,1688.02,0.72,722.201,51.429,2.0,35.0
Motif1045_bcov_4helix_07383_0001_0002_289_0001,FGFR2,0,Cao et al FGFR2,65.0,0.017,0.021,0.014,0.162,0.31,0.33,0.62,15.367,6.3,0.103,0.033,23.84,19.65,-42.05,-3.07,1371.02,0.68,0.59,0.26,3.0,0.72,-74.17,-3.83,1934.8,0.69,821.968,52.381,1.0,42.0
Motif1053_HEEHE_0174_0001_4008_0001,FGFR2,0,Cao et al FGFR2,65.0,0.036,0.058,0.018,0.202,0.38,0.43,0.65,13.016,25.0,0.152,0.048,14.31,11.25,-41.84,-2.84,1472.4,0.68,0.61,0.17,2.0,0.71,-65.51,-3.29,1990.94,0.65,819.534,61.905,2.0,42.0
Motif1069_HEEHE_2301_0001_4510_0001,FGFR2,0,Cao et al FGFR2,65.0,0.04,0.043,0.019,0.208,0.36,0.38,0.65,12.9,6.3,0.12,0.061,15.58,14.62,-33.32,-2.44,1363.97,0.56,0.67,0.12,1.0,0.73,-63.66,-3.82,1665.19,0.67,698.596,56.757,1.0,37.0
Motif1082_HEEHE_0093_0001_0001_3749_0001,FGFR2,0,Cao et al FGFR2,65.0,0.016,0.018,0.014,0.147,0.31,0.32,0.63,15.338,25.0,0.1,0.026,9.46,11.86,-44.52,-3.03,1467.59,0.69,0.7,0.14,3.0,0.63,-61.36,-3.43,1787.74,0.67,819.496,58.537,4.0,41.0
Motif1108_HEEHE_2675_0001_0001_688_0001,FGFR2,0,Cao et al FGFR2,65.0,0.014,0.016,0.012,0.109,0.27,0.28,0.61,16.925,25.0,0.079,0.018,18.5,14.69,-53.7,-2.75,1953.06,0.67,0.66,0.3,4.0,0.74,-69.11,-3.77,1832.32,0.71,1033.742,63.636,0.0,55.0
Motif1137_ems_3hM_2517_0001_6954_0001,FGFR2,0,Cao et al FGFR2,61.0,0.093,0.112,0.057,0.254,0.42,0.47,0.69,11.116,4.6,0.167,0.101,9.5,4.49,-30.55,-2.39,1278.81,0.67,0.65,0.13,3.0,0.74,-57.73,-3.56,1622.75,0.65,754.583,53.846,2.0,39.0
Motif1175_ems_3hM_1453_0001_9632_0001,FGFR2,0,Cao et al FGFR2,61.0,0.131,0.166,0.057,0.241,0.52,0.54,0.71,10.601,4.2,0.199,0.107,2.47,2.47,-54.89,-3.1,1772.47,0.69,0.63,0.07,3.0,0.75,-69.0,-3.53,1956.72,0.68,972.251,52.941,3.0,51.0
Motif1187_bcov_4helix_03425_0001_0001_8612_0001,FGFR2,0,Cao et al FGFR2,65.0,0.104,0.168,0.053,0.22,0.44,0.46,0.67,11.428,25.0,0.116,0.099,20.2,17.34,-34.44,-2.72,1265.46,0.76,0.64,0.12,1.0,0.66,-60.81,-3.41,1781.59,0.65,616.767,54.054,1.0,37.0
Motif1187_ems_3hM_3215_0001_0001_7049_0001,FGFR2,0,Cao et al FGFR2,64.0,0.015,0.016,0.012,0.098,0.28,0.29,0.62,16.091,25.0,0.157,0.031,5.1,4.46,-51.59,-3.03,1701.58,0.69,0.66,0.07,1.0,0.69,-68.71,-3.28,2095.26,0.66,1018.931,47.826,0.0,46.0
Motif1208_HEEHE_0947_0001_7062_0001,FGFR2,0,Cao et al FGFR2,65.0,0.187,0.211,0.108,0.314,0.53,0.57,0.72,9.522,3.7,0.201,0.181,19.73,18.81,-43.69,-2.67,1635.76,0.67,0.59,0.21,5.0,0.73,-72.5,-3.57,2030.4,0.69,960.823,55.556,2.0,45.0
Motif1220_HEEHE_2966_0001_0001_5297_0001,FGFR2,0,Cao et al FGFR2,65.0,0.127,0.153,0.058,0.271,0.49,0.53,0.7,10.902,3.4,0.197,0.144,17.11,17.95,-38.04,-3.05,1246.66,0.72,0.71,0.21,3.0,0.77,-58.35,-3.41,1710.09,0.65,740.041,55.263,1.0,38.0
Motif1285_bcov_4helix_07849_0001_2629_0001,FGFR2,1,Cao et al FGFR2,65.0,0.156,0.18,0.098,0.26,0.44,0.54,0.68,9.976,4.6,0.204,0.153,2.44,2.66,-59.91,-3.49,1718.63,0.75,0.6,0.15,2.0,0.75,-65.55,-3.91,1678.4,0.71,926.738,59.574,2.0,47.0
Motif1341_ems_3hM_136_0001_4662_0001,FGFR2,0,Cao et al FGFR2,61.0,0.34,0.362,0.216,0.476,0.7,0.72,0.81,6.965,2.7,0.361,0.455,2.62,2.67,-62.76,-3.55,1769.1,0.76,0.61,0.06,4.0,0.7,-62.46,-3.29,1898.64,0.67,919.53,57.447,2.0,47.0
Motif1346_HHH_b2_03180_0001_0001,SARS_CoV2_RBD,0,Cao et al SARS_CoV2_RBD,56.0,0.0,0.0,0.0,0.0,0.17,0.2,0.72,22.417,25.0,0.0,0.0,19.58,48.98,-26.74,-1.6,1675.18,0.59,0.71,0.33,6.0,0.67,-57.07,-3.32,1717.78,0.66,882.317,32.558,7.0,43.0
Motif1482_ems_3hM_3173_0001_9819_0001,FGFR2,1,Cao et al FGFR2,62.0,0.022,0.022,0.016,0.202,0.35,0.35,0.65,14.037,5.7,0.127,0.038,23.9,17.24,-40.24,-2.55,1576.91,0.69,0.62,0.09,1.0,0.74,-68.6,-3.34,2051.87,0.7,938.053,50.0,3.0,42.0
Motif1523_HHH_eva_0396_0001_0001_2487_0001,FGFR2,0,Cao et al FGFR2,61.0,0.586,0.602,0.327,0.639,0.81,0.82,0.83,5.673,1.3,0.298,0.64,25.61,19.27,-39.75,-2.91,1367.12,0.67,0.56,0.07,3.0,0.75,-78.77,-3.57,2206.56,0.71,766.746,50.0,2.0,40.0
Motif2119_bcov_4helix_06674_0001,SARS_CoV2_RBD,1,Cao et al SARS_CoV2_RBD,65.0,0.611,0.768,0.378,0.604,0.87,0.87,0.88,5.99,1.2,0.244,0.821,2.41,1.91,-52.73,-3.09,1707.63,0.66,0.68,0.15,6.0,0.71,-60.74,-3.37,1804.14,0.66,906.973,42.857,6.0,49.0
Pdl1_binder_AF2_15,Pdl1,0,Pdl1 Watson et al,98.0,0.763,0.814,0.515,0.689,0.88,0.89,0.89,3.797,0.9,0.501,0.799,1.4,1.65,-45.23,-2.5,1807.36,0.67,0.66,0.2,8.0,0.64,-43.39,-2.7,1608.55,0.56,1004.543,41.176,13.0,51.0
Pdl1_binder_AF2_36,Pdl1,1,Pdl1 Watson et al,96.0,0.783,0.812,0.55,0.714,0.87,0.89,0.9,3.815,0.9,0.449,0.808,2.12,2.07,-46.82,-2.74,1711.38,0.74,0.68,0.19,5.0,0.72,-51.03,-2.83,1802.44,0.62,929.8,46.667,11.0,45.0
Pdl1_binder_AF2_65,Pdl1,0,Pdl1 Watson et al,55.0,0.194,0.241,0.089,0.229,0.62,0.65,0.81,9.502,3.5,0.428,0.465,1.08,1.16,-43.66,-3.06,1427.15,0.68,0.71,0.25,5.0,0.74,-40.2,-2.82,1425.02,0.68,727.649,42.105,6.0,38.0
Pdl1_binder_AF2_67,Pdl1,0,Pdl1 Watson et al,97.0,0.398,0.413,0.265,0.465,0.72,0.73,0.82,6.779,2.6,0.438,0.529,2.14,1.57,-50.71,-2.8,1810.49,0.68,0.64,0.19,8.0,0.67,-49.98,-2.48,2016.58,0.63,853.783,43.182,9.0,44.0
Pdl1_binder_AF2_74,Pdl1,0,Pdl1 Watson et al,94.0,0.787,0.813,0.55,0.72,0.89,0.89,0.91,3.491,1.0,0.538,0.887,1.55,1.63,-60.77,-3.25,1868.93,0.72,0.71,0.15,13.0,0.81,-62.32,-3.08,2026.08,0.68,893.368,44.186,9.0,43.0
Trka_binder_AF2_2,TrkA,0,TrkA Watson et al,65.0,0.616,0.666,0.321,0.607,0.83,0.83,0.85,5.565,1.1,0.338,0.693,1.71,2.21,-41.52,-2.63,1578.4,0.55,0.56,0.43,9.0,0.62,-51.38,-3.09,1662.6,0.54,755.028,43.902,4.0,41.0
Trka_binder_AF2_41,TrkA,0,TrkA Watson et al,100.0,0.778,0.781,0.522,0.696,0.87,0.87,0.91,3.762,1.1,0.487,0.854,3.41,2.47,-45.81,-3.02,1514.75,0.7,0.57,0.1,7.0,0.77,-51.39,-3.37,1523.83,0.69,832.256,42.857,8.0,42.0
Trka_binder_AF2_6,TrkA,0,TrkA Watson et al,87.0,0.772,0.82,0.564,0.714,0.88,0.89,0.91,3.508,0.9,0.458,0.878,2.21,2.81,-50.53,-2.98,1693.59,0.75,0.64,0.14,6.0,0.72,-49.57,-2.98,1661.93,0.67,1007.532,38.776,10.0,49.0
Trka_binder_AF2_84,TrkA,0,TrkA Watson et al,78.0,0.659,0.772,0.409,0.657,0.84,0.86,0.88,4.382,1.0,0.355,0.866,3.07,2.27,-42.15,-2.96,1423.23,0.66,0.64,0.16,5.0,0.66,-37.35,-2.69,1388.84,0.7,756.4,40.0,5.0,40.0
alessio_daddio_AD_1,EGFR,0,Adaptyv binder comp round 2,90.0,0.51,0.63,0.263,0.427,0.89,0.89,0.7,14.024,2.0,0.518,0.616,39.45,47.14,-62.9,-2.16,2912.31,0.59,0.57,0.36,7.0,0.61,-83.19,-2.27,3659.35,0.63,1634.854,38.961,14.0,77.0
aqamar_seq3,EGFR,0,Adaptyv binder comp round 1,121.0,0.0,0.0,0.0,0.0,0.13,0.15,0.47,28.823,25.0,0.0,0.0,37.37,68.52,-39.63,-1.32,2996.91,0.45,0.5,0.15,5.0,0.58,-20.53,-1.43,1430.85,0.56,1591.348,31.765,16.0,85.0
bcov_6ala_r1_ems_3hM_1717_000000004_0001_1_19_H____ems_3hM_2060_0001_0008_0001_0001,TrkA,0,Cao et al TrkA,63.0,0.0,0.0,0.0,0.0,0.19,0.19,0.56,20.138,25.0,0.0,0.0,22.16,17.85,-26.56,-2.14,1238.45,0.58,0.58,0.16,3.0,0.68,-57.64,-3.43,1678.09,0.69,721.136,37.143,8.0,35.0
bcov_original_r1_ems_3hM_208_000000000_0001_25_43_H____HEEH_15169_0001_0001_0001_0001,TrkA,0,Cao et al TrkA,64.0,0.0,0.0,0.0,0.0,0.22,0.23,0.56,20.167,25.0,0.0,0.0,16.06,14.78,-27.44,-2.09,1311.08,0.7,0.63,0.06,5.0,0.75,-58.64,-3.81,1540.29,0.71,764.628,42.857,1.0,35.0
bcov_r3_ems_bGM_694_0001_000000004_0001_0001,IL7Ra,0,Cao et al IL7Ra,55.0,0.0,0.0,0.0,0.0,0.31,0.36,0.75,17.196,25.0,0.0,0.0,40.65,40.6,-32.03,-1.78,1796.02,0.5,0.6,0.18,1.0,0.68,-58.5,-3.55,1648.3,0.7,1005.556,37.736,2.0,53.0
bcov_v3_r2_EHEE_02036_000000002_0001_0001_55_65_E____ems_ferrM_2531_0001_0014_0001_0001_0001,IL7Ra,0,Cao et al IL7Ra,64.0,0.0,0.0,0.0,0.0,0.25,0.29,0.73,19.767,25.0,0.0,0.0,13.31,21.63,-31.55,-2.23,1412.12,0.67,0.64,0.33,3.0,0.78,-70.07,-3.96,1768.92,0.68,669.425,42.857,1.0,35.0
binom16_pocket3pep98,EGFR,0,Adaptyv binder comp round 2,22.0,0.0,0.0,0.0,0.0,0.44,0.47,0.7,20.445,25.0,0.0,0.0,4.05,18.4,-49.51,-2.14,2316.16,0.64,0.63,0.33,4.0,0.66,-34.84,-1.71,2034.61,0.62,1136.424,42.188,3.0,64.0
christoph_gruber_Binder12_1,EGFR,0,Adaptyv binder comp round 2,87.0,0.016,0.043,0.012,0.096,0.47,0.48,0.59,23.823,6.3,0.146,0.043,16.99,33.62,-38.68,-2.61,1484.18,0.71,0.53,0.26,5.0,0.65,-58.08,-2.11,2757.65,0.61,745.709,36.585,6.0,41.0
coreyhowe99_egfr_binder1,EGFR,0,Adaptyv binder comp round 1,50.0,0.416,0.66,0.185,0.437,0.91,0.91,0.71,12.563,1.7,0.465,0.704,32.89,44.84,-44.4,-2.27,1955.21,0.67,0.63,0.12,6.0,0.6,-39.78,-1.8,2206.79,0.57,1197.346,43.86,9.0,57.0
cside_mot_3h_hb1_4091_000000003_0001_14_19_H___ems_3hM_3525_0001_0002_0001,EGFR,0,Cao et al EGFR,61.0,0.455,0.648,0.31,0.574,0.81,0.81,0.91,4.886,2.2,0.224,0.715,4.54,7.76,-38.47,-2.7,1423.64,0.73,0.64,0.07,7.0,0.71,-56.46,-2.99,1885.46,0.67,769.795,46.154,2.0,39.0
cside_mot_6d915af4015ae4a6f83e3ddd2796ee44_0001_1_000000026_0001_19_29_H___bcov_4helix_02391_0001_0002_0001,EGFR,0,Cao et al EGFR,65.0,0.144,0.278,0.101,0.201,0.55,0.59,0.83,9.462,4.1,0.28,0.197,3.75,3.59,-36.18,-1.98,1824.68,0.62,0.59,0.17,8.0,0.62,-44.2,-2.61,1691.61,0.66,784.647,43.182,5.0,44.0
cside_pol_3h_hb1_1450_000000000_0001,EGFR,0,Cao et al EGFR,61.0,0.179,0.27,0.134,0.224,0.62,0.64,0.85,8.621,25.0,0.311,0.191,6.03,6.61,-41.58,-2.07,2006.68,0.6,0.55,0.14,4.0,0.69,-88.32,-3.94,2241.35,0.64,1109.553,46.552,7.0,58.0
csplice_r1_a2de759c170706188c6e693fd8ea43cc_0001_000000001_0001_0001_38_47_H____ems_p1_14H_GBL_16H_GBL_14H_0120_0001_0001_0001_0001_0002_0001_0001_18_49_HHH_28_09256_27_0001,VirB8,0,Cao et al VirB8,65.0,0.012,0.012,0.011,0.044,0.38,0.4,0.73,16.62,25.0,0.265,0.031,3.27,5.6,-45.74,-2.7,1692.17,0.65,0.65,0.18,3.0,0.69,-51.56,-3.32,1553.91,0.71,813.929,51.282,2.0,39.0
csplice_r1_ems_3hM_1972_000000001_0001_0001_2_11_H____1950d1f4796b1edd0daeebfeeb1f0c90_0001_1_0001_0002_0001_0001_18_49_HHH_32_11385_28_0001,VirB8,0,Cao et al VirB8,65.0,0.011,0.015,0.011,0.056,0.26,0.27,0.7,18.758,25.0,0.08,0.024,38.16,23.67,-34.64,-2.33,1487.41,0.67,0.59,0.14,1.0,0.71,-64.32,-3.3,1949.89,0.67,724.611,55.556,0.0,36.0
csplice_r1_ems_3hM_1972_000000001_0001_0001_2_11_H____6691a51d9b15b80be0c315b7e18422aa_0001_0001_0001_0001_34_64_HHH_30_02115_12_0001_16_crosslinked_mm_0,VirB8,0,Cao et al VirB8,65.0,0.014,0.015,0.012,0.095,0.41,0.46,0.74,14.917,7.2,0.167,0.057,46.68,23.92,-49.07,-3.12,1570.63,0.74,0.69,0.1,2.0,0.81,-64.12,-4.02,1594.95,0.72,741.516,53.659,0.0,41.0
elian_elian5,EGFR,0,Adaptyv binder comp round 2,100.0,0.518,0.626,0.286,0.384,0.87,0.87,0.71,14.373,2.0,0.479,0.589,44.67,50.4,-67.11,-2.34,2865.17,0.69,0.59,0.25,11.0,0.65,-70.1,-1.87,3739.45,0.63,1609.336,38.889,16.0,72.0
ems_3hC_1508_000000020_0001,FGFR2,0,Cao et al FGFR2,63.0,0.031,0.049,0.015,0.158,0.43,0.44,0.67,12.716,5.5,0.189,0.099,15.65,15.08,-33.83,-2.34,1448.72,0.55,0.64,0.15,1.0,0.69,-47.26,-3.27,1447.28,0.58,763.617,52.381,2.0,42.0
ems_3hM_2430_000000002_0001,FGFR2,0,Cao et al FGFR2,62.0,0.063,0.074,0.019,0.164,0.46,0.49,0.69,12.249,6.8,0.17,0.078,4.65,4.77,-44.9,-2.74,1636.68,0.7,0.55,0.11,4.0,0.68,-59.96,-3.38,1772.85,0.67,843.902,48.837,5.0,43.0
ems_3hM_2731_000000014_0001,FGFR2,0,Cao et al FGFR2,63.0,0.486,0.548,0.299,0.497,0.78,0.79,0.85,6.265,1.9,0.297,0.62,20.92,18.15,-53.64,-3.35,1600.81,0.67,0.68,0.12,3.0,0.81,-63.45,-4.12,1541.42,0.73,815.296,53.488,1.0,43.0
ems_p1_14H_GBL_16H_GBL_16H_0210_0001_0001_0001_000000013_0001,FGFR2,0,Cao et al FGFR2,52.0,0.186,0.256,0.119,0.334,0.6,0.62,0.75,8.685,3.5,0.204,0.247,5.48,3.42,-46.15,-2.93,1577.41,0.69,0.66,0.13,3.0,0.75,-58.8,-4.09,1437.09,0.68,793.835,62.5,2.0,40.0
eugene_valkov_rfdiff_design_6_38_dldesign_2_af2pred,EGFR,0,Adaptyv binder comp round 1,92.0,0.295,0.466,0.175,0.3,0.75,0.78,0.69,16.684,3.2,0.343,0.311,38.47,47.66,-54.65,-2.34,2335.08,0.62,0.61,0.35,8.0,0.54,-39.19,-1.4,2796.85,0.52,1144.15,43.103,3.0,58.0
evarist_planet_FM_75_1_14,EGFR,0,Adaptyv binder comp round 1,60.0,0.0,0.0,0.0,0.0,0.51,0.52,0.64,22.75,25.0,0.0,0.0,38.8,43.88,-45.73,-2.36,1935.11,0.57,0.68,0.32,3.0,0.63,-50.52,-1.94,2601.04,0.56,1108.643,45.0,4.0,60.0
fernando_meireles_design_hybrid_partial_diff_4_31_binder,EGFR,0,Adaptyv binder comp round 2,107.0,0.0,0.0,0.0,0.0,0.31,0.31,0.51,25.527,25.0,0.0,0.0,4.42,10.18,-78.48,-2.12,3702.68,0.55,0.63,0.29,11.0,0.56,-81.42,-2.06,3955.51,0.67,2193.854,40.741,13.0,108.0
il10ra_site1_normal_mot_HHH_b1_00999_000000080_0001_41_55_H___HHH_b1_01870_0001_0001100037_0000001_0,IL10Ra,0,Bennet paper IL10Ra prospective,52.0,0.0,0.0,0.0,0.0,0.21,0.22,0.73,22.916,25.0,0.0,0.0,42.42,46.65,-14.6,-2.13,684.24,0.69,0.6,0.28,4.0,0.71,-56.36,-2.72,2073.59,0.63,357.82,29.412,2.0,17.0
jvogt4_scfv_residues_195_06,EGFR,0,Adaptyv binder comp round 1,109.0,0.0,0.0,0.0,0.0,0.44,0.44,0.62,23.974,16.1,0.0,0.0,44.47,51.77,-54.79,-2.21,2478.38,0.69,0.63,0.22,5.0,0.66,-21.39,-1.32,1617.18,0.66,1444.475,35.821,8.0,67.0
lhallee_lhallee_20_on_target_2000,EGFR,0,Adaptyv binder comp round 2,20.0,0.0,0.0,0.0,0.0,0.28,0.34,0.67,26.147,25.0,0.0,0.0,40.52,63.81,-33.91,-2.31,1470.3,0.63,0.61,0.46,6.0,0.64,-29.31,-2.16,1359.14,0.56,639.938,51.351,2.0,37.0
longxing_Cationpi_ems_3hM_487_000000003_0001_0003,TrkA,1,Cao et al TrkA,62.0,0.798,0.848,0.527,0.759,0.92,0.92,0.93,3.007,0.8,0.512,0.942,2.04,1.96,-55.36,-3.34,1656.0,0.72,0.66,0.0,4.0,0.72,-58.13,-3.44,1687.76,0.75,890.389,46.512,4.0,43.0
longxing_Grafting2_HHH_eva_0779_0001_0002_0001_0001,IL7Ra,1,Cao et al IL7Ra,54.0,0.576,0.746,0.313,0.62,0.88,0.88,0.9,4.877,1.3,0.283,0.785,2.1,2.44,-48.54,-3.37,1438.81,0.77,0.67,0.12,5.0,0.79,-58.09,-3.85,1510.53,0.65,727.101,45.238,2.0,42.0
longxing_Grafting2_ems_4hC_633_0001_0001_0006_0001_0001,IL7Ra,0,Cao et al IL7Ra,60.0,0.13,0.229,0.076,0.229,0.62,0.66,0.84,10.834,4.8,0.206,0.24,3.53,4.41,-38.06,-2.45,1554.72,0.61,0.62,0.17,4.0,0.73,-51.6,-3.33,1547.5,0.66,808.104,36.111,7.0,36.0
ltk_site1_sap_10_mot_HHH_b2_08102_af2_000000003_0001_1_15_H___HHH_b1_08571_af2_0001_0000100001_0000002_0_0001_af2pred_0001,LTK,0,Bennet paper LTK prospective,56.0,0.316,0.634,0.165,0.412,0.79,0.8,0.9,7.432,2.2,0.134,0.346,2.66,3.58,-41.39,-2.07,2002.35,0.6,0.69,0.1,8.0,0.59,-46.14,-2.46,1875.55,0.63,950.065,40.816,6.0,49.0
ltk_site1_sap_17_mot_HHH_b1_03807_000000022_0001_19_35_H___HHH_b1_04338_af2_0001_0000100001_0000001_0_0001_af2pred_0001,LTK,0,Bennet paper LTK prospective,57.0,0.0,0.0,0.0,0.0,0.36,0.41,0.81,18.278,25.0,0.0,0.0,48.77,32.85,-26.63,-2.22,1199.8,0.68,0.61,0.14,3.0,0.62,-47.43,-3.02,1570.12,0.72,750.729,45.455,7.0,33.0
markus_braun_egfr_binder_7,EGFR,0,Adaptyv binder comp round 2,250.0,0.692,0.796,0.506,0.474,0.92,0.92,0.72,14.495,1.7,0.665,0.693,71.03,48.63,-99.46,-2.13,4670.88,0.54,0.59,0.19,25.0,0.49,-13.61,-0.71,1928.53,0.57,2480.039,38.71,22.0,124.0
martin_EGFR_l165_s31019_mpnn3,EGFR,0,Adaptyv binder comp round 2,165.0,0.017,0.236,0.012,0.063,0.61,0.62,0.63,20.714,7.0,0.407,0.092,43.29,39.68,-52.3,-2.33,2243.65,0.64,0.68,0.27,4.0,0.61,-58.9,-1.98,2974.18,0.65,1222.691,43.333,9.0,60.0
minji_lee_386,EGFR,0,Adaptyv binder comp round 2,79.0,0.0,0.0,0.0,0.0,0.27,0.27,0.6,27.602,25.0,0.0,0.0,55.41,70.78,-21.83,-1.63,1343.18,0.55,0.67,0.15,3.0,0.63,-66.43,-2.24,2970.01,0.62,592.838,42.857,5.0,35.0
mot_H_fastrot_20f4bfae9a14c82a38f5f9039ee13842_0001_000000021_0001_25_30_H___3h_hb1_5803_0001_0001,FGFR2,0,Cao et al FGFR2,63.0,0.119,0.122,0.061,0.25,0.41,0.44,0.66,11.124,4.2,0.107,0.092,11.93,6.47,-44.27,-2.68,1651.75,0.67,0.65,0.1,7.0,0.62,-64.75,-3.57,1812.92,0.68,760.084,50.0,3.0,40.0
mot_H_fastrot_3h_hb1_1457_000000000_0001_52_57_H___48a3456c9dcf52aad7d2fab0b35b883e_0001_0001_0001_0001,FGFR2,0,Cao et al FGFR2,65.0,0.14,0.181,0.053,0.244,0.43,0.47,0.67,11.625,3.1,0.109,0.089,18.51,19.37,-34.71,-2.44,1420.4,0.67,0.53,0.28,1.0,0.74,-56.71,-3.68,1540.24,0.65,707.554,55.814,0.0,43.0
mot_H_fastrot_3h_hb1_4605_000000007_0001_30_35_H___EHEE_hb1_6203_0001_0001,FGFR2,0,Cao et al FGFR2,65.0,0.015,0.021,0.013,0.132,0.3,0.36,0.62,15.539,25.0,0.167,0.04,20.14,20.28,-49.89,-2.58,1934.16,0.69,0.65,0.06,9.0,0.68,-50.61,-3.07,1646.84,0.71,1028.012,54.717,6.0,53.0
mot_H_fastrot_3h_hb1_5635_000000028_0001_26_35_H___ems_3hM_516_0001_0003_0001_0001,FGFR2,0,Cao et al FGFR2,63.0,0.015,0.037,0.013,0.142,0.32,0.42,0.63,13.756,25.0,0.152,0.056,18.66,27.65,-42.38,-2.46,1720.9,0.67,0.58,0.18,4.0,0.69,-53.45,-3.35,1594.46,0.73,891.89,45.455,4.0,44.0
mot_H_fastrot_cor_0aae35b5ad8ab43c0432737690aa3e6e_0001_1_000000000_0001_21_27_H___bd8c6a7a3a0aa2d5f645479e628e0e12_0001_0001_0001,FGFR2,0,Cao et al FGFR2,65.0,0.017,0.061,0.015,0.155,0.41,0.42,0.65,13.359,25.0,0.138,0.047,21.63,16.76,-38.67,-2.41,1601.07,0.57,0.65,0.1,3.0,0.73,-51.28,-3.3,1555.96,0.57,939.036,52.174,2.0,46.0
mot_H_fastrot_cor_3c06db0087383a8ea5c94fb00883e66c_0001_000000001_0001_25_29_H___HHH_eva_0105_0001_0002_0001,FGFR2,0,Cao et al FGFR2,59.0,0.015,0.015,0.013,0.136,0.26,0.28,0.62,15.095,25.0,0.107,0.022,15.37,16.19,-44.86,-2.8,1601.67,0.62,0.59,0.06,4.0,0.65,-58.94,-3.25,1813.27,0.6,776.412,60.0,5.0,40.0
mot_H_fastrot_cor_3h_hb1_5971_000000012_0001_53_59_H___02809d65a5d90242979936e4b8fca502_0001_1_0001_0001_0001,FGFR2,0,Cao et al FGFR2,65.0,0.061,0.067,0.024,0.178,0.34,0.38,0.63,12.74,5.8,0.084,0.079,7.83,6.65,-30.72,-2.66,1153.89,0.69,0.54,0.23,1.0,0.72,-58.52,-3.47,1685.93,0.66,634.449,54.545,1.0,33.0
mot_H_fastrot_cor_3h_hb1_5971_000000012_0001_53_59_H___ems_3hM_790_0001_0001_0001_0001,FGFR2,0,Cao et al FGFR2,62.0,0.633,0.723,0.391,0.686,0.83,0.84,0.87,4.42,1.2,0.435,0.83,2.59,3.09,-48.59,-3.03,1602.27,0.73,0.63,0.1,5.0,0.74,-61.0,-3.24,1882.94,0.63,863.889,51.111,5.0,45.0
mot_H_fastrot_cor_3h_hb1_641_000000003_0001_49_56_H___HEEHE_3217_0001_0003_0001_0001,FGFR2,0,Cao et al FGFR2,65.0,0.11,0.147,0.05,0.258,0.39,0.46,0.67,10.808,3.8,0.226,0.091,7.95,9.88,-38.42,-2.42,1590.7,0.57,0.59,0.19,2.0,0.64,-47.37,-2.96,1597.75,0.62,821.843,57.143,1.0,49.0
mot_H_fastrot_cor_4h_hb1_2073_000000000_0001_20_25_H___EHEE_hb1_1725_0001_0001,FGFR2,0,Cao et al FGFR2,65.0,0.016,0.017,0.013,0.124,0.24,0.28,0.6,16.075,25.0,0.076,0.026,24.86,22.75,-28.05,-2.06,1362.86,0.53,0.62,0.29,4.0,0.74,-51.67,-3.22,1602.41,0.66,891.936,50.0,1.0,44.0
mot_H_fastrot_cor_85931e5ecd843587efdb8cd577e0fb5b_0001_000000016_0001_36_43_H___f624ffed48b0881acff70076087289e9_0001_0001_0001_0001,FGFR2,0,Cao et al FGFR2,65.0,0.07,0.078,0.02,0.202,0.38,0.41,0.63,13.162,4.4,0.108,0.076,8.57,10.39,-38.78,-3.19,1213.99,0.73,0.57,0.14,0.0,0.71,-49.22,-3.39,1452.6,0.72,671.358,56.25,0.0,32.0
mot_H_fastrot_cor_ems_3hM_199_000000020_0001_56_61_H___3h_hb1_6525_0001_0002_0001_0001,FGFR2,0,Cao et al FGFR2,63.0,0.063,0.085,0.029,0.196,0.35,0.44,0.66,11.374,5.8,0.107,0.096,22.41,24.77,-24.74,-2.18,1135.87,0.59,0.58,0.23,2.0,0.71,-48.02,-2.85,1686.22,0.7,715.922,45.946,3.0,37.0
mot_H_fastrot_cor_ems_3hM_199_000000020_0001_56_61_H___a5d01d60a4c8e21931975769520788c4_0001_0001_0001_0001,FGFR2,0,Cao et al FGFR2,65.0,0.014,0.021,0.013,0.112,0.38,0.41,0.66,13.341,25.0,0.209,0.061,2.67,2.36,-42.51,-2.83,1499.43,0.65,0.57,0.16,3.0,0.64,-49.54,-2.83,1749.97,0.57,929.074,46.667,6.0,45.0
mot_H_fastrot_cor_ems_3hM_199_000000020_0001_57_61_H___03eb9b9f3e2d9b8b026e219b46d78628_0001_0001_0003_0001,FGFR2,0,Cao et al FGFR2,65.0,0.015,0.02,0.013,0.126,0.33,0.35,0.65,14.474,25.0,0.121,0.046,16.03,35.37,-40.94,-2.68,1529.25,0.61,0.5,0.39,2.0,0.65,-40.58,-2.67,1519.37,0.64,838.64,55.814,1.0,43.0
mot_H_fastrot_cor_f8f8a4152cc90f14bb898546c27f9520_0001_000000007_0001_34_42_H___8fb004324bef0d9e4b55d766964b8990_0001_0001_0001,FGFR2,0,Cao et al FGFR2,65.0,0.016,0.038,0.013,0.134,0.3,0.36,0.62,14.055,25.0,0.113,0.069,7.76,8.55,-38.71,-3.05,1267.41,0.69,0.6,0.21,3.0,0.78,-47.12,-3.16,1492.99,0.7,665.823,51.429,6.0,35.0
mot_H_fastrot_ems_3hM_3092_000000000_0001_56_62_H___ems_3hC_3_0001_0001_0002_0001_0001,FGFR2,1,Cao et al FGFR2,62.0,0.398,0.461,0.238,0.552,0.72,0.73,0.79,6.39,2.0,0.26,0.541,4.18,3.74,-44.22,-2.83,1563.67,0.59,0.64,0.14,1.0,0.68,-49.17,-2.9,1695.06,0.69,784.013,47.368,3.0,38.0
mot_H_normal_34cfe099a4900ba52f0757c529d84d65_0001_000000000_0001_44_50_H___3h_hb1_1063_0001_0001,FGFR2,0,Cao et al FGFR2,63.0,0.126,0.147,0.052,0.21,0.44,0.5,0.67,10.887,4.3,0.196,0.112,7.34,6.84,-62.5,-3.19,1957.67,0.63,0.67,0.09,8.0,0.64,-51.11,-2.67,1914.18,0.64,1038.89,50.0,10.0,52.0
mot_H_normal_3h_hb1_2296_000000001_0001_3_9_H___3h_hb1_3293_0001_0001_0001,FGFR2,0,Cao et al FGFR2,62.0,0.017,0.022,0.015,0.183,0.3,0.32,0.62,14.849,6.1,0.116,0.031,21.09,21.85,-40.51,-2.41,1677.91,0.61,0.6,0.06,4.0,0.76,-58.35,-3.37,1732.06,0.67,884.001,52.174,3.0,46.0
mot_H_normal_3h_hb1_3627_000000010_0001_51_57_H___EHEE_hb1_3334_0001_0001_0001,FGFR2,0,Cao et al FGFR2,65.0,0.021,0.023,0.014,0.155,0.33,0.34,0.63,15.467,25.0,0.062,0.042,36.69,25.56,-30.48,-2.47,1231.91,0.59,0.68,0.23,2.0,0.75,-58.2,-3.39,1718.09,0.7,771.723,50.0,0.0,40.0
mot_H_normal_3h_hb1_4713_000000003_0001_50_56_H___83e99b6af5d6f9242c0c5646de00cec7_0001_0001_0001_0001,FGFR2,0,Cao et al FGFR2,65.0,0.072,0.079,0.021,0.198,0.37,0.4,0.64,12.684,25.0,0.143,0.059,7.06,8.26,-39.05,-2.59,1507.7,0.55,0.63,0.16,4.0,0.7,-56.34,-3.46,1628.67,0.64,900.75,48.889,1.0,45.0
mot_H_normal_3h_hb1_5890_000000015_0001_54_62_H___562f024e9e3a13b85db4f7f4db6ca3b2_0001_0001_0001_0001,FGFR2,0,Cao et al FGFR2,65.0,0.468,0.661,0.253,0.53,0.78,0.79,0.8,8.478,1.1,0.33,0.461,7.03,5.8,-44.21,-2.84,1558.93,0.73,0.61,0.38,3.0,0.7,-63.95,-3.42,1870.37,0.69,885.426,52.273,7.0,44.0
mot_H_normal_3h_hb1_5890_000000015_0001_54_62_H___HHH_eva_0209_0001_0001_0001,FGFR2,0,Cao et al FGFR2,61.0,0.031,0.067,0.017,0.187,0.34,0.38,0.62,12.418,5.9,0.109,0.067,5.61,4.58,-38.28,-3.05,1253.63,0.72,0.64,0.13,0.0,0.7,-46.59,-3.1,1503.67,0.69,621.959,51.515,1.0,33.0
mot_H_normal_3h_hb1_6816_000000000_0001_50_58_H___106ff9bc363d21ac7eb6b187d478255d_0001_0001_0002_0001_0001,FGFR2,0,Cao et al FGFR2,65.0,0.015,0.018,0.013,0.112,0.25,0.27,0.61,16.3,25.0,0.099,0.029,21.07,19.49,-36.25,-2.35,1544.29,0.63,0.68,0.16,5.0,0.73,-71.97,-4.07,1767.03,0.71,813.699,41.86,2.0,43.0
mot_H_normal_3h_hb1_6816_000000000_0001_50_58_H___3h_hb1_964_0001_0002_0001,FGFR2,1,Cao et al FGFR2,64.0,0.022,0.027,0.016,0.184,0.33,0.35,0.64,13.273,5.2,0.096,0.086,6.77,11.36,-30.16,-2.75,1096.22,0.66,0.55,0.14,2.0,0.77,-61.24,-3.9,1571.09,0.73,570.043,50.0,1.0,30.0
mot_H_normal_3h_hb1_6816_000000000_0001_50_58_H___EHEE_hb1_4864_0001_0002_0001_0001,FGFR2,0,Cao et al FGFR2,65.0,0.359,0.392,0.206,0.397,0.63,0.7,0.75,7.825,2.3,0.309,0.288,27.07,21.14,-56.49,-2.62,2156.91,0.66,0.69,0.15,2.0,0.78,-55.45,-3.66,1516.7,0.7,1151.667,50.0,5.0,56.0
mot_H_normal_47ddd8bf318dacf0874fc339bd1df968_0001_000000000_0001_39_44_H___e32b8a443cf129323adc6faace4111f1_0001_1_0001_0001_0001,FGFR2,0,Cao et al FGFR2,65.0,0.632,0.71,0.385,0.647,0.83,0.83,0.86,5.038,1.2,0.368,0.792,6.73,6.48,-53.1,-3.47,1530.17,0.71,0.6,0.17,6.0,0.72,-67.67,-4.08,1658.34,0.67,769.074,48.78,4.0,41.0
mot_H_normal_HEEHE_2363_000000001_0001_43_52_H___HEEHE_1156_0001_0001_0001,FGFR2,0,Cao et al FGFR2,65.0,0.488,0.498,0.287,0.503,0.75,0.76,0.8,7.319,1.6,0.333,0.352,21.26,17.73,-52.39,-2.82,1854.85,0.68,0.58,0.13,6.0,0.67,-42.71,-2.55,1678.03,0.63,1079.287,54.0,4.0,50.0
mot_H_normal_HEEHE_2363_000000001_0001_43_52_H___ems_3hC_638_0001_0001_0001,FGFR2,0,Cao et al FGFR2,63.0,0.017,0.046,0.014,0.152,0.33,0.36,0.64,14.176,25.0,0.065,0.05,24.72,24.36,-43.77,-2.72,1611.92,0.61,0.57,0.2,2.0,0.72,-63.43,-3.46,1832.33,0.68,785.255,41.86,2.0,43.0
mot_H_normal_HEEH_08897_000000013_0001_46_56_H___3h_hb1_3853_0001_0003_0001_0001,FGFR2,0,Cao et al FGFR2,63.0,0.049,0.062,0.017,0.179,0.33,0.39,0.64,12.82,5.3,0.115,0.085,21.91,20.35,-27.24,-2.12,1283.21,0.61,0.67,0.17,2.0,0.7,-50.02,-3.03,1652.74,0.67,801.721,50.0,3.0,38.0
mot_H_normal_HEEH_08897_000000013_0001_46_56_H___HEEHE_2224_0001_0002_0001_0001,FGFR2,0,Cao et al FGFR2,65.0,0.024,0.028,0.015,0.171,0.35,0.39,0.65,13.245,5.6,0.116,0.078,19.82,19.84,-46.79,-3.18,1470.56,0.67,0.55,0.2,5.0,0.74,-51.34,-3.28,1564.42,0.68,764.724,51.351,4.0,37.0
mot_H_normal_HHH_eva_0047_000000004_0001_10_18_H___EHEE_hb1_5511_0001_0002_0001_0001,FGFR2,0,Cao et al FGFR2,65.0,0.038,0.058,0.017,0.172,0.35,0.44,0.64,12.924,25.0,0.144,0.054,4.94,8.05,-44.87,-3.09,1451.32,0.71,0.55,0.14,4.0,0.76,-54.97,-3.31,1658.75,0.62,847.021,47.619,6.0,42.0
mot_H_normal_HHH_eva_0323_000000006_0001_51_58_H___b027a7b5382bd72a7ee9abba5a67eb8f_0001_1_0001_0001_0001,FGFR2,0,Cao et al FGFR2,65.0,0.682,0.686,0.389,0.668,0.85,0.86,0.86,4.736,1.0,0.507,0.772,2.43,2.79,-43.65,-3.03,1438.72,0.67,0.7,0.2,4.0,0.69,-52.1,-3.34,1559.06,0.73,828.46,46.667,3.0,45.0
mot_H_normal_d1527d9db61042ae992c5fc0a9cf6cfe_0001_1_000000001_0001_45_50_H___3h_hb1_5912_0001_0001,FGFR2,1,Cao et al FGFR2,63.0,0.016,0.018,0.014,0.146,0.24,0.27,0.61,15.982,25.0,0.099,0.031,25.05,23.95,-28.48,-2.24,1271.21,0.55,0.65,0.16,0.0,0.66,-65.41,-3.34,1960.79,0.64,728.434,51.282,2.0,39.0
mot_H_normal_df5fdf51280a5736f57bd207e2138f4e_0001_000000000_0001_35_42_H___4h_hb1_3786_0001_0001_0001,FGFR2,0,Cao et al FGFR2,61.0,0.061,0.111,0.03,0.178,0.3,0.46,0.64,13.551,25.0,0.062,0.077,24.81,24.72,-33.82,-2.82,1199.1,0.65,0.63,0.33,3.0,0.72,-45.88,-3.04,1508.43,0.66,597.935,60.0,3.0,35.0
mot_H_normal_ems_3hC_160_000000005_0001_13_19_H___3h_hb1_1308_0001_0002_0001_0001,FGFR2,0,Cao et al FGFR2,63.0,0.013,0.016,0.012,0.077,0.25,0.26,0.61,16.408,25.0,0.067,0.028,21.12,24.2,-36.42,-2.49,1462.66,0.61,0.65,0.23,3.0,0.62,-54.67,-3.11,1755.27,0.61,694.717,48.718,2.0,39.0
mot_H_normal_ems_3hC_187_0002_000000003_0001_25_31_H___ems_3hC_921_0001_0001_0001,FGFR2,0,Cao et al FGFR2,63.0,0.507,0.531,0.296,0.586,0.79,0.8,0.82,5.872,1.5,0.386,0.59,3.24,2.37,-48.55,-3.11,1563.14,0.61,0.69,0.0,4.0,0.64,-65.48,-3.63,1804.09,0.71,854.419,48.889,3.0,45.0
mot_H_normal_f1959bc41105d49c5e38d92e8a10f31d_0001_1_000000002_0001_41_46_H___EHEE_hb1_3538_0001_0001_0001,FGFR2,0,Cao et al FGFR2,65.0,0.017,0.019,0.015,0.181,0.32,0.36,0.62,15.005,25.0,0.117,0.035,20.43,25.96,-45.61,-2.59,1762.42,0.59,0.61,0.11,3.0,0.69,-48.22,-3.07,1570.23,0.7,1005.208,60.0,1.0,50.0
mot_P_fastrot_cor_HEEHE_1766_000000005_0001_21_25_32_34_P___HEEHE_1852_0001_0001_0001,FGFR2,0,Cao et al FGFR2,65.0,0.286,0.298,0.171,0.394,0.62,0.66,0.75,7.991,2.7,0.178,0.438,6.95,7.16,-33.57,-2.75,1219.82,0.67,0.63,0.25,3.0,0.66,-47.58,-2.91,1633.24,0.64,723.69,41.463,2.0,41.0
mot_P_normal_EHEE_hb1_164_000000001_0001_3_5_61_63_P___EHEE_hb1_3174_0001_0001_0001,FGFR2,0,Cao et al FGFR2,65.0,0.017,0.017,0.014,0.144,0.25,0.27,0.59,15.719,6.5,0.081,0.043,16.81,10.72,-36.27,-2.96,1225.05,0.69,0.7,0.17,3.0,0.71,-50.73,-3.28,1547.7,0.67,631.227,44.118,3.0,34.0
mot_P_normal_EHEE_hb1_2329_000000003_0001_5_7_61_63_P___EHEE_hb1_6363_0001_0001_0001,FGFR2,0,Cao et al FGFR2,65.0,0.037,0.039,0.015,0.163,0.41,0.42,0.65,13.286,5.5,0.11,0.038,26.46,27.77,-53.19,-2.83,1876.73,0.6,0.63,0.19,8.0,0.63,-43.95,-2.81,1562.85,0.62,998.086,48.98,1.0,49.0
mot_P_normal_EHEE_hb1_5822_000000005_0001_46_52_55_59_P___HEEHE_0292_0001_0001,FGFR2,0,Cao et al FGFR2,65.0,0.211,0.234,0.121,0.313,0.57,0.59,0.73,9.162,4.1,0.245,0.223,18.23,10.35,-42.45,-2.62,1620.2,0.68,0.62,0.3,3.0,0.78,-66.82,-3.69,1811.95,0.68,841.286,54.762,3.0,42.0
mot_P_normal_EHEE_hb1_6639_000000000_0001_1_7_61_63_P___EHEE_hb1_5976_0001_0001,FGFR2,0,Cao et al FGFR2,65.0,0.017,0.017,0.014,0.145,0.29,0.37,0.62,14.344,25.0,0.142,0.037,26.76,27.09,-46.97,-2.43,1929.59,0.58,0.57,0.18,3.0,0.78,-62.48,-3.76,1663.11,0.68,1025.683,45.283,5.0,53.0
mot_P_normal_HEEHE_1927_000000001_0001_23_25_30_34_P___ems_ferrM_6695_0001_0001_0001,FGFR2,0,Cao et al FGFR2,63.0,0.0,0.0,0.0,0.0,0.3,0.34,0.63,18.054,25.0,0.0,0.0,20.71,35.5,-44.49,-3.05,1458.42,0.75,0.66,0.27,3.0,0.66,-56.02,-3.16,1772.38,0.66,779.522,53.846,3.0,39.0
nasr_kaveh_ZistRayaneshDesign_02,EGFR,0,Adaptyv binder comp round 1,80.0,0.0,0.0,0.0,0.0,0.19,0.22,0.62,28.006,25.0,0.0,0.0,74.88,62.65,-31.52,-2.11,1490.44,0.35,0.5,0.47,4.0,0.59,-45.63,-1.85,2466.73,0.55,744.906,42.5,7.0,40.0
nsplice_r1_ems_3hM_1972_000000001_0001_0001_2_11_H____13f1bd03c51b762f1f51804b81b47236_0001_0001_0001_0001_0001_17_50_HHH_07_17170_39_0001_51_crosslinked,VirB8,1,Cao et al VirB8,65.0,0.0,0.0,0.0,0.0,0.2,0.26,0.67,21.004,25.0,0.0,0.0,4.02,4.54,-33.67,-3.0,1123.86,0.72,0.61,0.23,3.0,0.67,-49.87,-3.51,1421.69,0.68,767.23,35.294,6.0,34.0
p53_AF2_26,Mdm2,1,Mdm2 Watson et al,101.0,0.679,0.791,0.449,0.658,0.89,0.89,0.86,4.686,0.9,0.41,0.877,3.08,1.75,-53.47,-2.95,1811.01,0.63,0.65,0.1,5.0,0.66,-51.49,-2.96,1738.73,0.58,745.797,48.649,3.0,37.0
p53_AF2_5,Mdm2,0,Mdm2 Watson et al,83.0,0.72,0.833,0.524,0.713,0.91,0.91,0.88,3.782,0.9,0.412,0.888,2.56,1.81,-47.04,-2.77,1696.44,0.61,0.62,0.22,7.0,0.66,-52.26,-2.94,1780.25,0.61,857.867,41.463,8.0,41.0
p53_AF2_63,Mdm2,0,Mdm2 Watson et al,88.0,0.766,0.8,0.55,0.735,0.88,0.89,0.89,3.554,0.9,0.412,0.874,2.24,1.89,-49.04,-2.74,1787.4,0.67,0.61,0.13,4.0,0.61,-47.16,-2.58,1829.08,0.56,960.658,42.222,8.0,45.0
p53_AF2_68,Mdm2,0,Mdm2 Watson et al,101.0,0.594,0.715,0.425,0.618,0.84,0.85,0.85,4.822,1.0,0.357,0.797,4.98,1.85,-40.08,-2.48,1616.96,0.57,0.54,0.16,7.0,0.63,-50.12,-2.52,1985.19,0.58,918.111,43.182,4.0,44.0
p53_AF2_70,Mdm2,1,Mdm2 Watson et al,110.0,0.725,0.777,0.456,0.659,0.89,0.89,0.89,4.421,0.9,0.465,0.77,1.43,1.36,-68.34,-3.47,1970.51,0.64,0.56,0.19,8.0,0.68,-65.16,-3.29,1981.58,0.58,1070.182,44.0,8.0,50.0
pol_3h_hb1_5723_000000023_0001_0001,FGFR2,0,Cao et al FGFR2,64.0,0.681,0.721,0.397,0.682,0.85,0.86,0.86,4.827,1.1,0.418,0.832,10.43,5.91,-44.38,-2.87,1546.21,0.67,0.6,0.0,3.0,0.64,-56.45,-3.28,1718.7,0.62,771.093,55.556,1.0,36.0
pol_67a0d6038436f4983ccdf06bb09df3be_0001_000000001_0001_0001,FGFR2,0,Cao et al FGFR2,65.0,0.014,0.015,0.012,0.092,0.29,0.36,0.62,14.159,25.0,0.101,0.05,14.63,31.53,-30.26,-2.39,1268.37,0.7,0.55,0.23,4.0,0.69,-46.06,-2.78,1655.42,0.64,829.076,44.186,4.0,43.0
pol_ems_3hC_1017_000000018_0001_0001,FGFR2,0,Cao et al FGFR2,62.0,0.617,0.708,0.377,0.662,0.83,0.84,0.88,4.41,1.1,0.434,0.689,7.17,6.21,-61.7,-3.15,1956.87,0.7,0.64,0.04,7.0,0.76,-51.34,-3.18,1614.37,0.6,1017.756,50.0,3.0,50.0
pol_ems_ferrM_6972_0002_000000018_0001_0001,FGFR2,0,Cao et al FGFR2,63.0,0.335,0.393,0.206,0.442,0.66,0.69,0.78,7.996,2.5,0.17,0.437,19.97,18.95,-44.96,-3.38,1329.34,0.77,0.6,0.12,4.0,0.71,-50.77,-3.26,1557.32,0.64,727.813,47.5,2.0,40.0
rif_buried_ferr_hb1_820_000000020_0001_0001,FGFR2,0,Cao et al FGFR2,63.0,0.045,0.099,0.017,0.171,0.43,0.49,0.68,12.081,5.5,0.182,0.077,2.45,3.69,-51.47,-2.81,1832.29,0.7,0.68,0.21,6.0,0.83,-60.42,-3.64,1658.89,0.73,953.089,47.917,8.0,48.0
rif_fastrot_3h_hb1_1930_000000011_0001_0001,FGFR2,0,Cao et al FGFR2,65.0,0.015,0.017,0.013,0.102,0.3,0.33,0.63,15.422,8.2,0.071,0.026,14.28,21.01,-35.97,-2.3,1564.79,0.58,0.58,0.2,1.0,0.65,-57.21,-2.8,2041.09,0.66,899.241,58.537,1.0,41.0
rif_fastrot_3h_hb1_3475_000000003_0001_0001,FGFR2,0,Cao et al FGFR2,63.0,0.013,0.015,0.013,0.109,0.31,0.35,0.64,15.118,25.0,0.102,0.035,9.86,9.02,-36.61,-3.03,1207.69,0.75,0.59,0.1,0.0,0.77,-53.85,-3.65,1474.6,0.67,774.065,56.757,0.0,37.0
rif_fastrot_cor_EHEE_05019_000000000_0001_0001,FGFR2,0,Cao et al FGFR2,65.0,0.268,0.273,0.165,0.36,0.6,0.62,0.74,8.786,3.4,0.208,0.211,27.15,19.19,-45.92,-2.68,1713.51,0.7,0.65,0.15,2.0,0.77,-56.99,-3.18,1794.0,0.69,860.693,48.936,2.0,47.0
rif_fastrot_cor_EHEE_hb1_2_000000010_0001,FGFR2,0,Cao et al FGFR2,65.0,0.084,0.117,0.036,0.228,0.43,0.44,0.67,11.527,4.5,0.243,0.064,10.41,10.3,-59.58,-2.98,1999.7,0.6,0.65,0.06,4.0,0.73,-53.91,-3.33,1620.68,0.67,1060.604,55.556,2.0,54.0
rif_fastrot_cor_HEEH_10245_000000000_0001_0001,FGFR2,0,Cao et al FGFR2,64.0,0.015,0.016,0.013,0.136,0.3,0.35,0.61,15.012,25.0,0.178,0.029,20.29,20.99,-40.82,-2.2,1854.83,0.51,0.59,0.14,4.0,0.68,-51.42,-2.78,1848.01,0.66,945.697,54.348,2.0,46.0
rif_fastrot_cor_HEEH_17746_000000005_0001,FGFR2,1,Cao et al FGFR2,64.0,0.014,0.018,0.012,0.101,0.31,0.35,0.63,14.983,25.0,0.099,0.037,9.73,14.47,-48.95,-2.85,1715.5,0.6,0.58,0.25,5.0,0.72,-59.92,-3.4,1761.7,0.7,917.987,58.696,0.0,46.0
salireza111_Seq166_3_002_4,EGFR,0,Adaptyv binder comp round 2,49.0,0.013,0.013,0.012,0.038,0.53,0.56,0.57,22.572,10.1,0.397,0.016,2.63,6.28,-68.66,-2.27,3030.07,0.6,0.62,0.46,13.0,0.53,-62.91,-2.24,2808.25,0.61,1475.217,45.205,17.0,73.0
zalavi_zalavi3_GGG_shortpacesa,EGFR,0,Adaptyv binder comp round 2,234.0,0.195,0.343,0.075,0.174,0.46,0.47,0.53,21.314,4.4,0.634,0.066,37.7,36.77,-106.96,-2.23,4797.13,0.57,0.6,0.14,14.0,0.61,-64.62,-2.03,3182.05,0.62,2788.902,33.333,30.0,138.0
2bnr_04_4400_23_0_7,pMHC_NY1,0,pMHC screening NY1,137.0,0.68,0.866,0.441,0.743,0.95,0.95,0.96,3.676,0.8,0.493,0.946,1.09,1.55,-69.22,-2.38,2913.28,0.65,0.68,0.1,10.0,0.62,-67.46,-2.37,2850.88,0.66,1491.58,50.685,6.0,73.0
2bnr_27_7_3_9_temp003_dldesign_249_af2pred,pMHC_NY1,1,pMHC screening NY2,145.0,0.666,0.877,0.445,0.729,0.95,0.95,0.95,3.661,0.8,0.464,0.943,1.2,1.8,-69.01,-2.43,2842.61,0.68,0.65,0.46,9.0,0.64,-67.77,-2.38,2850.81,0.65,1458.807,45.07,11.0,71.0
2bnr_27_7_3_9_temp01_dldesign_21_af2pred,pMHC_NY1,1,pMHC screening NY2,145.0,0.638,0.858,0.43,0.706,0.95,0.95,0.95,3.979,0.9,0.456,0.94,1.22,1.68,-77.47,-2.77,2801.6,0.65,0.65,0.43,11.0,0.66,-76.8,-2.69,2860.17,0.69,1404.926,45.588,11.0,68.0
AKAP9_binder_12_dldesign_3_af2pred,pMHC_SILSY1,0,pMHC screening SILSY1,124.0,0.553,0.766,0.364,0.658,0.94,0.94,0.94,4.29,1.1,0.435,0.899,1.31,1.5,-67.98,-2.36,2874.73,0.66,0.63,0.16,16.0,0.63,-65.32,-2.2,2968.79,0.64,1580.648,35.616,12.0,73.0
AKAP9_binder_16_dldesign_18_af2pred,pMHC_SILSY1,0,pMHC screening SILSY1,124.0,0.51,0.705,0.344,0.613,0.94,0.94,0.94,4.509,1.1,0.414,0.866,1.21,2.12,-70.02,-2.4,2916.79,0.66,0.66,0.14,15.0,0.64,-66.92,-2.3,2906.29,0.61,1655.965,33.333,16.0,75.0
AKAP9_binder_23,pMHC_SILSY1,0,pMHC screening SILSY1,124.0,0.481,0.673,0.318,0.537,0.93,0.93,0.94,5.115,1.1,0.381,0.783,1.44,2.55,-63.44,-2.11,3003.16,0.6,0.59,0.23,14.0,0.6,-69.99,-2.32,3010.34,0.61,1651.518,39.474,14.0,76.0
AKAP9_binder_28_dldesign_19_af2pred,pMHC_SILSY1,0,pMHC screening SILSY1,124.0,0.585,0.793,0.39,0.685,0.95,0.95,0.95,3.95,1.0,0.446,0.918,1.3,2.59,-63.76,-2.09,3045.34,0.65,0.6,0.16,17.0,0.59,-61.74,-2.14,2879.12,0.62,1636.16,33.333,15.0,75.0
AKAP9_binder_30_renumb_66_dldesign_0_af2pred,pMHC_SILSY1,0,pMHC screening SILSY1,146.0,0.594,0.81,0.368,0.674,0.94,0.94,0.94,4.818,1.0,0.415,0.883,1.32,1.78,-65.14,-1.95,3334.12,0.51,0.66,0.26,13.0,0.54,-65.5,-1.97,3319.21,0.67,1842.119,36.782,13.0,87.0
EHEE_03959_000000028_0001,VirB8,0,Cao et al VirB8,65.0,0.011,0.012,0.011,0.06,0.18,0.22,0.67,20.164,25.0,0.082,0.017,40.53,22.79,-37.35,-2.1,1780.64,0.6,0.62,0.14,1.0,0.77,-61.05,-3.51,1738.78,0.74,973.625,54.545,1.0,44.0
EHEE_11107_000000014_0001,VirB8,0,Cao et al VirB8,65.0,0.0,0.0,0.0,0.0,0.21,0.25,0.69,20.849,25.0,0.0,0.0,48.05,43.72,-43.77,-1.86,2358.25,0.59,0.59,0.26,7.0,0.74,-51.5,-3.83,1345.35,0.79,1195.737,45.161,5.0,62.0
Grafting_Motif0042_ems_3hC_947_0001_0001,FGFR2,0,Cao et al FGFR2,61.0,0.017,0.041,0.014,0.161,0.32,0.34,0.64,13.491,25.0,0.089,0.044,7.43,8.74,-35.83,-2.32,1545.74,0.71,0.58,0.07,2.0,0.71,-68.21,-3.32,2051.76,0.67,737.682,48.718,3.0,39.0
Grafting_Motif0042_ems_3hM_2374_0001_0002,FGFR2,1,Cao et al FGFR2,61.0,0.44,0.458,0.244,0.518,0.72,0.74,0.79,7.004,1.8,0.275,0.452,5.53,7.13,-40.48,-2.58,1569.81,0.68,0.61,0.0,3.0,0.67,-72.24,-3.55,2033.05,0.66,772.533,52.381,3.0,42.0
Grafting_Motif0070_bcov_4helix_08502_0001,FGFR2,0,Cao et al FGFR2,65.0,0.015,0.016,0.013,0.137,0.25,0.32,0.61,13.729,25.0,0.092,0.046,20.49,19.12,-34.33,-2.45,1399.7,0.69,0.6,0.27,2.0,0.7,-64.47,-3.7,1744.05,0.71,801.971,40.0,4.0,40.0
Grafting_Motif0176_bcov_4helix_01514_0001,FGFR2,0,Cao et al FGFR2,65.0,0.013,0.016,0.012,0.097,0.22,0.26,0.58,15.231,25.0,0.09,0.027,10.25,6.49,-34.85,-2.33,1498.31,0.68,0.59,0.16,2.0,0.63,-61.07,-3.33,1834.21,0.63,754.732,46.341,3.0,41.0
Grafting_Motif0176_bcov_4helix_03705_0001,FGFR2,0,Cao et al FGFR2,65.0,0.013,0.014,0.012,0.104,0.23,0.24,0.6,16.692,25.0,0.055,0.019,4.03,5.52,-48.13,-2.96,1626.57,0.64,0.6,0.29,4.0,0.69,-55.63,-3.39,1640.64,0.68,877.847,63.158,2.0,38.0
Grafting_Motif0176_bcov_4helix_09726_0001,FGFR2,0,Cao et al FGFR2,65.0,0.014,0.016,0.013,0.119,0.25,0.26,0.61,16.37,25.0,0.075,0.03,19.49,22.66,-34.23,-2.07,1657.74,0.58,0.49,0.07,4.0,0.67,-61.02,-3.51,1740.35,0.65,867.803,59.574,4.0,47.0
Grafting_Motif0184_bcov_4helix_04636_0001,FGFR2,0,Cao et al FGFR2,65.0,0.226,0.265,0.097,0.27,0.6,0.61,0.73,9.937,3.4,0.129,0.162,24.08,28.36,-43.84,-3.22,1359.73,0.61,0.62,0.29,4.0,0.7,-63.76,-3.35,1901.85,0.69,762.915,47.5,3.0,40.0
Grafting_Motif0184_ems_4hM_3167_0002_0001,FGFR2,0,Cao et al FGFR2,63.0,0.316,0.367,0.187,0.498,0.65,0.69,0.77,6.917,2.6,0.177,0.429,6.27,8.06,-33.23,-2.29,1453.99,0.6,0.58,0.16,2.0,0.69,-64.1,-3.29,1950.18,0.61,686.245,51.351,3.0,37.0
Grafting_Motif0263_bcov_4helix_03822_0001,FGFR2,0,Cao et al FGFR2,65.0,0.016,0.065,0.014,0.145,0.36,0.43,0.65,13.395,25.0,0.164,0.088,19.43,23.19,-45.63,-3.37,1355.29,0.75,0.6,0.19,0.0,0.75,-55.72,-3.63,1533.95,0.69,757.316,54.054,0.0,37.0
Grafting_Motif0263_bcov_4helix_06785_0001_0002,FGFR2,0,Cao et al FGFR2,65.0,0.019,0.024,0.014,0.162,0.3,0.35,0.62,13.75,25.0,0.12,0.052,12.55,14.38,-39.43,-2.7,1458.96,0.66,0.62,0.2,2.0,0.7,-60.64,-3.7,1637.6,0.65,832.008,59.524,5.0,42.0
Grafting_Motif0272_ems_3hM_2618_0001_0001,FGFR2,0,Cao et al FGFR2,62.0,0.013,0.015,0.012,0.077,0.25,0.31,0.6,15.763,25.0,0.069,0.035,15.32,28.84,-23.54,-1.95,1206.08,0.56,0.59,0.17,3.0,0.66,-68.87,-3.48,1979.99,0.64,655.749,51.351,2.0,37.0
Grafting_Motif0394_p1_14H_GBL_14H_GBL_15H_0097_0001_0001_0001_0001_0001,FGFR2,1,Cao et al FGFR2,49.0,0.067,0.074,0.029,0.186,0.35,0.45,0.68,10.743,25.0,0.148,0.129,16.28,24.78,-24.24,-2.1,1155.22,0.7,0.63,0.22,3.0,0.69,-61.67,-3.55,1737.45,0.66,682.815,43.243,1.0,37.0
Grafting_Motif0413_ems_3hC_1605_0002_0001_0002,FGFR2,1,Cao et al FGFR2,63.0,0.014,0.018,0.013,0.118,0.27,0.29,0.61,17.18,25.0,0.153,0.021,20.51,16.77,-65.71,-2.49,2636.26,0.62,0.56,0.31,4.0,0.73,-70.62,-3.68,1918.07,0.72,1302.765,55.932,3.0,59.0
Grafting_Motif0433_ems_3hC_1478_0001_0001,FGFR2,0,Cao et al FGFR2,64.0,0.087,0.101,0.041,0.245,0.42,0.45,0.69,11.231,25.0,0.109,0.09,20.05,21.2,-38.86,-2.74,1416.27,0.66,0.58,0.18,1.0,0.72,-62.77,-3.59,1746.55,0.68,687.494,44.737,0.0,38.0
Grafting_Motif0460_ems_3hM_2241_0001,FGFR2,0,Cao et al FGFR2,60.0,0.016,0.031,0.014,0.162,0.35,0.38,0.65,13.821,6.6,0.174,0.05,20.97,21.54,-27.91,-2.01,1390.77,0.58,0.58,0.14,4.0,0.67,-56.38,-2.94,1916.72,0.67,923.143,50.0,6.0,48.0
Grafting_Motif0740_HHH_eva_0358_0001,FGFR2,0,Cao et al FGFR2,62.0,0.156,0.236,0.087,0.314,0.53,0.55,0.74,9.227,4.6,0.142,0.194,7.79,10.18,-38.38,-2.51,1529.37,0.68,0.56,0.07,6.0,0.74,-73.29,-3.95,1853.3,0.63,808.893,52.5,4.0,40.0
Grafting_Motif1153_ems_3hM_2512_0001,FGFR2,0,Cao et al FGFR2,64.0,0.601,0.653,0.332,0.617,0.81,0.82,0.83,5.233,0.9,0.257,0.411,21.02,20.97,-45.53,-2.85,1598.89,0.81,0.58,0.03,5.0,0.71,-62.46,-3.76,1662.21,0.67,825.697,44.186,2.0,43.0
HEEHE_0012_000000014_0001,FGFR2,0,Cao et al FGFR2,65.0,0.017,0.018,0.014,0.149,0.34,0.36,0.63,16.958,6.3,0.198,0.045,26.63,15.88,-66.59,-2.63,2534.27,0.76,0.6,0.43,4.0,0.74,-73.12,-3.79,1926.69,0.62,1216.062,55.932,3.0,59.0
HEEHE_0282_000000008_0001,FGFR2,0,Cao et al FGFR2,65.0,0.021,0.049,0.017,0.202,0.34,0.36,0.64,13.64,25.0,0.143,0.043,20.12,19.06,-43.5,-3.09,1408.31,0.65,0.6,0.06,0.0,0.76,-70.82,-3.63,1952.51,0.68,826.48,52.5,1.0,40.0
HEEHE_2482_000000016_0001,FGFR2,0,Cao et al FGFR2,65.0,0.254,0.291,0.1,0.291,0.58,0.6,0.73,10.1,3.0,0.151,0.166,13.73,12.22,-48.9,-3.16,1545.13,0.67,0.62,0.0,3.0,0.75,-76.43,-3.61,2116.31,0.73,749.421,52.778,1.0,36.0
HEEHE_2825_000000018_0001,FGFR2,0,Cao et al FGFR2,65.0,0.014,0.015,0.012,0.106,0.3,0.31,0.6,16.368,25.0,0.062,0.032,20.32,24.56,-40.24,-3.42,1178.19,0.69,0.65,0.2,2.0,0.77,-82.56,-4.88,1692.71,0.75,688.441,48.571,1.0,35.0
IL7Ra_binder_AF2_28,IL7Ra,0,IL7Ra Watson et al,57.0,0.435,0.581,0.232,0.499,0.83,0.83,0.88,6.324,1.7,0.215,0.581,3.61,3.43,-35.33,-2.46,1439.04,0.59,0.57,0.17,1.0,0.7,-38.8,-3.38,1147.16,0.68,737.257,50.0,6.0,30.0
IL7Ra_binder_AF2_29,IL7Ra,1,IL7Ra Watson et al,54.0,0.517,0.685,0.263,0.573,0.86,0.86,0.89,5.48,1.4,0.193,0.793,1.41,1.23,-41.12,-2.92,1410.29,0.72,0.58,0.07,1.0,0.73,-41.83,-3.27,1279.7,0.61,758.657,45.714,3.0,35.0
IL7Ra_binder_AF2_3,IL7Ra,0,IL7Ra Watson et al,79.0,0.505,0.599,0.279,0.486,0.81,0.82,0.87,6.584,1.8,0.33,0.58,2.65,2.94,-46.52,-2.78,1672.29,0.62,0.65,0.2,4.0,0.65,-52.38,-2.81,1867.17,0.68,857.868,52.381,2.0,42.0
IL7Ra_binder_AF2_47,IL7Ra,0,IL7Ra Watson et al,98.0,0.413,0.454,0.238,0.368,0.73,0.75,0.83,8.268,2.3,0.33,0.517,1.61,1.69,-47.33,-2.92,1619.88,0.63,0.65,0.14,7.0,0.58,-54.08,-2.76,1956.15,0.55,951.247,43.478,12.0,46.0
IL7Ra_binder_AF2_49,IL7Ra,0,IL7Ra Watson et al,84.0,0.677,0.752,0.416,0.634,0.87,0.88,0.9,4.774,1.3,0.379,0.833,1.65,2.14,-47.3,-2.66,1775.03,0.65,0.61,0.17,5.0,0.66,-52.32,-2.91,1799.82,0.56,961.628,40.426,6.0,47.0
IL7Ra_binder_AF2_66,IL7Ra,0,IL7Ra Watson et al,70.0,0.558,0.683,0.326,0.583,0.82,0.84,0.88,5.41,1.4,0.327,0.783,2.42,3.22,-49.05,-2.88,1705.92,0.69,0.68,0.08,6.0,0.76,-44.48,-3.07,1448.24,0.65,1013.188,37.5,6.0,48.0
Insulin_receptor_binder_AF2_14,InsulinR,0,InsulinR Watson et al,78.0,0.629,0.726,0.366,0.625,0.85,0.86,0.89,4.614,1.5,0.379,0.815,1.23,1.97,-47.74,-2.52,1891.13,0.65,0.55,0.47,6.0,0.68,-54.19,-2.85,1899.44,0.63,1064.693,40.0,11.0,55.0
Insulin_receptor_binder_AF2_27,InsulinR,0,InsulinR Watson et al,88.0,0.747,0.808,0.463,0.67,0.88,0.89,0.91,4.232,1.0,0.238,0.811,2.75,2.76,-54.3,-2.7,2008.31,0.67,0.61,0.19,13.0,0.69,-49.43,-2.67,1852.66,0.58,1093.345,39.623,10.0,53.0
Insulin_receptor_binder_AF2_43,InsulinR,0,InsulinR Watson et al,62.0,0.271,0.402,0.163,0.344,0.66,0.69,0.84,7.965,3.0,0.077,0.531,2.04,2.68,-35.88,-3.0,1196.89,0.76,0.63,0.19,1.0,0.7,-36.59,-2.85,1284.01,0.59,627.135,55.882,3.0,34.0
Insulin_receptor_binder_AF2_50,InsulinR,0,InsulinR Watson et al,99.0,0.674,0.704,0.448,0.638,0.83,0.84,0.88,4.995,1.5,0.285,0.831,2.84,2.75,-49.62,-2.91,1702.69,0.61,0.58,0.13,8.0,0.65,-48.28,-2.51,1926.95,0.49,941.632,46.809,3.0,47.0
Insulin_receptor_binder_AF2_8,InsulinR,0,InsulinR Watson et al,75.0,0.015,0.057,0.013,0.131,0.45,0.46,0.76,13.59,25.0,0.111,0.063,3.4,3.1,-55.09,-2.9,1899.01,0.6,0.6,0.13,5.0,0.6,-59.71,-2.89,2064.39,0.67,1128.127,41.509,4.0,53.0
Insulin_receptor_binder_AF2_86,InsulinR,0,InsulinR Watson et al,84.0,0.774,0.849,0.527,0.708,0.9,0.9,0.92,3.949,1.0,0.242,0.909,2.84,4.06,-38.28,-2.29,1668.16,0.61,0.56,0.28,7.0,0.58,-54.19,-2.9,1866.14,0.61,905.018,36.17,8.0,47.0
LaMBO2_8_8,pMHC_NY1,0,pMHC screening NY1,104.0,0.0,0.0,0.0,0.0,0.65,0.64,0.68,24.233,25.0,0.0,0.0,47.78,21.47,-38.01,-2.43,1562.3,0.66,0.68,0.5,4.0,0.69,-42.0,-2.07,2031.88,0.65,952.475,47.273,5.0,55.0
Motif0003_HEEHE_0076_0001_0002_3993_0001,FGFR2,0,Cao et al FGFR2,65.0,0.019,0.021,0.014,0.161,0.29,0.31,0.63,14.703,6.8,0.086,0.05,23.48,19.1,-35.93,-2.61,1375.18,0.65,0.63,0.1,2.0,0.68,-60.36,-3.19,1894.04,0.69,767.643,50.0,3.0,38.0
Motif0003_bcov_4helix_01470_0001_0002_1852_0001,FGFR2,0,Cao et al FGFR2,65.0,0.021,0.042,0.017,0.199,0.32,0.35,0.63,13.314,25.0,0.1,0.05,21.43,20.82,-34.58,-2.69,1284.52,0.68,0.65,0.21,1.0,0.81,-66.25,-3.89,1703.97,0.66,690.081,58.824,0.0,34.0
Motif0004_HEEHE_2893_0001_0003_4578_0001,FGFR2,0,Cao et al FGFR2,65.0,0.051,0.08,0.021,0.23,0.34,0.4,0.65,12.397,4.0,0.126,0.077,19.44,18.4,-35.45,-2.29,1549.22,0.58,0.67,0.18,0.0,0.75,-65.32,-3.83,1705.95,0.65,767.724,52.632,0.0,38.0
Motif0005_HHH_eva_0540_0001_0001,EGFR,0,Cao et al EGFR,56.0,0.015,0.036,0.013,0.135,0.43,0.45,0.81,12.701,25.0,0.157,0.064,7.15,9.46,-43.88,-2.73,1605.6,0.59,0.56,0.09,3.0,0.68,-68.61,-3.57,1919.64,0.68,743.894,54.545,3.0,44.0
Motif0006_ems_3hM_75_0001_0001_5010_0001,FGFR2,0,Cao et al FGFR2,61.0,0.016,0.016,0.014,0.098,0.25,0.26,0.62,17.367,25.0,0.056,0.027,22.19,28.07,-34.84,-2.58,1349.19,0.59,0.55,0.1,1.0,0.78,-77.02,-4.23,1819.84,0.67,717.555,47.368,5.0,38.0
Motif0021_ems_ferrM_5317_0002_0001_0001_6359_0001,FGFR2,0,Cao et al FGFR2,62.0,0.049,0.088,0.016,0.155,0.44,0.46,0.67,13.075,6.5,0.168,0.078,17.35,16.81,-40.49,-2.81,1442.56,0.64,0.61,0.21,2.0,0.72,-53.76,-3.09,1737.92,0.72,776.57,56.757,5.0,37.0
Motif0163_ems_3hM_3263_0001_0001,EGFR,0,Cao et al EGFR,64.0,0.0,0.0,0.0,0.0,0.19,0.2,0.74,21.105,25.0,0.0,0.0,9.25,17.0,-40.22,-2.24,1792.94,0.62,0.57,0.18,5.0,0.74,-61.51,-3.49,1763.2,0.65,954.698,46.939,6.0,49.0
Motif0168_HHH_b1_07081_0001,SARS_CoV2_RBD,0,Cao et al SARS_CoV2_RBD,51.0,0.0,0.0,0.0,0.0,0.18,0.22,0.74,22.014,25.0,0.0,0.0,11.29,12.72,-30.29,-1.98,1526.58,0.58,0.67,0.19,5.0,0.75,-54.92,-3.38,1626.88,0.72,845.747,46.512,4.0,43.0
Motif0184_ems_3hC_1670_0002_0001_6974_0001,FGFR2,0,Cao et al FGFR2,64.0,0.092,0.103,0.048,0.225,0.44,0.48,0.68,11.164,4.9,0.153,0.096,4.6,3.43,-43.0,-2.51,1711.11,0.53,0.6,0.03,3.0,0.71,-69.3,-3.47,1994.57,0.68,933.373,50.0,3.0,44.0
Motif0211_HHH_b2_00930_0001,SARS_CoV2_RBD,0,Cao et al SARS_CoV2_RBD,51.0,0.0,0.0,0.0,0.0,0.19,0.21,0.74,23.05,25.0,0.0,0.0,12.73,36.82,-34.42,-2.22,1547.27,0.59,0.62,0.26,6.0,0.56,-59.17,-3.17,1866.35,0.75,835.089,35.0,6.0,40.0
Motif0310_ems_3hC_350_0001_0001,EGFR,0,Cao et al EGFR,58.0,0.052,0.065,0.021,0.146,0.47,0.51,0.82,11.569,25.0,0.254,0.074,8.08,10.51,-47.91,-2.2,2176.35,0.57,0.6,0.13,3.0,0.68,-54.35,-2.68,2025.21,0.67,1200.33,45.902,4.0,61.0
Motif0359_HHH_eva_0139_0001_0003_0001,EGFR,0,Cao et al EGFR,60.0,0.013,0.014,0.012,0.095,0.31,0.32,0.78,14.828,25.0,0.085,0.034,13.59,17.29,-30.78,-1.8,1712.32,0.57,0.5,0.13,1.0,0.66,-53.35,-2.68,1990.36,0.62,802.631,46.512,1.0,43.0
Motif0381_bcov_4helix_12224_0001_2361_0001,FGFR2,0,Cao et al FGFR2,65.0,0.013,0.013,0.012,0.071,0.22,0.23,0.6,18.42,25.0,0.056,0.022,19.71,27.61,-16.26,-1.36,1195.58,0.47,0.53,0.29,4.0,0.65,-48.17,-3.12,1542.31,0.65,625.321,42.857,2.0,35.0
Motif0391_bcov_4helix_04092_0001_0001,EGFR,0,Cao et al EGFR,65.0,0.015,0.091,0.013,0.124,0.46,0.48,0.81,12.051,25.0,0.231,0.103,8.78,7.88,-34.98,-2.19,1594.01,0.68,0.64,0.23,4.0,0.72,-56.87,-3.26,1742.83,0.68,815.402,53.659,4.0,41.0
Motif0437_bcov_4helix_00678_0002,SARS_CoV2_RBD,0,Cao et al SARS_CoV2_RBD,65.0,0.0,0.0,0.0,0.0,0.11,0.12,0.69,25.723,25.0,0.0,0.0,16.09,34.28,-24.15,-1.42,1705.19,0.42,0.64,0.22,8.0,0.73,-63.8,-3.28,1943.23,0.75,993.782,34.615,3.0,52.0
Motif0446_bcov_4helix_00385_0001_0004,SARS_CoV2_RBD,0,Cao et al SARS_CoV2_RBD,65.0,0.0,0.0,0.0,0.0,0.15,0.16,0.7,24.392,25.0,0.0,0.0,16.61,53.65,-14.66,-1.05,1395.19,0.41,0.56,0.36,5.0,0.67,-46.8,-2.81,1663.09,0.66,726.384,34.884,6.0,43.0
Motif0459_bcov_4helix_05203_0001_5717_0001,FGFR2,0,Cao et al FGFR2,65.0,0.15,0.215,0.071,0.289,0.41,0.48,0.67,10.156,3.4,0.154,0.115,15.77,13.03,-32.08,-2.04,1568.55,0.48,0.53,0.15,3.0,0.66,-52.46,-2.77,1890.67,0.67,813.333,45.238,3.0,42.0
Motif0464_p1_15H_GBL_16H_GABBL_16H_0359_0001_0001_0002_0001_0002_0001,EGFR,0,Cao et al EGFR,55.0,0.25,0.405,0.177,0.347,0.66,0.68,0.87,7.188,3.6,0.276,0.353,4.87,5.99,-40.76,-2.29,1777.37,0.67,0.59,0.08,6.0,0.71,-68.23,-3.86,1765.34,0.59,836.535,53.191,6.0,47.0
Motif0565_HHH_eva_0065_0001_0001_0001,EGFR,0,Cao et al EGFR,64.0,0.033,0.137,0.015,0.154,0.48,0.54,0.81,11.713,5.1,0.228,0.072,3.32,5.9,-37.39,-1.85,2026.01,0.61,0.57,0.19,4.0,0.67,-54.17,-2.35,2302.57,0.6,921.311,41.176,7.0,51.0
Motif1005_bcov_4helix_10951_0001_0003_4147_0001,FGFR2,0,Cao et al FGFR2,65.0,0.102,0.133,0.037,0.208,0.42,0.51,0.69,11.205,25.0,0.164,0.094,13.96,11.18,-39.84,-2.95,1351.04,0.64,0.57,0.23,3.0,0.7,-70.22,-3.96,1774.43,0.71,822.735,57.143,2.0,42.0
Motif1026_ems_4hC_2720_0001_965_0001,FGFR2,0,Cao et al FGFR2,60.0,0.203,0.205,0.077,0.243,0.56,0.57,0.74,10.399,3.6,0.177,0.177,15.65,13.24,-44.82,-2.44,1839.34,0.75,0.64,0.19,4.0,0.71,-57.81,-3.22,1795.02,0.63,987.658,45.652,6.0,46.0
Motif1028_ems_3hM_1237_0001_9106_0001,FGFR2,0,Cao et al FGFR2,63.0,0.611,0.629,0.351,0.61,0.83,0.84,0.84,5.8,1.2,0.394,0.726,25.49,19.77,-41.5,-2.74,1511.87,0.67,0.65,0.16,2.0,0.68,-54.75,-3.07,1785.97,0.57,773.42,48.837,3.0,43.0
Motif1028_p1_15H_GABBL_15H_GBBL_16H_0113_0001_0001_0002_0001_0002_4064_0001,FGFR2,0,Cao et al FGFR2,55.0,0.015,0.045,0.014,0.143,0.35,0.42,0.66,13.869,25.0,0.121,0.065,20.65,21.33,-38.83,-2.38,1632.98,0.59,0.56,0.17,4.0,0.75,-77.56,-3.93,1974.89,0.69,860.667,43.902,5.0,41.0
Motif1045_HEEHE_2863_0001_0001_8365_0001,FGFR2,0,Cao et al FGFR2,65.0,0.048,0.073,0.02,0.211,0.35,0.4,0.65,12.61,25.0,0.076,0.053,14.49,11.09,-50.74,-3.47,1464.25,0.67,0.65,0.2,2.0,0.79,-76.68,-4.22,1815.99,0.67,782.937,57.5,2.0,40.0
Motif1047_bcov_4helix_12091_0001_0002_8137_0001,FGFR2,0,Cao et al FGFR2,65.0,0.031,0.098,0.015,0.155,0.37,0.42,0.64,12.781,25.0,0.097,0.068,21.27,21.63,-40.6,-2.54,1595.6,0.71,0.55,0.27,5.0,0.75,-62.94,-4.03,1562.42,0.67,724.706,51.351,3.0,37.0
Motif1050_HEEHE_1334_0001_3295_0001,FGFR2,0,Cao et al FGFR2,65.0,0.064,0.066,0.025,0.22,0.41,0.43,0.67,12.731,5.3,0.125,0.073,22.66,19.02,-27.98,-2.26,1236.19,0.6,0.56,0.15,0.0,0.73,-72.82,-3.6,2020.76,0.75,689.569,51.429,0.0,35.0
Motif1061_bcov_4helix_04226_0001_2977_0001,FGFR2,0,Cao et al FGFR2,65.0,0.138,0.205,0.064,0.3,0.42,0.45,0.69,10.069,3.2,0.107,0.116,5.48,7.5,-31.83,-2.71,1173.24,0.56,0.66,0.25,3.0,0.78,-71.3,-3.93,1814.78,0.71,609.997,58.333,0.0,36.0
Motif1062_bcov_4helix_06658_0001_0002_5721_0001,FGFR2,0,Cao et al FGFR2,65.0,0.14,0.154,0.057,0.234,0.48,0.51,0.69,10.983,5.0,0.203,0.113,2.47,2.29,-57.14,-3.79,1508.4,0.78,0.69,0.23,4.0,0.76,-64.89,-3.63,1787.49,0.65,796.989,57.143,2.0,42.0
Motif1082_HEEHE_0415_0001_0001_4256_0001,FGFR2,0,Cao et al FGFR2,65.0,0.176,0.18,0.076,0.255,0.54,0.57,0.71,10.642,3.6,0.251,0.126,20.61,18.18,-47.94,-3.03,1581.97,0.69,0.65,0.1,6.0,0.68,-61.99,-3.76,1647.04,0.71,875.25,52.174,1.0,46.0
Motif1082_HEEHE_2165_0001_0002_2598_0001,FGFR2,0,Cao et al FGFR2,65.0,0.04,0.09,0.017,0.169,0.39,0.47,0.66,12.838,25.0,0.135,0.057,19.98,19.46,-36.46,-2.55,1428.23,0.6,0.67,0.16,3.0,0.72,-70.67,-3.67,1927.14,0.68,887.809,57.143,4.0,42.0
Motif1091_ems_ferrM_2101_0002_0001_6426_0001,FGFR2,0,Cao et al FGFR2,64.0,0.264,0.276,0.13,0.31,0.65,0.67,0.76,9.164,3.4,0.269,0.313,18.85,18.06,-46.05,-3.03,1522.03,0.63,0.54,0.34,2.0,0.75,-58.0,-3.47,1670.65,0.67,863.201,48.78,1.0,41.0
Motif1105_ems_3hM_2462_0001_0002_1190_0001,FGFR2,0,Cao et al FGFR2,63.0,0.32,0.357,0.199,0.426,0.66,0.67,0.77,7.6,2.4,0.145,0.423,26.04,25.16,-35.72,-2.78,1283.14,0.71,0.58,0.12,4.0,0.75,-62.69,-3.36,1866.87,0.69,674.188,52.778,4.0,36.0
Motif1188_bcov_4helix_11448_0001_0002_1_2273_0001,FGFR2,0,Cao et al FGFR2,65.0,0.639,0.644,0.366,0.652,0.83,0.84,0.85,5.315,1.1,0.341,0.751,23.7,18.49,-37.7,-2.75,1368.63,0.7,0.61,0.16,4.0,0.79,-64.19,-3.92,1637.61,0.67,801.155,47.727,8.0,44.0
Motif1208_ems_ferrM_3018_0001_0001_9295_0001,FGFR2,0,Cao et al FGFR2,64.0,0.014,0.014,0.012,0.084,0.2,0.21,0.58,19.573,25.0,0.081,0.019,23.84,20.42,-35.81,-2.86,1251.07,0.64,0.63,0.41,3.0,0.72,-61.57,-3.53,1743.75,0.66,707.527,51.429,3.0,35.0
Motif1307_ems_3hM_3503_0001_0003_3422_0001,FGFR2,0,Cao et al FGFR2,64.0,0.028,0.088,0.017,0.183,0.35,0.43,0.65,12.555,6.0,0.109,0.066,18.08,13.06,-47.11,-2.83,1662.87,0.61,0.59,0.09,6.0,0.73,-65.94,-3.66,1801.26,0.68,869.912,54.545,4.0,44.0
Motif1365_ems_3hC_1598_0001_0002_638_0001,FGFR2,1,Cao et al FGFR2,62.0,0.016,0.016,0.013,0.114,0.28,0.31,0.62,14.803,25.0,0.081,0.036,21.58,19.52,-35.59,-2.53,1406.4,0.6,0.56,0.1,1.0,0.76,-65.57,-3.72,1761.0,0.63,643.086,50.0,3.0,36.0
Motif1368_bcov_4helix_12063_0001_4124_0001,FGFR2,0,Cao et al FGFR2,65.0,0.262,0.296,0.165,0.381,0.6,0.61,0.75,8.03,3.2,0.115,0.271,3.2,3.02,-38.01,-2.76,1376.75,0.6,0.57,0.17,4.0,0.71,-59.85,-3.67,1628.52,0.71,737.079,57.143,4.0,35.0
Motif1418_ems_3hC_1074_0001_0001_0001_4787_0001,FGFR2,0,Cao et al FGFR2,64.0,0.017,0.022,0.015,0.163,0.29,0.33,0.62,15.22,6.0,0.127,0.029,6.64,6.82,-47.34,-2.64,1795.2,0.71,0.64,0.13,5.0,0.72,-65.81,-3.54,1860.63,0.68,910.921,53.333,1.0,45.0
Motif1418_ems_3hM_612_0001_0001_6940_0001,FGFR2,0,Cao et al FGFR2,64.0,0.015,0.056,0.014,0.146,0.37,0.49,0.66,12.805,25.0,0.19,0.057,25.28,31.25,-45.29,-2.44,1856.79,0.61,0.58,0.19,3.0,0.74,-55.79,-3.38,1648.47,0.7,1052.515,46.0,2.0,50.0
Motif1480_HEEHE_2142_0001_6967_0001,FGFR2,0,Cao et al FGFR2,65.0,0.017,0.022,0.014,0.145,0.35,0.37,0.65,14.69,6.4,0.064,0.082,23.47,21.91,-39.44,-3.36,1172.65,0.73,0.6,0.12,4.0,0.67,-54.99,-2.99,1839.48,0.67,583.782,58.065,3.0,31.0
Motif2394_bcov_4helix_14186_0001,SARS_CoV2_RBD,0,Cao et al SARS_CoV2_RBD,65.0,0.0,0.0,0.0,0.0,0.21,0.23,0.71,21.74,25.0,0.0,0.0,14.3,32.45,-37.36,-2.29,1631.38,0.53,0.67,0.27,5.0,0.67,-53.79,-3.32,1620.19,0.68,893.071,43.75,4.0,48.0
NYESO_parent_binder_partial_10_2_321_dldesign_0_af2pred,pMHC_NY1,0,pMHC screening NY2,145.0,0.532,0.775,0.352,0.658,0.93,0.93,0.94,4.843,1.2,0.424,0.887,1.42,1.35,-61.19,-2.18,2805.37,0.61,0.67,0.21,13.0,0.63,-65.51,-2.4,2733.15,0.68,1454.947,45.833,10.0,72.0
NYESO_parent_binder_partial_20_2_250_dldesign_1_af2pred,pMHC_NY1,1,pMHC screening NY2,145.0,0.618,0.836,0.396,0.694,0.94,0.94,0.94,4.452,0.9,0.45,0.906,1.63,1.58,-70.76,-2.58,2743.48,0.7,0.68,0.39,9.0,0.63,-68.26,-2.4,2838.5,0.63,1510.666,45.333,8.0,75.0
Pdl1_binder_AF2_12,Pdl1,0,Pdl1 Watson et al,55.0,0.051,0.08,0.021,0.219,0.36,0.39,0.71,12.916,4.5,0.166,0.098,7.55,7.65,-29.89,-2.48,1205.59,0.52,0.64,0.22,4.0,0.7,-39.57,-3.12,1266.62,0.6,691.17,46.875,5.0,32.0
Pdl1_binder_AF2_56,Pdl1,0,Pdl1 Watson et al,94.0,0.03,0.098,0.015,0.181,0.42,0.43,0.67,13.132,6.1,0.178,0.081,2.09,1.98,-41.35,-2.34,1763.68,0.67,0.74,0.29,3.0,0.69,-46.68,-2.56,1824.87,0.73,1011.732,42.222,4.0,45.0
Pdl1_binder_AF2_63,Pdl1,0,Pdl1 Watson et al,98.0,0.82,0.865,0.624,0.758,0.91,0.92,0.92,3.221,0.9,0.608,0.857,1.13,1.29,-50.64,-2.63,1926.41,0.54,0.69,0.55,6.0,0.59,-58.89,-2.88,2043.37,0.66,1100.014,46.296,7.0,54.0
Pdl1_binder_AF2_83,Pdl1,0,Pdl1 Watson et al,91.0,0.612,0.671,0.392,0.623,0.82,0.83,0.88,4.615,1.5,0.373,0.792,1.67,1.21,-44.41,-2.81,1580.24,0.66,0.59,0.14,10.0,0.57,-32.82,-2.33,1410.46,0.53,831.903,37.209,15.0,43.0
Pdl1_binder_AF2_94,Pdl1,0,Pdl1 Watson et al,97.0,0.573,0.632,0.406,0.623,0.78,0.8,0.85,4.746,1.7,0.467,0.712,1.45,1.45,-47.01,-2.63,1787.0,0.57,0.66,0.12,11.0,0.65,-36.77,-2.15,1707.45,0.62,1001.226,32.653,15.0,49.0
Trka_binder_AF2_39,TrkA,0,TrkA Watson et al,83.0,0.816,0.854,0.583,0.744,0.91,0.91,0.92,3.358,0.8,0.544,0.94,2.52,2.33,-59.9,-3.26,1839.83,0.74,0.67,0.09,9.0,0.68,-49.7,-2.86,1735.69,0.59,956.057,44.444,12.0,45.0
Trka_binder_AF2_60,TrkA,0,TrkA Watson et al,65.0,0.472,0.565,0.317,0.596,0.74,0.75,0.84,4.992,1.6,0.394,0.684,6.41,10.22,-40.39,-2.67,1512.62,0.72,0.69,0.23,1.0,0.6,-47.56,-2.69,1770.9,0.59,768.215,48.78,3.0,41.0
Trka_binder_AF2_82,TrkA,0,TrkA Watson et al,63.0,0.545,0.659,0.338,0.656,0.78,0.8,0.85,4.669,1.4,0.316,0.674,1.85,2.16,-43.82,-2.9,1510.16,0.66,0.61,0.21,3.0,0.72,-47.11,-2.89,1631.08,0.57,776.682,51.282,4.0,39.0
Trka_binder_AF2_95,TrkA,0,TrkA Watson et al,98.0,0.674,0.676,0.435,0.618,0.82,0.82,0.87,4.897,1.4,0.526,0.732,2.14,1.96,-57.13,-2.62,2180.94,0.61,0.6,0.1,8.0,0.64,-54.27,-2.71,2002.38,0.61,1158.455,43.103,8.0,58.0
allongoldberg_4_44_0_refined,EGFR,0,Adaptyv binder comp round 2,138.0,0.0,0.0,0.0,0.0,0.22,0.39,0.54,24.854,25.0,0.0,0.0,50.72,50.4,-51.91,-2.59,2000.52,0.7,0.7,0.27,6.0,0.53,-39.18,-2.05,1907.23,0.7,1317.953,48.387,9.0,62.0
areddy_EGFR_l169_s781475,EGFR,0,Adaptyv binder comp round 2,169.0,0.678,0.701,0.382,0.46,0.88,0.89,0.67,15.042,1.5,0.499,0.605,48.43,43.76,-77.06,-2.64,2914.63,0.66,0.61,0.25,11.0,0.6,-106.07,-2.23,4766.27,0.68,1493.494,44.928,13.0,69.0
bcov_6ala_r1_HEEH_15440_000000001_0001_1_21_H____ems_p1_14H_GBL_14H_GBL_15H_0635_0001_0001_0001_0001_0001_0001,TrkA,0,Cao et al TrkA,49.0,0.0,0.0,0.0,0.0,0.23,0.29,0.6,16.169,25.0,0.0,0.0,16.8,31.28,-28.3,-2.01,1406.04,0.48,0.53,0.44,4.0,0.77,-64.44,-3.96,1626.22,0.62,802.713,47.368,4.0,38.0
bcov_6ala_r1_ems_p1_15H_GBL_16H_GBL_15H_0593_0001_0001_0002_000000000_0001_19_33_H____HHH_eva_0159_0001_0001_0001,TrkA,0,Cao et al TrkA,58.0,0.0,0.0,0.0,0.0,0.23,0.25,0.58,18.74,25.0,0.0,0.0,3.77,3.43,-45.25,-2.89,1568.45,0.56,0.59,0.09,2.0,0.72,-54.27,-3.76,1444.25,0.72,864.889,56.098,3.0,41.0
bcov_revert_r1_HEEH_24497_000000002_0001_43_64_H____HEEH_05513_0001_0004_0001_0001,TrkA,0,Cao et al TrkA,64.0,0.195,0.215,0.126,0.301,0.62,0.65,0.71,10.473,3.8,0.341,0.288,24.46,34.96,-51.38,-3.31,1552.76,0.7,0.66,0.24,4.0,0.76,-42.97,-3.07,1398.7,0.58,843.703,51.163,4.0,43.0
bcov_v3_r3_EHEE_04948_000000023_0001_0001_15_38_H____EHEE_07010_0001_0002_0001_0001_0001,IL7Ra,0,Cao et al IL7Ra,65.0,0.0,0.0,0.0,0.0,0.19,0.26,0.71,22.062,25.0,0.0,0.0,26.57,58.57,-27.4,-2.58,1061.96,0.63,0.65,0.12,2.0,0.74,-65.66,-3.61,1820.88,0.65,515.948,44.444,0.0,27.0
blyncha_sequence39,EGFR,0,Adaptyv binder comp round 1,89.0,0.099,0.255,0.018,0.12,0.69,0.7,0.64,19.184,6.8,0.461,0.106,38.16,41.83,-57.93,-2.55,2275.91,0.62,0.6,0.3,10.0,0.58,-58.66,-2.3,2545.1,0.62,1183.107,48.276,6.0,58.0
cside_mot_15c4507f0652fad6f907a725bfd9fe8d_0001_000000020_0001_8_15_H___bcov_4helix_13732_0001_0001_0001,EGFR,0,Cao et al EGFR,65.0,0.679,0.828,0.441,0.683,0.89,0.9,0.93,3.824,1.2,0.513,0.828,2.73,3.44,-46.9,-2.14,2187.58,0.66,0.59,0.24,9.0,0.63,-70.72,-2.88,2457.98,0.69,1057.205,50.877,7.0,57.0
cside_mot_6b882c54a2c365db1e10805ca59cbe46_0001_000000005_0001_46_50_H___bcov_4helix_02106_0001_0001,EGFR,0,Cao et al EGFR,65.0,0.053,0.315,0.016,0.205,0.59,0.62,0.82,12.32,3.9,0.244,0.312,55.36,28.43,-23.23,-2.9,801.42,0.78,0.57,0.21,2.0,0.67,-54.98,-2.9,1893.74,0.62,465.954,48.148,2.0,27.0
cside_pol_ems_3hM_2680_000000006_0001,EGFR,0,Cao et al EGFR,61.0,0.644,0.818,0.374,0.67,0.89,0.89,0.92,4.184,1.2,0.438,0.784,1.87,1.79,-43.32,-2.14,2026.41,0.59,0.62,0.0,10.0,0.6,-54.59,-2.7,2025.1,0.62,905.671,43.478,8.0,46.0
csplice_r1_a2de759c170706188c6e693fd8ea43cc_0001_000000001_0001_0001_38_47_H____ems_p1_15H_GBL_16H_GABBL_16H_0410_0001_0001_0001_0001_0001_0001_0001_19_54_HHH_30_08848_27_0001,VirB8,0,Cao et al VirB8,65.0,0.012,0.015,0.011,0.077,0.33,0.35,0.72,16.289,25.0,0.096,0.029,46.37,24.66,-48.66,-3.15,1544.63,0.68,0.62,0.25,1.0,0.73,-51.49,-3.47,1482.34,0.81,815.97,63.158,0.0,38.0
darius_szablowski_EGFR_binder_5___ggggs_3_linked_top_binders_1_and_2_efficiently_evolved_and_sapiens_evolved,EGFR,0,Adaptyv binder comp round 2,194.0,0.069,0.122,0.017,0.103,0.4,0.4,0.56,24.524,5.3,0.39,0.036,35.73,37.59,-64.56,-1.95,3310.16,0.6,0.65,0.39,6.0,0.11,18793.72,1030.48,1823.78,0.74,1852.229,40.206,9.0,97.0
deepsatflow_6aru_final_chain_A_domain_3_l138_s466479_mpnn9,EGFR,0,Adaptyv binder comp round 2,138.0,0.642,0.693,0.353,0.459,0.89,0.89,0.7,14.835,1.5,0.569,0.705,33.0,42.55,-56.47,-2.0,2824.7,0.64,0.62,0.28,9.0,0.63,-63.56,-2.03,3136.57,0.61,1639.299,43.421,18.0,76.0
ems_3hC_1570_000000008_0001,FGFR2,0,Cao et al FGFR2,62.0,0.016,0.022,0.013,0.142,0.29,0.35,0.62,14.34,25.0,0.118,0.062,23.28,17.98,-27.42,-2.11,1299.62,0.61,0.59,0.17,3.0,0.68,-61.32,-3.39,1811.08,0.64,661.663,54.545,0.0,33.0
ems_3hC_1570_0001_000000020_0001,FGFR2,0,Cao et al FGFR2,62.0,0.425,0.511,0.225,0.507,0.74,0.75,0.81,6.602,1.8,0.283,0.467,2.21,2.24,-62.83,-3.58,1754.8,0.73,0.63,0.09,9.0,0.78,-80.07,-4.15,1930.92,0.66,885.183,54.762,7.0,42.0
ems_3hM_3065_000000023_0001,FGFR2,0,Cao et al FGFR2,61.0,0.291,0.359,0.182,0.467,0.63,0.65,0.76,7.324,2.7,0.255,0.311,11.59,13.93,-41.27,-2.58,1600.84,0.66,0.65,0.17,5.0,0.78,-65.14,-3.76,1734.19,0.64,906.504,50.0,6.0,48.0
ems_ferrM_3544_0002_000000011_0001,VirB8,0,Cao et al VirB8,63.0,0.012,0.012,0.011,0.051,0.25,0.26,0.7,18.984,25.0,0.084,0.02,42.25,24.94,-34.65,-2.43,1423.75,0.49,0.59,0.19,2.0,0.79,-61.18,-3.74,1635.93,0.74,667.432,61.765,2.0,34.0
ems_ferrM_4780_0001_000000006_0001,VirB8,0,Cao et al VirB8,64.0,0.0,0.0,0.0,0.0,0.18,0.2,0.69,21.27,25.0,0.0,0.0,46.69,26.48,-41.48,-2.68,1545.78,0.65,0.63,0.4,1.0,0.76,-56.69,-3.84,1475.03,0.7,761.318,61.538,2.0,39.0
il10ra_site1_sap_18_mot_HHH_b2_06497_000000202_0001_1_20_H___HHH_b2_06236_af2_0001_0000500021_0000002_0_0001,IL10Ra,0,Bennet paper IL10Ra prospective,57.0,0.0,0.0,0.0,0.0,0.23,0.36,0.74,19.861,25.0,0.0,0.0,36.88,44.96,-16.26,-1.97,823.89,0.47,0.7,0.29,6.0,0.69,-64.63,-3.17,2040.86,0.72,426.787,28.0,7.0,25.0
longxing_ems_3hC_151_0002_000000020_0001_0001,IL7Ra,0,Cao et al IL7Ra,63.0,0.339,0.476,0.207,0.362,0.76,0.77,0.87,7.435,3.0,0.132,0.574,2.37,2.15,-34.35,-2.58,1328.9,0.74,0.62,0.13,4.0,0.71,-54.36,-3.68,1475.93,0.68,681.896,42.424,3.0,33.0
longxing_ems_3hM_3682_000000004_0001_0001,IL7Ra,0,Cao et al IL7Ra,63.0,0.172,0.189,0.058,0.195,0.56,0.6,0.81,11.198,4.2,0.128,0.221,5.34,5.36,-38.28,-2.9,1321.08,0.62,0.57,0.03,3.0,0.7,-67.65,-3.89,1738.21,0.66,746.519,45.0,3.0,40.0
ltk_site1_normal_mot_HHH_b2_01733_000000053_0001_39_52_H___HHH_b2_06259_af2_0001_0000100007_0000001_1,LTK,0,Bennet paper LTK prospective,57.0,0.0,0.0,0.0,0.0,0.16,0.17,0.79,25.155,25.0,0.0,0.0,19.76,32.74,-30.33,-2.15,1413.1,0.67,0.64,0.17,5.0,0.71,-55.72,-2.74,2034.2,0.65,581.525,46.875,2.0,32.0
ltk_site1_sap_7_mot_HHH_b2_06223_000000276_0001_43_57_H___HHH_b1_00798_0001_0000100001_0000001_0_0001,LTK,0,Bennet paper LTK prospective,56.0,0.035,0.107,0.014,0.161,0.43,0.53,0.84,13.325,25.0,0.126,0.056,2.57,2.24,-42.66,-2.32,1842.16,0.56,0.54,0.07,10.0,0.75,-60.03,-2.94,2042.44,0.71,949.19,50.0,3.0,46.0
markus_braun_egfr_binder_6,EGFR,0,Adaptyv binder comp round 2,250.0,0.612,0.658,0.401,0.423,0.87,0.87,0.71,15.286,2.1,0.635,0.595,35.25,36.61,-91.58,-1.97,4656.98,0.52,0.53,0.12,19.0,0.48,-102.25,-1.81,5661.38,0.63,2647.168,33.333,23.0,129.0
martin_EGFR_l111_s89744_mpnn1,EGFR,0,Adaptyv binder comp round 2,111.0,0.272,0.363,0.114,0.222,0.76,0.77,0.67,17.941,4.7,0.344,0.269,41.92,41.02,-42.57,-2.59,1643.85,0.6,0.71,0.2,4.0,0.59,-43.98,-2.13,2065.55,0.63,921.176,54.545,7.0,44.0
martin_EGFR_l142_s75963_mpnn1,EGFR,0,Adaptyv binder comp round 2,142.0,0.0,0.0,0.0,0.0,0.37,0.39,0.58,25.259,25.0,0.0,0.0,56.23,52.05,-53.83,-2.12,2533.58,0.66,0.61,0.35,7.0,0.57,-31.22,-1.29,2421.28,0.61,1473.15,47.826,10.0,69.0
martin_pacesa_EGFR_l79_s73552_mpnn1,EGFR,0,Adaptyv binder comp round 1,79.0,0.547,0.671,0.269,0.454,0.9,0.9,0.7,13.848,1.6,0.38,0.723,34.4,41.63,-61.53,-3.03,2027.26,0.67,0.68,0.16,6.0,0.61,-57.92,-2.38,2430.2,0.71,1086.764,42.857,9.0,56.0
minji_lee_3995,EGFR,0,Adaptyv binder comp round 2,77.0,0.0,0.0,0.0,0.0,0.48,0.49,0.61,23.262,25.0,0.0,0.0,42.57,46.8,-34.14,-1.97,1736.57,0.65,0.67,0.22,2.0,0.71,-14.19,-2.04,694.24,0.62,925.232,40.0,4.0,50.0
mot_H_buried_3h_hb1_2089_000000001_0001_49_56_H___EHEE_hb1_4943_0001_0002_0001_0001,FGFR2,0,Cao et al FGFR2,65.0,0.012,0.014,0.011,0.071,0.26,0.27,0.61,16.734,25.0,0.083,0.022,27.52,20.37,-26.76,-2.0,1337.08,0.6,0.68,0.17,9.0,0.74,-53.16,-3.08,1726.54,0.69,751.42,43.243,3.0,37.0
mot_H_buried_HHH_eva_0108_000000014_0001_2_9_H___74dc0e306fa03aca4bf75964b1e4f811_0001_1_0001_0001_0001,FGFR2,0,Cao et al FGFR2,65.0,0.118,0.17,0.053,0.213,0.49,0.55,0.71,10.49,4.8,0.206,0.122,2.42,2.23,-40.38,-2.74,1471.12,0.67,0.62,0.25,4.0,0.75,-59.77,-3.49,1711.14,0.71,852.284,56.522,2.0,46.0
mot_H_fastrot_3h_hb1_1457_000000000_0001_52_57_H___HHH_eva_0056_0001_0002_0001_0001,FGFR2,1,Cao et al FGFR2,63.0,0.476,0.576,0.29,0.602,0.74,0.78,0.82,5.468,1.8,0.322,0.747,2.52,2.22,-46.77,-2.87,1628.6,0.72,0.58,0.14,10.0,0.72,-59.92,-3.65,1640.25,0.7,872.98,47.5,5.0,40.0
mot_H_fastrot_3h_hb1_3344_000000001_0001_47_55_H___3h_hb1_2694_0001_0003_0001,FGFR2,0,Cao et al FGFR2,61.0,0.0,0.0,0.0,0.0,0.18,0.24,0.59,18.163,25.0,0.0,0.0,30.87,23.15,-26.56,-2.46,1079.7,0.53,0.69,0.19,2.0,0.67,-54.93,-3.31,1657.48,0.62,599.221,45.714,3.0,35.0
mot_H_fastrot_cor_0aae35b5ad8ab43c0432737690aa3e6e_0001_1_000000000_0001_21_27_H___HEEHE_0122_0001_0001_1_0001_0001,FGFR2,0,Cao et al FGFR2,65.0,0.175,0.214,0.079,0.25,0.54,0.56,0.72,9.75,3.7,0.163,0.155,1.73,2.03,-39.73,-2.63,1511.17,0.7,0.62,0.07,1.0,0.74,-54.08,-3.38,1601.31,0.66,737.274,59.459,3.0,37.0
mot_H_fastrot_cor_3c06db0087383a8ea5c94fb00883e66c_0001_000000001_0001_25_29_H___b8bc7b2b610188dbf8fa525088ebbd99_0001_1_0001_0002_0001,FGFR2,0,Cao et al FGFR2,65.0,0.016,0.018,0.014,0.172,0.31,0.38,0.64,13.467,25.0,0.135,0.048,16.63,16.24,-39.83,-2.56,1557.91,0.63,0.63,0.33,6.0,0.68,-57.38,-3.13,1835.49,0.67,883.671,43.902,3.0,41.0
mot_H_fastrot_cor_3h_hb1_3344_000000001_0001_47_52_H___2a3bb3fb886ac5ad944a25ac19a8aa39_0001_0001_0001,FGFR2,0,Cao et al FGFR2,65.0,0.015,0.042,0.013,0.123,0.3,0.38,0.63,14.147,25.0,0.089,0.064,16.39,17.29,-27.68,-2.28,1213.35,0.69,0.74,0.13,4.0,0.68,-58.16,-3.19,1824.38,0.73,650.195,54.054,2.0,37.0
mot_H_fastrot_cor_3h_hb1_3344_000000008_0001_48_54_H___0df35dc38a4c3be4a3c61e7a3c8cc92f_0001_1_0001_0001,FGFR2,0,Cao et al FGFR2,65.0,0.011,0.012,0.011,0.053,0.2,0.24,0.58,18.258,25.0,0.112,0.021,16.68,15.95,-38.5,-3.14,1225.27,0.59,0.63,0.17,4.0,0.69,-48.85,-3.03,1614.92,0.67,674.812,52.778,4.0,36.0
mot_H_fastrot_cor_3h_hb1_5971_000000012_0001_53_59_H___2227ae639638f66c3c7d0a8e35ea8ddf_0001_0001_0001,FGFR2,0,Cao et al FGFR2,65.0,0.673,0.743,0.389,0.684,0.85,0.86,0.87,4.597,1.1,0.373,0.849,2.54,2.31,-47.66,-3.27,1459.27,0.74,0.57,0.19,5.0,0.77,-65.55,-3.83,1713.03,0.64,809.805,54.762,5.0,42.0
mot_H_fastrot_cor_3h_hb1_5971_000000012_0001_53_59_H___3h_hb1_813_0001_0001_0001,FGFR2,0,Cao et al FGFR2,55.0,0.596,0.704,0.345,0.683,0.84,0.84,0.86,4.627,1.2,0.35,0.775,2.98,2.6,-53.19,-3.32,1599.9,0.73,0.66,0.13,5.0,0.75,-62.34,-3.32,1879.02,0.72,811.679,47.619,6.0,42.0
mot_H_fastrot_cor_9bd462782c304fa80c4d96dd5304cc22_0001_1_000000000_0001_39_48_H___3h_hb1_5723_0001_0001_0001,FGFR2,0,Cao et al FGFR2,64.0,0.016,0.042,0.014,0.161,0.32,0.33,0.64,13.69,6.7,0.09,0.047,21.9,19.0,-36.2,-2.86,1264.94,0.64,0.58,0.06,0.0,0.71,-54.64,-3.19,1711.28,0.61,686.81,60.0,0.0,35.0
mot_H_fastrot_cor_abde7b46eeb91f9ac4683c589f713694_0001_000000000_0001_42_46_H___HEEHE_2543_0001_0002_0001,FGFR2,0,Cao et al FGFR2,65.0,0.09,0.109,0.025,0.181,0.41,0.44,0.67,12.17,5.2,0.07,0.146,26.77,23.27,-41.75,-3.64,1145.98,0.77,0.59,0.14,4.0,0.74,-65.13,-3.64,1789.74,0.72,486.41,56.667,1.0,30.0
mot_H_fastrot_cor_ems_3hM_199_000000020_0001_56_61_H___HEEHE_2041_0001_0001_0001_0001,FGFR2,0,Cao et al FGFR2,65.0,0.529,0.595,0.3,0.59,0.79,0.8,0.84,5.555,1.5,0.283,0.689,3.91,3.72,-35.95,-3.05,1179.22,0.77,0.68,0.14,4.0,0.67,-49.65,-2.97,1672.97,0.69,676.014,51.515,6.0,33.0
mot_H_fastrot_cor_ems_3hM_199_000000020_0001_56_61_H___ems_3hM_1823_0001_0003_0001_0001,FGFR2,0,Cao et al FGFR2,63.0,0.074,0.084,0.031,0.252,0.42,0.47,0.66,12.159,4.8,0.197,0.061,18.06,19.14,-41.58,-2.27,1827.86,0.58,0.61,0.06,6.0,0.76,-59.33,-3.3,1798.99,0.71,1069.698,50.909,1.0,55.0
mot_H_fastrot_cor_ems_3hM_3402_000000021_0001_49_57_H___3h_hb1_2371_0001_0001_0001,FGFR2,0,Cao et al FGFR2,61.0,0.05,0.051,0.018,0.188,0.37,0.37,0.65,13.556,5.2,0.094,0.057,3.23,2.73,-35.63,-2.43,1466.51,0.65,0.66,0.06,1.0,0.72,-56.91,-3.33,1710.96,0.64,766.573,50.0,2.0,38.0
mot_H_fastrot_cor_ems_3hM_3402_000000021_0001_49_57_H___EHEE_hb1_5728_0001_0002_0001,FGFR2,0,Cao et al FGFR2,65.0,0.013,0.017,0.012,0.104,0.21,0.26,0.58,17.97,25.0,0.057,0.018,15.75,26.76,-35.12,-1.95,1799.57,0.5,0.48,0.24,4.0,0.76,-53.98,-3.48,1550.87,0.74,1105.222,44.828,9.0,58.0
mot_H_fastrot_cor_ems_3hM_3402_000000021_0001_49_57_H___HHH_eva_0344_0001_0001_0001,FGFR2,0,Cao et al FGFR2,63.0,0.016,0.017,0.013,0.125,0.3,0.36,0.63,14.456,25.0,0.149,0.053,4.7,5.16,-37.3,-2.71,1376.56,0.69,0.6,0.06,3.0,0.76,-48.55,-3.02,1606.68,0.68,742.95,56.098,2.0,41.0
mot_H_fastrot_cor_f8f8a4152cc90f14bb898546c27f9520_0001_000000007_0001_34_38_H___6a3900e05b784d8ac20a6d152f7adee6_0001_0001_0001_0001,FGFR2,0,Cao et al FGFR2,65.0,0.043,0.055,0.018,0.208,0.34,0.35,0.63,13.482,5.2,0.125,0.039,17.14,24.9,-44.4,-2.38,1863.61,0.6,0.55,0.2,4.0,0.73,-56.93,-3.13,1820.31,0.64,1057.533,57.447,5.0,47.0
mot_H_fastrot_ems_3hM_256_000000003_0001_6_15_H___ems_3hM_3687_0001_0002_0001_0001,FGFR2,0,Cao et al FGFR2,64.0,0.11,0.124,0.06,0.247,0.49,0.5,0.68,10.97,4.9,0.177,0.088,21.28,23.53,-48.32,-2.62,1840.82,0.67,0.58,0.07,1.0,0.69,-63.87,-3.07,2077.82,0.68,948.181,45.833,2.0,48.0
mot_H_fastrot_ems_3hM_3402_000000020_0001_49_59_H___3h_hb1_3728_0001_0001_0001,FGFR2,0,Cao et al FGFR2,61.0,0.029,0.038,0.017,0.19,0.33,0.4,0.65,13.067,5.2,0.109,0.093,8.37,9.5,-30.54,-2.5,1219.76,0.62,0.52,0.11,1.0,0.69,-45.8,-2.91,1571.98,0.66,674.86,53.125,0.0,32.0
mot_H_fastrot_ems_3hM_3402_000000020_0001_49_59_H___3h_hb1_5863_0001_0001_0001,FGFR2,0,Cao et al FGFR2,65.0,0.065,0.078,0.026,0.223,0.37,0.41,0.66,13.382,4.8,0.167,0.068,18.37,27.84,-45.17,-2.83,1598.42,0.72,0.57,0.21,3.0,0.71,-41.28,-2.8,1476.55,0.62,908.437,48.837,4.0,43.0
mot_H_fastrot_ems_3hM_3402_000000020_0001_49_59_H___HHH_eva_0235_0001_0001_0001,FGFR2,0,Cao et al FGFR2,60.0,0.644,0.659,0.376,0.656,0.86,0.87,0.86,5.28,1.1,0.345,0.738,19.67,27.56,-44.16,-2.98,1483.94,0.59,0.69,0.11,6.0,0.67,-52.24,-3.22,1624.24,0.7,791.483,48.837,6.0,43.0
mot_H_normal_2c9b3d8da8a6bdc503c649edd84321a9_0001_000000000_0001_3_10_H___2c9b3d8da8a6bdc503c649edd84321a9_0001_0001_0001,FGFR2,0,Cao et al FGFR2,65.0,0.012,0.012,0.011,0.047,0.21,0.29,0.6,16.465,25.0,0.106,0.026,23.16,22.63,-28.11,-2.23,1263.51,0.7,0.67,0.24,2.0,0.65,-55.3,-3.18,1740.91,0.6,636.419,52.941,2.0,34.0
mot_H_normal_3h_hb1_201_000000012_0001_24_34_H___2dd59e05dcb3eb004b0c641332024a29_0001_1_0001_0001_0001_0001,FGFR2,0,Cao et al FGFR2,65.0,0.012,0.015,0.011,0.073,0.26,0.37,0.6,15.713,25.0,0.083,0.051,17.1,16.93,-26.3,-2.18,1208.43,0.63,0.6,0.17,2.0,0.72,-53.13,-3.47,1531.04,0.74,534.88,32.258,2.0,31.0
mot_H_normal_3h_hb1_3209_000000013_0001_58_63_H___3h_hb1_1308_0001_0001_0001,FGFR2,0,Cao et al FGFR2,63.0,0.595,0.696,0.319,0.607,0.81,0.82,0.85,5.658,1.0,0.302,0.723,4.65,3.9,-46.35,-3.14,1477.25,0.73,0.61,0.16,3.0,0.71,-67.49,-3.62,1861.76,0.71,870.879,54.762,4.0,42.0
mot_H_normal_3h_hb1_3209_000000013_0001_58_63_H___ems_3hC_458_0002_0001_0001_0001,FGFR2,1,Cao et al FGFR2,64.0,0.622,0.725,0.338,0.642,0.83,0.84,0.85,5.125,1.0,0.391,0.736,2.05,2.63,-48.63,-2.97,1639.82,0.74,0.65,0.07,7.0,0.71,-50.64,-3.39,1495.3,0.68,826.987,50.0,5.0,46.0
mot_H_normal_3h_hb1_3209_000000013_0001_59_63_H___EHEE_hb1_2897_0001_0001_0001,FGFR2,0,Cao et al FGFR2,65.0,0.558,0.609,0.292,0.564,0.78,0.79,0.82,6.134,1.2,0.289,0.478,3.17,2.31,-41.68,-2.67,1561.7,0.69,0.6,0.05,4.0,0.74,-69.02,-3.74,1843.87,0.68,850.642,44.186,7.0,43.0
mot_H_normal_3h_hb1_3627_000000010_0001_51_57_H___779c9cb26319e8cd68799bdbb532f3f6_0001_0001_0002_0001_0001,FGFR2,0,Cao et al FGFR2,65.0,0.195,0.244,0.115,0.35,0.55,0.56,0.72,8.812,4.8,0.214,0.19,22.36,16.21,-53.54,-3.25,1646.65,0.6,0.57,0.24,8.0,0.75,-69.38,-3.73,1862.41,0.67,900.894,55.319,2.0,47.0
mot_H_normal_3h_hb1_3627_000000010_0001_51_57_H___f05bc651b240e2a0c7421110687492c4_0001_1_0001_0001,FGFR2,0,Cao et al FGFR2,65.0,0.73,0.765,0.433,0.706,0.88,0.88,0.89,4.259,1.0,0.554,0.853,13.64,10.63,-49.6,-2.6,1907.36,0.67,0.6,0.37,2.0,0.72,-55.06,-3.26,1686.95,0.68,1058.982,58.824,1.0,51.0
mot_H_normal_3h_hb1_4705_000000000_0001_24_34_H___3h_hb1_2378_0001_0001_0001_0001,FGFR2,0,Cao et al FGFR2,65.0,0.121,0.148,0.065,0.226,0.49,0.51,0.71,10.81,25.0,0.117,0.118,23.83,20.7,-37.78,-3.44,1097.04,0.68,0.54,0.14,1.0,0.66,-53.75,-3.58,1502.24,0.65,769.898,61.538,4.0,39.0
mot_H_normal_3h_hb1_5635_000000003_0001_26_35_H___ems_3hC_350_0002_0001_0002_0001_0001,FGFR2,0,Cao et al FGFR2,58.0,0.017,0.018,0.015,0.183,0.3,0.3,0.63,14.142,6.5,0.094,0.042,21.03,24.11,-33.65,-2.49,1349.12,0.67,0.61,0.08,2.0,0.68,-54.65,-3.34,1637.8,0.71,746.977,43.243,4.0,37.0
mot_H_normal_4e0203f5ce0372eb70976b591e62cede_0001_000000001_0001_24_30_H___ems_3hM_1859_0001_0002_0001_0001,FGFR2,1,Cao et al FGFR2,64.0,0.147,0.151,0.083,0.273,0.49,0.5,0.68,10.452,3.6,0.142,0.114,1.8,2.18,-46.35,-2.62,1772.58,0.6,0.62,0.03,5.0,0.65,-52.92,-3.25,1626.74,0.68,822.061,46.512,1.0,43.0
mot_H_normal_5ab7357610b1d1214bf78fdd3dea1740_0001_000000000_0001_54_60_H___ems_3hC_101_0001_0002_1_0001_0001,FGFR2,0,Cao et al FGFR2,62.0,0.042,0.049,0.014,0.17,0.36,0.38,0.65,14.256,4.7,0.108,0.042,2.74,2.68,-44.97,-2.63,1712.99,0.68,0.61,0.03,4.0,0.71,-59.06,-3.69,1601.31,0.69,898.325,44.186,8.0,43.0
mot_H_normal_HEEHE_3358_000000009_0001_51_55_H___ems_3hM_1060_0001_0002_0001_0001,FGFR2,0,Cao et al FGFR2,64.0,0.04,0.07,0.015,0.156,0.31,0.45,0.63,12.868,25.0,0.137,0.048,22.68,28.25,-34.24,-1.94,1769.43,0.54,0.55,0.22,3.0,0.68,-48.93,-3.08,1589.34,0.63,1067.403,46.296,4.0,54.0
mot_H_normal_HHH_eva_0319_000000010_0001_33_37_H___ems_3hM_1813_0001_0002_0001,FGFR2,0,Cao et al FGFR2,61.0,0.041,0.074,0.019,0.215,0.35,0.42,0.64,12.273,5.2,0.16,0.085,6.83,9.48,-37.08,-2.87,1292.06,0.65,0.65,0.07,2.0,0.68,-57.13,-3.44,1659.66,0.68,785.351,60.0,3.0,40.0
mot_H_normal_b1cb25c0e7dfcf6d9372bc33a2507aba_0001_1_000000000_0001_27_32_H___34704a8089efb73d50280da723b72993_0001_0001_0001,FGFR2,0,Cao et al FGFR2,65.0,0.017,0.02,0.015,0.188,0.29,0.31,0.61,15.522,4.9,0.086,0.026,16.33,23.83,-34.28,-2.48,1380.17,0.61,0.55,0.39,1.0,0.65,-51.83,-3.03,1711.68,0.69,693.532,58.974,4.0,39.0
mot_H_normal_beeaf63b05778b6dc4e0d4755a79d7be_0001_1_000000001_0001_39_45_H___169a4d53eeea7c7ecfa2989e8fd2e61e_0001_1_0001_0001_0001,FGFR2,0,Cao et al FGFR2,65.0,0.037,0.037,0.017,0.186,0.33,0.41,0.64,12.712,25.0,0.144,0.06,11.95,10.49,-36.73,-2.64,1389.47,0.61,0.58,0.27,3.0,0.73,-60.39,-3.7,1633.84,0.65,754.537,56.41,1.0,39.0
mot_H_normal_beeaf63b05778b6dc4e0d4755a79d7be_0001_1_000000001_0001_39_45_H___EHEE_hb1_806_0001_0001_0001,FGFR2,0,Cao et al FGFR2,65.0,0.043,0.088,0.017,0.179,0.39,0.44,0.67,12.241,6.2,0.129,0.077,38.4,19.68,-50.37,-2.87,1756.41,0.62,0.57,0.07,4.0,0.65,-52.32,-3.45,1516.84,0.66,860.117,59.524,3.0,42.0
mot_H_normal_d1527d9db61042ae992c5fc0a9cf6cfe_0001_1_000000001_0001_45_50_H___59efd038cf10a96797e8c0af5afbaaaf_0001_1_0001_0001,FGFR2,0,Cao et al FGFR2,65.0,0.015,0.017,0.013,0.138,0.33,0.35,0.6,18.35,25.0,0.09,0.03,22.19,17.3,-42.63,-3.09,1380.52,0.69,0.66,0.45,2.0,0.65,-51.0,-3.18,1601.4,0.64,738.19,64.865,1.0,37.0
mot_H_normal_d828b9a9cb6a11aadad07c4d64fcbd75_0001_1_000000007_0001_27_32_H___3h_hb1_2536_0001_0001_0001,FGFR2,0,Cao et al FGFR2,64.0,0.016,0.02,0.014,0.169,0.3,0.37,0.62,13.851,25.0,0.132,0.048,12.56,6.06,-37.83,-2.24,1688.58,0.63,0.55,0.16,5.0,0.74,-52.86,-2.99,1770.46,0.61,875.559,51.111,2.0,45.0
mot_H_normal_ems_3hM_132_000000003_0001_1_47_55_H___3h_hb1_2005_0001_0001_0001,FGFR2,1,Cao et al FGFR2,61.0,0.721,0.775,0.401,0.7,0.88,0.89,0.88,4.563,0.9,0.398,0.791,2.59,2.4,-53.77,-3.28,1640.63,0.75,0.61,0.07,4.0,0.75,-60.24,-3.6,1675.73,0.73,802.152,55.0,3.0,40.0
mot_H_normal_ems_3hM_132_000000003_0001_1_47_55_H___3h_hb1_4130_0001_0001_0001,FGFR2,0,Cao et al FGFR2,61.0,0.024,0.024,0.015,0.171,0.35,0.4,0.65,12.707,25.0,0.187,0.067,20.51,18.46,-32.18,-2.22,1448.13,0.66,0.6,0.07,2.0,0.63,-46.59,-2.47,1887.56,0.69,775.538,51.111,5.0,45.0
mot_H_normal_fe87e01ce8aebc5fe2244577a7bb50f0_0001_000000001_0001_29_34_H___HEEHE_2004_0001_0001_0001,FGFR2,0,Cao et al FGFR2,65.0,0.14,0.158,0.046,0.206,0.54,0.56,0.71,11.464,4.1,0.291,0.106,21.2,17.07,-54.54,-2.96,1843.38,0.7,0.67,0.2,5.0,0.72,-62.39,-3.17,1967.6,0.64,1002.348,56.0,5.0,50.0
nside_mot_33a3a00fc629d06a96f91cefd1c5e1ea_0001_1_000000011_0001_43_48_H___bcov_4helix_12241_0001_0001,EGFR,1,Cao et al EGFR,65.0,0.232,0.279,0.142,0.292,0.64,0.67,0.79,9.288,3.8,0.24,0.222,16.93,20.37,-45.51,-2.74,1659.06,0.69,0.66,0.24,3.0,0.68,-60.92,-3.62,1683.87,0.61,911.253,42.222,4.0,45.0
p53_AF2_46,Mdm2,1,Mdm2 Watson et al,97.0,0.743,0.778,0.523,0.71,0.88,0.88,0.88,3.875,0.9,0.377,0.874,4.19,2.25,-45.88,-2.72,1687.04,0.66,0.58,0.23,4.0,0.66,-53.79,-2.83,1898.79,0.64,781.544,46.341,4.0,41.0
p53_AF2_50,Mdm2,1,Mdm2 Watson et al,108.0,0.743,0.781,0.492,0.698,0.89,0.89,0.87,3.927,0.9,0.44,0.773,1.86,1.42,-52.2,-2.72,1922.03,0.62,0.51,0.16,7.0,0.64,-56.0,-2.78,2012.65,0.58,1015.811,47.917,6.0,48.0
p53_AF2_58,Mdm2,1,Mdm2 Watson et al,93.0,0.613,0.704,0.375,0.618,0.84,0.84,0.84,4.804,1.1,0.418,0.694,2.36,1.82,-49.38,-2.36,2091.7,0.68,0.6,0.07,6.0,0.63,-57.61,-2.73,2107.99,0.53,1111.44,42.0,9.0,50.0
p53_AF2_75,Mdm2,0,Mdm2 Watson et al,105.0,0.732,0.736,0.489,0.695,0.86,0.87,0.88,3.907,1.0,0.396,0.807,4.25,1.79,-47.74,-2.65,1801.89,0.7,0.58,0.22,2.0,0.65,-51.11,-2.6,1963.4,0.6,870.021,45.455,5.0,44.0
p53_AF2_9,Mdm2,1,Mdm2 Watson et al,117.0,0.595,0.771,0.381,0.608,0.88,0.89,0.83,5.138,0.9,0.42,0.796,3.73,1.89,-58.4,-3.27,1786.0,0.76,0.61,0.18,6.0,0.71,-50.64,-2.95,1717.92,0.54,928.541,45.238,5.0,42.0
pol_3h_hb1_3611_000000024_0001_0001,FGFR2,0,Cao et al FGFR2,65.0,0.034,0.048,0.019,0.15,0.34,0.44,0.64,13.928,25.0,0.144,0.05,21.4,14.46,-57.0,-3.24,1760.86,0.69,0.62,0.22,8.0,0.68,-48.02,-2.76,1737.7,0.66,972.401,53.488,5.0,43.0
pol_HHH_eva_0040_000000011_0001,FGFR2,0,Cao et al FGFR2,60.0,0.127,0.194,0.068,0.295,0.53,0.56,0.71,10.214,4.1,0.218,0.146,14.66,22.05,-44.32,-2.41,1840.07,0.63,0.55,0.17,4.0,0.67,-58.41,-3.53,1656.41,0.68,967.166,53.191,3.0,47.0
pol_c462fb059e329a5cbf1ba6f2de345b3b_0001_000000016_0001,FGFR2,0,Cao et al FGFR2,65.0,0.194,0.202,0.111,0.306,0.46,0.59,0.68,9.635,25.0,0.243,0.214,19.73,27.04,-40.18,-2.5,1610.31,0.68,0.53,0.3,3.0,0.73,-63.46,-3.65,1737.56,0.74,958.561,50.0,6.0,46.0
pol_eac7410c9ac173289b1d32921606bca0_0001_1_000000013_0001_0001,FGFR2,0,Cao et al FGFR2,65.0,0.522,0.566,0.311,0.622,0.76,0.78,0.83,5.635,1.7,0.366,0.722,5.86,7.99,-38.34,-2.39,1606.67,0.59,0.66,0.27,4.0,0.59,-39.77,-2.44,1629.42,0.69,924.778,51.22,3.0,41.0
pol_ferr_hb1_314_000000027_0001_0001,FGFR2,0,Cao et al FGFR2,63.0,0.113,0.137,0.043,0.223,0.45,0.47,0.68,11.728,4.6,0.122,0.088,3.83,5.23,-40.06,-2.65,1509.81,0.63,0.59,0.12,1.0,0.75,-59.46,-3.42,1738.82,0.7,859.189,42.857,5.0,42.0
qiuzhen_li_Seq5,EGFR,0,Adaptyv binder comp round 1,19.0,0.101,0.52,0.045,0.373,0.89,0.89,0.71,13.653,2.5,0.356,0.581,34.23,49.44,-38.79,-2.56,1518.19,0.74,0.69,0.42,4.0,0.63,-47.43,-2.41,1968.63,0.65,724.613,51.351,8.0,37.0
rif_fastrot_12aeaea5dd5c87581434cc879750491d_0001_000000004_0001_0001,FGFR2,0,Cao et al FGFR2,65.0,0.208,0.278,0.119,0.365,0.6,0.61,0.75,8.571,2.9,0.204,0.189,8.65,7.68,-43.55,-2.68,1625.44,0.67,0.63,0.23,2.0,0.72,-56.27,-3.33,1689.93,0.64,812.167,54.545,3.0,44.0
rif_fastrot_3cc2a13adc72f36e30a754e48bc25123_0001_000000006_0001_0001,FGFR2,0,Cao et al FGFR2,65.0,0.331,0.429,0.195,0.412,0.68,0.69,0.77,7.932,2.2,0.315,0.314,2.35,2.31,-44.7,-2.66,1679.17,0.69,0.58,0.18,4.0,0.74,-68.06,-3.7,1839.76,0.67,993.198,48.936,2.0,47.0
rif_fastrot_EHEE_hb1_4428_000000022_0001_0001,FGFR2,0,Cao et al FGFR2,65.0,0.012,0.017,0.012,0.048,0.19,0.2,0.58,18.392,25.0,0.077,0.02,26.44,24.61,-37.49,-2.67,1403.28,0.59,0.53,0.03,4.0,0.8,-70.15,-4.08,1717.87,0.69,746.097,46.341,1.0,41.0
rif_fastrot_EHEE_hb1_4937_000000010_0001_0001,FGFR2,0,Cao et al FGFR2,65.0,0.015,0.017,0.013,0.139,0.34,0.36,0.62,13.953,6.7,0.131,0.042,11.96,8.34,-39.86,-2.45,1629.82,0.7,0.62,0.17,3.0,0.72,-48.35,-3.02,1602.09,0.65,809.852,40.476,8.0,42.0
rif_fastrot_EHEE_hb1_874_000000002_0001,FGFR2,0,Cao et al FGFR2,65.0,0.092,0.17,0.05,0.266,0.44,0.47,0.67,10.888,4.6,0.188,0.138,15.64,7.72,-42.3,-2.7,1564.92,0.67,0.65,0.22,4.0,0.74,-55.01,-3.38,1625.79,0.67,792.686,50.0,5.0,42.0
rif_fastrot_ce82b117a732e639b5f4a452aa29df84_0001_1_000000001_0001_0001,FGFR2,0,Cao et al FGFR2,65.0,0.012,0.015,0.011,0.072,0.26,0.27,0.61,16.588,25.0,0.078,0.026,19.97,20.29,-33.91,-2.56,1325.89,0.59,0.55,0.34,2.0,0.63,-49.95,-2.87,1738.47,0.62,744.428,50.0,1.0,38.0
rif_fastrot_cor_37015d8af94ed2696fb110d229010696_0001_000000000_0001_0001,FGFR2,0,Cao et al FGFR2,65.0,0.136,0.158,0.057,0.226,0.45,0.52,0.69,10.331,25.0,0.19,0.125,18.13,29.77,-42.27,-2.56,1653.37,0.56,0.64,0.29,5.0,0.62,-41.0,-2.39,1716.55,0.55,939.506,56.522,5.0,46.0
rif_fastrot_cor_EHEE_03648_000000010_0001_0001,FGFR2,0,Cao et al FGFR2,65.0,0.013,0.016,0.012,0.089,0.28,0.3,0.61,16.544,25.0,0.098,0.021,28.11,33.66,-46.34,-2.27,2041.07,0.52,0.57,0.09,4.0,0.77,-59.26,-3.57,1660.49,0.7,1132.803,47.17,3.0,53.0
rif_fastrot_cor_EHEE_09196_000000011_0001_0001,FGFR2,0,Cao et al FGFR2,65.0,0.163,0.209,0.103,0.268,0.54,0.57,0.75,9.104,4.6,0.207,0.17,22.14,30.58,-45.04,-2.69,1674.12,0.66,0.62,0.26,3.0,0.71,-39.31,-2.58,1522.64,0.63,844.931,54.545,3.0,44.0
rif_fastrot_cor_EHEE_hb1_3810_000000018_0001_0001,FGFR2,0,Cao et al FGFR2,65.0,0.015,0.016,0.012,0.111,0.25,0.29,0.59,16.73,25.0,0.096,0.03,24.55,22.7,-35.0,-2.46,1420.25,0.61,0.58,0.1,3.0,0.68,-56.6,-3.37,1678.52,0.66,687.825,51.429,2.0,35.0
rif_fastrot_cor_EHEE_hb1_5159_000000018_0001_0001,FGFR2,0,Cao et al FGFR2,65.0,0.103,0.104,0.029,0.193,0.44,0.46,0.68,11.884,5.2,0.139,0.153,33.39,24.04,-45.62,-3.1,1473.1,0.64,0.62,0.25,5.0,0.65,-62.52,-3.69,1692.21,0.65,761.546,52.381,4.0,42.0
rif_fastrot_cor_EHEE_hb1_650_000000022_0001_0001,FGFR2,0,Cao et al FGFR2,65.0,0.015,0.018,0.013,0.126,0.36,0.39,0.64,14.026,25.0,0.075,0.061,31.52,19.87,-39.84,-3.03,1316.74,0.66,0.62,0.1,4.0,0.76,-53.57,-3.45,1551.04,0.71,584.659,42.857,2.0,35.0
rif_fastrot_cor_ems_3hM_2312_000000000_0001,FGFR2,0,Cao et al FGFR2,63.0,0.016,0.021,0.013,0.122,0.31,0.32,0.64,15.362,25.0,0.074,0.058,19.66,32.83,-36.3,-2.74,1323.98,0.58,0.66,0.16,5.0,0.74,-49.13,-3.34,1468.84,0.68,618.734,65.789,3.0,38.0
rif_fastrot_ems_ferrM_4904_0001_000000022_0001_0001,FGFR2,0,Cao et al FGFR2,61.0,0.016,0.018,0.014,0.13,0.31,0.36,0.62,14.699,25.0,0.119,0.041,16.81,16.52,-31.88,-2.16,1476.14,0.56,0.6,0.41,4.0,0.66,-47.44,-2.82,1680.97,0.65,839.668,45.0,5.0,40.0
rif_normal_8a4ec42152d20f9505992d9aa418559f_0001_000000002_0001_0001,FGFR2,0,Cao et al FGFR2,65.0,0.372,0.421,0.213,0.505,0.7,0.7,0.79,6.698,2.3,0.24,0.39,10.93,7.89,-48.66,-2.83,1717.38,0.53,0.49,0.26,7.0,0.68,-55.28,-3.5,1579.2,0.63,980.93,59.574,6.0,47.0
rif_normal_EHEE_08461_000000012_0001_0001,FGFR2,0,Cao et al FGFR2,65.0,0.013,0.014,0.012,0.097,0.27,0.28,0.6,17.829,25.0,0.065,0.022,31.26,24.45,-29.94,-2.3,1302.65,0.62,0.68,0.21,3.0,0.75,-45.16,-3.11,1454.27,0.68,753.343,46.341,4.0,41.0
rif_normal_EHEE_hb1_1717_000000002_0001_0001,FGFR2,0,Cao et al FGFR2,65.0,0.013,0.015,0.012,0.078,0.24,0.28,0.61,16.932,25.0,0.121,0.024,26.69,26.23,-34.4,-2.21,1555.36,0.53,0.56,0.19,3.0,0.77,-55.12,-3.42,1611.68,0.63,912.814,44.681,3.0,47.0
v_tararina_binder_5,EGFR,0,Adaptyv binder comp round 1,115.0,0.433,0.475,0.243,0.36,0.84,0.84,0.68,16.036,3.0,0.481,0.475,36.06,42.49,-56.61,-2.6,2176.69,0.64,0.54,0.31,8.0,0.6,-64.55,-2.23,2894.3,0.54,1420.893,40.541,13.0,74.0
vratinsrivastava10_sequence_5,EGFR,0,Adaptyv binder comp round 1,70.0,0.0,0.0,0.0,0.0,0.23,0.23,0.55,28.258,25.0,0.0,0.0,21.06,69.12,-23.58,-1.74,1357.4,0.43,0.6,0.57,3.0,0.62,-40.37,-1.85,2184.67,0.58,675.025,30.769,10.0,39.0
2bnr_27_47_0_4,pMHC_NY1,0,pMHC screening NY1,144.0,0.606,0.831,0.405,0.706,0.94,0.94,0.95,4.051,0.9,0.42,0.938,1.25,1.46,-78.25,-2.62,2981.91,0.67,0.66,0.5,12.0,0.65,-78.04,-2.5,3119.59,0.62,1511.285,44.595,11.0,74.0
2bnr_27_7_3_9_temp001_dldesign_378_af2pred,pMHC_NY1,0,pMHC screening NY2,145.0,0.635,0.868,0.431,0.712,0.95,0.95,0.95,3.871,0.9,0.442,0.933,1.2,1.82,-72.99,-2.57,2839.83,0.65,0.66,0.24,11.0,0.57,-70.42,-2.54,2768.83,0.68,1451.133,43.662,12.0,71.0
2bnr_27_7_3_9_temp001_dldesign_724_af2pred,pMHC_NY1,0,pMHC screening NY2,145.0,0.657,0.869,0.431,0.712,0.95,0.95,0.95,3.907,0.9,0.47,0.939,0.9,1.31,-73.44,-2.61,2812.22,0.67,0.77,0.6,10.0,0.68,-65.34,-2.3,2838.59,0.73,1442.061,46.575,10.0,73.0
2bnr_27_7_3_9_temp003_dldesign_395_af2pred,pMHC_NY1,1,pMHC screening NY2,145.0,0.65,0.861,0.427,0.71,0.94,0.95,0.95,4.15,0.9,0.439,0.936,1.3,2.0,-74.31,-2.55,2915.03,0.65,0.66,0.45,10.0,0.64,-74.25,-2.65,2801.56,0.64,1429.736,42.029,10.0,69.0
AKAP9_binder_15_renumb_93_dldesign_0_af2pred,pMHC_SILSY1,0,pMHC screening SILSY1,124.0,0.663,0.858,0.422,0.734,0.95,0.95,0.95,3.71,0.9,0.39,0.931,1.58,2.05,-69.32,-2.44,2838.99,0.6,0.62,0.56,12.0,0.63,-70.91,-2.47,2866.24,0.61,1449.408,44.776,12.0,67.0
AKAP9_binder_18_renumb_34_dldesign_0_af2pred,pMHC_SILSY1,0,pMHC screening SILSY1,124.0,0.618,0.83,0.403,0.711,0.95,0.95,0.95,3.833,1.0,0.436,0.922,1.21,2.14,-72.09,-2.34,3084.89,0.65,0.65,0.11,16.0,0.65,-74.38,-2.52,2955.55,0.61,1650.258,37.662,12.0,77.0
AKAP9_binder_22_dldesign_28_af2pred,pMHC_SILSY1,0,pMHC screening SILSY1,124.0,0.542,0.74,0.357,0.629,0.94,0.94,0.94,4.471,1.0,0.419,0.89,1.16,1.72,-61.71,-2.12,2911.94,0.57,0.62,0.31,11.0,0.6,-56.0,-1.94,2879.29,0.57,1644.348,37.5,18.0,72.0
AKAP9_binder_26_dldesign_20_af2pred,pMHC_SILSY1,0,pMHC screening SILSY1,124.0,0.517,0.729,0.353,0.546,0.94,0.95,0.95,4.898,0.9,0.397,0.808,1.59,2.38,-62.4,-2.07,3014.46,0.61,0.65,0.23,10.0,0.62,-67.7,-2.15,3155.06,0.58,1565.602,39.726,10.0,73.0
AKAP9_binder_5_dldesign_3_af2pred,pMHC_SILSY1,0,pMHC screening SILSY1,124.0,0.645,0.841,0.405,0.71,0.95,0.95,0.95,3.831,0.9,0.453,0.933,0.96,1.32,-77.77,-2.69,2889.19,0.62,0.63,0.53,11.0,0.65,-72.82,-2.49,2924.37,0.63,1529.326,46.053,11.0,76.0
Grafting_Motif0070_bcov_4helix_14433_0001_0001,FGFR2,1,Cao et al FGFR2,65.0,0.017,0.022,0.015,0.167,0.32,0.35,0.64,13.339,25.0,0.103,0.06,18.76,24.95,-25.39,-2.06,1231.1,0.71,0.65,0.24,3.0,0.73,-63.84,-3.49,1827.03,0.74,731.598,39.474,2.0,38.0
Grafting_Motif0072_ems_3hC_1810_0001_0001,FGFR2,0,Cao et al FGFR2,62.0,0.016,0.026,0.014,0.157,0.3,0.31,0.64,14.402,5.9,0.073,0.043,24.66,20.92,-26.85,-2.23,1204.51,0.63,0.63,0.15,2.0,0.63,-60.42,-3.14,1922.49,0.7,743.42,52.778,3.0,36.0
Grafting_Motif0176_HHH_eva_0576_0001,FGFR2,0,Cao et al FGFR2,53.0,0.012,0.015,0.011,0.084,0.27,0.29,0.65,16.42,25.0,0.07,0.035,20.54,23.87,-38.35,-2.94,1302.68,0.57,0.6,0.17,1.0,0.71,-76.73,-4.04,1898.77,0.73,721.27,52.778,2.0,36.0
Grafting_Motif0176_bcov_4helix_07877_0001,FGFR2,0,Cao et al FGFR2,65.0,0.012,0.016,0.011,0.081,0.23,0.24,0.6,17.095,25.0,0.058,0.024,15.47,17.09,-31.19,-2.59,1202.64,0.67,0.59,0.23,1.0,0.68,-67.35,-3.69,1824.83,0.64,630.667,54.545,0.0,33.0
Grafting_Motif0204_p1_15H_GBL_16H_GABBL_15H_0419_0001_0001_0001_0001,FGFR2,0,Cao et al FGFR2,54.0,0.021,0.025,0.016,0.181,0.31,0.37,0.63,14.356,25.0,0.092,0.033,17.75,21.74,-33.36,-2.86,1165.59,0.71,0.62,0.28,3.0,0.68,-63.26,-3.73,1697.8,0.7,726.213,48.571,3.0,35.0
Grafting_Motif0263_bcov_4helix_12183_0001,FGFR2,0,Cao et al FGFR2,65.0,0.014,0.017,0.012,0.084,0.26,0.28,0.62,16.877,25.0,0.08,0.029,16.52,26.41,-44.0,-2.95,1493.63,0.65,0.58,0.33,1.0,0.74,-75.61,-3.73,2025.86,0.72,747.793,57.5,2.0,40.0
Grafting_Motif0263_ems_3hM_3027_0001_0001,FGFR2,0,Cao et al FGFR2,64.0,0.017,0.021,0.014,0.144,0.24,0.31,0.61,15.597,25.0,0.104,0.034,19.3,22.75,-28.85,-2.02,1427.42,0.46,0.53,0.19,1.0,0.72,-65.64,-3.78,1734.17,0.65,834.982,56.818,1.0,44.0
Grafting_Motif0263_ems_3hM_366_0001_0001,FGFR2,0,Cao et al FGFR2,64.0,0.045,0.048,0.02,0.208,0.36,0.36,0.63,13.008,5.8,0.089,0.072,21.74,22.61,-28.16,-2.5,1127.12,0.62,0.61,0.03,2.0,0.68,-58.42,-3.66,1596.83,0.7,749.509,38.462,4.0,39.0
Grafting_Motif0272_bcov_4helix_01635_0001,FGFR2,0,Cao et al FGFR2,65.0,0.626,0.669,0.367,0.674,0.83,0.84,0.87,4.627,1.2,0.279,0.712,2.51,2.4,-36.04,-2.48,1452.12,0.67,0.65,0.18,2.0,0.71,-54.59,-3.3,1655.82,0.69,853.714,45.238,3.0,42.0
Grafting_Motif0460_bcov_4helix_10694_0001,FGFR2,0,Cao et al FGFR2,65.0,0.015,0.016,0.013,0.134,0.29,0.3,0.62,15.458,25.0,0.143,0.036,3.64,4.6,-48.29,-2.72,1777.04,0.69,0.55,0.32,4.0,0.71,-66.28,-3.58,1851.33,0.72,923.385,53.659,1.0,41.0
Grafting_Motif0713_ems_3hM_698_0001,FGFR2,0,Cao et al FGFR2,64.0,0.597,0.658,0.388,0.605,0.81,0.82,0.85,5.397,1.2,0.434,0.766,18.28,13.78,-44.88,-2.62,1709.95,0.7,0.61,0.06,4.0,0.71,-57.41,-3.24,1769.54,0.74,1007.061,44.0,3.0,50.0
Grafting_Motif0740_bcov_4helix_02999_0001,FGFR2,0,Cao et al FGFR2,65.0,0.238,0.306,0.146,0.359,0.58,0.58,0.72,10.53,2.5,0.144,0.25,9.93,11.15,-32.56,-2.71,1202.04,0.63,0.57,0.27,1.0,0.74,-55.28,-3.3,1675.06,0.65,651.323,48.387,2.0,31.0
HEEHE_2883_000000022_0001,FGFR2,0,Cao et al FGFR2,65.0,0.238,0.284,0.142,0.36,0.66,0.66,0.77,8.666,3.3,0.293,0.271,21.51,16.82,-41.86,-3.0,1395.13,0.68,0.7,0.19,1.0,0.75,-67.2,-3.62,1858.04,0.68,825.511,53.659,2.0,41.0
HHH_eva_0540_000000000_0001,FGFR2,1,Cao et al FGFR2,56.0,0.366,0.436,0.199,0.508,0.71,0.72,0.79,6.735,2.4,0.328,0.4,3.16,2.98,-53.65,-3.04,1762.7,0.64,0.64,0.18,6.0,0.72,-73.79,-3.75,1965.64,0.65,875.589,48.936,6.0,47.0
IL7Ra_binder_AF2_1,IL7Ra,1,IL7Ra Watson et al,94.0,0.692,0.733,0.411,0.595,0.86,0.87,0.88,5.574,1.2,0.27,0.803,1.84,1.53,-48.14,-2.56,1878.28,0.67,0.58,0.02,6.0,0.71,-50.75,-2.88,1759.96,0.67,1013.185,32.558,9.0,43.0
IL7Ra_binder_AF2_12,IL7Ra,0,IL7Ra Watson et al,80.0,0.696,0.763,0.386,0.618,0.88,0.88,0.89,5.196,1.1,0.362,0.84,1.98,1.62,-43.8,-2.82,1555.36,0.66,0.53,0.25,6.0,0.67,-52.52,-3.38,1554.83,0.52,777.918,40.541,7.0,37.0
IL7Ra_binder_AF2_35,IL7Ra,1,IL7Ra Watson et al,77.0,0.635,0.671,0.344,0.593,0.87,0.87,0.88,5.636,1.3,0.387,0.734,2.38,2.67,-58.99,-2.57,2298.71,0.59,0.55,0.03,10.0,0.6,-63.49,-2.72,2332.38,0.67,1058.104,38.889,7.0,54.0
IL7Ra_binder_AF2_71,IL7Ra,1,IL7Ra Watson et al,65.0,0.544,0.703,0.315,0.602,0.83,0.84,0.88,5.388,1.3,0.389,0.791,1.55,1.79,-65.47,-3.81,1717.96,0.71,0.64,0.27,8.0,0.7,-67.8,-3.83,1771.6,0.54,857.794,51.163,4.0,43.0
Insulin_receptor_binder_AF2_24,InsulinR,0,InsulinR Watson et al,92.0,0.572,0.597,0.393,0.6,0.8,0.81,0.88,5.354,2.1,0.254,0.69,1.49,2.37,-38.28,-2.12,1804.56,0.57,0.68,0.12,4.0,0.56,-50.57,-2.76,1829.19,0.46,1013.09,32.075,3.0,53.0
Insulin_receptor_binder_AF2_26,InsulinR,0,InsulinR Watson et al,93.0,0.679,0.727,0.465,0.647,0.84,0.86,0.89,4.759,1.7,0.224,0.853,1.47,2.01,-52.97,-3.04,1745.17,0.67,0.65,0.16,6.0,0.7,-58.54,-3.17,1848.71,0.57,962.09,44.231,5.0,52.0
Insulin_receptor_binder_AF2_39,InsulinR,0,InsulinR Watson et al,79.0,0.621,0.726,0.422,0.67,0.83,0.84,0.89,4.62,1.5,0.27,0.824,1.29,1.97,-41.55,-2.8,1483.48,0.71,0.68,0.14,4.0,0.61,-49.64,-2.74,1809.25,0.54,909.052,40.0,5.0,50.0
Insulin_receptor_binder_AF2_41,InsulinR,0,InsulinR Watson et al,89.0,0.69,0.765,0.463,0.667,0.86,0.86,0.9,4.784,1.3,0.33,0.839,2.35,2.13,-50.87,-2.86,1780.15,0.63,0.57,0.13,4.0,0.6,-55.48,-3.02,1837.53,0.5,980.433,42.308,6.0,52.0
Insulin_receptor_binder_AF2_58,InsulinR,0,InsulinR Watson et al,88.0,0.776,0.821,0.502,0.694,0.9,0.9,0.92,4.407,1.0,0.434,0.877,3.55,3.19,-56.95,-3.08,1847.45,0.67,0.68,0.13,5.0,0.64,-58.84,-3.06,1923.89,0.61,1147.269,46.154,7.0,52.0
Insulin_receptor_binder_AF2_94,InsulinR,0,InsulinR Watson et al,96.0,0.274,0.325,0.184,0.29,0.61,0.62,0.8,8.83,3.4,0.219,0.297,2.2,1.99,-50.82,-2.76,1840.32,0.57,0.61,0.14,5.0,0.68,-55.43,-2.82,1962.43,0.61,975.632,42.308,9.0,52.0
LaMBO2_7_19,pMHC_NY1,0,pMHC screening NY1,145.0,0.221,0.46,0.146,0.44,0.82,0.83,0.76,13.469,1.9,0.182,0.375,5.69,5.5,-58.87,-2.58,2282.36,0.61,0.61,0.5,11.0,0.64,-60.02,-2.55,2357.86,0.63,1206.553,40.351,9.0,57.0
Motif0003_HEEHE_0260_0001_0003_7588_0001,FGFR2,0,Cao et al FGFR2,65.0,0.075,0.078,0.027,0.231,0.39,0.44,0.65,12.359,4.8,0.123,0.072,14.84,13.55,-33.32,-2.43,1371.16,0.61,0.59,0.18,3.0,0.76,-62.61,-3.33,1879.62,0.65,750.249,52.778,3.0,36.0
Motif0003_HEEHE_0298_0001_7244_0001,FGFR2,1,Cao et al FGFR2,65.0,0.076,0.079,0.024,0.212,0.45,0.46,0.68,12.539,25.0,0.127,0.085,22.01,20.18,-41.41,-3.13,1323.14,0.66,0.62,0.16,3.0,0.77,-84.85,-4.18,2029.88,0.66,810.226,56.757,4.0,37.0
Motif0003_HEEHE_2767_0001_0003_9875_0001,FGFR2,0,Cao et al FGFR2,65.0,0.463,0.491,0.281,0.519,0.77,0.78,0.82,6.415,2.0,0.412,0.537,16.46,13.92,-52.39,-2.92,1796.26,0.68,0.67,0.23,4.0,0.73,-69.94,-3.9,1794.56,0.65,943.886,57.778,5.0,45.0
Motif0003_bcov_4helix_02964_0001_0001_8562_0001,FGFR2,1,Cao et al FGFR2,65.0,0.014,0.015,0.012,0.078,0.26,0.27,0.61,16.127,25.0,0.063,0.033,18.11,19.35,-26.64,-2.36,1130.64,0.66,0.6,0.18,3.0,0.75,-60.09,-3.89,1543.75,0.66,533.861,50.0,0.0,30.0
Motif0004_HEEHE_2389_0001_3361_0001,FGFR2,0,Cao et al FGFR2,65.0,0.451,0.48,0.269,0.516,0.77,0.78,0.84,6.353,2.0,0.401,0.624,19.04,18.31,-42.56,-2.84,1496.18,0.64,0.64,0.07,3.0,0.78,-74.4,-4.44,1676.0,0.67,875.334,44.186,4.0,43.0
Motif0004_HEEHE_2417_0001_0001_6734_0001,FGFR2,0,Cao et al FGFR2,65.0,0.068,0.073,0.026,0.209,0.38,0.4,0.65,12.82,6.0,0.095,0.063,23.36,17.97,-42.69,-3.06,1394.77,0.72,0.62,0.16,4.0,0.77,-72.89,-3.74,1949.08,0.68,748.745,51.282,3.0,39.0
Motif0018_HEEHE_1089_0001_0002_6411_0001,FGFR2,0,Cao et al FGFR2,65.0,0.055,0.097,0.023,0.233,0.39,0.42,0.66,12.347,4.1,0.144,0.081,20.28,18.28,-37.75,-2.69,1403.29,0.7,0.68,0.17,2.0,0.78,-65.54,-3.87,1694.73,0.71,818.302,50.0,0.0,38.0
Motif0018_HEEHE_3188_0001_0002_4133_0001,FGFR2,0,Cao et al FGFR2,65.0,0.016,0.025,0.014,0.153,0.26,0.3,0.61,14.327,25.0,0.109,0.041,17.59,16.58,-23.9,-1.98,1209.22,0.49,0.61,0.19,1.0,0.69,-63.0,-3.54,1781.21,0.71,719.034,52.5,1.0,40.0
Motif0034_HEEHE_0834_0001_6422_0001,FGFR2,0,Cao et al FGFR2,65.0,0.014,0.016,0.012,0.078,0.24,0.25,0.59,16.941,25.0,0.079,0.03,21.7,27.03,-31.0,-2.88,1074.56,0.66,0.65,0.19,1.0,0.75,-53.34,-3.22,1654.26,0.64,677.783,44.118,4.0,34.0
Motif0037_bcov_4helix_02151_0001_4009_0001,FGFR2,0,Cao et al FGFR2,65.0,0.717,0.762,0.414,0.697,0.87,0.88,0.88,4.48,0.9,0.349,0.814,10.89,17.42,-45.58,-3.02,1508.08,0.73,0.61,0.24,3.0,0.81,-63.46,-3.71,1711.77,0.71,751.214,58.974,2.0,39.0
Motif0046_ems_3hM_1965_0001_0002_2929_0001,FGFR2,0,Cao et al FGFR2,64.0,0.084,0.097,0.039,0.205,0.38,0.46,0.67,11.347,6.5,0.151,0.093,26.49,22.73,-43.95,-2.9,1517.51,0.71,0.59,0.22,2.0,0.65,-63.21,-3.11,2032.42,0.68,861.728,55.0,4.0,40.0
Motif0060_bcov_4helix_07081_0001_0001_0001,EGFR,0,Cao et al EGFR,65.0,0.013,0.014,0.012,0.083,0.4,0.44,0.76,14.228,25.0,0.267,0.036,18.68,18.88,-34.49,-1.78,1932.44,0.58,0.56,0.22,3.0,0.76,-55.6,-3.57,1555.62,0.71,1098.062,42.105,7.0,57.0
Motif0064_ems_3hM_2123_0001_7387_0001,FGFR2,0,Cao et al FGFR2,62.0,0.66,0.75,0.378,0.664,0.84,0.84,0.87,5.763,0.9,0.332,0.759,8.46,6.89,-38.23,-2.49,1538.35,0.7,0.62,0.1,3.0,0.8,-60.96,-4.06,1502.44,0.67,830.99,42.857,3.0,42.0
Motif0069_bcov_4helix_07875_0001_0001,EGFR,0,Cao et al EGFR,65.0,0.0,0.0,0.0,0.0,0.18,0.19,0.74,21.103,25.0,0.0,0.0,17.94,23.61,-20.21,-1.73,1165.0,0.59,0.66,0.18,2.0,0.71,-50.12,-3.21,1562.16,0.67,624.567,37.5,2.0,32.0
Motif0140_ems_3hM_596_0001,SARS_CoV2_RBD,0,Cao et al SARS_CoV2_RBD,63.0,0.0,0.0,0.0,0.0,0.17,0.18,0.71,23.282,25.0,0.0,0.0,18.7,21.38,-33.78,-2.34,1446.68,0.59,0.7,0.17,5.0,0.72,-61.17,-3.45,1773.37,0.74,757.832,38.095,4.0,42.0
Motif0149_ems_3hM_3622_0001_0001,EGFR,0,Cao et al EGFR,61.0,0.108,0.109,0.027,0.135,0.52,0.53,0.84,11.446,25.0,0.117,0.121,9.49,10.71,-31.21,-1.92,1625.65,0.58,0.54,0.07,3.0,0.68,-43.85,-2.85,1536.85,0.62,797.735,43.182,4.0,44.0
Motif0158_ems_3hM_2501_0001_1108_0001,FGFR2,0,Cao et al FGFR2,64.0,0.017,0.033,0.015,0.172,0.35,0.37,0.64,13.836,25.0,0.113,0.056,21.92,22.73,-32.0,-2.24,1425.88,0.45,0.58,0.14,0.0,0.67,-64.09,-3.49,1837.59,0.65,789.023,54.054,0.0,37.0
Motif0191_HHH_eva_0455_0001_0001,SARS_CoV2_RBD,0,Cao et al SARS_CoV2_RBD,50.0,0.0,0.0,0.0,0.0,0.26,0.27,0.77,20.943,25.0,0.0,0.0,12.17,25.52,-30.94,-1.99,1554.39,0.52,0.65,0.29,7.0,0.71,-42.23,-2.71,1559.05,0.66,819.744,40.0,7.0,40.0
Motif0196_bcov_4helix_00412_0001,SARS_CoV2_RBD,0,Cao et al SARS_CoV2_RBD,65.0,0.0,0.0,0.0,0.0,0.11,0.11,0.68,26.316,25.0,0.0,0.0,19.36,45.65,-23.98,-2.27,1056.84,0.66,0.7,0.33,3.0,0.68,-56.11,-3.11,1802.31,0.71,653.357,28.571,4.0,35.0
Motif0232_ems_3hM_3434_0001_3134_0001,FGFR2,0,Cao et al FGFR2,58.0,0.031,0.061,0.017,0.186,0.38,0.41,0.67,12.896,5.2,0.166,0.06,3.03,2.85,-50.97,-3.32,1534.84,0.67,0.64,0.12,4.0,0.72,-63.71,-3.68,1730.5,0.68,786.502,51.282,3.0,39.0
Motif0258_HHH_eva_0354_0001_462_0001,FGFR2,0,Cao et al FGFR2,61.0,0.171,0.19,0.093,0.293,0.44,0.57,0.69,9.371,4.9,0.201,0.142,19.42,20.41,-39.25,-2.61,1501.22,0.54,0.61,0.11,2.0,0.76,-59.87,-3.48,1721.13,0.68,894.494,56.098,2.0,41.0
Motif0324_bcov_4helix_10849_0001_2590_0001,FGFR2,0,Cao et al FGFR2,65.0,0.132,0.145,0.065,0.262,0.5,0.51,0.69,10.677,4.5,0.071,0.16,19.36,20.74,-43.05,-2.94,1462.64,0.59,0.58,0.15,8.0,0.69,-54.02,-3.19,1693.48,0.73,693.817,50.0,3.0,36.0
Motif0379_ems_3hM_1367_0001_8027_0001,FGFR2,0,Cao et al FGFR2,64.0,0.673,0.73,0.404,0.692,0.86,0.86,0.88,4.519,1.1,0.301,0.82,5.18,3.87,-48.49,-2.96,1639.35,0.63,0.59,0.14,4.0,0.71,-66.38,-3.68,1802.35,0.65,773.201,45.0,1.0,40.0
Motif0865_ems_3hM_813_0001_848_0001,FGFR2,0,Cao et al FGFR2,61.0,0.014,0.014,0.012,0.089,0.21,0.22,0.6,18.534,25.0,0.088,0.019,18.07,15.35,-42.82,-2.62,1635.52,0.57,0.64,0.21,1.0,0.73,-63.88,-3.38,1889.68,0.68,864.086,54.545,1.0,44.0
Motif0870_ems_3hM_1847_0001,SARS_CoV2_RBD,0,Cao et al SARS_CoV2_RBD,63.0,0.0,0.0,0.0,0.0,0.13,0.13,0.68,24.727,25.0,0.0,0.0,64.35,31.65,-37.09,-2.48,1497.46,0.64,0.63,0.0,2.0,0.73,-50.47,-3.0,1684.85,0.73,708.854,45.714,2.0,35.0
Motif1004_bcov_4helix_02494_0001_0002_3463_0001,FGFR2,0,Cao et al FGFR2,65.0,0.079,0.099,0.034,0.223,0.37,0.44,0.65,11.624,25.0,0.184,0.07,17.51,18.53,-38.77,-2.62,1477.35,0.64,0.51,0.26,0.0,0.74,-70.05,-3.82,1832.54,0.62,816.729,61.538,0.0,39.0
Motif1004_ems_3hM_1247_0001_0001_6908_0001,FGFR2,0,Cao et al FGFR2,62.0,0.022,0.029,0.016,0.183,0.35,0.39,0.65,13.882,5.6,0.146,0.033,18.8,16.89,-41.41,-2.82,1467.36,0.63,0.59,0.16,4.0,0.74,-60.75,-3.61,1682.22,0.71,768.087,53.659,3.0,41.0
Motif1005_HEEHE_1585_0001_0003_7950_0001,FGFR2,0,Cao et al FGFR2,65.0,0.051,0.058,0.019,0.191,0.34,0.39,0.63,13.226,5.3,0.114,0.054,14.8,11.84,-46.28,-2.9,1595.83,0.64,0.67,0.03,1.0,0.79,-83.08,-4.06,2048.78,0.66,820.762,57.5,1.0,40.0
Motif1014_HEEHE_2429_0001_0001_2572_0001,FGFR2,0,Cao et al FGFR2,65.0,0.066,0.067,0.021,0.185,0.42,0.46,0.65,12.737,5.6,0.142,0.066,13.67,14.25,-35.43,-2.65,1337.72,0.64,0.67,0.29,0.0,0.73,-64.66,-3.61,1792.17,0.69,805.266,47.619,0.0,42.0
Motif1016_bcov_4helix_13166_0001_0002_5847_0001,FGFR2,0,Cao et al FGFR2,65.0,0.234,0.291,0.117,0.305,0.57,0.58,0.72,9.708,3.1,0.21,0.35,19.96,21.93,-40.26,-3.31,1215.98,0.68,0.59,0.26,3.0,0.72,-71.28,-3.78,1886.93,0.62,740.334,48.718,0.0,39.0
Motif1023_HHH_eva_0652_0001_0001_7136_0001,FGFR2,0,Cao et al FGFR2,56.0,0.015,0.015,0.013,0.079,0.21,0.22,0.61,17.968,25.0,0.043,0.021,19.34,23.99,-38.47,-2.76,1395.6,0.68,0.57,0.07,4.0,0.77,-56.48,-3.52,1603.44,0.66,749.138,45.714,6.0,35.0
Motif1026_HEEHE_1691_0001_0002_9847_0001,FGFR2,0,Cao et al FGFR2,65.0,0.03,0.034,0.017,0.199,0.34,0.37,0.64,13.963,25.0,0.138,0.041,14.38,13.44,-47.91,-2.66,1800.97,0.64,0.61,0.12,8.0,0.71,-67.54,-3.41,1981.21,0.69,879.399,55.556,5.0,45.0
Motif1031_HEEHE_1235_0001_509_0001,FGFR2,0,Cao et al FGFR2,65.0,0.015,0.029,0.013,0.146,0.31,0.36,0.64,13.47,25.0,0.138,0.051,6.55,8.39,-45.35,-2.9,1563.24,0.72,0.6,0.21,2.0,0.79,-79.43,-3.89,2042.53,0.66,865.714,65.854,0.0,41.0
Motif1031_HEEHE_3230_0001_0001_7923_0001,FGFR2,0,Cao et al FGFR2,65.0,0.014,0.018,0.012,0.093,0.24,0.26,0.6,17.461,25.0,0.053,0.03,12.4,14.23,-30.79,-2.9,1060.83,0.71,0.65,0.16,0.0,0.73,-75.13,-4.09,1835.4,0.58,562.051,45.161,0.0,31.0
Motif1033_bcov_4helix_01036_0001_6694_0001,FGFR2,0,Cao et al FGFR2,65.0,0.512,0.583,0.306,0.537,0.77,0.79,0.83,6.049,1.6,0.28,0.35,3.28,2.46,-50.24,-3.17,1585.18,0.76,0.66,0.19,4.0,0.77,-74.34,-3.87,1918.66,0.74,782.008,54.545,3.0,44.0
Motif1045_HEEHE_2612_0001_0002_3459_0001,FGFR2,0,Cao et al FGFR2,65.0,0.238,0.276,0.079,0.256,0.57,0.61,0.74,9.766,3.2,0.174,0.139,2.62,2.72,-55.42,-3.38,1637.85,0.73,0.69,0.18,6.0,0.69,-65.45,-3.61,1815.54,0.71,918.873,52.273,5.0,44.0
Motif1045_bcov_4helix_09786_0001_7752_0001,FGFR2,1,Cao et al FGFR2,65.0,0.679,0.726,0.359,0.63,0.85,0.86,0.87,5.186,1.0,0.394,0.64,3.16,2.97,-53.31,-3.09,1727.2,0.71,0.46,0.26,5.0,0.79,-67.58,-3.97,1702.77,0.67,863.055,50.0,6.0,44.0
Motif1053_HEEHE_0352_0001_4680_0001,FGFR2,0,Cao et al FGFR2,65.0,0.048,0.05,0.018,0.199,0.36,0.37,0.65,13.608,25.0,0.118,0.045,23.27,17.82,-43.92,-2.57,1710.87,0.63,0.67,0.09,5.0,0.73,-57.62,-3.16,1824.98,0.63,817.617,48.78,4.0,41.0
Motif1056_bcov_4helix_00090_0001_1757_0001,FGFR2,0,Cao et al FGFR2,65.0,0.017,0.027,0.014,0.149,0.33,0.43,0.64,13.417,7.0,0.111,0.058,8.95,18.36,-31.91,-2.32,1376.2,0.51,0.49,0.18,2.0,0.75,-60.32,-3.39,1778.34,0.69,699.527,57.895,0.0,38.0
Motif1057_HHH_b2_00031_0001,SARS_CoV2_RBD,0,Cao et al SARS_CoV2_RBD,56.0,0.0,0.0,0.0,0.0,0.22,0.25,0.74,21.838,25.0,0.0,0.0,17.6,37.76,-43.29,-2.81,1539.9,0.71,0.7,0.2,7.0,0.67,-46.12,-2.8,1648.03,0.71,859.62,43.182,4.0,44.0
Motif1069_HEEHE_0477_0001_922_0001,FGFR2,0,Cao et al FGFR2,65.0,0.07,0.104,0.031,0.223,0.33,0.42,0.64,11.811,4.3,0.142,0.07,10.11,10.58,-40.63,-2.45,1657.54,0.62,0.6,0.16,4.0,0.79,-61.46,-3.43,1793.19,0.7,889.125,52.273,5.0,44.0
Motif1072_ems_3hC_923_0001_0001_188_0001,FGFR2,0,Cao et al FGFR2,64.0,0.564,0.627,0.3,0.604,0.8,0.8,0.83,6.12,1.1,0.38,0.439,24.3,17.05,-45.69,-2.45,1863.97,0.6,0.55,0.09,3.0,0.77,-69.65,-3.55,1962.13,0.63,1021.746,46.939,4.0,49.0
Motif1076_ems_3hM_190_0001_0003_7435_0001,FGFR2,0,Cao et al FGFR2,62.0,0.038,0.038,0.016,0.174,0.3,0.38,0.63,13.662,5.7,0.126,0.046,14.44,10.93,-42.59,-2.92,1459.96,0.61,0.63,0.13,1.0,0.78,-68.77,-3.72,1849.24,0.66,788.796,52.778,1.0,36.0
Motif1078_ems_3hM_1359_0001_0001_4959_0001,FGFR2,0,Cao et al FGFR2,61.0,0.013,0.017,0.012,0.082,0.28,0.3,0.63,16.477,25.0,0.091,0.031,2.1,2.93,-43.87,-2.79,1571.19,0.67,0.66,0.17,2.0,0.77,-62.3,-3.43,1814.67,0.68,730.287,61.538,1.0,39.0
Motif1086_bcov_4helix_08593_0001_8861_0001,FGFR2,0,Cao et al FGFR2,65.0,0.319,0.563,0.16,0.356,0.72,0.75,0.75,9.387,1.5,0.182,0.396,4.31,5.06,-52.12,-3.53,1476.7,0.72,0.55,0.36,4.0,0.76,-69.15,-3.98,1737.16,0.72,818.38,53.488,7.0,43.0
Motif1090_ems_3hM_1222_0001_112_0001,FGFR2,0,Cao et al FGFR2,64.0,0.017,0.035,0.014,0.161,0.32,0.36,0.63,13.959,6.8,0.101,0.046,22.85,24.07,-33.54,-2.4,1397.89,0.49,0.59,0.14,5.0,0.75,-61.7,-3.82,1615.43,0.68,763.103,48.718,4.0,39.0
Motif1101_ems_ferrM_2203_0001_4434_0001,FGFR2,0,Cao et al FGFR2,63.0,0.373,0.456,0.19,0.398,0.71,0.71,0.79,8.11,2.1,0.264,0.333,23.49,17.97,-45.03,-2.81,1604.19,0.67,0.56,0.23,3.0,0.74,-74.96,-3.77,1990.32,0.69,812.756,54.762,2.0,42.0
Motif1123_ems_3hC_1315_0001_0001_0001_5507_0001,FGFR2,0,Cao et al FGFR2,63.0,0.343,0.345,0.218,0.411,0.68,0.69,0.77,7.658,2.5,0.235,0.495,21.68,19.46,-36.85,-2.58,1427.09,0.6,0.54,0.06,0.0,0.71,-51.81,-3.1,1668.96,0.63,796.019,44.737,1.0,38.0
Motif1135_bcov_4helix_06175_0001_0003_3837_0001,FGFR2,0,Cao et al FGFR2,65.0,0.015,0.017,0.012,0.095,0.27,0.28,0.61,16.602,25.0,0.082,0.022,10.99,11.33,-52.4,-3.15,1662.91,0.73,0.5,0.25,1.0,0.76,-66.65,-3.78,1762.4,0.66,881.865,58.696,0.0,46.0
Motif1278_bcov_4helix_13190_0001_0001_9172_0001,FGFR2,0,Cao et al FGFR2,65.0,0.052,0.081,0.021,0.197,0.36,0.42,0.64,12.201,25.0,0.12,0.056,20.3,18.81,-54.48,-2.93,1857.0,0.65,0.64,0.18,4.0,0.77,-66.49,-3.6,1844.63,0.73,830.027,50.0,2.0,42.0
Motif1335_HHH_eva_0080_0001_0001_4207_0001,FGFR2,0,Cao et al FGFR2,61.0,0.016,0.018,0.014,0.133,0.37,0.45,0.63,14.492,25.0,0.234,0.034,17.93,29.74,-43.49,-2.73,1591.01,0.61,0.63,0.34,3.0,0.74,-61.89,-3.12,1983.77,0.7,888.75,53.061,2.0,49.0
Motif1379_HEEHE_2984_0001_0002_9887_0001,FGFR2,0,Cao et al FGFR2,65.0,0.016,0.017,0.014,0.141,0.28,0.31,0.62,14.94,25.0,0.131,0.036,21.81,19.95,-35.29,-2.38,1483.84,0.59,0.67,0.26,0.0,0.77,-55.08,-3.35,1641.94,0.72,891.144,53.333,0.0,45.0
Motif1454_bcov_4helix_00422_0001_8314_0001,FGFR2,0,Cao et al FGFR2,65.0,0.464,0.539,0.275,0.47,0.75,0.76,0.82,6.534,1.8,0.335,0.519,3.6,2.73,-43.79,-2.8,1561.61,0.71,0.56,0.25,3.0,0.72,-59.1,-3.46,1707.89,0.64,870.684,47.619,3.0,42.0
NYESO_parent_binder_partial_10_3_103_dldesign_0_af2pred,pMHC_NY1,0,pMHC screening NY2,145.0,0.578,0.812,0.373,0.662,0.94,0.94,0.94,4.514,1.0,0.432,0.91,1.12,1.5,-70.25,-2.39,2935.66,0.58,0.69,0.23,13.0,0.63,-76.88,-2.75,2797.11,0.64,1519.791,46.575,8.0,73.0
NYESO_parent_binder_partial_30_3_69_dldesign_1_af2pred,pMHC_NY1,0,pMHC screening NY2,145.0,0.533,0.784,0.352,0.633,0.93,0.93,0.94,4.941,1.2,0.433,0.876,1.45,1.83,-65.27,-2.14,3046.78,0.6,0.63,0.21,8.0,0.63,-70.82,-2.31,3061.48,0.7,1731.236,39.024,13.0,82.0
Pdl1_binder_AF2_34,Pdl1,0,Pdl1 Watson et al,95.0,0.085,0.094,0.035,0.216,0.41,0.43,0.68,11.914,4.7,0.24,0.102,21.31,17.78,-32.87,-2.05,1602.86,0.66,0.66,0.24,2.0,0.58,-44.25,-2.63,1680.93,0.65,860.708,44.444,2.0,45.0
Pdl1_binder_AF2_43,Pdl1,0,Pdl1 Watson et al,65.0,0.651,0.745,0.398,0.653,0.85,0.86,0.89,4.451,1.1,0.254,0.801,3.17,2.35,-35.37,-2.69,1315.26,0.63,0.65,0.19,6.0,0.58,-40.64,-2.61,1555.37,0.58,708.911,41.667,5.0,36.0
Pdl1_binder_AF2_50,Pdl1,0,Pdl1 Watson et al,91.0,0.227,0.256,0.156,0.322,0.54,0.57,0.74,8.962,3.4,0.428,0.267,1.93,1.8,-55.93,-3.01,1858.33,0.62,0.71,0.05,11.0,0.57,-48.15,-2.59,1860.91,0.55,1038.971,37.037,12.0,54.0
Pdl1_binder_AF2_82,Pdl1,0,Pdl1 Watson et al,99.0,0.543,0.661,0.381,0.582,0.76,0.8,0.82,5.034,1.5,0.486,0.758,3.29,1.99,-44.66,-2.91,1535.33,0.6,0.64,0.12,8.0,0.55,-47.03,-2.73,1721.48,0.61,862.879,45.652,6.0,46.0
Pdl1_binder_AF2_93,Pdl1,0,Pdl1 Watson et al,65.0,0.51,0.617,0.336,0.622,0.76,0.79,0.86,4.666,1.8,0.409,0.66,1.41,1.71,-54.44,-3.01,1808.28,0.7,0.66,0.26,9.0,0.65,-50.23,-3.06,1642.43,0.59,862.111,50.0,5.0,44.0
Trka_binder_AF2_47,TrkA,0,TrkA Watson et al,86.0,0.792,0.806,0.539,0.728,0.88,0.89,0.91,3.394,1.0,0.434,0.878,2.88,2.22,-49.72,-3.14,1582.29,0.7,0.64,0.2,7.0,0.52,-51.57,-2.75,1872.76,0.62,855.386,42.553,6.0,47.0
Trka_binder_AF2_54,TrkA,1,TrkA Watson et al,91.0,0.637,0.684,0.423,0.649,0.79,0.81,0.86,4.666,1.4,0.34,0.814,2.45,3.27,-39.79,-2.3,1728.31,0.44,0.62,0.42,10.0,0.68,-46.76,-2.61,1790.43,0.65,855.166,36.364,4.0,44.0
Trka_binder_AF2_61,TrkA,0,TrkA Watson et al,62.0,0.594,0.715,0.386,0.696,0.82,0.83,0.87,4.192,1.4,0.44,0.84,1.28,1.82,-54.3,-3.88,1398.27,0.76,0.74,0.35,9.0,0.72,-48.9,-3.16,1549.61,0.62,747.334,39.024,3.0,41.0
Trka_binder_AF2_64,TrkA,0,TrkA Watson et al,62.0,0.59,0.713,0.355,0.659,0.82,0.82,0.87,4.724,1.3,0.277,0.818,2.03,2.08,-42.82,-3.17,1350.44,0.69,0.61,0.26,9.0,0.69,-35.25,-2.67,1320.63,0.55,621.555,53.333,5.0,30.0
Trka_binder_AF2_68,TrkA,0,TrkA Watson et al,65.0,0.773,0.831,0.52,0.754,0.9,0.9,0.92,3.258,0.9,0.515,0.898,1.57,2.11,-55.26,-3.22,1717.39,0.62,0.7,0.2,8.0,0.69,-55.1,-3.07,1796.35,0.61,854.186,46.667,7.0,45.0
Trka_binder_AF2_7,TrkA,0,TrkA Watson et al,56.0,0.27,0.343,0.148,0.43,0.64,0.65,0.78,7.457,2.8,0.297,0.35,1.86,2.22,-46.63,-3.06,1525.85,0.74,0.69,0.37,7.0,0.76,-50.88,-3.25,1563.69,0.61,744.519,46.341,2.0,41.0
allongoldberg_17449__33p_n_H_,EGFR,0,Adaptyv binder comp round 1,138.0,0.0,0.0,0.0,0.0,0.17,0.19,0.51,28.881,25.0,0.0,0.0,26.42,79.21,-30.34,-1.3,2330.01,0.47,0.5,0.39,6.0,0.56,-21.54,-1.7,1266.94,0.54,1266.91,36.765,11.0,68.0
bcov_6ala_r1_EEHEE_20342_000000009_0001_25_44_H____ems_3hM_2325_0001_0004_0001_0001,TrkA,0,Cao et al TrkA,64.0,0.0,0.0,0.0,0.0,0.2,0.27,0.55,17.985,25.0,0.0,0.0,24.27,30.52,-35.04,-1.76,1992.57,0.48,0.54,0.28,4.0,0.79,-62.64,-3.48,1800.56,0.6,1034.537,42.0,5.0,50.0
bcov_r2_EHEE_05173_000000000_0001_0001,IL7Ra,0,Cao et al IL7Ra,65.0,0.0,0.0,0.0,0.0,0.11,0.13,0.68,25.122,25.0,0.0,0.0,42.48,31.05,-25.1,-1.28,1967.36,0.44,0.62,0.18,4.0,0.75,-57.64,-3.0,1922.44,0.69,1186.922,37.705,6.0,61.0
bcov_r2_ems_ferrC_1724_000000018_0001_0001,IL7Ra,0,Cao et al IL7Ra,64.0,0.0,0.0,0.0,0.0,0.14,0.29,0.68,19.618,25.0,0.0,0.0,39.99,38.42,-48.72,-2.53,1924.12,0.65,0.64,0.15,3.0,0.72,-60.12,-3.58,1677.46,0.7,1025.48,45.283,4.0,53.0
bcov_r3_ems_3hC_1630_000000079_0001_0001,IL7Ra,0,Cao et al IL7Ra,62.0,0.068,0.114,0.016,0.142,0.54,0.56,0.8,12.72,6.3,0.156,0.121,4.07,4.36,-45.02,-2.72,1654.7,0.65,0.69,0.04,3.0,0.69,-52.4,-3.56,1472.53,0.7,728.711,59.459,1.0,37.0
bcov_v3_r2_HEEH_10005_000000033_0001_0001_1_21_H____HEEH_05755_0001_0001_0001_0001,IL7Ra,0,Cao et al IL7Ra,64.0,0.0,0.0,0.0,0.0,0.28,0.31,0.74,19.512,25.0,0.0,0.0,18.74,39.87,-25.34,-1.85,1373.16,0.52,0.6,0.25,3.0,0.67,-53.52,-3.34,1604.4,0.67,718.457,46.667,5.0,30.0
binom16_pocket1pep15,EGFR,0,Adaptyv binder comp round 2,15.0,0.012,0.014,0.012,0.063,0.48,0.52,0.71,19.95,25.0,0.209,0.031,5.79,6.28,-42.74,-2.19,1947.82,0.63,0.59,0.25,7.0,0.61,-36.91,-1.99,1857.46,0.68,944.037,39.286,6.0,56.0
chris_j_frank_GPU_3_Binder_81_seq_0_B_m,EGFR,0,Adaptyv binder comp round 1,180.0,0.708,0.713,0.417,0.472,0.89,0.89,0.69,16.014,1.4,0.557,0.651,40.37,41.97,-98.2,-2.73,3601.88,0.68,0.64,0.26,16.0,0.62,-97.74,-2.13,4587.6,0.6,2100.871,37.895,15.0,95.0
chuh_EGFR_Seg2_l62_s244475_mpnn4,EGFR,0,Adaptyv binder comp round 2,62.0,0.361,0.59,0.18,0.392,0.88,0.88,0.69,14.315,2.4,0.441,0.58,34.0,44.27,-49.54,-2.2,2255.22,0.61,0.59,0.32,9.0,0.59,-53.37,-2.01,2657.93,0.59,1173.203,47.368,13.0,57.0
cside_mot_3h_hb1_1231_000000021_0001_3_11_H___ems_3hC_1044_0002_0001_0001_0001,EGFR,0,Cao et al EGFR,63.0,0.017,0.03,0.015,0.17,0.45,0.46,0.81,14.038,6.4,0.24,0.037,22.75,26.46,-52.38,-2.33,2252.52,0.6,0.57,0.0,6.0,0.67,-50.11,-2.54,1971.01,0.64,1235.392,44.615,7.0,65.0
cside_pol_a19607fa5811eac5a877d7ad4c5ea217_0001_000000004_0001,EGFR,0,Cao et al EGFR,65.0,0.0,0.0,0.0,0.0,0.17,0.19,0.72,22.745,25.0,0.0,0.0,15.3,24.98,-45.59,-2.42,1887.27,0.61,0.63,0.33,4.0,0.64,-52.38,-2.51,2090.7,0.65,1006.815,45.455,8.0,55.0
csplice_r1_4b397ff321495f1cf064223b6ad1b1e1_0001_000000002_0001_0001_24_33_H____8da475e37648611124092ca2728912ae_0001_0001_0003_0001_0001_18_51_HHH_31_01871_12_0001_3_crosslinked_mm_0,VirB8,0,Cao et al VirB8,65.0,0.0,0.0,0.0,0.0,0.32,0.36,0.71,18.873,25.0,0.0,0.0,16.33,10.0,-40.97,-2.43,1684.17,0.51,0.56,0.25,2.0,0.8,-55.44,-3.8,1459.17,0.68,917.783,53.846,4.0,39.0
csplice_r1_ems_3hM_1972_000000001_0001_0001_2_11_H____ems_3hM_444_0001_0004_0001_0001_24_63_HHH_36_10357_29_0001_35_crosslinked,VirB8,0,Cao et al VirB8,65.0,0.018,0.071,0.013,0.13,0.49,0.5,0.76,12.782,7.5,0.15,0.081,6.76,7.05,-42.58,-2.91,1462.37,0.64,0.58,0.22,2.0,0.72,-60.8,-3.45,1761.78,0.74,709.577,58.824,2.0,34.0
darius_szablowski_EGFR_binder_1___top_binder_1,EGFR,0,Adaptyv binder comp round 2,89.0,0.246,0.451,0.138,0.305,0.79,0.8,0.67,16.744,3.8,0.426,0.313,35.59,43.11,-48.37,-2.14,2260.54,0.7,0.61,0.25,6.0,0.61,-49.76,-1.72,2898.42,0.65,1234.844,42.623,12.0,61.0
ems_3hM_1609_000000026_0001,FGFR2,0,Cao et al FGFR2,62.0,0.013,0.015,0.012,0.074,0.27,0.29,0.62,16.489,25.0,0.167,0.028,22.88,25.28,-38.15,-2.82,1353.89,0.61,0.57,0.15,3.0,0.75,-73.44,-3.87,1897.83,0.65,793.015,50.0,3.0,40.0
ems_3hM_1725_000000002_0001,FGFR2,0,Cao et al FGFR2,64.0,0.016,0.018,0.014,0.154,0.29,0.32,0.62,15.07,25.0,0.091,0.024,18.42,17.14,-56.38,-3.07,1834.23,0.66,0.6,0.14,6.0,0.75,-64.84,-3.48,1865.47,0.67,833.889,59.524,1.0,42.0
ems_ferrC_1476_000000001_0001,VirB8,0,Cao et al VirB8,61.0,0.0,0.0,0.0,0.0,0.14,0.16,0.67,24.195,25.0,0.0,0.0,11.13,16.29,-30.68,-2.51,1221.45,0.61,0.62,0.2,2.0,0.69,-52.16,-3.53,1477.1,0.7,632.227,55.882,0.0,34.0
ems_p1_15H_GBL_16H_GABBL_16H_0375_0001_0001_0001_000000021_0001,FGFR2,1,Cao et al FGFR2,55.0,0.5,0.578,0.283,0.628,0.79,0.79,0.82,5.551,1.4,0.157,0.697,2.75,2.28,-40.29,-3.11,1294.92,0.68,0.63,0.08,4.0,0.75,-60.99,-4.03,1513.63,0.69,823.354,50.0,4.0,40.0
ems_p1_15H_GBL_16H_GBL_14H_0732_0001_0001_0001_000000021_0001,FGFR2,1,Cao et al FGFR2,51.0,0.078,0.127,0.036,0.271,0.42,0.44,0.7,10.508,4.3,0.143,0.076,2.25,4.21,-41.29,-2.62,1577.39,0.64,0.57,0.2,3.0,0.73,-55.12,-3.5,1572.96,0.67,827.988,50.0,2.0,40.0
enzo_morro_design_0_n_1_mpnn_1_085_plddt_0_817_i_ptm_0_076_i_pae_28_084_rmsd_25_372,EGFR,0,Adaptyv binder comp round 2,167.0,0.0,0.0,0.0,0.0,0.14,0.16,0.48,29.592,25.0,0.0,0.0,14.76,24.29,-45.59,-1.52,2994.68,0.52,0.6,0.22,6.0,0.42,-9.22,-0.84,1097.58,0.6,1632.541,39.08,16.0,87.0
enzo_morro_design_0_n_2_mpnn_1_120_plddt_0_858_i_ptm_0_072_i_pae_28_117_rmsd_30_276,EGFR,0,Adaptyv binder comp round 2,167.0,0.0,0.0,0.0,0.0,0.15,0.19,0.52,29.134,25.0,0.0,0.0,31.08,69.56,-16.02,-1.87,857.77,0.68,0.67,0.27,0.0,0.51,-29.46,-1.07,2760.66,0.6,438.938,26.923,4.0,26.0
fernando_meireles_design_hybrid_partial_diff_9_54_binder,EGFR,0,Adaptyv binder comp round 2,107.0,0.0,0.0,0.0,0.0,0.26,0.25,0.53,27.658,25.0,0.0,0.0,51.32,86.83,-52.06,-2.51,2074.01,0.67,0.66,0.34,5.0,0.57,-37.41,-1.67,2235.97,0.58,1227.299,51.613,8.0,62.0
gabriong_design6,EGFR,0,Adaptyv binder comp round 1,50.0,0.0,0.0,0.0,0.0,0.4,0.41,0.68,22.296,12.0,0.0,0.0,60.13,55.8,-52.58,-2.44,2154.05,0.64,0.6,0.17,5.0,0.5,-37.23,-1.43,2607.05,0.6,1097.318,45.161,3.0,62.0
gitter_yolo48,EGFR,1,Adaptyv binder comp round 2,63.0,0.467,0.673,0.211,0.462,0.9,0.9,0.71,13.657,1.5,0.368,0.693,38.52,48.08,-57.92,-2.87,2015.35,0.68,0.64,0.24,12.0,0.62,-63.69,-2.37,2683.25,0.67,987.057,45.098,7.0,51.0
il10ra_site1_sap_13_mot_HHH_b1_05860_000000142_0001_1_19_H___HHH_b1_01954_0001_0000200013_0000001_0_0001_af2pred_0001,IL10Ra,0,Bennet paper IL10Ra prospective,54.0,0.0,0.0,0.0,0.0,0.34,0.36,0.76,19.101,25.0,0.0,0.0,60.54,40.09,-29.12,-2.34,1244.44,0.59,0.66,0.19,1.0,0.66,-39.94,-2.34,1708.39,0.61,666.243,48.649,2.0,37.0
jakublala_full_dibinder_45aa_2_pdb,EGFR,0,Adaptyv binder comp round 2,45.0,0.013,0.014,0.012,0.105,0.48,0.54,0.67,20.414,7.7,0.264,0.028,18.37,42.38,-76.2,-2.48,3076.78,0.67,0.63,0.32,11.0,0.54,-62.48,-1.57,3980.04,0.54,1406.65,39.744,3.0,78.0
jvogt4_hotspots_only_484_01,EGFR,0,Adaptyv binder comp round 1,71.0,0.356,0.544,0.169,0.359,0.85,0.85,0.69,14.948,3.0,0.527,0.599,3.29,5.09,-61.25,-3.28,1866.53,0.68,0.63,0.46,6.0,0.68,-57.79,-3.01,1919.06,0.65,1060.672,50.909,10.0,55.0
kurumida_yoichi_mg_05,EGFR,1,Adaptyv binder comp round 2,48.0,0.208,0.471,0.089,0.277,0.84,0.85,0.72,13.582,2.5,0.372,0.446,12.76,31.76,-41.37,-2.63,1575.78,0.69,0.65,0.22,8.0,0.6,-54.54,-2.17,2517.68,0.6,816.777,40.0,7.0,45.0
longxing_Grafting2_HHH_eva_0752_0001_0003_0001_0001,IL7Ra,0,Cao et al IL7Ra,53.0,0.014,0.028,0.013,0.111,0.42,0.45,0.78,14.367,25.0,0.153,0.066,19.49,44.38,-33.02,-2.19,1507.12,0.6,0.61,0.13,3.0,0.74,-64.25,-3.76,1707.49,0.66,771.935,47.5,1.0,40.0
ltk_site1_sap_16_mot_HHH_b1_00572_af2_000000031_0001_1_17_H___HHH_b2_06307_0001_0000600021_0000002_0_0001_af2pred_0001,LTK,0,Bennet paper LTK prospective,52.0,0.011,0.012,0.011,0.035,0.41,0.44,0.84,17.6,25.0,0.157,0.022,16.47,18.81,-44.58,-2.12,2105.04,0.65,0.66,0.11,8.0,0.67,-43.61,-2.77,1573.58,0.57,1154.446,46.0,10.0,50.0
ltk_site1_sap_17_mot_17cce82b947380258c45500a98862951_0001_1_af2_000000055_0001_16_30_H___HHH_b1_06669_0001_0000100007_0000001_0_0001,LTK,0,Bennet paper LTK prospective,55.0,0.013,0.013,0.012,0.034,0.37,0.39,0.82,17.958,25.0,0.054,0.024,19.57,27.22,-28.44,-2.39,1188.55,0.55,0.71,0.21,3.0,0.68,-64.02,-2.92,2195.73,0.71,770.262,46.341,6.0,41.0
markus_braun_egfr_binder_3,EGFR,0,Adaptyv binder comp round 2,250.0,0.7,0.805,0.485,0.467,0.92,0.92,0.74,13.487,1.3,0.678,0.74,70.61,41.02,-76.13,-1.53,4991.0,0.54,0.61,0.22,16.0,0.53,-29.71,-1.3,2292.42,0.64,2698.502,41.221,19.0,131.0
mot_H_buried_HHH_eva_0108_000000014_0001_2_9_H___9a583b65c62e28c86138d08b575809b6_0001_0001_0001,FGFR2,0,Cao et al FGFR2,65.0,0.494,0.572,0.276,0.539,0.75,0.76,0.81,6.572,1.5,0.364,0.584,4.83,4.96,-42.89,-3.5,1223.99,0.73,0.58,0.18,3.0,0.71,-57.33,-3.48,1647.93,0.69,808.906,47.5,4.0,40.0
mot_H_buried_ems_3hC_255_0002_000000000_0001_47_55_H___EHEE_hb1_5948_0001_0001_0001_0001,FGFR2,0,Cao et al FGFR2,65.0,0.264,0.357,0.157,0.391,0.6,0.62,0.73,8.688,2.6,0.169,0.282,26.72,17.69,-33.65,-2.24,1504.84,0.6,0.59,0.1,1.0,0.78,-62.22,-3.84,1618.73,0.67,816.371,53.488,1.0,43.0
mot_H_fastrot_3h_hb1_3344_000000001_0001_47_55_H___p1_15H_GBL_16H_GABBL_16H_0168_0001_0001_0001_0001_0002_0001,FGFR2,1,Cao et al FGFR2,55.0,0.014,0.014,0.012,0.114,0.33,0.44,0.66,13.861,25.0,0.078,0.056,24.45,32.12,-29.88,-2.57,1163.42,0.68,0.67,0.31,2.0,0.67,-65.43,-3.44,1902.13,0.72,687.422,46.875,2.0,32.0
mot_H_fastrot_HEEH_15960_000000006_0001_55_60_H___EHEE_hb1_2191_0001_0003_0001_0001,FGFR2,0,Cao et al FGFR2,65.0,0.013,0.015,0.012,0.087,0.24,0.28,0.59,17.266,25.0,0.095,0.026,27.01,18.79,-36.95,-2.43,1520.3,0.59,0.57,0.08,4.0,0.74,-59.27,-3.52,1684.15,0.73,877.847,45.652,8.0,46.0
mot_H_fastrot_b97d94780943d560feb7ba26cd5e5db2_0001_1_000000001_0001_19_24_H___EHEE_hb1_4468_0001_0001_0001,FGFR2,0,Cao et al FGFR2,65.0,0.013,0.014,0.012,0.081,0.3,0.32,0.63,16.72,25.0,0.102,0.026,23.77,31.03,-35.94,-2.07,1733.05,0.6,0.66,0.23,4.0,0.81,-62.2,-3.47,1794.29,0.69,932.125,47.727,3.0,44.0
mot_H_fastrot_cor_3h_hb1_5971_000000012_0001_53_59_H___3h_hb1_52_0001_0001_0001,FGFR2,0,Cao et al FGFR2,63.0,0.314,0.34,0.188,0.424,0.65,0.68,0.77,7.345,2.5,0.309,0.409,1.96,2.78,-52.78,-3.27,1616.17,0.8,0.68,0.09,2.0,0.77,-48.48,-3.17,1527.98,0.68,823.775,53.659,2.0,41.0
mot_H_fastrot_cor_3h_hb1_5971_000000012_0001_53_59_H___EHEE_hb1_2427_0001_0001_0001_0001,FGFR2,0,Cao et al FGFR2,65.0,0.028,0.064,0.016,0.17,0.38,0.45,0.65,12.787,25.0,0.243,0.078,27.14,21.07,-43.23,-3.05,1416.67,0.63,0.68,0.09,9.0,0.79,-57.43,-3.53,1628.0,0.78,746.707,53.488,5.0,43.0
mot_H_fastrot_cor_3h_hb1_641_000000003_0001_49_56_H___3h_hb1_1777_0001_0001_0001,FGFR2,0,Cao et al FGFR2,60.0,0.03,0.034,0.016,0.189,0.32,0.34,0.63,13.197,25.0,0.077,0.065,20.57,20.21,-34.7,-2.89,1202.54,0.66,0.69,0.1,2.0,0.62,-47.88,-3.04,1575.84,0.68,500.565,57.692,2.0,26.0
mot_H_fastrot_cor_da9e5f86e81fca48f449e0e79ace5297_0001_1_000000005_0001_39_45_H___3h_hb1_2220_0001_0002_0001_0001,FGFR2,0,Cao et al FGFR2,64.0,0.016,0.08,0.014,0.153,0.35,0.38,0.65,12.282,7.1,0.1,0.06,22.13,22.51,-41.0,-2.95,1389.49,0.65,0.61,0.21,3.0,0.71,-66.24,-3.77,1757.81,0.72,669.915,58.974,0.0,39.0
mot_H_fastrot_cor_ems_3hM_1062_000000000_0001_47_55_H___281e8545e913beaab8c6779ad6fae8d6_0001_1_0001_0001_0001,FGFR2,0,Cao et al FGFR2,65.0,0.016,0.019,0.013,0.136,0.32,0.34,0.62,14.657,25.0,0.095,0.049,20.18,24.52,-30.04,-2.5,1201.65,0.59,0.49,0.2,2.0,0.69,-57.23,-3.37,1700.61,0.69,633.613,57.576,3.0,33.0
mot_H_fastrot_cor_ems_3hM_1062_000000000_0001_47_55_H___EHEE_hb1_1294_0001_0001_0001_0001,FGFR2,0,Cao et al FGFR2,65.0,0.015,0.02,0.014,0.139,0.26,0.28,0.61,16.444,7.9,0.095,0.025,25.21,16.03,-36.92,-2.21,1667.97,0.59,0.51,0.11,3.0,0.61,-51.73,-2.9,1782.66,0.59,862.8,45.455,4.0,44.0
mot_H_fastrot_cor_ems_3hM_199_000000020_0001_56_61_H___d060d179aa8c7790444f5a7e3b734830_0001_1_0001_0001,FGFR2,0,Cao et al FGFR2,65.0,0.017,0.032,0.014,0.156,0.32,0.38,0.64,13.878,25.0,0.162,0.045,8.41,11.99,-39.86,-2.27,1759.74,0.56,0.61,0.15,3.0,0.76,-59.0,-3.43,1718.65,0.63,1016.977,46.809,2.0,47.0
mot_H_fastrot_cor_ems_4hM_930_000000002_0001_41_45_H___ems_3hC_913_0001_0001_0001,FGFR2,0,Cao et al FGFR2,64.0,0.011,0.013,0.011,0.056,0.24,0.27,0.6,16.803,25.0,0.142,0.03,20.95,17.13,-32.0,-2.38,1345.85,0.65,0.62,0.13,3.0,0.72,-72.71,-3.94,1844.02,0.72,745.199,47.222,1.0,36.0
mot_H_fastrot_cor_f8f8a4152cc90f14bb898546c27f9520_0001_000000007_0001_34_38_H___79db9eb2ca7bb1873abed44f464ddbab_0001_0001_0001,FGFR2,0,Cao et al FGFR2,65.0,0.538,0.596,0.307,0.613,0.79,0.8,0.83,5.398,1.4,0.331,0.541,23.12,20.9,-50.96,-3.16,1614.11,0.69,0.58,0.2,3.0,0.73,-53.61,-3.14,1705.28,0.68,902.404,57.778,2.0,45.0
mot_H_fastrot_cor_f8f8a4152cc90f14bb898546c27f9520_0001_000000007_0001_34_38_H___ems_3hC_292_0001_0001_0001,FGFR2,1,Cao et al FGFR2,61.0,0.465,0.497,0.254,0.535,0.73,0.75,0.79,6.385,1.5,0.258,0.638,3.27,2.7,-40.34,-3.1,1303.38,0.7,0.63,0.08,3.0,0.66,-60.33,-3.34,1807.26,0.62,730.287,59.524,2.0,42.0
mot_H_fastrot_ems_3hM_256_000000003_0001_6_15_H___HHH_eva_0612_0001_0002_0001_0001,FGFR2,0,Cao et al FGFR2,50.0,0.552,0.668,0.336,0.679,0.83,0.84,0.88,4.492,1.3,0.354,0.666,2.61,3.04,-50.03,-2.98,1679.27,0.68,0.56,0.12,5.0,0.68,-64.74,-3.57,1813.45,0.7,833.896,45.455,6.0,44.0
mot_H_fastrot_ems_4hM_3622_000000014_0001_52_62_H___EHEE_hb1_2692_0001_0001_0001,FGFR2,0,Cao et al FGFR2,65.0,0.025,0.041,0.014,0.148,0.36,0.41,0.65,13.272,6.4,0.117,0.085,5.32,4.07,-34.12,-2.11,1619.49,0.64,0.59,0.06,7.0,0.7,-54.24,-3.07,1767.85,0.64,900.256,44.444,8.0,45.0
mot_H_fastrot_f035abb5c3eb61047df287c5243c4b11_0001_000000004_0001_44_48_H___3h_hb1_6532_0001_0001_0001,FGFR2,0,Cao et al FGFR2,63.0,0.134,0.154,0.077,0.245,0.46,0.47,0.67,10.319,4.2,0.137,0.126,4.19,3.78,-40.12,-2.79,1438.04,0.67,0.61,0.07,3.0,0.67,-49.83,-3.11,1604.6,0.7,886.57,48.837,3.0,43.0
mot_H_normal_3h_hb1_201_000000012_0001_24_34_H___3h_hb1_1596_0001_0001_0001_0001,FGFR2,0,Cao et al FGFR2,64.0,0.013,0.013,0.011,0.059,0.22,0.23,0.59,18.491,25.0,0.098,0.018,16.14,20.28,-35.22,-2.39,1472.56,0.67,0.66,0.06,2.0,0.64,-49.85,-3.05,1634.3,0.67,840.397,54.762,4.0,42.0
mot_H_normal_3h_hb1_3209_000000013_0001_59_63_H___EHEE_hb1_6609_0001_0002_0001,FGFR2,1,Cao et al FGFR2,65.0,0.52,0.734,0.309,0.497,0.81,0.83,0.84,6.01,1.2,0.374,0.685,4.32,2.87,-41.24,-2.77,1491.27,0.72,0.57,0.03,3.0,0.66,-49.46,-2.77,1785.36,0.66,853.042,45.455,6.0,44.0
mot_H_normal_3h_hb1_3627_000000010_0001_51_57_H___3h_hb1_1457_0001_0001_0001_0001,FGFR2,1,Cao et al FGFR2,60.0,0.734,0.781,0.418,0.713,0.89,0.89,0.89,4.088,0.9,0.386,0.809,2.33,2.84,-51.62,-3.49,1479.3,0.72,0.63,0.07,3.0,0.73,-67.7,-3.7,1827.74,0.74,847.659,51.282,2.0,39.0
mot_H_normal_3h_hb1_3627_000000010_0001_51_57_H___EHEE_hb1_5790_0001_0004_0001_0001,FGFR2,0,Cao et al FGFR2,65.0,0.061,0.07,0.024,0.207,0.4,0.42,0.65,12.303,6.1,0.223,0.053,14.86,15.11,-53.4,-2.52,2122.71,0.61,0.63,0.06,6.0,0.76,-53.39,-3.59,1488.44,0.66,1170.976,50.847,9.0,59.0
mot_H_normal_3h_hb1_3627_000000010_0001_51_57_H___EHEE_hb1_5822_0001_0001_0001,FGFR2,0,Cao et al FGFR2,65.0,0.516,0.587,0.294,0.524,0.76,0.78,0.82,6.595,1.6,0.375,0.53,17.83,24.98,-56.07,-2.73,2054.9,0.69,0.71,0.11,7.0,0.81,-63.19,-3.58,1764.06,0.71,1074.426,51.923,9.0,52.0
mot_H_normal_3h_hb1_3627_000000010_0001_51_57_H___EHEE_hb1_613_0001_0001_0001,FGFR2,0,Cao et al FGFR2,65.0,0.09,0.094,0.043,0.224,0.46,0.49,0.67,11.704,5.0,0.165,0.072,14.29,13.29,-55.42,-2.73,2032.98,0.68,0.65,0.08,8.0,0.73,-47.9,-2.93,1633.88,0.72,1106.066,48.0,5.0,50.0
mot_H_normal_3h_hb1_3627_000000010_0001_51_57_H___EHEE_hb1_636_0001_0001_0001_0001,FGFR2,0,Cao et al FGFR2,65.0,0.0,0.0,0.0,0.0,0.2,0.22,0.58,18.692,25.0,0.0,0.0,33.14,17.48,-24.18,-2.19,1105.28,0.6,0.58,0.14,0.0,0.73,-60.23,-3.42,1759.16,0.7,735.259,52.381,1.0,42.0
mot_H_normal_3h_hb1_4571_000000000_0001_3_13_H___3h_hb1_6838_0001_0001_0001,FGFR2,0,Cao et al FGFR2,64.0,0.015,0.015,0.013,0.122,0.27,0.29,0.62,16.058,25.0,0.145,0.035,11.87,24.98,-30.49,-2.44,1251.72,0.6,0.62,0.21,3.0,0.72,-53.43,-3.13,1707.12,0.69,813.252,48.78,3.0,41.0
mot_H_normal_3h_hb1_4705_000000000_0001_24_34_H___3h_hb1_2411_0001_0001_0001,FGFR2,0,Cao et al FGFR2,62.0,0.217,0.249,0.135,0.306,0.49,0.58,0.72,8.562,4.0,0.146,0.22,19.13,17.87,-31.76,-2.24,1417.88,0.6,0.55,0.16,2.0,0.69,-56.31,-3.1,1818.77,0.67,637.18,48.718,1.0,39.0
mot_H_normal_687d984a52989983d72b2bce5aa75b77_0001_000000001_0001_58_64_H___HEEHE_2969_0001_0001,FGFR2,0,Cao et al FGFR2,65.0,0.015,0.037,0.013,0.132,0.34,0.42,0.64,13.728,25.0,0.173,0.053,15.66,24.08,-44.2,-2.81,1574.56,0.57,0.55,0.21,10.0,0.74,-62.51,-4.01,1558.5,0.68,878.704,54.545,5.0,44.0
mot_H_normal_9e7327e3a91079700a0ccaae3576c8f4_0001_000000006_0001_22_26_H___0c4269c65c227c0505f0b38c6cd4e83d_0001_1_0001_0001_0001_0001,FGFR2,0,Cao et al FGFR2,65.0,0.287,0.34,0.172,0.447,0.59,0.67,0.75,7.435,2.8,0.363,0.408,21.03,19.09,-41.25,-2.32,1778.51,0.65,0.7,0.18,6.0,0.71,-59.11,-3.34,1767.87,0.67,904.873,47.727,2.0,44.0
mot_H_normal_HEEH_06807_000000018_0001_47_56_H___EHEE_hb1_4351_0001_0001_0001,FGFR2,0,Cao et al FGFR2,65.0,0.015,0.018,0.012,0.113,0.28,0.31,0.62,15.646,25.0,0.125,0.039,30.76,19.08,-44.04,-2.84,1551.97,0.62,0.59,0.03,4.0,0.77,-58.06,-3.24,1790.15,0.69,936.773,47.727,5.0,44.0
mot_H_normal_HEEH_06813_000000019_0001_52_62_H___3h_hb1_898_0001_0003_0001_0001,FGFR2,0,Cao et al FGFR2,65.0,0.078,0.082,0.027,0.206,0.41,0.43,0.66,12.375,4.8,0.157,0.074,4.29,3.15,-35.12,-2.25,1559.34,0.63,0.6,0.09,3.0,0.63,-56.73,-3.01,1883.94,0.57,883.337,44.186,3.0,43.0
mot_H_normal_HEEH_08897_000000013_0001_46_56_H___EHEE_hb1_3056_0001_0001_0001,FGFR2,0,Cao et al FGFR2,65.0,0.047,0.077,0.018,0.192,0.38,0.44,0.65,12.564,25.0,0.143,0.072,3.84,3.35,-50.24,-3.12,1612.93,0.76,0.67,0.08,7.0,0.8,-56.29,-2.85,1974.89,0.64,899.307,42.222,4.0,45.0
mot_H_normal_HHH_eva_0047_000000004_0001_10_18_H___EHEE_hb1_3387_0001_0001_0001,FGFR2,0,Cao et al FGFR2,65.0,0.012,0.014,0.012,0.064,0.3,0.32,0.63,16.321,25.0,0.093,0.025,16.42,16.01,-39.22,-2.29,1715.02,0.64,0.59,0.17,5.0,0.69,-55.89,-3.33,1677.25,0.7,966.862,50.0,5.0,48.0
mot_H_normal_HHH_eva_0047_000000004_0001_10_18_H___EHEE_hb1_3635_0001_0001_0001,FGFR2,0,Cao et al FGFR2,65.0,0.0,0.0,0.0,0.0,0.17,0.2,0.56,19.693,25.0,0.0,0.0,39.38,19.81,-26.4,-2.69,981.18,0.63,0.64,0.05,2.0,0.76,-47.65,-3.05,1561.94,0.65,613.221,45.455,2.0,33.0
mot_H_normal_HHH_eva_0047_000000004_0001_10_18_H___EHEE_hb1_3672_0001_0002_0001_0001,FGFR2,0,Cao et al FGFR2,65.0,0.014,0.017,0.013,0.115,0.28,0.29,0.6,15.627,25.0,0.077,0.033,28.83,21.81,-30.17,-2.31,1307.07,0.58,0.59,0.14,2.0,0.69,-56.46,-3.19,1767.31,0.74,835.189,47.826,5.0,46.0
mot_H_normal_ems_3hM_1633_000000000_0001_11_16_H___9db769aaf4932b43615a4e94a00872dc_0001_0001_0001_0001_0001,FGFR2,0,Cao et al FGFR2,65.0,0.015,0.018,0.013,0.116,0.28,0.35,0.62,15.346,25.0,0.076,0.036,17.52,32.21,-46.35,-3.11,1489.9,0.72,0.51,0.11,5.0,0.7,-63.71,-3.33,1912.14,0.63,678.229,58.333,2.0,36.0
mot_H_normal_ems_3hM_2193_000000002_0001_54_61_H___3h_hb1_1260_0001_0002_0001_0001,FGFR2,0,Cao et al FGFR2,60.0,0.016,0.019,0.013,0.143,0.26,0.28,0.62,15.489,25.0,0.099,0.039,13.97,14.36,-31.12,-1.97,1576.6,0.7,0.62,0.07,1.0,0.75,-51.58,-3.38,1528.12,0.73,739.681,53.659,3.0,41.0
mot_H_normal_ems_3hM_3531_000000014_0001_50_59_H___EHEE_hb1_469_0001_0002_0001,FGFR2,0,Cao et al FGFR2,65.0,0.016,0.019,0.014,0.137,0.28,0.38,0.62,14.245,25.0,0.116,0.045,7.44,5.51,-36.96,-2.55,1447.41,0.68,0.63,0.13,3.0,0.77,-52.77,-3.04,1734.44,0.68,821.018,48.78,2.0,41.0
mot_H_normal_f1959bc41105d49c5e38d92e8a10f31d_0001_1_000000002_0001_41_46_H___71c2aca3694cde06c533ecda4925bb51_0001_0001_0001_0001_0001,FGFR2,0,Cao et al FGFR2,65.0,0.266,0.277,0.158,0.358,0.59,0.65,0.73,8.522,2.7,0.232,0.258,3.22,2.62,-50.25,-3.24,1551.28,0.75,0.54,0.1,4.0,0.68,-52.72,-3.38,1560.48,0.65,882.995,43.59,2.0,39.0
mot_P_fastrot_EHEE_hb1_2910_000000004_0001_48_50_59_61_P___EHEE_hb1_3051_0001_0001_0001,FGFR2,0,Cao et al FGFR2,65.0,0.015,0.022,0.013,0.136,0.31,0.38,0.63,15.377,25.0,0.126,0.06,25.64,27.89,-33.1,-2.57,1288.34,0.51,0.61,0.16,2.0,0.78,-58.69,-3.84,1529.4,0.74,814.705,57.895,5.0,38.0
mot_P_normal_EHEE_hb1_1570_000000001_0001_48_52_55_59_P___EHEE_hb1_4207_0001_0001_0001,FGFR2,0,Cao et al FGFR2,65.0,0.013,0.014,0.012,0.094,0.25,0.26,0.59,17.661,25.0,0.082,0.024,15.4,14.37,-35.29,-2.38,1484.27,0.74,0.58,0.15,3.0,0.69,-57.09,-3.41,1671.82,0.65,748.941,45.652,3.0,46.0
niklas_95B59203_B642_4754_BCD3_8E670A722C8D_l91_s349792600_mpnn19,EGFR,0,Adaptyv binder comp round 2,91.0,0.284,0.534,0.156,0.307,0.8,0.8,0.62,17.116,3.2,0.219,0.456,16.49,31.78,-40.88,-2.51,1627.47,0.66,0.61,0.22,6.0,0.61,-52.02,-2.49,2085.1,0.62,758.186,30.233,7.0,43.0
nsplice_r1_a2de759c170706188c6e693fd8ea43cc_0001_000000001_0001_0001_38_47_H____ec389b8abb25490ebba873a462ff6028_0001_0001_0001_0001_0001_16_51_HHH_01_09799_32_0001,VirB8,1,Cao et al VirB8,65.0,0.669,0.701,0.418,0.669,0.87,0.88,0.9,4.666,1.3,0.395,0.89,2.41,3.09,-59.4,-3.38,1758.82,0.74,0.55,0.17,5.0,0.78,-63.37,-3.42,1855.47,0.68,830.365,50.0,3.0,38.0
nsplice_r1_ems_3hM_1972_000000001_0001_0001_2_11_H____a3ba544dc6596bceac48b02813726e37_0001_1_0001_0001_0001_0001_17_51_HHH_02_02778_37_0001_44_crosslinked,VirB8,0,Cao et al VirB8,65.0,0.514,0.715,0.325,0.5,0.81,0.82,0.88,5.81,1.3,0.382,0.683,42.24,23.65,-38.47,-2.5,1539.62,0.72,0.6,0.18,2.0,0.75,-56.72,-3.29,1721.68,0.68,793.022,51.282,1.0,39.0
p53_AF2_16,Mdm2,1,Mdm2 Watson et al,96.0,0.702,0.801,0.5,0.69,0.9,0.9,0.87,4.16,0.9,0.368,0.859,2.29,1.54,-51.07,-2.91,1756.95,0.67,0.62,0.13,6.0,0.7,-53.74,-2.85,1888.01,0.59,945.771,39.535,5.0,43.0
p53_AF2_35,Mdm2,1,Mdm2 Watson et al,107.0,0.735,0.809,0.462,0.678,0.9,0.9,0.87,4.139,0.9,0.466,0.853,1.57,1.17,-58.39,-3.05,1913.6,0.73,0.61,0.13,8.0,0.72,-62.0,-3.1,2000.28,0.67,1034.071,40.426,8.0,47.0
p53_AF2_69,Mdm2,0,Mdm2 Watson et al,71.0,0.512,0.668,0.306,0.59,0.81,0.82,0.82,5.269,1.1,0.368,0.709,2.36,1.51,-51.94,-2.79,1860.54,0.65,0.54,0.18,5.0,0.68,-54.57,-2.84,1923.19,0.54,1002.457,45.652,8.0,46.0
p53_AF2_83,Mdm2,1,Mdm2 Watson et al,111.0,0.827,0.834,0.611,0.761,0.91,0.92,0.93,3.177,0.9,0.471,0.892,1.97,1.68,-50.08,-2.86,1751.7,0.65,0.62,0.13,4.0,0.66,-54.7,-2.84,1924.0,0.57,1027.754,45.833,7.0,48.0
p53_AF2_87,Mdm2,1,Mdm2 Watson et al,107.0,0.692,0.784,0.424,0.631,0.89,0.89,0.86,5.255,1.1,0.433,0.836,3.66,1.76,-61.14,-2.99,2045.98,0.65,0.64,0.43,8.0,0.63,-55.74,-2.6,2142.72,0.61,1070.315,40.0,8.0,50.0
pol_3h_hb1_514_000000014_0001_0001,FGFR2,0,Cao et al FGFR2,63.0,0.124,0.141,0.065,0.255,0.5,0.52,0.69,10.963,4.7,0.144,0.126,23.46,23.56,-41.83,-3.23,1296.01,0.68,0.55,0.03,2.0,0.59,-58.95,-3.24,1820.61,0.6,744.885,45.0,0.0,40.0
pol_53edd9482a99afe21cf06ce0d98fed33_0001_000000001_0001,FGFR2,0,Cao et al FGFR2,65.0,0.013,0.015,0.012,0.094,0.24,0.28,0.6,16.991,25.0,0.138,0.028,17.78,34.34,-46.87,-2.68,1750.1,0.68,0.57,0.16,8.0,0.68,-56.71,-3.54,1603.94,0.67,916.532,54.167,7.0,48.0
pol_ems_p1_16H_GBL_16H_GABBL_15H_0203_0001_0001_0002_000000006_0001_0001,FGFR2,1,Cao et al FGFR2,55.0,0.532,0.626,0.311,0.622,0.8,0.81,0.85,5.39,1.4,0.241,0.732,4.2,3.0,-45.47,-3.0,1514.74,0.7,0.64,0.08,8.0,0.68,-61.9,-3.31,1869.56,0.66,762.793,39.474,8.0,38.0
pol_proteinG_0367_000000001_0001_0001,FGFR2,0,Cao et al FGFR2,57.0,0.111,0.116,0.058,0.206,0.46,0.53,0.71,10.661,25.0,0.124,0.138,22.77,26.46,-38.95,-2.65,1468.85,0.76,0.66,0.31,1.0,0.66,-51.93,-3.11,1668.32,0.62,722.758,63.158,4.0,38.0
pol_proteinG_0402_000000018_0001_0001,FGFR2,0,Cao et al FGFR2,57.0,0.363,0.446,0.194,0.385,0.7,0.71,0.79,7.997,2.0,0.184,0.391,21.62,22.0,-41.63,-3.29,1264.17,0.73,0.71,0.23,6.0,0.73,-63.0,-3.69,1706.03,0.69,722.736,54.054,3.0,37.0
qilin_y_test5,EGFR,0,Adaptyv binder comp round 2,75.0,0.015,0.043,0.012,0.087,0.62,0.64,0.68,17.208,6.8,0.424,0.04,4.99,9.35,-65.71,-1.86,3531.16,0.63,0.58,0.19,6.0,0.63,-58.56,-2.04,2873.04,0.71,1911.477,44.681,8.0,94.0
rif_fastrot_3h_hb1_3662_000000000_0001,FGFR2,0,Cao et al FGFR2,64.0,0.048,0.058,0.02,0.158,0.35,0.43,0.65,13.354,25.0,0.123,0.065,21.07,19.73,-38.34,-2.19,1749.87,0.63,0.48,0.3,2.0,0.57,-56.53,-2.85,1980.72,0.57,792.449,53.659,2.0,41.0
rif_fastrot_EHEE_hb1_1298_000000001_0001_0001,FGFR2,0,Cao et al FGFR2,65.0,0.012,0.012,0.011,0.072,0.21,0.22,0.59,18.531,25.0,0.097,0.016,14.24,13.54,-31.42,-1.91,1644.83,0.48,0.61,0.08,0.0,0.74,-52.59,-2.89,1816.83,0.7,893.137,52.174,1.0,46.0
rif_fastrot_cor_4h_hb1_2198_000000007_0001_0001,FGFR2,0,Cao et al FGFR2,61.0,0.015,0.017,0.013,0.111,0.32,0.34,0.64,14.866,25.0,0.112,0.036,24.5,23.89,-30.77,-2.16,1426.58,0.53,0.56,0.31,3.0,0.75,-41.48,-2.85,1454.78,0.64,809.512,53.333,4.0,45.0
rif_fastrot_cor_579b84ac847ca7255e9dd010e6a906ca_0001_000000002_0001_0001,FGFR2,0,Cao et al FGFR2,65.0,0.013,0.014,0.011,0.086,0.29,0.32,0.63,14.897,25.0,0.112,0.038,22.21,23.51,-33.97,-2.53,1340.21,0.63,0.53,0.29,3.0,0.77,-49.43,-3.23,1531.77,0.68,761.07,48.718,4.0,39.0
rif_fastrot_cor_EHEE_hb1_1034_000000019_0001_0001,FGFR2,0,Cao et al FGFR2,65.0,0.258,0.291,0.143,0.33,0.56,0.63,0.72,9.375,3.0,0.251,0.306,12.5,9.63,-42.86,-2.9,1477.94,0.7,0.61,0.12,6.0,0.7,-46.05,-2.63,1750.78,0.65,780.649,50.0,6.0,38.0
rif_fastrot_cor_ems_3hC_356_0002_000000000_0001_0001,FGFR2,0,Cao et al FGFR2,64.0,0.017,0.069,0.013,0.144,0.34,0.42,0.66,12.991,25.0,0.146,0.061,23.63,20.59,-35.63,-2.17,1639.24,0.52,0.52,0.16,2.0,0.76,-46.56,-2.78,1674.52,0.7,921.027,46.512,4.0,43.0
rif_fastrot_cor_proteinG_4311_000000011_0001_0001,FGFR2,0,Cao et al FGFR2,57.0,0.259,0.271,0.152,0.334,0.58,0.65,0.75,8.169,3.1,0.24,0.237,18.78,20.48,-43.71,-2.67,1633.89,0.64,0.61,0.04,4.0,0.69,-46.42,-2.95,1575.42,0.74,806.262,47.619,5.0,42.0
rif_fastrot_f5ef15b3ccedad586f280c19fdcd3258_0001_1_000000002_0001_0001,FGFR2,0,Cao et al FGFR2,65.0,0.235,0.267,0.125,0.354,0.61,0.66,0.72,8.937,3.3,0.303,0.271,3.33,3.42,-46.5,-2.85,1633.83,0.57,0.58,0.1,3.0,0.7,-52.14,-3.21,1625.18,0.61,778.811,52.174,3.0,46.0
rif_normal_EHEE_hb1_3176_000000008_0001_0001,FGFR2,0,Cao et al FGFR2,65.0,0.0,0.0,0.0,0.0,0.19,0.2,0.57,19.138,25.0,0.0,0.0,19.36,27.55,-27.32,-2.06,1329.15,0.54,0.64,0.2,2.0,0.67,-56.29,-3.35,1678.14,0.64,895.342,50.0,8.0,40.0
rjtpunia_5_run_2_1162_0001_dldesign_0_cycle1_af2pred,EGFR,0,Adaptyv binder comp round 1,109.0,0.0,0.0,0.0,0.0,0.43,0.45,0.61,22.998,11.7,0.0,0.0,36.83,47.67,-57.92,-2.51,2307.86,0.66,0.57,0.38,7.0,0.61,-93.83,-2.29,4100.98,0.6,1534.215,41.176,7.0,85.0
salireza111_Seq206_1_001_6,EGFR,0,Adaptyv binder comp round 2,49.0,0.0,0.0,0.0,0.0,0.16,0.18,0.54,28.371,25.0,0.0,0.0,18.65,44.52,-84.56,-2.5,3380.44,0.6,0.52,0.41,9.0,0.62,-56.26,-2.24,2507.01,0.63,1688.945,42.353,13.0,85.0
x_rustamov_m_3_33,EGFR,0,Adaptyv binder comp round 1,100.0,0.569,0.635,0.312,0.425,0.89,0.89,0.69,14.578,1.8,0.606,0.594,38.8,49.48,-60.46,-2.09,2887.2,0.62,0.6,0.2,8.0,0.61,-79.26,-2.06,3852.01,0.58,1883.953,38.462,15.0,91.0
2bnr_03_600_16_2_22,pMHC_NY1,0,pMHC screening NY1,129.0,0.503,0.73,0.32,0.633,0.92,0.93,0.93,5.048,1.2,0.376,0.842,0.95,1.59,-56.07,-2.15,2607.08,0.57,0.64,0.37,3.0,0.54,-54.7,-2.15,2549.24,0.64,1431.541,46.97,5.0,66.0
2bnr_27_7_3_9_temp001_dldesign_578_af2pred,pMHC_NY1,1,pMHC screening NY2,145.0,0.639,0.865,0.43,0.715,0.95,0.95,0.95,3.901,0.9,0.442,0.935,1.11,1.59,-71.89,-2.51,2867.32,0.66,0.67,0.31,9.0,0.65,-77.84,-2.66,2921.18,0.63,1438.133,47.826,10.0,69.0
2bnr_27_7_3_9_temp001_dldesign_613_af2pred,pMHC_NY1,0,pMHC screening NY2,145.0,0.625,0.86,0.424,0.704,0.95,0.95,0.95,3.907,0.9,0.452,0.928,1.27,1.85,-73.67,-2.61,2823.21,0.68,0.73,0.42,9.0,0.62,-69.67,-2.37,2938.23,0.72,1479.27,45.714,13.0,70.0
2bnr_27_7_3_9_temp003_dldesign_887_af2pred,pMHC_NY1,1,pMHC screening NY2,145.0,0.641,0.859,0.423,0.719,0.94,0.95,0.95,4.1,0.9,0.438,0.933,1.16,1.94,-76.33,-2.61,2918.83,0.66,0.7,0.4,10.0,0.63,-65.9,-2.4,2746.32,0.71,1449.186,44.118,11.0,68.0
2bnr_27_7_3_9_temp003_dldesign_908_af2pred,pMHC_NY1,0,pMHC screening NY2,145.0,0.649,0.861,0.425,0.706,0.94,0.95,0.95,4.008,0.9,0.455,0.933,0.96,1.23,-74.47,-2.61,2849.09,0.64,0.72,0.4,11.0,0.66,-78.55,-2.77,2832.48,0.71,1452.088,43.662,7.0,71.0
2bnr_2_36_2_3,pMHC_NY1,0,pMHC screening NY1,101.0,0.572,0.788,0.346,0.698,0.93,0.94,0.94,4.217,1.0,0.352,0.895,1.5,1.73,-58.63,-2.51,2331.69,0.63,0.62,0.29,4.0,0.59,-57.17,-2.67,2141.71,0.63,1154.912,47.458,2.0,59.0
AKAP9_binder_10,pMHC_SILSY1,0,pMHC screening SILSY1,124.0,0.621,0.835,0.4,0.699,0.94,0.95,0.95,3.868,1.0,0.4,0.927,2.26,3.73,-51.48,-1.99,2584.38,0.65,0.66,0.38,10.0,0.63,-65.47,-2.13,3071.86,0.53,1502.021,38.889,15.0,72.0
AKAP9_binder_13_dldesign_2_af2pred,pMHC_SILSY1,0,pMHC screening SILSY1,124.0,0.504,0.712,0.343,0.546,0.93,0.94,0.94,5.113,1.1,0.367,0.807,1.24,2.22,-51.88,-1.8,2875.74,0.58,0.66,0.21,8.0,0.59,-58.9,-2.04,2884.99,0.6,1559.348,34.286,9.0,70.0
AKAP9_binder_14_renumb_83_dldesign_0_af2pred,pMHC_SILSY1,0,pMHC screening SILSY1,124.0,0.631,0.836,0.393,0.718,0.94,0.95,0.95,4.036,1.0,0.414,0.908,1.62,2.55,-67.22,-2.38,2826.67,0.66,0.64,0.12,11.0,0.67,-78.91,-2.57,3072.75,0.67,1586.305,39.189,12.0,74.0
AKAP9_binder_17_dldesign_3_af2pred,pMHC_SILSY1,0,pMHC screening SILSY1,124.0,0.618,0.822,0.405,0.712,0.95,0.95,0.95,3.791,1.0,0.439,0.933,1.97,2.73,-55.57,-2.03,2734.31,0.62,0.55,0.4,11.0,0.58,-61.85,-2.18,2830.71,0.62,1446.279,42.466,9.0,73.0
AKAP9_binder_3_renumb_25_dldesign_0_af2pred,pMHC_SILSY1,1,pMHC screening SILSY1,124.0,0.618,0.825,0.395,0.698,0.94,0.95,0.95,3.968,1.0,0.426,0.905,1.54,2.93,-72.74,-2.3,3159.75,0.68,0.56,0.2,14.0,0.63,-72.26,-2.33,3101.15,0.64,1696.621,34.615,16.0,78.0
EHEE_08461_000000013_0001,VirB8,0,Cao et al VirB8,65.0,0.0,0.0,0.0,0.0,0.15,0.21,0.67,21.435,25.0,0.0,0.0,37.22,22.8,-40.77,-2.17,1878.94,0.57,0.52,0.17,3.0,0.7,-54.39,-3.49,1556.71,0.75,1026.503,39.583,4.0,48.0
Grafting_Motif0042_ems_3hC_414_0001_0001_0002,FGFR2,0,Cao et al FGFR2,64.0,0.059,0.086,0.02,0.212,0.35,0.4,0.64,13.644,4.5,0.16,0.047,13.91,6.57,-28.79,-2.06,1400.2,0.63,0.58,0.12,1.0,0.71,-68.87,-3.55,1938.94,0.71,776.458,58.974,2.0,39.0
Grafting_Motif0072_HEEHE_1278_0001_0003,FGFR2,0,Cao et al FGFR2,65.0,0.163,0.175,0.063,0.237,0.55,0.57,0.72,10.776,4.4,0.207,0.114,22.27,18.13,-44.75,-2.79,1603.45,0.64,0.59,0.13,3.0,0.65,-58.83,-3.54,1663.99,0.66,985.992,50.0,7.0,46.0
Grafting_Motif0072_bcov_4helix_00540_0001,FGFR2,0,Cao et al FGFR2,65.0,0.02,0.03,0.015,0.154,0.29,0.34,0.62,14.432,5.8,0.071,0.074,24.03,22.84,-32.09,-3.23,994.59,0.78,0.63,0.15,0.0,0.68,-54.05,-3.06,1769.12,0.65,627.548,50.0,3.0,34.0
Grafting_Motif0176_ems_3hM_2062_0001,FGFR2,0,Cao et al FGFR2,59.0,0.053,0.065,0.021,0.214,0.36,0.39,0.64,13.146,5.3,0.094,0.038,4.72,5.32,-38.24,-2.42,1582.84,0.5,0.62,0.12,4.0,0.69,-66.1,-3.27,2020.2,0.67,745.945,57.143,1.0,35.0
Grafting_Motif0184_bcov_4helix_10788_0001,FGFR2,0,Cao et al FGFR2,65.0,0.042,0.05,0.017,0.186,0.33,0.34,0.64,13.545,5.2,0.059,0.053,23.77,21.55,-36.51,-2.77,1320.11,0.67,0.67,0.13,2.0,0.69,-52.31,-3.21,1631.01,0.61,643.829,51.429,1.0,35.0
Grafting_Motif0263_ems_3hC_1091_0001_0001_0001,FGFR2,0,Cao et al FGFR2,61.0,0.176,0.226,0.114,0.323,0.48,0.52,0.7,9.004,4.7,0.152,0.162,3.42,5.14,-38.67,-2.37,1634.36,0.62,0.65,0.11,4.0,0.77,-64.55,-4.11,1571.27,0.78,859.569,48.78,2.0,41.0
Grafting_Motif0263_ems_3hC_453_0001_0002,FGFR2,0,Cao et al FGFR2,64.0,0.091,0.121,0.043,0.263,0.4,0.48,0.68,11.358,25.0,0.15,0.102,2.94,5.57,-38.81,-2.72,1428.6,0.69,0.62,0.1,1.0,0.77,-57.58,-3.65,1578.89,0.72,733.628,42.5,0.0,40.0
Grafting_Motif0263_ems_3hM_227_0001_0001,FGFR2,0,Cao et al FGFR2,63.0,0.044,0.103,0.016,0.156,0.44,0.46,0.69,12.043,6.3,0.14,0.071,19.85,20.78,-53.28,-2.8,1901.61,0.72,0.53,0.1,4.0,0.77,-77.74,-4.0,1941.81,0.7,875.134,55.319,4.0,47.0
Grafting_Motif0272_HHH_eva_0412_0001_0003,FGFR2,0,Cao et al FGFR2,61.0,0.12,0.124,0.053,0.286,0.47,0.48,0.69,11.221,4.2,0.1,0.08,21.18,22.83,-42.67,-2.56,1664.54,0.55,0.55,0.07,3.0,0.67,-57.03,-2.79,2041.32,0.6,813.298,51.22,1.0,41.0
Grafting_Motif0612_p1_15H_GBL_16H_GABBL_16H_0041_0001_0001_0002_0001_0001,FGFR2,1,Cao et al FGFR2,55.0,0.016,0.016,0.014,0.156,0.28,0.29,0.63,14.766,25.0,0.11,0.04,8.59,10.64,-38.51,-2.36,1629.74,0.51,0.61,0.13,3.0,0.75,-68.65,-3.5,1963.13,0.7,860.074,50.0,1.0,40.0
Grafting_Motif0666_bcov_4helix_00192_0001,FGFR2,0,Cao et al FGFR2,65.0,0.637,0.643,0.366,0.648,0.84,0.84,0.83,5.053,1.1,0.26,0.66,7.5,9.68,-43.37,-3.14,1381.18,0.73,0.54,0.14,0.0,0.67,-67.62,-3.67,1841.48,0.66,715.821,57.895,3.0,38.0
Grafting_Motif1034_bcov_4helix_07401_0001,FGFR2,0,Cao et al FGFR2,65.0,0.015,0.016,0.013,0.12,0.34,0.35,0.65,14.74,25.0,0.157,0.038,9.37,9.6,-43.97,-2.71,1619.92,0.67,0.64,0.1,6.0,0.74,-63.18,-3.62,1743.87,0.69,862.933,48.837,2.0,43.0
HHH_eva_0623_000000019_0001,FGFR2,0,Cao et al FGFR2,54.0,0.017,0.03,0.015,0.18,0.33,0.37,0.66,13.298,25.0,0.061,0.043,20.26,13.71,-25.31,-2.35,1078.7,0.53,0.63,0.19,1.0,0.69,-69.4,-3.39,2049.72,0.7,653.646,48.485,4.0,33.0
IL7Ra_binder_AF2_11,IL7Ra,1,IL7Ra Watson et al,65.0,0.615,0.783,0.342,0.574,0.87,0.87,0.9,5.621,1.2,0.327,0.757,1.98,2.3,-50.65,-2.97,1702.81,0.68,0.65,0.16,6.0,0.78,-54.59,-3.14,1739.81,0.57,813.927,57.895,6.0,38.0
IL7Ra_binder_AF2_13,IL7Ra,0,IL7Ra Watson et al,65.0,0.508,0.58,0.262,0.496,0.83,0.83,0.87,6.195,1.4,0.226,0.699,1.67,2.12,-40.99,-2.66,1542.62,0.66,0.66,0.22,5.0,0.69,-44.55,-3.23,1381.02,0.61,757.42,47.222,4.0,36.0
IL7Ra_binder_AF2_33,IL7Ra,1,IL7Ra Watson et al,88.0,0.651,0.747,0.393,0.61,0.85,0.85,0.89,4.934,1.2,0.247,0.807,2.04,2.16,-41.73,-2.4,1738.04,0.63,0.68,0.11,1.0,0.65,-45.92,-2.65,1732.29,0.57,991.578,38.298,3.0,47.0
IL7Ra_binder_AF2_34,IL7Ra,0,IL7Ra Watson et al,65.0,0.646,0.779,0.359,0.622,0.88,0.89,0.89,4.975,1.1,0.337,0.874,1.11,1.48,-61.08,-3.42,1787.09,0.71,0.68,0.29,8.0,0.65,-55.65,-3.06,1818.09,0.61,975.594,43.182,7.0,44.0
IL7Ra_binder_AF2_63,IL7Ra,0,IL7Ra Watson et al,99.0,0.467,0.505,0.279,0.435,0.76,0.77,0.85,7.349,2.3,0.351,0.539,1.35,1.51,-52.31,-2.91,1799.6,0.6,0.63,0.02,4.0,0.67,-59.49,-3.32,1790.02,0.61,886.913,55.814,5.0,43.0
Insulin_receptor_binder_AF2_20,InsulinR,1,InsulinR Watson et al,86.0,0.687,0.707,0.401,0.617,0.87,0.87,0.89,5.243,1.4,0.437,0.81,2.13,2.48,-58.18,-3.43,1697.48,0.72,0.68,0.35,4.0,0.69,-59.22,-3.41,1736.56,0.7,930.779,54.0,3.0,50.0
Insulin_receptor_binder_AF2_74,InsulinR,0,InsulinR Watson et al,91.0,0.702,0.739,0.492,0.657,0.84,0.86,0.9,4.648,1.4,0.36,0.834,2.6,1.86,-54.99,-2.69,2041.25,0.59,0.6,0.13,6.0,0.66,-49.29,-2.52,1953.55,0.61,1056.406,38.182,4.0,55.0
Insulin_receptor_binder_AF2_79,InsulinR,1,InsulinR Watson et al,65.0,0.566,0.675,0.344,0.605,0.78,0.84,0.88,5.152,1.7,0.26,0.764,4.9,5.83,-45.91,-2.75,1671.7,0.68,0.6,0.39,6.0,0.67,-49.6,-2.86,1732.1,0.62,916.255,46.809,11.0,47.0
Insulin_receptor_binder_AF2_85,InsulinR,0,InsulinR Watson et al,90.0,0.759,0.799,0.542,0.706,0.88,0.9,0.92,4.015,1.3,0.41,0.853,2.03,2.02,-66.97,-2.82,2375.09,0.65,0.59,0.06,13.0,0.67,-56.29,-2.52,2231.56,0.59,1297.206,40.984,10.0,61.0
Motif0003_HEEHE_2138_0001_8897_0001,FGFR2,0,Cao et al FGFR2,65.0,0.014,0.014,0.012,0.096,0.26,0.28,0.61,17.223,25.0,0.111,0.023,16.69,11.37,-38.84,-2.1,1848.21,0.62,0.61,0.12,3.0,0.71,-81.56,-4.28,1906.12,0.69,905.045,52.381,6.0,42.0
Motif0004_HEEHE_2288_0001_0002_5657_0001,FGFR2,0,Cao et al FGFR2,65.0,0.03,0.041,0.015,0.175,0.35,0.38,0.65,13.849,6.6,0.113,0.049,19.92,16.76,-37.41,-2.59,1446.99,0.69,0.67,0.09,1.0,0.72,-57.27,-3.2,1788.05,0.66,844.254,51.282,0.0,39.0
Motif0004_HEEHE_3133_0001_0003_9430_0001,FGFR2,0,Cao et al FGFR2,65.0,0.016,0.017,0.014,0.159,0.29,0.31,0.61,15.178,25.0,0.056,0.064,26.3,23.15,-31.18,-2.71,1151.07,0.67,0.62,0.16,0.0,0.74,-69.55,-3.55,1960.1,0.63,498.458,53.333,1.0,30.0
Motif0004_ems_3hC_721_0001_0001_0004_7694_0001,FGFR2,1,Cao et al FGFR2,62.0,0.79,0.83,0.498,0.756,0.91,0.92,0.91,3.23,0.8,0.431,0.914,2.41,3.13,-47.96,-3.51,1365.07,0.81,0.68,0.14,3.0,0.77,-58.83,-3.77,1560.02,0.73,650.364,57.576,3.0,33.0
Motif0016_bcov_4helix_09371_0001_0002_8598_0001,FGFR2,0,Cao et al FGFR2,65.0,0.23,0.237,0.137,0.302,0.6,0.64,0.74,9.017,3.8,0.289,0.217,16.42,30.0,-48.91,-2.69,1818.83,0.57,0.61,0.3,3.0,0.7,-54.36,-3.31,1644.07,0.63,909.166,52.174,2.0,46.0
Motif0018_HEEHE_2401_0001_0002_1586_0001,FGFR2,0,Cao et al FGFR2,65.0,0.015,0.018,0.014,0.141,0.33,0.37,0.64,14.656,25.0,0.152,0.041,20.43,18.8,-29.36,-2.18,1345.42,0.59,0.69,0.12,1.0,0.77,-72.3,-4.02,1799.43,0.71,765.415,51.282,5.0,39.0
Motif0018_HEEHE_3029_0001_0001_1978_0001,FGFR2,0,Cao et al FGFR2,65.0,0.014,0.016,0.012,0.109,0.32,0.34,0.63,16.238,25.0,0.122,0.03,19.88,13.42,-50.91,-2.58,1974.06,0.59,0.68,0.14,2.0,0.68,-62.48,-3.51,1782.01,0.68,1051.742,60.0,4.0,50.0
Motif0021_HEEHE_1749_0001_0002_9226_0001,FGFR2,0,Cao et al FGFR2,65.0,0.017,0.021,0.013,0.139,0.36,0.37,0.65,14.734,5.7,0.095,0.04,4.04,4.23,-51.97,-3.23,1609.83,0.7,0.64,0.16,1.0,0.74,-72.07,-3.68,1957.0,0.64,794.408,58.974,1.0,39.0
Motif0034_bcov_4helix_07329_0001_0002_6674_0001,FGFR2,1,Cao et al FGFR2,65.0,0.695,0.751,0.39,0.684,0.87,0.87,0.88,4.414,1.0,0.42,0.784,2.72,2.24,-59.3,-3.29,1802.93,0.76,0.55,0.28,5.0,0.73,-69.18,-3.53,1958.64,0.64,885.121,60.465,5.0,43.0
Motif0041_HEEHE_0280_0001_0002_9342_0001,FGFR2,0,Cao et al FGFR2,65.0,0.118,0.142,0.047,0.222,0.54,0.55,0.73,11.447,4.8,0.199,0.1,16.44,13.1,-45.51,-2.75,1656.14,0.64,0.63,0.25,3.0,0.75,-88.83,-4.88,1820.94,0.71,885.646,51.111,3.0,45.0
Motif0041_HEEHE_2366_0001_0003_9955_0001,FGFR2,0,Cao et al FGFR2,65.0,0.025,0.054,0.015,0.176,0.42,0.44,0.66,13.931,25.0,0.134,0.039,18.46,12.95,-44.62,-2.97,1504.33,0.69,0.64,0.2,3.0,0.77,-79.72,-4.29,1860.2,0.68,834.486,52.381,2.0,42.0
Motif0050_bcov_4helix_14277_0001_710_0001,FGFR2,0,Cao et al FGFR2,65.0,0.234,0.374,0.146,0.412,0.6,0.66,0.73,10.468,2.6,0.169,0.193,9.85,15.12,-41.25,-2.6,1583.92,0.66,0.61,0.2,3.0,0.73,-66.83,-3.86,1731.34,0.67,837.96,65.116,0.0,43.0
Motif0084_HEEHE_1265_0001_9396_0001,FGFR2,0,Cao et al FGFR2,65.0,0.621,0.652,0.378,0.62,0.85,0.86,0.85,5.631,1.3,0.436,0.59,19.38,16.35,-53.78,-3.02,1782.67,0.59,0.53,0.28,4.0,0.77,-63.33,-3.63,1746.09,0.72,1024.079,52.174,6.0,46.0
Motif0115_ems_3hM_3173_0001_0001_3618_0001,FGFR2,1,Cao et al FGFR2,62.0,0.676,0.72,0.382,0.677,0.85,0.86,0.86,4.995,1.0,0.299,0.725,5.05,3.65,-40.06,-2.71,1479.2,0.73,0.64,0.09,1.0,0.75,-60.42,-3.3,1833.4,0.67,791.662,52.273,0.0,44.0
Motif0130_ems_3hC_535_0001_0001_0001,EGFR,0,Cao et al EGFR,63.0,0.075,0.125,0.035,0.157,0.44,0.55,0.81,10.886,25.0,0.142,0.147,7.69,9.19,-27.75,-2.09,1329.51,0.64,0.65,0.1,3.0,0.71,-55.88,-3.17,1764.51,0.66,728.687,32.5,9.0,40.0
Motif0133_bcov_4helix_12652_0001_2367_0001,FGFR2,0,Cao et al FGFR2,65.0,0.014,0.014,0.013,0.09,0.27,0.28,0.63,16.788,25.0,0.098,0.024,15.16,11.3,-32.98,-2.3,1430.92,0.64,0.51,0.31,1.0,0.7,-60.44,-3.75,1610.65,0.67,814.363,51.282,1.0,39.0
Motif0138_HHH_eva_0386_0001_0002_9110_0001,FGFR2,0,Cao et al FGFR2,64.0,0.028,0.066,0.015,0.167,0.33,0.41,0.65,13.045,25.0,0.115,0.065,21.57,26.73,-41.75,-2.76,1511.86,0.71,0.59,0.2,5.0,0.72,-64.13,-3.31,1934.95,0.65,770.18,56.41,6.0,39.0
Motif0159_ems_3hC_464_0002_0001_0001,EGFR,0,Cao et al EGFR,61.0,0.019,0.04,0.013,0.127,0.4,0.46,0.8,12.705,25.0,0.164,0.067,8.59,8.07,-31.26,-1.76,1773.57,0.52,0.67,0.11,3.0,0.65,-46.57,-3.09,1505.8,0.72,879.229,47.917,3.0,48.0
Motif0174_bcov_4helix_14034_0001_0001_0001,InsulinR,0,Cao et al Insulin receptor,65.0,0.107,0.165,0.038,0.194,0.44,0.51,0.77,12.174,4.6,0.123,0.184,11.51,11.89,-40.01,-2.95,1357.82,0.69,0.7,0.17,1.0,0.74,-63.92,-3.91,1633.6,0.67,756.393,51.282,2.0,39.0
Motif0175_bcov_4helix_06830_0001_0002_4206_0001,FGFR2,0,Cao et al FGFR2,65.0,0.038,0.044,0.017,0.198,0.31,0.38,0.63,13.263,4.9,0.143,0.054,6.6,7.2,-34.4,-2.14,1605.3,0.6,0.59,0.17,1.0,0.69,-53.04,-3.27,1622.6,0.66,774.054,56.098,0.0,41.0
Motif0184_ems_3hM_2368_0001_0002_9655_0001,FGFR2,0,Cao et al FGFR2,62.0,0.019,0.022,0.015,0.19,0.31,0.36,0.63,14.082,6.0,0.116,0.035,19.54,23.5,-51.35,-3.08,1667.78,0.71,0.57,0.12,6.0,0.66,-70.3,-3.71,1896.9,0.67,903.288,50.0,4.0,48.0
Motif0234_HHH_b1_00077_0001_0001,SARS_CoV2_RBD,0,Cao et al SARS_CoV2_RBD,56.0,0.0,0.0,0.0,0.0,0.16,0.17,0.72,23.15,25.0,0.0,0.0,20.53,45.04,-16.27,-1.24,1311.22,0.48,0.63,0.41,3.0,0.78,-61.14,-3.62,1689.42,0.71,701.622,29.412,4.0,34.0
Motif0260_ems_3hM_2410_0001_5979_0001,FGFR2,0,Cao et al FGFR2,62.0,0.015,0.019,0.013,0.104,0.28,0.31,0.63,15.389,25.0,0.106,0.04,19.77,30.57,-35.35,-2.64,1339.33,0.69,0.63,0.2,2.0,0.72,-69.75,-3.38,2064.8,0.64,740.726,62.162,2.0,37.0
Motif0290_ems_3hC_1091_0001_0001_4046_0001,FGFR2,0,Cao et al FGFR2,61.0,0.077,0.115,0.026,0.181,0.5,0.51,0.71,11.07,25.0,0.204,0.118,6.95,9.69,-40.24,-2.71,1482.29,0.69,0.6,0.21,4.0,0.67,-65.69,-3.79,1732.96,0.68,724.399,52.5,0.0,40.0
Motif0308_ems_3hC_1044_0002_0001_0001_0001,EGFR,0,Cao et al EGFR,63.0,0.0,0.0,0.0,0.0,0.22,0.25,0.75,20.1,25.0,0.0,0.0,22.43,24.08,-22.2,-1.65,1345.19,0.6,0.65,0.13,3.0,0.65,-63.89,-3.16,2018.92,0.61,679.357,39.024,5.0,41.0
Motif0416_HHH_eva_0765_0001,SARS_CoV2_RBD,0,Cao et al SARS_CoV2_RBD,55.0,0.33,0.436,0.156,0.363,0.79,0.8,0.83,8.686,2.4,0.272,0.609,19.38,45.09,-35.55,-2.82,1260.12,0.66,0.64,0.2,0.0,0.74,-74.03,-3.7,2002.62,0.69,763.564,42.857,4.0,42.0
Motif0687_HHH_b1_04690_0001_0001,SARS_CoV2_RBD,0,Cao et al SARS_CoV2_RBD,55.0,0.013,0.013,0.012,0.066,0.36,0.38,0.76,17.105,25.0,0.118,0.033,18.98,35.67,-38.81,-2.83,1369.05,0.71,0.68,0.3,11.0,0.58,-60.03,-3.29,1827.3,0.67,727.742,37.209,8.0,43.0
Motif0687_bcov_4helix_14315_0001,SARS_CoV2_RBD,0,Cao et al SARS_CoV2_RBD,65.0,0.0,0.0,0.0,0.0,0.13,0.14,0.7,24.428,25.0,0.0,0.0,19.14,21.95,-26.81,-1.83,1461.15,0.44,0.65,0.41,3.0,0.64,-58.85,-3.0,1962.95,0.74,720.987,31.707,6.0,41.0
Motif0704_ems_3hM_1945_0001_0002_3350_0001,FGFR2,1,Cao et al FGFR2,62.0,0.017,0.017,0.014,0.184,0.27,0.29,0.61,14.476,25.0,0.055,0.039,22.72,23.61,-34.42,-2.62,1313.48,0.55,0.64,0.16,1.0,0.74,-68.51,-3.54,1935.61,0.67,611.311,58.065,2.0,31.0
Motif0704_ems_3hM_3215_0001_9224_0001,FGFR2,1,Cao et al FGFR2,64.0,0.382,0.49,0.213,0.545,0.71,0.72,0.79,6.532,2.1,0.258,0.404,2.41,2.82,-53.73,-3.2,1679.6,0.73,0.67,0.04,2.0,0.79,-74.36,-4.15,1792.58,0.71,871.144,55.556,0.0,45.0
Motif0723_bcov_4helix_01008_0001_0001,EGFR,0,Cao et al EGFR,65.0,0.017,0.047,0.013,0.137,0.39,0.48,0.79,12.51,25.0,0.179,0.064,18.88,25.71,-34.81,-2.27,1535.24,0.71,0.62,0.15,6.0,0.66,-47.89,-2.91,1645.49,0.67,793.398,50.0,5.0,46.0
Motif0830_ems_3hC_784_0001_0001_8181_0001,FGFR2,0,Cao et al FGFR2,64.0,0.016,0.02,0.013,0.127,0.29,0.3,0.62,15.296,25.0,0.053,0.029,23.0,20.68,-39.98,-2.59,1540.72,0.68,0.6,0.03,0.0,0.73,-65.06,-3.62,1799.04,0.74,663.443,48.485,0.0,33.0
Motif0848_ems_3hC_721_0001_0001_9533_0001,FGFR2,1,Cao et al FGFR2,62.0,0.66,0.72,0.404,0.7,0.85,0.85,0.87,4.519,1.1,0.283,0.841,2.27,3.01,-40.92,-3.1,1319.95,0.6,0.59,0.23,1.0,0.72,-61.86,-3.82,1619.77,0.7,681.488,54.286,0.0,35.0
Motif0849_ems_3hM_3569_0001_0001_0001,EGFR,0,Cao et al EGFR,61.0,0.539,0.755,0.311,0.596,0.84,0.85,0.91,5.277,1.6,0.309,0.754,3.58,2.83,-39.74,-2.54,1567.01,0.7,0.67,0.1,6.0,0.72,-61.91,-3.46,1791.06,0.64,862.107,47.917,9.0,48.0
Motif0893_bcov_4helix_06010_0001_4342_0001,FGFR2,0,Cao et al FGFR2,65.0,0.016,0.069,0.014,0.14,0.28,0.43,0.61,14.278,25.0,0.092,0.055,21.47,19.75,-38.09,-2.8,1360.68,0.68,0.57,0.3,3.0,0.79,-63.6,-4.06,1565.51,0.74,704.775,47.368,4.0,38.0
Motif0913_bcov_4helix_03778_0001_7163_0001,FGFR2,0,Cao et al FGFR2,65.0,0.281,0.445,0.161,0.446,0.67,0.68,0.74,9.478,1.9,0.169,0.24,12.25,17.06,-35.77,-2.6,1375.17,0.73,0.71,0.33,3.0,0.73,-59.78,-3.21,1862.65,0.68,775.49,56.098,1.0,41.0
Motif1004_HEEHE_0352_0001_0001_6661_0001,FGFR2,0,Cao et al FGFR2,65.0,0.02,0.03,0.015,0.183,0.33,0.35,0.63,14.177,25.0,0.077,0.092,26.2,22.5,-43.75,-3.67,1191.49,0.69,0.65,0.09,3.0,0.74,-74.87,-3.7,2023.9,0.63,644.502,50.0,3.0,34.0
Motif1004_bcov_4helix_01097_0001_0002_2406_0001,FGFR2,1,Cao et al FGFR2,65.0,0.023,0.058,0.018,0.218,0.33,0.35,0.63,13.688,4.3,0.092,0.052,21.34,19.66,-35.38,-2.72,1302.87,0.7,0.55,0.2,0.0,0.73,-65.56,-3.82,1716.02,0.67,641.596,48.649,0.0,37.0
Motif1005_HEEHE_0223_0001_0001_2414_0001,FGFR2,0,Cao et al FGFR2,65.0,0.082,0.114,0.042,0.233,0.41,0.47,0.67,11.424,4.3,0.229,0.088,21.26,19.23,-31.82,-2.19,1450.19,0.63,0.53,0.14,0.0,0.74,-68.58,-3.78,1812.81,0.68,882.194,52.381,2.0,42.0
Motif1005_ems_3hM_2303_0001_0002_1049_0001,FGFR2,0,Cao et al FGFR2,64.0,0.233,0.392,0.153,0.325,0.74,0.75,0.8,8.834,3.0,0.292,0.395,3.73,2.93,-45.33,-3.15,1440.87,0.68,0.66,0.09,2.0,0.74,-62.85,-3.44,1829.48,0.74,731.842,46.154,1.0,39.0
Motif1031_HEEHE_0823_0001_0002_6440_0001,FGFR2,0,Cao et al FGFR2,65.0,0.666,0.711,0.4,0.66,0.85,0.85,0.87,4.837,1.1,0.274,0.846,21.24,26.2,-37.78,-2.66,1421.82,0.68,0.59,0.12,2.0,0.81,-80.47,-4.25,1892.43,0.67,751.415,50.0,2.0,34.0
Motif1061_HEEHE_0594_0001_0002_6690_0001,FGFR2,0,Cao et al FGFR2,65.0,0.023,0.06,0.015,0.164,0.38,0.42,0.65,13.482,25.0,0.137,0.047,15.75,11.22,-40.82,-2.5,1635.95,0.54,0.54,0.12,2.0,0.76,-80.76,-3.95,2045.14,0.63,893.045,58.14,2.0,43.0
Motif1104_bcov_4helix_01682_0001_9585_0001,FGFR2,0,Cao et al FGFR2,65.0,0.016,0.06,0.014,0.137,0.37,0.38,0.64,13.378,6.0,0.11,0.086,20.36,21.24,-40.3,-2.81,1433.7,0.6,0.53,0.12,3.0,0.73,-63.84,-3.52,1811.12,0.66,767.567,56.098,2.0,41.0
Motif1163_bcov_4helix_03931_0002_2229_0001,FGFR2,0,Cao et al FGFR2,65.0,0.016,0.018,0.012,0.094,0.3,0.34,0.63,16.175,25.0,0.098,0.03,16.98,23.56,-42.96,-2.87,1494.84,0.71,0.61,0.34,3.0,0.7,-62.35,-3.39,1839.73,0.66,759.791,52.381,2.0,42.0
Motif1187_bcov_4helix_11456_0001_9565_0001,FGFR2,0,Cao et al FGFR2,65.0,0.015,0.017,0.013,0.143,0.28,0.31,0.62,16.01,25.0,0.097,0.035,6.01,4.88,-39.98,-2.8,1428.36,0.65,0.54,0.17,2.0,0.67,-61.25,-3.35,1830.61,0.66,758.375,52.632,3.0,38.0
Motif1187_ems_3hC_414_0001_0002_1363_0001,FGFR2,0,Cao et al FGFR2,64.0,0.035,0.061,0.015,0.155,0.36,0.42,0.65,12.236,25.0,0.125,0.091,26.17,17.18,-35.67,-2.7,1322.03,0.66,0.7,0.16,1.0,0.66,-56.0,-2.98,1879.83,0.66,674.706,55.882,3.0,34.0
Motif1199_ems_3hM_448_0001_4774_0001,FGFR2,0,Cao et al FGFR2,64.0,0.232,0.265,0.15,0.33,0.62,0.63,0.77,8.461,3.5,0.308,0.285,21.17,21.86,-39.85,-2.93,1362.16,0.64,0.62,0.12,2.0,0.7,-69.45,-3.6,1926.65,0.6,795.806,46.667,3.0,45.0
Motif1208_ems_3hC_1017_0001_7480_0001,FGFR2,0,Cao et al FGFR2,62.0,0.294,0.331,0.185,0.44,0.67,0.68,0.78,7.632,2.9,0.331,0.356,22.33,18.43,-46.86,-2.76,1695.43,0.64,0.61,0.03,2.0,0.72,-63.68,-3.41,1867.59,0.69,912.664,53.191,4.0,47.0
Motif1210_ems_3hM_3213_0001_0002_9280_0001,FGFR2,0,Cao et al FGFR2,64.0,0.6,0.653,0.348,0.654,0.81,0.82,0.85,4.895,1.2,0.361,0.75,2.18,2.11,-51.6,-3.41,1514.55,0.66,0.66,0.03,4.0,0.76,-65.78,-3.98,1652.77,0.74,744.464,53.846,1.0,39.0
Motif1217_bcov_4helix_10972_0001_8561_0001,FGFR2,1,Cao et al FGFR2,65.0,0.458,0.491,0.237,0.552,0.74,0.75,0.78,6.586,1.5,0.296,0.514,4.5,3.14,-48.34,-3.42,1412.66,0.76,0.6,0.23,2.0,0.72,-62.76,-3.79,1654.56,0.65,729.001,59.459,2.0,37.0
Motif1222_ems_3hC_344_0002_0001_0003_1_4274_0001,FGFR2,0,Cao et al FGFR2,63.0,0.018,0.041,0.015,0.182,0.32,0.35,0.64,12.741,7.4,0.14,0.053,24.06,16.74,-39.24,-2.1,1865.18,0.49,0.56,0.03,4.0,0.73,-69.12,-3.72,1855.87,0.67,992.713,48.936,6.0,47.0
Motif1250_ems_3hC_369_0001_0001_0002_7902_0001,FGFR2,1,Cao et al FGFR2,62.0,0.65,0.698,0.363,0.678,0.85,0.85,0.87,4.515,1.1,0.496,0.764,2.52,2.75,-58.63,-3.17,1850.57,0.73,0.64,0.08,6.0,0.71,-57.17,-3.67,1558.49,0.68,920.749,48.837,4.0,43.0
Motif1253_ems_3hC_1239_0001_0001_0001_5173_0001,FGFR2,0,Cao et al FGFR2,62.0,0.014,0.018,0.012,0.116,0.29,0.31,0.63,15.526,25.0,0.094,0.031,19.92,21.12,-44.93,-2.62,1712.52,0.65,0.6,0.1,6.0,0.73,-63.35,-3.76,1684.76,0.65,831.399,42.222,1.0,45.0
Motif1261_ems_3hM_1316_0001_0002_8219_0001,FGFR2,0,Cao et al FGFR2,61.0,0.014,0.053,0.013,0.113,0.34,0.45,0.65,13.297,25.0,0.159,0.05,22.92,31.71,-31.23,-1.93,1619.6,0.56,0.57,0.1,3.0,0.66,-63.55,-3.02,2102.61,0.67,985.362,51.064,3.0,47.0
Motif1285_bcov_4helix_04482_0001_5138_0001,FGFR2,0,Cao et al FGFR2,65.0,0.132,0.138,0.05,0.223,0.45,0.47,0.67,12.028,3.9,0.053,0.148,18.79,18.27,-33.79,-2.9,1166.49,0.61,0.56,0.24,2.0,0.76,-62.62,-3.38,1852.96,0.67,584.396,52.941,2.0,34.0
Motif1399_ems_3hM_1239_0001_0001_6797_0001,FGFR2,0,Cao et al FGFR2,64.0,0.184,0.184,0.103,0.295,0.53,0.56,0.71,9.546,3.6,0.151,0.147,25.2,17.34,-42.96,-2.59,1659.55,0.73,0.63,0.06,4.0,0.77,-65.49,-3.79,1726.99,0.66,778.854,55.814,3.0,43.0
Motif2188_HHH_b1_04747_0001_0001,SARS_CoV2_RBD,0,Cao et al SARS_CoV2_RBD,56.0,0.0,0.0,0.0,0.0,0.25,0.29,0.74,19.203,25.0,0.0,0.0,17.93,46.35,-23.43,-1.47,1594.97,0.36,0.54,0.39,6.0,0.68,-50.22,-2.61,1927.11,0.65,880.883,28.889,7.0,45.0
NYESO_parent_binder_partial_10_2_337_dldesign_1_af2pred,pMHC_NY1,1,pMHC screening NY2,145.0,0.593,0.826,0.39,0.691,0.94,0.94,0.94,4.3,0.9,0.427,0.923,1.48,1.88,-77.73,-2.58,3013.73,0.65,0.71,0.22,7.0,0.64,-64.52,-2.41,2681.77,0.6,1512.445,46.753,13.0,77.0
Pdl1_binder_AF2_2,Pdl1,0,Pdl1 Watson et al,88.0,0.561,0.626,0.401,0.639,0.78,0.79,0.86,4.447,1.8,0.536,0.714,2.82,2.49,-49.99,-2.63,1899.86,0.74,0.77,0.12,8.0,0.55,-44.2,-2.22,1995.05,0.61,1002.582,42.0,9.0,50.0
Pdl1_binder_AF2_27,Pdl1,0,Pdl1 Watson et al,99.0,0.627,0.675,0.403,0.608,0.79,0.81,0.85,4.808,1.4,0.562,0.746,1.23,1.32,-44.01,-2.11,2084.23,0.58,0.66,0.2,6.0,0.64,-48.2,-2.5,1927.62,0.67,1001.096,35.849,9.0,53.0
Pdl1_binder_AF2_31,Pdl1,0,Pdl1 Watson et al,97.0,0.759,0.787,0.453,0.649,0.87,0.87,0.89,4.17,1.0,0.464,0.802,1.24,1.08,-57.14,-3.05,1873.8,0.72,0.63,0.27,6.0,0.7,-55.44,-3.23,1716.59,0.6,919.162,46.667,9.0,45.0
Pdl1_binder_AF2_51,Pdl1,0,Pdl1 Watson et al,53.0,0.709,0.842,0.433,0.754,0.9,0.9,0.92,3.216,0.8,0.341,0.877,1.22,1.17,-42.27,-3.01,1406.36,0.68,0.7,0.41,4.0,0.62,-40.48,-2.86,1413.16,0.66,687.94,46.154,5.0,39.0
Pdl1_binder_AF2_9,Pdl1,0,Pdl1 Watson et al,97.0,0.334,0.395,0.219,0.389,0.68,0.68,0.79,7.86,2.6,0.381,0.295,1.72,1.74,-55.75,-2.73,2044.98,0.56,0.67,0.3,7.0,0.61,-59.52,-2.73,2179.1,0.64,1055.868,39.623,5.0,53.0
Trka_binder_AF2_29,TrkA,0,TrkA Watson et al,86.0,0.779,0.824,0.557,0.74,0.89,0.89,0.91,3.364,0.9,0.52,0.88,1.98,2.19,-43.73,-2.69,1625.56,0.63,0.69,0.17,6.0,0.75,-53.51,-3.11,1720.25,0.63,893.73,36.364,8.0,44.0
Trka_binder_AF2_5,TrkA,0,TrkA Watson et al,62.0,0.634,0.765,0.39,0.682,0.84,0.84,0.88,4.248,1.1,0.375,0.823,1.85,2.59,-37.3,-2.58,1444.44,0.59,0.57,0.38,3.0,0.57,-45.5,-2.83,1605.5,0.63,818.093,46.512,4.0,43.0
Trka_binder_AF2_58,TrkA,0,TrkA Watson et al,84.0,0.735,0.784,0.531,0.728,0.86,0.87,0.9,3.686,1.0,0.498,0.882,1.63,1.8,-53.34,-2.9,1841.81,0.64,0.6,0.18,12.0,0.6,-41.57,-2.23,1863.96,0.63,911.538,40.0,9.0,45.0
Trka_binder_AF2_63,TrkA,0,TrkA Watson et al,96.0,0.728,0.783,0.513,0.675,0.87,0.87,0.9,4.24,1.1,0.434,0.885,4.86,4.6,-41.27,-2.44,1690.57,0.66,0.59,0.36,8.0,0.7,-49.52,-2.83,1752.84,0.53,873.608,41.86,4.0,43.0
Trka_binder_AF2_91,TrkA,0,TrkA Watson et al,98.0,0.689,0.727,0.483,0.672,0.85,0.85,0.89,4.329,1.3,0.517,0.824,2.48,1.42,-58.25,-2.98,1952.8,0.67,0.61,0.19,11.0,0.53,-49.58,-2.44,2031.34,0.57,1012.388,40.741,11.0,54.0
allongoldberg_8714_32po_S__34p_K_,EGFR,0,Adaptyv binder comp round 1,138.0,0.0,0.0,0.0,0.0,0.18,0.2,0.49,28.734,25.0,0.0,0.0,38.98,77.79,-22.95,-1.64,1401.41,0.53,0.67,0.49,4.0,0.53,-20.02,-1.39,1442.56,0.61,912.008,34.043,4.0,47.0
amelie_schreiber_model_83_156_16,EGFR,0,Adaptyv binder comp round 2,110.0,0.621,0.693,0.342,0.429,0.89,0.9,0.71,13.934,1.4,0.485,0.624,3.81,5.98,-58.77,-2.21,2657.46,0.63,0.61,0.24,5.0,0.59,-48.99,-1.95,2507.75,0.64,1510.578,44.304,8.0,79.0
bcov_r3_ems_ferrM_4303_000000002_0001_0001,IL7Ra,0,Cao et al IL7Ra,63.0,0.0,0.0,0.0,0.0,0.22,0.25,0.72,20.86,25.0,0.0,0.0,3.68,5.65,-35.47,-3.02,1175.36,0.63,0.63,0.17,3.0,0.71,-63.14,-4.18,1508.76,0.55,635.735,54.545,2.0,33.0
bcov_r3_ems_p1_15H_GBL_16H_GABBL_16H_0035_0001_0001_0002_000000044_0001_0001,IL7Ra,0,Cao et al IL7Ra,55.0,0.0,0.0,0.0,0.0,0.19,0.21,0.72,22.214,25.0,0.0,0.0,20.96,37.11,-30.78,-2.82,1092.05,0.79,0.62,0.21,0.0,0.72,-54.45,-3.68,1481.56,0.63,637.624,51.724,1.0,29.0
bcov_revert_r1_HEEH_10552_000000000_0001_44_64_H____HEEH_22681_0001_0005_0001_0001,TrkA,0,Cao et al TrkA,64.0,0.011,0.014,0.011,0.064,0.18,0.19,0.57,18.543,25.0,0.044,0.018,10.53,14.36,-30.54,-2.21,1380.18,0.63,0.63,0.19,2.0,0.78,-63.63,-3.97,1603.05,0.64,754.07,36.111,2.0,36.0
bcov_revert_r1_ems_3hM_1656_000000000_0001_45_63_H____HEEH_02184_0001_0002_0001_0001,TrkA,0,Cao et al TrkA,64.0,0.012,0.013,0.011,0.062,0.22,0.35,0.56,16.621,25.0,0.148,0.021,18.39,14.27,-57.88,-2.51,2305.36,0.64,0.49,0.07,6.0,0.75,-65.2,-3.92,1665.32,0.64,1166.479,51.667,5.0,60.0
bcov_v3_r3_HEEH_04578_000000011_0001_0001_44_64_H____ems_3hM_2978_0001_0002_0001_0001_0001,IL7Ra,0,Cao et al IL7Ra,60.0,0.502,0.649,0.291,0.506,0.81,0.83,0.87,5.946,1.5,0.266,0.711,2.22,1.97,-53.34,-2.9,1841.85,0.7,0.55,0.07,7.0,0.78,-62.91,-3.9,1613.49,0.69,936.85,50.0,3.0,42.0
cameron_kroll_Gertrude_gen3,EGFR,0,Adaptyv binder comp round 2,147.0,0.616,0.639,0.36,0.43,0.88,0.88,0.69,14.877,1.7,0.484,0.655,51.43,50.98,-55.47,-2.19,2532.58,0.59,0.49,0.09,9.0,0.47,-23.5,-1.13,2071.94,0.55,1436.807,28.788,12.0,66.0
cameron_kroll_Leitner,EGFR,0,Adaptyv binder comp round 2,147.0,0.587,0.621,0.339,0.416,0.88,0.88,0.69,14.956,1.8,0.49,0.639,5.68,5.16,-54.84,-2.22,2466.15,0.61,0.64,0.11,8.0,0.63,-55.14,-2.27,2430.63,0.62,1404.701,31.25,12.0,64.0
cside_mot_52069daacbadd94c4c06191bcfa4eaff_0001_1_000000019_0001_2_7_H___bcov_4helix_04125_0001_0003_0001,EGFR,0,Cao et al EGFR,65.0,0.383,0.551,0.24,0.494,0.75,0.79,0.88,5.776,2.6,0.374,0.627,1.94,2.24,-47.15,-2.73,1725.3,0.56,0.64,0.26,7.0,0.67,-64.4,-3.37,1911.41,0.69,843.568,50.0,6.0,44.0
duynth29_Duy_L111_mpnn14_I36M__L80M_L42M,EGFR,0,Adaptyv binder comp round 2,111.0,0.717,0.741,0.38,0.484,0.93,0.93,0.72,12.859,1.1,0.544,0.705,36.59,46.08,-68.04,-2.64,2577.37,0.62,0.64,0.34,9.0,0.53,-59.64,-1.92,3103.45,0.6,1604.318,49.315,10.0,73.0
elian_elian3,EGFR,0,Adaptyv binder comp round 2,100.0,0.433,0.561,0.251,0.348,0.85,0.85,0.71,14.896,2.7,0.499,0.554,39.46,47.76,-59.05,-2.25,2622.67,0.66,0.6,0.26,7.0,0.57,-76.12,-2.18,3491.52,0.68,1535.32,40.0,12.0,70.0
ems_3hC_414_000000023_0001,FGFR2,1,Cao et al FGFR2,64.0,0.678,0.735,0.384,0.684,0.85,0.86,0.87,4.45,1.0,0.311,0.688,2.17,2.18,-52.86,-3.46,1527.97,0.72,0.58,0.11,2.0,0.71,-65.37,-3.73,1751.66,0.72,792.608,57.778,1.0,45.0
ems_3hM_860_000000006_0001,FGFR2,0,Cao et al FGFR2,62.0,0.015,0.019,0.013,0.13,0.29,0.31,0.62,15.072,25.0,0.131,0.047,24.99,17.9,-33.64,-2.38,1410.92,0.5,0.56,0.17,1.0,0.73,-69.55,-3.93,1768.07,0.71,784.614,52.778,2.0,36.0
ems_p1_14H_GBL_14H_GBL_14H_0083_0001_0001_0001_000000021_0001,FGFR2,0,Cao et al FGFR2,48.0,0.391,0.499,0.213,0.597,0.77,0.78,0.83,5.717,2.1,0.277,0.485,2.15,3.36,-59.74,-3.77,1582.64,0.75,0.63,0.17,6.0,0.71,-63.47,-3.52,1803.05,0.62,768.948,57.5,2.0,40.0
ems_p1_15H_GBL_16H_GABBL_15H_0008_0001_0001_0001_000000002_0001,FGFR2,0,Cao et al FGFR2,54.0,0.071,0.088,0.027,0.219,0.4,0.42,0.69,11.65,5.1,0.088,0.1,20.24,18.47,-34.6,-2.73,1265.33,0.61,0.61,0.21,1.0,0.68,-65.73,-3.89,1687.54,0.73,648.465,45.455,2.0,33.0
eugene_valkov_rfdiff_design_84_12_dldesign_1_af2pred,EGFR,0,Adaptyv binder comp round 1,84.0,0.192,0.359,0.097,0.241,0.76,0.77,0.67,17.342,4.6,0.407,0.232,37.67,44.29,-46.02,-2.17,2117.44,0.6,0.7,0.26,4.0,0.67,-56.0,-2.39,2343.32,0.57,1204.477,44.444,7.0,54.0
il10ra_site1_normal_mot_ems_3hC_416_0001_000000048_0001_1_19_H___HHH_b2_07708_af2_0001_0000200013_0000001_0,IL10Ra,0,Bennet paper IL10Ra prospective,57.0,0.0,0.0,0.0,0.0,0.14,0.17,0.72,25.573,25.0,0.0,0.0,4.83,8.27,-55.66,-2.8,1991.31,0.64,0.66,0.12,8.0,0.73,-67.99,-3.18,2140.43,0.7,855.301,36.364,2.0,44.0
lhallee_lhallee_40_full_driveid_8_9,EGFR,0,Adaptyv binder comp round 2,40.0,0.0,0.0,0.0,0.0,0.19,0.23,0.62,28.211,25.0,0.0,0.0,26.76,60.82,-28.5,-2.11,1350.74,0.51,0.53,0.52,3.0,0.6,-40.59,-1.78,2280.16,0.66,577.135,50.0,2.0,38.0
longxing_Grafting2_ems_3hM_1581_0002_0013_0001_0001,IL7Ra,0,Cao et al IL7Ra,62.0,0.015,0.015,0.012,0.099,0.37,0.39,0.76,15.844,25.0,0.116,0.047,17.36,18.41,-37.32,-2.68,1390.95,0.64,0.58,0.13,4.0,0.78,-62.05,-3.74,1657.13,0.66,748.077,55.556,6.0,36.0
ltk_site1_sap_15_mot_HHH_b2_07182_af2_000000166_0001_1_20_H___HHH_b1_02908_af2_0002_0000400012_0000001_0_0001,LTK,0,Bennet paper LTK prospective,57.0,0.461,0.735,0.219,0.532,0.86,0.87,0.91,6.681,1.7,0.236,0.689,19.48,35.92,-56.41,-3.27,1724.14,0.73,0.67,0.07,5.0,0.68,-66.31,-3.2,2075.45,0.69,784.768,53.333,4.0,45.0
ltk_site1_sap_27_mot_HHH_b1_01879_000000223_0001_21_37_H___HHH_b1_03927_0001_0000300013_0000002_0_0001,LTK,0,Bennet paper LTK prospective,56.0,0.0,0.0,0.0,0.0,0.16,0.19,0.77,24.025,25.0,0.0,0.0,7.66,10.27,-34.88,-2.39,1459.93,0.57,0.52,0.13,6.0,0.62,-61.18,-2.83,2158.94,0.63,730.229,43.243,8.0,37.0
minji_lee_459,EGFR,0,Adaptyv binder comp round 2,78.0,0.0,0.0,0.0,0.0,0.29,0.37,0.57,25.362,25.0,0.0,0.0,47.11,56.06,-25.69,-2.24,1147.42,0.66,0.75,0.18,3.0,0.55,-22.49,-1.35,1667.79,0.61,661.23,41.667,6.0,36.0
mot_H_3h_hb1_2462_000000006_0001_23_28_H___EHEE_hb1_5500_0001_0002_0001_0001,InsulinR,0,Cao et al Insulin receptor,65.0,0.013,0.014,0.012,0.09,0.25,0.26,0.7,17.461,25.0,0.083,0.024,18.32,17.51,-23.74,-1.58,1504.35,0.47,0.64,0.2,3.0,0.58,-43.51,-2.63,1656.97,0.69,846.524,32.5,3.0,40.0
mot_H_buried_ems_3hC_255_0002_000000000_0001_47_55_H___3h_hb1_2881_0001_0001_0001_0001,FGFR2,0,Cao et al FGFR2,63.0,0.083,0.096,0.031,0.212,0.42,0.45,0.67,11.639,25.0,0.178,0.072,16.53,19.59,-32.44,-1.77,1833.71,0.62,0.6,0.13,3.0,0.72,-52.74,-3.35,1576.32,0.67,1009.03,45.833,4.0,48.0
mot_H_buried_ems_3hC_255_0002_000000000_0001_47_55_H___EHEE_hb1_5189_0001_0001,FGFR2,0,Cao et al FGFR2,65.0,0.075,0.088,0.025,0.176,0.35,0.38,0.64,12.471,5.4,0.092,0.098,30.32,19.17,-42.8,-2.91,1468.73,0.7,0.59,0.15,1.0,0.73,-65.21,-3.96,1648.19,0.66,773.548,56.098,2.0,41.0
mot_H_fastrot_3h_hb1_3344_000000001_0001_47_55_H___3h_hb1_5770_0001_0001_0001,FGFR2,0,Cao et al FGFR2,61.0,0.015,0.017,0.013,0.136,0.3,0.36,0.64,14.442,9.4,0.116,0.046,15.27,14.92,-30.32,-2.08,1457.74,0.56,0.62,0.2,6.0,0.7,-58.47,-3.08,1900.34,0.66,848.885,48.78,8.0,41.0
mot_H_fastrot_HEEH_15960_000000006_0001_55_60_H___EHEE_hb1_6029_0001_0002_0001,FGFR2,0,Cao et al FGFR2,65.0,0.031,0.063,0.016,0.186,0.43,0.47,0.65,13.139,5.8,0.203,0.066,24.38,31.55,-49.98,-2.68,1864.24,0.58,0.6,0.15,3.0,0.74,-58.92,-3.4,1730.54,0.68,1015.869,47.917,5.0,48.0
mot_H_fastrot_cor_24c1919f7bb15c570766cce8742c3f7b_0001_000000012_0001_20_30_H___24c8c20bf8b2f045205b9d50a89fb271_0001_0001_0001,FGFR2,0,Cao et al FGFR2,65.0,0.015,0.058,0.013,0.123,0.37,0.43,0.66,12.77,25.0,0.26,0.079,19.94,32.96,-39.1,-2.17,1805.52,0.62,0.45,0.29,3.0,0.68,-56.56,-3.09,1832.72,0.72,1122.824,51.923,3.0,52.0
mot_H_fastrot_cor_3h_hb1_5971_000000012_0001_53_59_H___3h_hb1_2672_0001_0001_0001,FGFR2,1,Cao et al FGFR2,64.0,0.167,0.199,0.109,0.29,0.5,0.54,0.71,9.529,3.9,0.155,0.246,5.96,3.62,-34.16,-2.99,1142.65,0.7,0.64,0.06,0.0,0.75,-62.31,-3.69,1689.07,0.68,562.021,50.0,3.0,32.0
mot_H_fastrot_cor_3h_hb1_5971_000000012_0001_53_59_H___3h_hb1_4131_0001_0003_0001_0001,FGFR2,0,Cao et al FGFR2,62.0,0.018,0.019,0.014,0.161,0.34,0.37,0.64,13.568,25.0,0.114,0.06,5.01,4.68,-31.98,-2.78,1149.98,0.7,0.56,0.03,0.0,0.78,-48.94,-3.41,1433.82,0.66,559.967,50.0,3.0,30.0
mot_H_fastrot_cor_3h_hb1_5971_000000012_0001_53_59_H___6182f876a1b8f9ae09c98e6ab792d39f_0001_1_0001_0001_0001,FGFR2,0,Cao et al FGFR2,65.0,0.015,0.015,0.012,0.107,0.26,0.29,0.6,16.295,25.0,0.117,0.035,15.7,30.14,-22.24,-1.99,1119.8,0.69,0.64,0.29,5.0,0.74,-54.6,-3.36,1626.62,0.63,679.855,50.0,8.0,36.0
mot_H_fastrot_cor_3h_hb1_641_000000003_0001_49_56_H___3h_hb1_5510_0001_0001_0001,FGFR2,0,Cao et al FGFR2,59.0,0.166,0.172,0.102,0.275,0.53,0.54,0.71,9.954,4.0,0.174,0.177,23.03,17.97,-40.39,-2.48,1631.18,0.45,0.5,0.19,7.0,0.7,-56.18,-3.28,1710.46,0.68,1043.751,46.809,12.0,47.0
mot_H_fastrot_cor_ems_3hM_199_000000020_0001_57_61_H___651ba0b3b4b262ffc09a2ce26d6227e6_0001_0001_0003_0001_0001,FGFR2,0,Cao et al FGFR2,65.0,0.017,0.022,0.013,0.141,0.3,0.37,0.63,13.027,25.0,0.107,0.065,7.39,5.64,-27.12,-2.53,1073.05,0.62,0.62,0.25,3.0,0.73,-43.63,-3.21,1360.59,0.6,635.658,48.387,2.0,31.0
mot_H_fastrot_cor_ems_3hM_199_000000020_0001_57_61_H___EHEE_hb1_239_0001_0001_0001,FGFR2,0,Cao et al FGFR2,65.0,0.024,0.025,0.014,0.152,0.31,0.39,0.61,14.138,25.0,0.116,0.05,22.86,17.11,-32.01,-2.45,1305.9,0.66,0.57,0.13,3.0,0.72,-46.3,-3.15,1471.78,0.64,766.455,48.837,6.0,43.0
mot_H_fastrot_cor_ems_3hM_199_000000020_0001_57_61_H___HEEHE_2606_0001_0001_0001_0001,FGFR2,0,Cao et al FGFR2,65.0,0.039,0.056,0.016,0.169,0.31,0.41,0.64,13.227,25.0,0.126,0.07,21.25,18.59,-31.72,-2.32,1366.8,0.67,0.62,0.07,2.0,0.71,-48.97,-3.31,1479.24,0.74,837.442,60.0,1.0,40.0
mot_H_fastrot_cor_ems_3hM_3380_000000000_0001_53_61_H___EHEE_hb1_1006_0001_0001_0001,FGFR2,0,Cao et al FGFR2,65.0,0.014,0.015,0.012,0.098,0.24,0.27,0.6,16.659,25.0,0.098,0.025,25.21,30.0,-37.91,-2.31,1639.16,0.57,0.61,0.16,2.0,0.59,-47.82,-3.14,1523.47,0.7,914.687,54.762,5.0,42.0
mot_H_fastrot_cor_ems_3hM_3402_000000021_0001_49_57_H___52f407a333002cf2269cb85a51a072dc_0001_0001_0002_0001_0001,FGFR2,0,Cao et al FGFR2,65.0,0.015,0.024,0.013,0.115,0.33,0.38,0.64,14.501,25.0,0.138,0.049,18.67,23.43,-35.15,-2.37,1481.53,0.61,0.51,0.48,6.0,0.73,-62.89,-3.65,1725.08,0.69,802.982,53.659,2.0,41.0
mot_H_fastrot_ems_3hM_256_000000003_0001_6_15_H___45851f6df45703f5cc85523a12039e5e_0001_0001_0001_0001,FGFR2,0,Cao et al FGFR2,65.0,0.213,0.248,0.1,0.271,0.57,0.58,0.73,9.719,3.6,0.174,0.174,13.34,21.6,-46.94,-3.17,1480.49,0.66,0.54,0.26,4.0,0.68,-50.82,-3.24,1566.4,0.62,826.525,65.854,2.0,41.0
mot_H_fastrot_ems_3hM_3402_000000020_0001_49_59_H___3h_hb1_1357_0001_0001_0001,FGFR2,0,Cao et al FGFR2,64.0,0.06,0.08,0.024,0.215,0.35,0.41,0.65,11.963,25.0,0.098,0.109,13.24,18.03,-33.33,-2.66,1250.88,0.71,0.65,0.15,2.0,0.74,-52.0,-3.12,1665.9,0.67,683.114,48.485,2.0,33.0
mot_H_fastrot_ems_3hM_3402_000000020_0001_49_59_H___3h_hb1_2393_0001_0002_1_0001_0001,FGFR2,0,Cao et al FGFR2,64.0,0.036,0.086,0.018,0.211,0.36,0.41,0.65,12.504,4.8,0.144,0.063,22.82,22.07,-32.5,-2.36,1374.86,0.48,0.61,0.12,0.0,0.72,-50.63,-2.91,1739.2,0.68,813.286,58.537,2.0,41.0
mot_H_fastrot_ems_3hM_3402_000000020_0001_49_59_H___3h_hb1_5208_0001_0001_0001_0001,FGFR2,0,Cao et al FGFR2,64.0,0.277,0.318,0.176,0.379,0.62,0.64,0.76,8.115,2.9,0.135,0.295,4.98,2.89,-44.8,-3.11,1438.44,0.7,0.61,0.03,6.0,0.71,-55.84,-3.43,1625.66,0.66,723.488,50.0,4.0,38.0
mot_H_fastrot_ems_4hC_2953_0001_000000001_0001_2_11_H___6173f75be1be39c546da4d8d39c94054_0001_1_0001_0001_0001,FGFR2,0,Cao et al FGFR2,65.0,0.44,0.507,0.223,0.51,0.75,0.76,0.79,7.538,1.6,0.341,0.402,16.13,35.34,-43.01,-2.27,1892.15,0.57,0.58,0.36,3.0,0.74,-57.05,-3.55,1607.88,0.65,995.535,52.0,4.0,50.0
mot_H_normal_3h_hb1_3209_000000013_0001_59_63_H___ems_3hM_1672_0001_0001,FGFR2,1,Cao et al FGFR2,63.0,0.718,0.822,0.468,0.722,0.88,0.88,0.9,3.661,0.9,0.552,0.875,2.04,3.43,-58.73,-3.44,1709.01,0.71,0.66,0.1,8.0,0.79,-69.4,-3.95,1757.53,0.66,933.884,51.163,8.0,43.0
mot_H_normal_3h_hb1_4713_000000003_0001_50_56_H___3h_hb1_3534_0001_0001_0001,FGFR2,0,Cao et al FGFR2,64.0,0.44,0.48,0.235,0.559,0.73,0.74,0.8,6.172,1.9,0.227,0.484,4.15,4.31,-32.73,-2.31,1415.21,0.54,0.58,0.06,1.0,0.66,-52.33,-3.52,1485.14,0.64,803.77,44.444,5.0,45.0
mot_H_normal_3h_hb1_5890_000000015_0001_54_62_H___2aff24ddb3df29ee4bc46d1f6d2c4b1b_0001_0001_0001_0001_0001,FGFR2,0,Cao et al FGFR2,65.0,0.016,0.016,0.014,0.137,0.3,0.33,0.62,14.572,25.0,0.161,0.036,14.92,12.84,-40.63,-2.67,1521.88,0.66,0.58,0.29,2.0,0.73,-60.35,-3.54,1706.7,0.67,874.991,55.556,3.0,45.0
mot_H_normal_3h_hb1_5890_000000015_0001_54_62_H___86ca83e79c2d4ab673329b6cc3377e3c_0001_1_0001_0001_0001_0001,FGFR2,0,Cao et al FGFR2,65.0,0.278,0.291,0.172,0.364,0.64,0.68,0.75,8.426,3.3,0.338,0.322,18.75,16.56,-52.22,-2.92,1790.97,0.6,0.61,0.19,3.0,0.77,-61.72,-3.99,1544.97,0.75,862.084,69.767,3.0,43.0
mot_H_normal_3h_hb1_5890_000000015_0001_54_62_H___a3e05046d59bddb05f6bbbe3f28c7a3b_0001_0001_0001_0001_0001,FGFR2,0,Cao et al FGFR2,65.0,0.565,0.667,0.332,0.612,0.79,0.81,0.84,5.624,1.2,0.327,0.714,2.63,2.42,-50.09,-3.54,1414.74,0.79,0.67,0.23,4.0,0.71,-56.8,-3.4,1669.93,0.69,779.868,50.0,5.0,38.0
mot_H_normal_HEEHE_2363_000000001_0001_43_52_H___EHEE_hb1_389_0001_0002_0001_0001,FGFR2,0,Cao et al FGFR2,65.0,0.306,0.535,0.185,0.399,0.71,0.75,0.77,8.443,1.9,0.178,0.405,5.94,8.22,-44.59,-3.67,1216.22,0.72,0.71,0.21,4.0,0.77,-65.41,-4.01,1630.97,0.74,714.428,54.286,1.0,35.0
mot_H_normal_HEEHE_2363_000000001_0001_43_52_H___HEEHE_2810_0001_0001_0001,FGFR2,0,Cao et al FGFR2,65.0,0.043,0.103,0.018,0.171,0.46,0.5,0.71,11.867,25.0,0.192,0.087,20.17,15.99,-39.37,-2.03,1938.06,0.59,0.59,0.22,5.0,0.75,-60.22,-3.74,1610.93,0.67,1032.626,39.583,4.0,48.0
mot_H_normal_HEEH_03871_000000004_0001_57_63_H___ems_3hM_1835_0001_0001_0001,FGFR2,0,Cao et al FGFR2,61.0,0.288,0.38,0.164,0.47,0.63,0.67,0.76,7.331,2.7,0.161,0.42,20.79,21.76,-33.01,-2.11,1566.77,0.58,0.68,0.1,5.0,0.59,-48.04,-2.87,1673.58,0.72,840.271,50.0,7.0,42.0
mot_H_normal_HEEH_08897_000000013_0001_46_56_H___EHEE_hb1_3538_0001_0001_0001_0001,FGFR2,0,Cao et al FGFR2,65.0,0.015,0.018,0.013,0.099,0.26,0.28,0.61,16.955,25.0,0.069,0.034,5.6,4.6,-32.48,-2.1,1549.08,0.67,0.65,0.03,6.0,0.73,-44.86,-2.86,1566.79,0.71,699.706,44.737,7.0,38.0
mot_H_normal_HEEH_22123_000000005_0001_54_60_H___3h_hb1_309_0001_0001_0001,FGFR2,0,Cao et al FGFR2,65.0,0.05,0.068,0.022,0.188,0.39,0.41,0.65,12.571,5.1,0.122,0.068,27.24,20.66,-47.93,-2.82,1701.32,0.76,0.68,0.06,3.0,0.72,-65.72,-3.91,1681.6,0.67,923.045,44.0,5.0,50.0
mot_H_normal_HHH_eva_0053_000000019_0001_25_31_H___3h_hb1_1598_0001_0002_0001_0001,FGFR2,0,Cao et al FGFR2,63.0,0.28,0.351,0.188,0.392,0.67,0.68,0.8,7.455,2.9,0.263,0.426,2.99,3.36,-47.4,-2.98,1587.99,0.7,0.63,0.03,3.0,0.75,-64.24,-3.62,1776.4,0.65,855.556,53.488,3.0,43.0
mot_H_normal_HHH_eva_0319_000000010_0001_33_37_H___3h_hb1_617_0001_0001_0001,FGFR2,0,Cao et al FGFR2,63.0,0.032,0.034,0.016,0.186,0.35,0.4,0.64,12.848,25.0,0.16,0.06,20.6,24.42,-44.72,-2.62,1708.17,0.7,0.65,0.03,3.0,0.78,-57.8,-3.42,1690.5,0.69,783.944,55.814,1.0,43.0
mot_H_normal_d1527d9db61042ae992c5fc0a9cf6cfe_0001_1_000000001_0001_45_50_H___2c46b57de5df830a699d451437f22a7b_0001_0001_0001,FGFR2,0,Cao et al FGFR2,65.0,0.014,0.017,0.013,0.111,0.24,0.28,0.61,15.921,25.0,0.092,0.038,18.91,22.88,-28.79,-2.03,1419.17,0.54,0.48,0.21,2.0,0.68,-51.95,-3.14,1656.02,0.64,771.716,53.659,9.0,41.0
mot_P_buried_ferr_hb1_1674_000000003_0001_28_30_33_35_P___ems_ferrM_6159_0002_0001_0001_0001,FGFR2,0,Cao et al FGFR2,64.0,0.018,0.02,0.015,0.168,0.29,0.33,0.63,14.094,25.0,0.095,0.035,16.54,12.01,-29.71,-2.3,1294.54,0.59,0.64,0.26,2.0,0.61,-62.28,-3.16,1970.41,0.71,757.409,47.5,2.0,40.0
mot_P_fastrot_ems_ferrM_4671_000000000_0001_27_29_32_34_P___ems_ferrM_6991_0001_0001_0001,FGFR2,0,Cao et al FGFR2,63.0,0.093,0.142,0.024,0.186,0.41,0.45,0.66,11.941,5.5,0.062,0.118,23.16,23.21,-32.81,-3.22,1017.54,0.64,0.65,0.27,0.0,0.68,-63.02,-3.3,1910.62,0.68,638.632,48.571,0.0,35.0
nside_mot_4baece34555bc5def11fd3c4c5db93f5_0001_000000012_0001_38_48_H___bcov_4helix_12481_0001_0001,EGFR,1,Cao et al EGFR,65.0,0.598,0.693,0.35,0.549,0.84,0.85,0.88,5.812,1.4,0.355,0.506,2.75,3.15,-45.98,-2.59,1774.51,0.58,0.55,0.15,7.0,0.74,-60.48,-3.53,1715.36,0.65,874.91,38.298,6.0,47.0
nsplice_r1_4b397ff321495f1cf064223b6ad1b1e1_0001_000000002_0001_0001_24_33_H____4a0c507f6062f32b8f28d793a3f8ca68_0001_0001_0001_0001_16_51_HHH_04_14898_38_0001,VirB8,0,Cao et al VirB8,65.0,0.012,0.012,0.011,0.051,0.22,0.23,0.69,19.724,25.0,0.096,0.017,45.58,27.21,-34.75,-2.61,1330.08,0.7,0.49,0.14,1.0,0.72,-69.52,-3.79,1833.14,0.77,739.915,51.351,3.0,37.0
nsplice_r1_a2de759c170706188c6e693fd8ea43cc_0001_000000001_0001_0001_38_47_H____ec389b8abb25490ebba873a462ff6028_0001_0001_0001_0001_0001_16_51_HHH_02_12836_37_0001,VirB8,0,Cao et al VirB8,65.0,0.015,0.034,0.013,0.116,0.35,0.45,0.72,14.093,25.0,0.137,0.052,43.31,21.9,-43.18,-2.53,1705.9,0.59,0.63,0.21,4.0,0.81,-59.53,-3.54,1680.49,0.69,791.206,60.0,2.0,40.0
nsplice_r1_a2de759c170706188c6e693fd8ea43cc_0001_000000001_0001_0001_38_47_H____ems_p1_15H_GBL_16H_GABBL_16H_0410_0001_0001_0001_0001_0001_0001_0001_19_54_HHH_01_06167_32_0001_57_crosslinked,VirB8,0,Cao et al VirB8,65.0,0.0,0.0,0.0,0.0,0.15,0.18,0.66,24.15,25.0,0.0,0.0,7.99,8.29,-47.69,-3.0,1592.03,0.68,0.62,0.17,1.0,0.64,-59.74,-3.6,1657.89,0.69,882.987,50.0,3.0,40.0
nsplice_r1_ems_3hM_1972_000000001_0001_0001_2_11_H____5f3e9e6710cf722fe56a0b12d5cb6937_0001_0001_0001_0001_17_49_HHH_01_10056_37_0001,VirB8,0,Cao et al VirB8,65.0,0.013,0.016,0.012,0.079,0.25,0.27,0.69,19.13,25.0,0.094,0.026,47.24,22.81,-36.94,-2.83,1305.53,0.7,0.69,0.32,0.0,0.77,-56.23,-3.37,1668.92,0.7,670.432,65.625,1.0,32.0
p53_AF2_2,Mdm2,0,Mdm2 Watson et al,83.0,0.751,0.827,0.543,0.728,0.9,0.9,0.89,3.543,0.8,0.414,0.909,3.05,2.3,-47.13,-2.97,1589.0,0.7,0.6,0.27,4.0,0.62,-52.01,-2.97,1750.75,0.6,822.139,48.78,7.0,41.0
p53_AF2_31,Mdm2,0,Mdm2 Watson et al,108.0,0.675,0.73,0.38,0.609,0.86,0.87,0.84,5.035,1.0,0.455,0.758,4.99,3.06,-48.4,-2.42,2003.5,0.65,0.54,0.08,4.0,0.65,-49.51,-2.25,2197.39,0.51,1004.807,42.553,4.0,47.0
p53_AF2_4,Mdm2,0,Mdm2 Watson et al,102.0,0.726,0.817,0.47,0.674,0.9,0.91,0.88,4.059,0.9,0.446,0.843,2.0,1.64,-56.15,-2.92,1921.17,0.73,0.55,0.08,5.0,0.71,-58.74,-2.98,1968.64,0.65,1051.985,41.304,6.0,46.0
p53_AF2_74,Mdm2,0,Mdm2 Watson et al,75.0,0.692,0.755,0.506,0.712,0.86,0.86,0.89,3.624,1.0,0.397,0.767,25.33,12.32,-55.68,-3.16,1763.58,0.69,0.64,0.12,7.0,0.59,-24.17,-1.87,1293.7,0.51,955.596,48.837,6.0,43.0
p53_AF2_93,Mdm2,1,Mdm2 Watson et al,115.0,0.78,0.801,0.497,0.701,0.9,0.9,0.89,3.816,0.9,0.547,0.834,1.99,1.59,-59.09,-2.86,2065.3,0.67,0.55,0.12,5.0,0.55,-54.13,-2.63,2059.73,0.52,1131.189,47.17,6.0,53.0
pol_3h_hb1_2349_000000026_0001_0001,FGFR2,0,Cao et al FGFR2,63.0,0.586,0.657,0.331,0.603,0.78,0.81,0.82,5.97,1.2,0.343,0.689,18.95,28.28,-39.22,-2.68,1465.31,0.66,0.51,0.3,2.0,0.73,-55.53,-3.25,1710.55,0.73,861.902,45.652,2.0,46.0
pol_EHEE_13330_000000020_0001_0001,FGFR2,0,Cao et al FGFR2,65.0,0.236,0.283,0.122,0.315,0.61,0.61,0.73,10.998,2.3,0.186,0.26,25.96,26.12,-43.69,-2.97,1472.69,0.74,0.65,0.17,8.0,0.7,-50.77,-3.25,1563.18,0.75,791.066,45.0,7.0,40.0
pol_EHEE_hb1_285_000000019_0001_0001,FGFR2,0,Cao et al FGFR2,65.0,0.012,0.012,0.011,0.058,0.27,0.29,0.6,16.87,25.0,0.06,0.03,37.11,21.93,-32.97,-2.76,1194.89,0.71,0.63,0.06,2.0,0.72,-47.05,-2.96,1588.01,0.74,664.141,50.0,3.0,36.0
pol_HHH_eva_0404_000000012_0001_0001,FGFR2,0,Cao et al FGFR2,61.0,0.013,0.013,0.012,0.056,0.26,0.27,0.62,17.656,25.0,0.095,0.022,23.76,15.95,-41.15,-2.5,1643.61,0.64,0.61,0.14,1.0,0.67,-53.07,-2.95,1798.58,0.66,858.168,55.0,1.0,40.0
pol_ems_ferrM_1653_000000010_0001_0001,FGFR2,0,Cao et al FGFR2,63.0,0.144,0.204,0.044,0.206,0.53,0.56,0.71,10.536,4.6,0.127,0.223,22.77,20.89,-43.03,-2.55,1686.94,0.7,0.56,0.12,4.0,0.64,-56.52,-3.18,1779.54,0.57,909.963,36.364,6.0,44.0
qiuzhen_li_Seq4,EGFR,0,Adaptyv binder comp round 1,19.0,0.051,0.296,0.028,0.223,0.81,0.82,0.7,15.644,4.8,0.305,0.316,34.02,49.18,-33.76,-2.13,1586.49,0.67,0.72,0.42,3.0,0.68,-44.22,-2.21,1998.96,0.55,754.404,51.351,7.0,37.0
rif_buried_ferr_hb1_1143_000000007_0001_0001,FGFR2,0,Cao et al FGFR2,61.0,0.017,0.02,0.014,0.162,0.3,0.31,0.63,14.652,6.1,0.091,0.04,21.14,21.98,-31.96,-2.72,1173.42,0.61,0.54,0.14,2.0,0.64,-47.03,-2.99,1574.48,0.68,654.73,55.882,2.0,34.0
rif_fastrot_3001735d16c25d2dc744857ed7fc4b74_0001_000000000_0001_0001,FGFR2,0,Cao et al FGFR2,65.0,0.598,0.612,0.33,0.628,0.81,0.82,0.83,5.627,1.3,0.442,0.612,2.62,2.23,-42.37,-2.87,1475.92,0.59,0.62,0.3,5.0,0.72,-66.6,-3.56,1869.44,0.67,853.512,58.333,2.0,48.0
rif_fastrot_EHEE_hb1_1194_000000003_0001_0001,FGFR2,0,Cao et al FGFR2,65.0,0.232,0.246,0.136,0.333,0.59,0.62,0.75,9.127,3.5,0.296,0.291,15.03,10.45,-44.33,-2.72,1631.75,0.57,0.57,0.1,5.0,0.7,-47.16,-3.07,1537.89,0.7,851.938,46.667,5.0,45.0
rif_fastrot_cor_3h_hb1_3630_000000025_0001,FGFR2,0,Cao et al FGFR2,61.0,0.405,0.476,0.244,0.474,0.71,0.74,0.8,6.824,1.9,0.221,0.483,15.09,13.11,-50.59,-3.07,1645.56,0.7,0.58,0.17,3.0,0.67,-63.74,-3.24,1969.39,0.69,850.49,53.846,2.0,39.0
rif_fastrot_cor_8765a4d45e468d470aac65a2f3dfb4be_0001_1_000000019_0001_0001,FGFR2,0,Cao et al FGFR2,65.0,0.015,0.015,0.013,0.127,0.31,0.34,0.62,14.092,25.0,0.209,0.042,4.19,3.04,-42.61,-2.81,1514.72,0.63,0.65,0.13,3.0,0.71,-47.6,-2.64,1803.94,0.63,865.028,46.512,1.0,43.0
rif_fastrot_cor_EEHEE_rd4_0953_min_rise1_28_000000001_0001_0001,FGFR2,0,Cao et al FGFR2,43.0,0.017,0.018,0.015,0.171,0.31,0.36,0.67,13.206,25.0,0.051,0.032,20.49,34.32,-34.79,-2.55,1363.74,0.65,0.55,0.39,4.0,0.81,-51.47,-3.38,1524.39,0.75,710.756,50.0,4.0,34.0
rif_fastrot_cor_EHEE_06923_000000016_0001_0001,FGFR2,0,Cao et al FGFR2,65.0,0.014,0.018,0.013,0.114,0.33,0.34,0.64,15.561,25.0,0.144,0.059,12.49,9.98,-30.15,-2.45,1229.74,0.67,0.62,0.17,1.0,0.77,-47.57,-3.29,1446.95,0.71,717.295,34.286,2.0,35.0
rif_fastrot_cor_EHEE_13190_000000011_0001_0001,FGFR2,0,Cao et al FGFR2,65.0,0.014,0.015,0.012,0.126,0.24,0.31,0.6,16.232,7.9,0.152,0.046,19.73,10.81,-31.47,-2.07,1520.22,0.57,0.63,0.12,4.0,0.73,-49.18,-3.09,1593.19,0.65,661.378,54.286,0.0,35.0
rif_fastrot_cor_ems_ferrC_306_000000004_0001_0001,FGFR2,0,Cao et al FGFR2,64.0,0.015,0.102,0.013,0.125,0.46,0.49,0.69,12.517,6.9,0.191,0.08,6.13,5.6,-42.5,-2.57,1650.8,0.6,0.6,0.17,5.0,0.63,-52.28,-2.89,1809.52,0.6,861.133,53.061,5.0,49.0
rif_fastrot_ems_3hM_3092_000000000_0001,FGFR2,0,Cao et al FGFR2,63.0,0.189,0.238,0.122,0.298,0.52,0.58,0.72,9.071,4.3,0.238,0.167,10.9,8.65,-56.14,-3.0,1868.48,0.64,0.6,0.12,1.0,0.71,-69.69,-3.55,1963.04,0.68,972.829,52.174,1.0,46.0
rif_fastrot_ferr_hb1_1800_000000024_0001_0001,FGFR2,0,Cao et al FGFR2,60.0,0.014,0.017,0.012,0.091,0.31,0.32,0.64,15.845,25.0,0.062,0.024,8.68,10.48,-41.52,-2.45,1695.89,0.58,0.64,0.09,2.0,0.81,-53.45,-3.33,1603.29,0.69,991.419,51.111,4.0,45.0
rif_normal_81edd475147c246fb848bb9dc70107e3_0001_000000021_0001,FGFR2,0,Cao et al FGFR2,65.0,0.036,0.085,0.014,0.141,0.38,0.42,0.67,12.589,25.0,0.111,0.07,19.45,24.97,-45.75,-2.93,1562.81,0.74,0.66,0.23,5.0,0.65,-50.38,-3.32,1518.08,0.72,842.765,55.814,1.0,43.0
rif_normal_EHEE_hb1_2646_000000013_0001,FGFR2,0,Cao et al FGFR2,65.0,0.013,0.013,0.012,0.064,0.18,0.2,0.58,18.358,25.0,0.081,0.021,35.13,23.08,-29.66,-1.98,1501.43,0.62,0.63,0.23,3.0,0.79,-60.88,-3.73,1633.68,0.76,727.219,37.5,4.0,40.0
rif_normal_EHEE_hb1_2832_000000008_0001_0001,FGFR2,0,Cao et al FGFR2,65.0,0.014,0.014,0.012,0.07,0.26,0.27,0.6,17.278,25.0,0.163,0.026,20.15,9.73,-35.18,-2.36,1488.79,0.66,0.57,0.19,5.0,0.69,-55.93,-3.12,1792.53,0.63,817.0,44.186,1.0,43.0
rif_normal_ems_ferrM_7064_0001_000000002_0001_0001,FGFR2,0,Cao et al FGFR2,62.0,0.129,0.144,0.06,0.283,0.45,0.5,0.69,11.031,4.0,0.147,0.104,21.09,24.86,-41.36,-2.54,1627.01,0.64,0.61,0.29,3.0,0.67,-57.27,-3.27,1751.88,0.6,881.044,47.5,3.0,40.0
rif_normal_ferr_hb1_1800_000000028_0001_0001,FGFR2,0,Cao et al FGFR2,60.0,0.015,0.016,0.014,0.113,0.24,0.29,0.61,16.996,25.0,0.076,0.02,18.95,30.3,-55.41,-3.3,1680.86,0.68,0.62,0.21,6.0,0.69,-50.75,-3.22,1576.35,0.68,969.597,45.098,1.0,51.0
rohith_mohan_model_67_69_2,EGFR,0,Adaptyv binder comp round 2,53.0,0.117,0.254,0.066,0.198,0.78,0.78,0.65,17.806,5.9,0.425,0.131,36.68,48.57,-58.56,-2.44,2396.03,0.56,0.63,0.14,8.0,0.52,-69.88,-2.18,3204.37,0.51,1329.193,45.161,9.0,62.0
ryanba_seq45,EGFR,0,Adaptyv binder comp round 1,80.0,0.507,0.646,0.24,0.441,0.9,0.9,0.69,14.188,1.9,0.551,0.606,33.43,42.18,-53.4,-2.17,2461.58,0.68,0.7,0.14,9.0,0.58,-55.7,-1.97,2832.73,0.56,1499.031,43.056,13.0,72.0
ssomani_17,EGFR,0,Adaptyv binder comp round 2,162.0,0.0,0.0,0.0,0.0,0.29,0.3,0.52,26.9,25.0,0.0,0.0,12.02,22.85,-35.33,-1.62,2177.84,0.52,0.56,0.08,6.0,0.5,-20.41,-0.98,2083.93,0.51,1291.141,32.353,13.0,68.0
tadej_satler_egfr_binder_3,EGFR,0,Adaptyv binder comp round 2,121.0,0.464,0.634,0.197,0.32,0.86,0.86,0.79,11.184,3.1,0.606,0.457,2.09,3.31,-88.41,-2.25,3923.84,0.58,0.55,0.12,19.0,0.63,-80.99,-1.97,4108.28,0.56,2256.512,40.385,28.0,104.0
vratinsrivastava10_sequence_6,EGFR,0,Adaptyv binder comp round 1,70.0,0.02,0.028,0.012,0.073,0.64,0.64,0.66,19.389,8.2,0.427,0.057,70.94,57.72,-42.36,-2.21,1917.0,0.62,0.58,0.28,5.0,0.58,-32.3,-1.64,1967.99,0.58,973.711,43.137,6.0,51.0
wtj19921231_egfr_binder_design_208_dldesign_0_cycle1_run5_af2pred_pdb_A,EGFR,0,Adaptyv binder comp round 2,50.0,0.119,0.577,0.052,0.298,0.7,0.7,0.69,15.711,2.0,0.398,0.06,4.84,7.34,-77.29,-2.12,3643.74,0.58,0.61,0.15,6.0,0.56,-90.65,-2.19,4142.18,0.58,1862.377,37.5,16.0,96.0
z_peplib_pepseq_design_6,EGFR,0,Adaptyv binder comp round 2,50.0,0.0,0.0,0.0,0.0,0.19,0.2,0.58,28.589,25.0,0.0,0.0,23.75,69.75,-30.26,-1.9,1590.75,0.61,0.66,0.3,5.0,0.63,-22.81,-1.92,1190.4,0.61,667.537,33.333,4.0,39.0
2bnr_27_7_3_9_temp03_dldesign_630_af2pred,pMHC_NY1,1,pMHC screening NY2,145.0,0.627,0.85,0.405,0.693,0.94,0.94,0.94,4.596,0.9,0.45,0.922,1.06,1.45,-68.12,-2.43,2802.93,0.62,0.62,0.43,8.0,0.66,-73.38,-2.53,2903.57,0.69,1448.1,43.836,10.0,73.0
2bnr_33_4_1_6,pMHC_NY1,0,pMHC screening NY1,112.0,0.558,0.766,0.36,0.693,0.94,0.94,0.95,4.279,1.1,0.387,0.892,1.72,2.98,-67.95,-2.64,2576.62,0.54,0.67,0.34,7.0,0.57,-73.34,-2.69,2721.56,0.6,1301.473,50.0,6.0,66.0
AKAP9_binder_14,pMHC_SILSY1,0,pMHC screening SILSY1,124.0,0.578,0.782,0.377,0.674,0.94,0.95,0.94,4.138,1.0,0.401,0.908,1.59,2.57,-64.44,-2.24,2877.95,0.62,0.67,0.28,8.0,0.64,-65.57,-2.25,2915.88,0.62,1568.545,39.726,14.0,73.0
AKAP9_binder_19,pMHC_SILSY1,0,pMHC screening SILSY1,146.0,0.643,0.849,0.427,0.722,0.95,0.95,0.95,3.701,0.9,0.395,0.93,1.1,1.27,-76.65,-2.38,3222.32,0.62,0.62,0.36,14.0,0.65,-77.53,-2.45,3162.2,0.58,1643.316,43.902,14.0,82.0
AKAP9_binder_27,pMHC_SILSY1,0,pMHC screening SILSY1,124.0,0.516,0.732,0.338,0.625,0.93,0.94,0.94,4.663,1.1,0.431,0.876,1.32,1.86,-73.83,-2.46,3004.78,0.64,0.55,0.3,14.0,0.63,-76.73,-2.68,2858.72,0.64,1602.225,41.333,13.0,75.0
AKAP9_binder_7_dldesign_19_af2pred,pMHC_SILSY1,0,pMHC screening SILSY1,124.0,0.59,0.798,0.38,0.682,0.94,0.95,0.95,4.17,1.0,0.425,0.916,1.13,1.86,-65.23,-2.17,3009.72,0.63,0.55,0.24,9.0,0.64,-68.64,-2.41,2852.04,0.65,1592.877,40.278,17.0,72.0
AKAP9_binder_8_dldesign_17_af2pred,pMHC_SILSY1,0,pMHC screening SILSY1,124.0,0.586,0.792,0.382,0.676,0.94,0.94,0.95,4.185,1.0,0.425,0.916,1.3,1.57,-64.27,-2.17,2965.13,0.63,0.62,0.22,12.0,0.59,-60.51,-2.02,2990.41,0.56,1595.939,42.466,13.0,73.0
Grafting_Motif0040_ems_3hC_618_0001_0001,FGFR2,0,Cao et al FGFR2,64.0,0.073,0.092,0.024,0.2,0.39,0.43,0.68,11.815,25.0,0.164,0.071,21.9,20.16,-52.35,-2.99,1750.53,0.63,0.58,0.14,3.0,0.72,-69.57,-3.85,1805.43,0.7,885.77,56.25,0.0,48.0
Grafting_Motif0042_ems_3hC_1099_0001_0001,FGFR2,0,Cao et al FGFR2,64.0,0.172,0.192,0.098,0.292,0.55,0.57,0.71,9.775,3.6,0.121,0.236,18.6,20.15,-34.42,-2.67,1287.02,0.6,0.65,0.28,4.0,0.68,-59.77,-3.64,1641.28,0.7,648.075,51.429,1.0,35.0
Grafting_Motif0176_bcov_4helix_01028_0001,FGFR2,0,Cao et al FGFR2,65.0,0.013,0.015,0.012,0.092,0.26,0.29,0.61,15.932,25.0,0.088,0.034,20.89,22.07,-25.53,-2.63,971.55,0.66,0.62,0.26,0.0,0.66,-60.0,-3.26,1841.49,0.6,704.063,44.737,5.0,38.0
Grafting_Motif0182_bcov_4helix_00605_0001,FGFR2,0,Cao et al FGFR2,65.0,0.35,0.393,0.221,0.43,0.67,0.68,0.79,7.725,2.5,0.277,0.367,3.73,2.84,-40.51,-2.64,1533.0,0.58,0.6,0.25,2.0,0.76,-63.98,-3.41,1876.03,0.65,806.237,53.488,1.0,43.0
Grafting_Motif0263_bcov_4helix_05546_0001_0002,FGFR2,0,Cao et al FGFR2,65.0,0.063,0.067,0.016,0.172,0.34,0.42,0.63,13.421,4.9,0.113,0.044,6.51,6.65,-41.79,-2.75,1520.56,0.66,0.61,0.15,6.0,0.75,-66.85,-3.97,1685.92,0.65,847.523,48.78,4.0,41.0
Grafting_Motif0263_ems_3hM_1239_0001_0003,FGFR2,0,Cao et al FGFR2,64.0,0.017,0.042,0.015,0.166,0.35,0.36,0.65,13.116,25.0,0.098,0.054,5.72,8.44,-36.94,-2.58,1430.59,0.56,0.65,0.16,3.0,0.71,-64.49,-3.46,1865.78,0.69,840.742,46.341,4.0,41.0
Grafting_Motif0263_ems_3hM_3301_0001_0001,FGFR2,0,Cao et al FGFR2,63.0,0.019,0.036,0.016,0.213,0.3,0.32,0.63,13.453,25.0,0.096,0.057,24.23,18.88,-36.24,-2.66,1364.02,0.61,0.69,0.07,1.0,0.69,-66.08,-3.43,1927.35,0.64,753.3,50.0,4.0,40.0
Grafting_Motif0263_p1_14H_GBL_14H_GABBL_15H_0148_0001_0001_0002_0001,FGFR2,0,Cao et al FGFR2,51.0,0.207,0.327,0.107,0.382,0.64,0.68,0.75,8.405,2.6,0.364,0.304,13.88,20.06,-46.94,-3.06,1536.05,0.72,0.64,0.18,5.0,0.69,-65.56,-3.66,1790.83,0.69,783.833,52.5,5.0,40.0
Grafting_Motif0324_ems_3hC_109_0002_0001,FGFR2,0,Cao et al FGFR2,62.0,0.045,0.07,0.02,0.206,0.37,0.38,0.66,12.055,5.4,0.118,0.088,21.99,19.85,-41.51,-3.18,1305.41,0.62,0.63,0.12,6.0,0.74,-60.33,-3.61,1668.83,0.64,752.204,50.0,3.0,38.0
Grafting_Motif0363_HHH_eva_0612_0001_0002,FGFR2,1,Cao et al FGFR2,50.0,0.47,0.599,0.258,0.635,0.79,0.8,0.85,5.052,1.7,0.349,0.62,3.73,3.48,-58.92,-3.32,1773.93,0.81,0.64,0.17,4.0,0.76,-64.19,-3.52,1824.12,0.69,892.548,51.22,4.0,41.0
Grafting_Motif0374_bcov_4helix_06529_0001_0002,FGFR2,0,Cao et al FGFR2,65.0,0.013,0.014,0.012,0.087,0.25,0.27,0.6,16.562,25.0,0.115,0.024,16.51,32.17,-30.83,-1.92,1608.21,0.57,0.41,0.25,4.0,0.72,-60.26,-3.46,1743.56,0.67,922.829,48.78,3.0,41.0
Grafting_Motif0394_p1_14H_GBL_16H_GABBL_16H_0620_0001_0001_0002_0001_0001,FGFR2,0,Cao et al FGFR2,54.0,0.014,0.017,0.013,0.115,0.25,0.26,0.63,16.17,25.0,0.095,0.031,18.11,25.76,-31.86,-2.28,1400.42,0.7,0.65,0.19,0.0,0.72,-61.89,-3.61,1713.48,0.65,725.714,48.718,2.0,39.0
HEEHE_1347_000000018_0001,FGFR2,0,Cao et al FGFR2,65.0,0.085,0.093,0.027,0.203,0.46,0.47,0.68,11.95,5.2,0.184,0.08,21.37,18.09,-43.56,-2.88,1510.06,0.69,0.59,0.13,3.0,0.78,-62.72,-3.36,1866.64,0.65,811.284,51.22,4.0,41.0
IL7Ra_binder_AF2_18,IL7Ra,0,IL7Ra Watson et al,94.0,0.587,0.654,0.337,0.52,0.82,0.82,0.86,6.126,1.5,0.292,0.687,1.51,1.77,-44.27,-2.59,1710.13,0.6,0.68,0.25,7.0,0.7,-54.32,-3.12,1741.65,0.62,959.895,47.826,1.0,46.0
IL7Ra_binder_AF2_50,IL7Ra,0,IL7Ra Watson et al,70.0,0.666,0.799,0.393,0.647,0.88,0.88,0.9,4.745,1.0,0.37,0.829,2.14,2.61,-42.48,-2.47,1722.96,0.62,0.65,0.14,3.0,0.63,-49.27,-2.68,1836.06,0.63,944.671,40.909,4.0,44.0
IL7Ra_binder_AF2_51,IL7Ra,0,IL7Ra Watson et al,54.0,0.159,0.322,0.092,0.28,0.66,0.68,0.84,9.652,4.0,0.143,0.294,3.74,3.23,-39.41,-2.75,1432.0,0.64,0.63,0.19,3.0,0.67,-44.02,-3.16,1394.53,0.61,691.766,54.545,1.0,33.0
IL7Ra_binder_AF2_57,IL7Ra,0,IL7Ra Watson et al,75.0,0.62,0.721,0.342,0.58,0.86,0.86,0.88,5.532,1.3,0.359,0.739,2.8,4.59,-42.61,-2.41,1769.82,0.65,0.62,0.1,6.0,0.7,-52.25,-2.98,1750.89,0.57,891.68,43.478,4.0,46.0
IL7Ra_binder_AF2_75,IL7Ra,0,IL7Ra Watson et al,65.0,0.607,0.723,0.354,0.62,0.87,0.87,0.9,5.052,1.3,0.415,0.748,2.14,3.53,-59.95,-2.7,2219.0,0.68,0.57,0.18,9.0,0.65,-59.58,-3.02,1975.7,0.58,1049.149,46.809,4.0,47.0
IL7Ra_binder_AF2_79,IL7Ra,0,IL7Ra Watson et al,64.0,0.647,0.78,0.361,0.643,0.89,0.89,0.9,4.903,1.0,0.309,0.872,1.34,1.69,-45.69,-2.98,1535.32,0.72,0.6,0.19,7.0,0.64,-46.02,-2.88,1596.09,0.53,810.438,42.5,9.0,40.0
IL7Ra_binder_AF2_8,IL7Ra,1,IL7Ra Watson et al,62.0,0.372,0.512,0.195,0.404,0.79,0.79,0.87,7.426,2.0,0.167,0.625,1.64,2.81,-43.64,-3.08,1418.62,0.68,0.69,0.37,2.0,0.71,-46.48,-3.32,1400.01,0.64,755.159,50.0,2.0,38.0
Insulin_receptor_binder_AF2_18,InsulinR,1,InsulinR Watson et al,51.0,0.376,0.55,0.22,0.521,0.77,0.78,0.87,6.265,2.3,0.229,0.532,2.63,2.49,-63.78,-3.33,1912.84,0.74,0.71,0.08,4.0,0.71,-64.58,-3.27,1975.35,0.68,999.301,45.833,5.0,48.0
Insulin_receptor_binder_AF2_38,InsulinR,0,InsulinR Watson et al,98.0,0.467,0.523,0.307,0.499,0.73,0.75,0.86,6.212,2.3,0.284,0.584,1.31,1.42,-45.7,-2.36,1933.08,0.63,0.66,0.14,4.0,0.63,-62.95,-3.05,2062.6,0.59,952.216,36.538,4.0,52.0
Insulin_receptor_binder_AF2_45,InsulinR,1,InsulinR Watson et al,55.0,0.646,0.807,0.409,0.668,0.89,0.89,0.92,4.278,1.2,0.21,0.884,1.76,1.76,-45.46,-3.05,1489.61,0.7,0.62,0.23,2.0,0.64,-44.12,-3.09,1427.13,0.65,749.948,43.902,5.0,41.0
Insulin_receptor_binder_AF2_61,InsulinR,0,InsulinR Watson et al,98.0,0.642,0.699,0.415,0.622,0.82,0.83,0.89,4.9,1.5,0.214,0.762,4.24,2.85,-43.41,-2.52,1723.04,0.69,0.57,0.07,2.0,0.67,-49.66,-2.85,1745.24,0.52,894.181,46.939,5.0,49.0
Insulin_receptor_binder_AF2_78,InsulinR,0,InsulinR Watson et al,72.0,0.585,0.693,0.376,0.603,0.81,0.83,0.89,5.234,1.5,0.249,0.69,4.4,3.98,-53.96,-3.21,1679.56,0.68,0.66,0.09,7.0,0.68,-53.53,-3.07,1743.88,0.65,881.398,37.778,7.0,45.0
Insulin_receptor_binder_AF2_87,InsulinR,0,InsulinR Watson et al,80.0,0.183,0.201,0.088,0.208,0.62,0.62,0.8,10.294,4.3,0.14,0.217,1.54,2.29,-49.26,-2.63,1874.5,0.62,0.52,0.25,7.0,0.63,-49.68,-2.69,1843.93,0.53,982.628,50.0,7.0,58.0
LTKBind_lk4,LTK,1,Bennet paper LTK prospective,55.0,0.623,0.859,0.297,0.623,0.92,0.92,0.93,5.127,1.1,0.445,0.811,1.96,2.86,-46.69,-2.54,1837.97,0.73,0.68,0.17,5.0,0.65,-51.08,-2.8,1824.17,0.63,936.679,43.75,7.0,48.0
LaMBO2_7_39,pMHC_NY1,0,pMHC screening NY1,120.0,0.014,0.084,0.012,0.072,0.75,0.75,0.78,13.873,8.2,0.231,0.095,2.98,2.47,-65.77,-2.42,2721.63,0.65,0.66,0.26,6.0,0.55,-54.48,-2.13,2557.65,0.63,1451.343,41.667,7.0,72.0
Motif0003_HEEHE_1577_0001_0002_3132_0001,FGFR2,0,Cao et al FGFR2,65.0,0.017,0.05,0.015,0.155,0.37,0.41,0.64,14.016,25.0,0.148,0.041,22.2,17.23,-42.33,-2.79,1519.74,0.67,0.65,0.19,2.0,0.71,-72.11,-3.94,1829.76,0.67,901.981,53.488,5.0,43.0
Motif0003_HEEHE_2774_0001_0002_2727_0001,FGFR2,0,Cao et al FGFR2,65.0,0.014,0.016,0.012,0.109,0.22,0.25,0.6,17.143,25.0,0.12,0.026,21.45,15.49,-37.45,-2.51,1490.68,0.56,0.65,0.19,4.0,0.8,-81.12,-4.16,1950.84,0.67,798.369,53.659,2.0,41.0
Motif0004_bcov_4helix_11459_0001_0002_6571_0001,FGFR2,0,Cao et al FGFR2,65.0,0.017,0.023,0.014,0.154,0.37,0.4,0.64,13.031,25.0,0.118,0.082,15.26,17.63,-38.38,-2.86,1340.27,0.7,0.6,0.26,3.0,0.75,-69.54,-4.27,1629.08,0.73,702.838,48.718,0.0,39.0
Motif0005_ems_3hC_1315_0001_0001_0003_184_0001,FGFR2,0,Cao et al FGFR2,63.0,0.025,0.051,0.015,0.169,0.33,0.4,0.64,13.311,6.5,0.107,0.04,21.9,17.32,-38.78,-2.44,1587.86,0.52,0.64,0.09,1.0,0.73,-56.2,-3.26,1721.54,0.59,898.073,52.083,3.0,48.0
Motif0006_bcov_4helix_14322_0001_0001_2479_0001,FGFR2,0,Cao et al FGFR2,65.0,0.152,0.154,0.065,0.235,0.53,0.54,0.71,10.661,4.9,0.202,0.112,13.41,19.87,-43.15,-2.8,1542.06,0.71,0.6,0.24,4.0,0.7,-51.1,-3.45,1479.33,0.7,818.476,53.659,2.0,41.0
Motif0010_HHH_b2_07103_0001_0001,SARS_CoV2_RBD,0,Cao et al SARS_CoV2_RBD,55.0,0.0,0.0,0.0,0.0,0.22,0.26,0.74,20.657,25.0,0.0,0.0,19.36,47.44,-26.33,-2.25,1170.26,0.6,0.64,0.27,4.0,0.68,-61.24,-3.17,1932.48,0.68,728.219,36.842,7.0,38.0
Motif0018_ems_3hM_235_0001_0002_6675_0001,FGFR2,0,Cao et al FGFR2,64.0,0.016,0.019,0.013,0.122,0.28,0.29,0.62,15.799,7.0,0.087,0.034,23.61,19.42,-37.51,-2.57,1460.32,0.58,0.68,0.1,0.0,0.75,-66.3,-3.77,1757.64,0.76,695.358,51.351,0.0,37.0
Motif0021_HEEHE_1082_0001_3267_0001,FGFR2,0,Cao et al FGFR2,65.0,0.017,0.02,0.013,0.133,0.34,0.35,0.65,14.7,25.0,0.113,0.064,19.98,27.56,-45.61,-3.34,1365.28,0.77,0.69,0.15,3.0,0.73,-68.05,-3.44,1977.4,0.63,707.591,50.0,1.0,32.0
Motif0021_HEEHE_3281_0001_0003_9832_0001,FGFR2,0,Cao et al FGFR2,65.0,0.165,0.175,0.073,0.239,0.55,0.57,0.7,10.603,4.4,0.201,0.152,21.67,17.05,-42.67,-2.7,1582.88,0.72,0.58,0.19,5.0,0.77,-64.03,-3.68,1741.02,0.72,838.885,57.143,3.0,42.0
Motif0034_HEEHE_0596_0001_0002_4458_0001,FGFR2,0,Cao et al FGFR2,65.0,0.013,0.015,0.012,0.102,0.22,0.23,0.59,19.326,25.0,0.074,0.02,19.99,11.78,-48.21,-2.92,1652.85,0.7,0.62,0.2,1.0,0.73,-68.17,-3.62,1885.68,0.69,879.072,64.583,1.0,48.0
Motif0036_bcov_4helix_14335_0001_3705_0001,FGFR2,0,Cao et al FGFR2,65.0,0.016,0.016,0.014,0.138,0.31,0.34,0.63,14.048,25.0,0.1,0.03,22.86,14.92,-34.63,-2.28,1520.44,0.57,0.55,0.16,2.0,0.75,-64.2,-3.59,1789.99,0.7,884.767,54.762,5.0,42.0
Motif0037_bcov_4helix_08282_0001_0002_8961_0001,FGFR2,0,Cao et al FGFR2,65.0,0.349,0.441,0.223,0.425,0.65,0.7,0.78,7.282,2.4,0.192,0.469,18.93,16.57,-42.42,-3.08,1375.06,0.64,0.61,0.17,2.0,0.7,-58.05,-3.33,1741.93,0.72,811.874,48.649,3.0,37.0
Motif0050_bcov_4helix_14491_0001_7671_0001,FGFR2,0,Cao et al FGFR2,65.0,0.222,0.248,0.124,0.298,0.59,0.62,0.74,9.29,3.3,0.197,0.192,2.22,3.41,-60.35,-3.85,1566.99,0.78,0.66,0.17,2.0,0.76,-74.16,-4.09,1814.65,0.63,797.669,58.14,4.0,43.0
Motif0059_ems_3hC_1242_0002_0001_0001_8988_0001,FGFR2,0,Cao et al FGFR2,63.0,0.014,0.016,0.012,0.108,0.28,0.35,0.62,15.196,25.0,0.163,0.032,21.29,33.99,-43.72,-2.54,1722.08,0.69,0.55,0.12,5.0,0.7,-60.36,-3.44,1753.93,0.66,949.199,45.652,3.0,46.0
Motif0065_ems_3hC_1737_0001_0002_0001,EGFR,0,Cao et al EGFR,62.0,0.0,0.0,0.0,0.0,0.17,0.19,0.73,21.588,25.0,0.0,0.0,11.89,13.94,-21.1,-2.04,1034.0,0.62,0.71,0.17,5.0,0.64,-56.35,-2.97,1900.06,0.64,517.434,40.0,2.0,30.0
Motif0085_ems_3hM_2876_0001_0001_0001,EGFR,0,Cao et al EGFR,62.0,0.011,0.012,0.011,0.041,0.38,0.39,0.8,15.552,25.0,0.202,0.024,13.07,15.81,-32.84,-1.69,1948.46,0.45,0.53,0.2,4.0,0.61,-53.95,-3.09,1748.1,0.64,1024.605,42.105,1.0,57.0
Motif0087_ems_3hM_3590_0001_0002_7662_0001,FGFR2,0,Cao et al FGFR2,63.0,0.55,0.609,0.304,0.566,0.79,0.8,0.82,6.176,1.3,0.338,0.651,5.79,7.13,-57.89,-3.36,1720.87,0.76,0.69,0.1,6.0,0.7,-56.8,-3.23,1757.91,0.72,847.716,47.368,5.0,38.0
Motif0093_bcov_4helix_14370_0001_0001,EGFR,0,Cao et al EGFR,65.0,0.015,0.021,0.013,0.125,0.37,0.39,0.79,14.107,25.0,0.158,0.054,8.72,13.45,-33.55,-2.33,1440.19,0.65,0.66,0.13,6.0,0.65,-48.11,-3.02,1591.5,0.73,729.586,50.0,5.0,40.0
Motif0112_ems_3hM_1727_0001_0001_8604_0001,FGFR2,0,Cao et al FGFR2,64.0,0.016,0.018,0.015,0.148,0.33,0.34,0.64,13.472,25.0,0.167,0.05,2.57,4.86,-43.73,-2.6,1682.56,0.58,0.57,0.0,1.0,0.77,-60.56,-3.7,1634.73,0.66,925.448,54.348,2.0,46.0
Motif0133_bcov_4helix_06830_0001_7887_0001,FGFR2,0,Cao et al FGFR2,65.0,0.016,0.017,0.014,0.123,0.27,0.29,0.62,16.429,7.2,0.107,0.034,20.2,20.44,-34.67,-2.77,1253.53,0.62,0.67,0.23,1.0,0.78,-66.06,-3.76,1758.86,0.68,725.77,53.846,2.0,39.0
Motif0263_p1_15H_GBL_16H_GABBL_15H_0356_0001_0001_0001_0001_0001,EGFR,0,Cao et al EGFR,54.0,0.05,0.056,0.024,0.16,0.44,0.53,0.82,11.36,25.0,0.156,0.114,14.81,17.16,-32.62,-2.04,1596.4,0.5,0.56,0.09,9.0,0.63,-54.86,-3.34,1643.85,0.71,902.84,44.444,10.0,45.0
Motif0308_bcov_4helix_01864_0001_0002_0001,EGFR,0,Cao et al EGFR,65.0,0.0,0.0,0.0,0.0,0.19,0.21,0.71,21.888,25.0,0.0,0.0,10.2,11.04,-43.84,-2.16,2033.17,0.62,0.59,0.29,4.0,0.73,-58.41,-3.34,1751.24,0.59,1028.812,52.0,5.0,50.0
Motif0324_ems_3hC_1062_0001_1210_0001,FGFR2,0,Cao et al FGFR2,64.0,0.209,0.225,0.115,0.299,0.54,0.56,0.71,9.586,3.2,0.32,0.208,2.94,3.49,-50.76,-2.66,1909.15,0.64,0.59,0.11,3.0,0.78,-65.34,-3.64,1794.16,0.69,1040.574,46.939,3.0,49.0
Motif0375_ems_3hC_1642_0001_0001,EGFR,0,Cao et al EGFR,64.0,0.0,0.0,0.0,0.0,0.15,0.17,0.73,24.173,25.0,0.0,0.0,17.43,39.93,-26.21,-1.66,1581.68,0.55,0.63,0.13,5.0,0.64,-62.63,-3.36,1864.88,0.61,918.948,36.957,8.0,46.0
Motif0452_bcov_4helix_03640_0001_0003_0001,EGFR,0,Cao et al EGFR,65.0,0.0,0.0,0.0,0.0,0.23,0.26,0.75,20.243,25.0,0.0,0.0,11.97,22.4,-27.06,-1.75,1545.05,0.59,0.49,0.39,5.0,0.69,-63.6,-3.15,2016.39,0.73,785.968,38.298,4.0,47.0
Motif0524_ems_3hM_1201_0001,SARS_CoV2_RBD,0,Cao et al SARS_CoV2_RBD,60.0,0.0,0.0,0.0,0.0,0.25,0.25,0.73,21.135,25.0,0.0,0.0,20.21,31.12,-31.29,-1.9,1646.96,0.52,0.66,0.3,4.0,0.65,-61.31,-3.03,2023.81,0.68,805.168,42.5,1.0,40.0
Motif0977_HHH_b1_07317_0001_0002,SARS_CoV2_RBD,0,Cao et al SARS_CoV2_RBD,57.0,0.0,0.0,0.0,0.0,0.24,0.27,0.74,19.054,25.0,0.0,0.0,8.26,9.17,-29.96,-1.98,1513.27,0.57,0.68,0.17,3.0,0.68,-53.2,-2.82,1889.07,0.69,838.561,39.13,9.0,46.0
Motif0983_bcov_4helix_12883_0001,SARS_CoV2_RBD,0,Cao et al SARS_CoV2_RBD,65.0,0.014,0.069,0.013,0.111,0.37,0.51,0.75,13.05,25.0,0.209,0.081,18.38,50.99,-40.5,-2.19,1850.69,0.54,0.66,0.17,5.0,0.65,-52.14,-2.67,1955.11,0.71,1044.195,40.385,9.0,52.0
Motif1004_HEEHE_2642_0001_0002_9284_0001,FGFR2,0,Cao et al FGFR2,65.0,0.102,0.111,0.035,0.218,0.48,0.5,0.69,12.121,4.1,0.14,0.104,19.88,18.84,-44.3,-2.98,1487.47,0.72,0.65,0.12,1.0,0.76,-68.78,-4.32,1590.55,0.74,771.486,46.154,0.0,39.0
Motif1004_bcov_4helix_11649_0001_0001_2613_0001,FGFR2,0,Cao et al FGFR2,65.0,0.011,0.018,0.011,0.06,0.28,0.32,0.61,16.369,25.0,0.12,0.024,18.86,18.5,-35.57,-2.37,1501.68,0.65,0.61,0.23,3.0,0.71,-71.65,-3.9,1837.15,0.67,833.891,47.619,2.0,42.0
Motif1005_HEEHE_1411_0001_0004_203_0001,FGFR2,1,Cao et al FGFR2,65.0,0.171,0.255,0.079,0.302,0.47,0.49,0.7,10.523,2.9,0.113,0.12,8.11,9.49,-41.19,-2.76,1491.01,0.62,0.65,0.09,2.0,0.79,-80.46,-4.35,1848.99,0.77,750.249,53.846,1.0,39.0
Motif1005_HEEHE_1490_0001_0002_8685_0001,FGFR2,0,Cao et al FGFR2,65.0,0.016,0.024,0.014,0.161,0.35,0.37,0.65,13.742,6.5,0.131,0.044,20.58,19.42,-29.46,-2.16,1364.91,0.38,0.65,0.13,2.0,0.75,-73.89,-3.89,1899.76,0.65,762.547,51.282,2.0,39.0
Motif1005_HHH_eva_0300_0001_0001_5876_0001,FGFR2,1,Cao et al FGFR2,62.0,0.645,0.735,0.369,0.668,0.84,0.85,0.87,4.536,1.0,0.397,0.729,1.74,2.36,-61.46,-3.58,1715.49,0.7,0.6,0.23,6.0,0.78,-78.98,-4.06,1944.25,0.72,776.956,55.0,4.0,40.0
Motif1009_HEEHE_1287_0001_6731_0001,FGFR2,0,Cao et al FGFR2,65.0,0.026,0.049,0.016,0.201,0.33,0.36,0.63,13.321,5.7,0.095,0.056,12.24,12.63,-31.54,-1.98,1595.36,0.55,0.66,0.12,1.0,0.71,-65.61,-3.43,1914.48,0.71,866.418,55.0,2.0,40.0
Motif1019_ems_3hM_91_0001_0002_1455_0001,FGFR2,0,Cao et al FGFR2,62.0,0.105,0.138,0.051,0.274,0.38,0.47,0.66,11.304,25.0,0.213,0.097,4.59,4.76,-39.61,-2.66,1486.56,0.73,0.62,0.07,5.0,0.7,-57.41,-3.64,1579.18,0.67,775.723,54.762,2.0,42.0
Motif1026_HEEHE_2331_0001_0002_2719_0001,FGFR2,0,Cao et al FGFR2,65.0,0.71,0.772,0.406,0.656,0.87,0.88,0.88,4.704,0.9,0.414,0.688,2.86,2.62,-58.91,-3.18,1852.07,0.77,0.66,0.1,5.0,0.75,-77.91,-3.76,2072.57,0.73,912.861,51.163,3.0,43.0
Motif1031_bcov_4helix_05929_0001_0001_7853_0001,FGFR2,0,Cao et al FGFR2,65.0,0.044,0.089,0.018,0.149,0.37,0.49,0.66,12.458,25.0,0.166,0.068,13.03,12.49,-54.98,-2.84,1935.73,0.61,0.54,0.37,4.0,0.79,-72.66,-3.62,2006.34,0.74,945.646,56.25,2.0,48.0
Motif1034_bcov_4helix_06495_0001_5224_0001,FGFR2,0,Cao et al FGFR2,65.0,0.017,0.021,0.014,0.141,0.29,0.34,0.61,14.993,25.0,0.101,0.051,19.12,19.98,-42.46,-2.88,1475.87,0.73,0.54,0.17,0.0,0.74,-66.73,-3.95,1687.97,0.7,691.445,54.054,0.0,37.0
Motif1045_HEEHE_1202_0001_0001_4402_0001,FGFR2,0,Cao et al FGFR2,65.0,0.616,0.742,0.368,0.586,0.83,0.84,0.87,5.202,1.0,0.398,0.749,3.54,4.09,-60.17,-3.55,1693.8,0.78,0.61,0.26,8.0,0.78,-77.87,-4.14,1879.42,0.69,834.793,60.976,3.0,41.0
Motif1045_HEEHE_1408_0001_0001_1832_0001,FGFR2,0,Cao et al FGFR2,65.0,0.016,0.018,0.014,0.15,0.28,0.29,0.62,15.111,25.0,0.081,0.029,20.36,20.05,-39.4,-2.57,1534.2,0.63,0.61,0.11,2.0,0.8,-79.3,-4.25,1864.82,0.71,807.212,60.976,1.0,41.0
Motif1045_HEEHE_2912_0001_0003_4535_0001,FGFR2,0,Cao et al FGFR2,65.0,0.014,0.016,0.012,0.086,0.28,0.33,0.62,15.598,25.0,0.085,0.037,20.42,20.74,-40.17,-3.19,1259.61,0.65,0.58,0.26,3.0,0.75,-79.41,-4.24,1874.61,0.76,750.2,54.054,0.0,37.0
Motif1045_bcov_4helix_14505_0001_0002_1589_0001,FGFR2,0,Cao et al FGFR2,65.0,0.052,0.058,0.017,0.17,0.33,0.44,0.61,12.726,25.0,0.131,0.089,14.73,20.59,-37.85,-3.32,1140.77,0.71,0.62,0.17,2.0,0.72,-60.07,-4.07,1476.11,0.66,655.284,52.941,1.0,34.0
Motif1046_HHH_eva_0209_0001_5772_0001,FGFR2,0,Cao et al FGFR2,61.0,0.016,0.017,0.015,0.169,0.28,0.28,0.61,15.854,25.0,0.099,0.034,15.72,25.59,-20.98,-1.7,1236.79,0.57,0.6,0.26,3.0,0.73,-61.51,-3.16,1949.74,0.63,712.162,52.778,2.0,36.0
Motif1079_p1_15H_GBL_16H_GBL_16H_0017_0001_0001_0002_0001_8503_0001,FGFR2,0,Cao et al FGFR2,53.0,0.104,0.109,0.048,0.27,0.44,0.5,0.69,10.929,4.2,0.19,0.089,20.02,22.33,-38.44,-2.47,1556.9,0.66,0.63,0.15,6.0,0.68,-59.38,-3.3,1798.83,0.7,920.797,44.444,8.0,45.0
Motif1089_HEEHE_2403_0001_0002_2395_0001,FGFR2,0,Cao et al FGFR2,65.0,0.095,0.14,0.022,0.18,0.44,0.48,0.68,12.05,5.3,0.125,0.114,20.96,23.88,-43.28,-3.21,1349.04,0.71,0.67,0.16,2.0,0.78,-56.33,-3.36,1677.31,0.73,738.328,52.632,2.0,38.0
Motif1135_HEEHE_0879_0001_4395_0001,FGFR2,0,Cao et al FGFR2,65.0,0.25,0.353,0.146,0.362,0.53,0.65,0.72,9.239,2.5,0.38,0.153,23.77,21.02,-66.99,-2.64,2533.83,0.61,0.62,0.17,4.0,0.78,-67.74,-3.74,1809.75,0.73,1264.826,65.152,5.0,66.0
Motif1187_bcov_4helix_04226_0002_9867_0001,FGFR2,0,Cao et al FGFR2,65.0,0.206,0.226,0.105,0.324,0.63,0.64,0.71,10.193,3.3,0.241,0.222,20.29,31.06,-26.43,-2.01,1317.99,0.49,0.55,0.37,3.0,0.79,-68.44,-4.0,1709.17,0.75,752.281,55.263,4.0,38.0
Motif1187_bcov_4helix_06943_0001_5338_0001,FGFR2,0,Cao et al FGFR2,65.0,0.012,0.015,0.011,0.076,0.24,0.25,0.6,17.925,25.0,0.075,0.023,8.69,8.01,-36.59,-2.27,1611.41,0.58,0.48,0.46,2.0,0.73,-62.06,-3.31,1874.43,0.63,854.009,51.111,5.0,45.0
Motif1238_bcov_4helix_08698_0001_0001_8149_0001,FGFR2,0,Cao et al FGFR2,65.0,0.053,0.055,0.018,0.199,0.36,0.38,0.65,13.671,25.0,0.155,0.048,10.34,12.91,-32.64,-2.22,1473.11,0.53,0.56,0.14,3.0,0.71,-63.81,-4.0,1594.76,0.71,806.071,51.111,3.0,45.0
Motif1238_ems_3hM_756_0001_0001_1014_0001,FGFR2,1,Cao et al FGFR2,64.0,0.366,0.42,0.218,0.463,0.71,0.71,0.8,7.175,2.4,0.368,0.584,3.66,2.77,-54.78,-3.53,1552.17,0.68,0.58,0.16,7.0,0.74,-66.66,-3.63,1838.66,0.7,834.687,47.619,4.0,42.0
Motif1285_bcov_4helix_08015_0001_1306_0001,FGFR2,0,Cao et al FGFR2,65.0,0.015,0.018,0.013,0.138,0.26,0.31,0.61,14.905,25.0,0.116,0.04,9.84,6.62,-35.92,-2.93,1225.01,0.72,0.66,0.22,4.0,0.78,-68.78,-3.77,1823.27,0.65,686.385,60.606,1.0,33.0
Motif1309_HHH_eva_0013_0001_0002_1_6857_0001,FGFR2,1,Cao et al FGFR2,60.0,0.676,0.714,0.357,0.674,0.86,0.86,0.87,4.867,1.1,0.451,0.726,2.18,2.4,-54.94,-2.98,1846.28,0.7,0.58,0.11,5.0,0.76,-75.66,-3.48,2174.91,0.68,952.77,48.98,3.0,49.0
Motif2423_HHH_b1_07442_0001,SARS_CoV2_RBD,0,Cao et al SARS_CoV2_RBD,56.0,0.0,0.0,0.0,0.0,0.19,0.22,0.73,22.522,25.0,0.0,0.0,18.49,24.48,-38.18,-2.21,1730.19,0.63,0.6,0.29,5.0,0.66,-58.43,-3.03,1931.12,0.73,901.241,45.652,7.0,46.0
NYESO_parent_binder_partial_10_2_105_dldesign_1_af2pred,pMHC_NY1,1,pMHC screening NY2,145.0,0.611,0.838,0.395,0.686,0.94,0.94,0.94,4.554,0.9,0.439,0.929,2.05,2.4,-74.83,-2.6,2874.34,0.64,0.75,0.27,9.0,0.62,-69.96,-2.45,2851.09,0.64,1534.02,44.444,13.0,72.0
NYESO_parent_binder_partial_10_2_230_dldesign_1_af2pred,pMHC_NY1,1,pMHC screening NY2,145.0,0.632,0.855,0.406,0.701,0.94,0.95,0.95,4.163,0.8,0.436,0.918,1.26,1.8,-70.15,-2.34,3004.29,0.64,0.68,0.19,10.0,0.66,-70.23,-2.29,3067.87,0.62,1574.115,50.685,12.0,73.0
NYESO_parent_binder_partial_10_3_341_dldesign_1_af2pred,pMHC_NY1,1,pMHC screening NY2,145.0,0.603,0.805,0.379,0.666,0.94,0.94,0.94,4.532,1.0,0.432,0.922,1.25,2.01,-72.6,-2.48,2932.38,0.62,0.7,0.54,9.0,0.6,-71.76,-2.41,2981.07,0.58,1606.631,45.333,10.0,75.0
NYESO_parent_binder_partial_20_2_355_dldesign_0_af2pred,pMHC_NY1,0,pMHC screening NY2,145.0,0.421,0.659,0.273,0.535,0.89,0.89,0.92,6.628,1.7,0.298,0.723,1.7,1.6,-54.1,-1.87,2894.59,0.48,0.65,0.33,9.0,0.58,-63.66,-2.09,3048.84,0.62,1469.406,45.714,4.0,70.0
Pdl1_binder_AF2_1,Pdl1,0,Pdl1 Watson et al,100.0,0.364,0.395,0.259,0.463,0.67,0.69,0.8,6.816,2.7,0.476,0.458,2.11,1.67,-52.21,-2.72,1916.57,0.58,0.69,0.11,12.0,0.62,-55.59,-2.87,1938.92,0.65,1029.806,30.769,11.0,52.0
Pdl1_binder_AF2_13,Pdl1,0,Pdl1 Watson et al,62.0,0.601,0.742,0.347,0.662,0.84,0.85,0.89,4.493,1.3,0.317,0.766,1.25,1.66,-42.62,-2.79,1529.29,0.72,0.71,0.32,7.0,0.67,-42.47,-2.78,1529.88,0.72,847.517,42.857,10.0,42.0
Pdl1_binder_AF2_19,Pdl1,0,Pdl1 Watson et al,94.0,0.729,0.816,0.497,0.688,0.88,0.89,0.9,3.846,1.0,0.488,0.86,2.1,2.02,-50.42,-2.87,1758.63,0.7,0.76,0.04,7.0,0.67,-57.09,-3.1,1841.14,0.66,859.767,40.476,5.0,42.0
Pdl1_binder_AF2_48,Pdl1,0,Pdl1 Watson et al,96.0,0.509,0.537,0.348,0.564,0.76,0.78,0.84,5.643,1.9,0.422,0.628,25.67,15.42,-42.18,-2.44,1729.05,0.62,0.65,0.2,7.0,0.68,-46.4,-2.74,1692.46,0.69,936.712,38.0,7.0,50.0
Pdl1_binder_AF2_77,Pdl1,0,Pdl1 Watson et al,94.0,0.485,0.522,0.341,0.567,0.71,0.74,0.83,5.496,2.2,0.336,0.635,3.53,3.4,-43.16,-2.48,1740.42,0.58,0.62,0.4,8.0,0.6,-46.42,-2.7,1719.24,0.56,864.104,45.455,10.0,44.0
Razora712_sequence_3,EGFR,0,Adaptyv binder comp round 1,75.0,0.391,0.618,0.2,0.386,0.86,0.86,0.71,14.098,2.5,0.522,0.574,36.28,44.63,-50.95,-2.29,2229.01,0.65,0.6,0.17,4.0,0.61,-56.36,-2.1,2679.29,0.58,1434.219,38.806,14.0,67.0
Trka_binder_AF2_66,TrkA,0,TrkA Watson et al,65.0,0.64,0.731,0.425,0.696,0.83,0.84,0.88,4.047,1.2,0.444,0.812,1.97,2.29,-40.0,-2.79,1433.49,0.72,0.75,0.1,4.0,0.66,-40.87,-2.81,1452.23,0.61,848.502,46.154,3.0,39.0
Trka_binder_AF2_8,TrkA,0,TrkA Watson et al,64.0,0.641,0.779,0.386,0.683,0.85,0.85,0.88,4.123,1.0,0.421,0.915,1.53,1.81,-42.16,-2.92,1445.88,0.69,0.66,0.29,6.0,0.75,-36.76,-2.61,1405.77,0.66,720.775,41.667,4.0,36.0
Trka_binder_AF2_87,TrkA,0,TrkA Watson et al,93.0,0.775,0.801,0.565,0.719,0.88,0.88,0.9,3.789,1.0,0.514,0.872,1.84,2.44,-49.67,-2.69,1849.44,0.7,0.61,0.26,8.0,0.66,-50.51,-2.78,1817.93,0.51,939.029,43.478,6.0,46.0
allongoldberg_3_52_1_refined,EGFR,0,Adaptyv binder comp round 2,55.0,0.0,0.0,0.0,0.0,0.2,0.22,0.59,28.219,25.0,0.0,0.0,16.87,32.98,-25.07,-1.71,1468.9,0.35,0.61,0.27,5.0,0.53,-57.89,-2.47,2346.76,0.59,820.396,35.714,4.0,42.0
aqamar_seq5,EGFR,0,Adaptyv binder comp round 1,73.0,0.0,0.0,0.0,0.0,0.46,0.47,0.64,22.781,25.0,0.0,0.0,34.65,41.57,-40.28,-1.99,2020.32,0.55,0.69,0.45,2.0,0.49,-34.56,-1.61,2144.75,0.5,1191.301,47.458,4.0,59.0
bcov_6ala_r1_HEEH_10552_000000000_0001_44_64_H____ems_3hM_3370_0001_0001_0001_0001,TrkA,0,Cao et al TrkA,61.0,0.0,0.0,0.0,0.0,0.2,0.21,0.58,19.423,25.0,0.0,0.0,22.53,22.28,-34.19,-2.43,1408.15,0.52,0.55,0.21,5.0,0.72,-50.48,-3.26,1546.23,0.7,859.362,50.0,2.0,42.0
bcov_revert_r1_HEEH_24497_000000002_0001_43_64_H____ems_ferrM_6553_0002_0001_0001_0001_0001,TrkA,0,Cao et al TrkA,63.0,0.643,0.819,0.419,0.63,0.86,0.88,0.88,4.661,0.8,0.395,0.848,8.19,6.45,-47.56,-3.04,1567.07,0.62,0.64,0.31,7.0,0.71,-52.52,-3.81,1379.59,0.64,688.646,33.333,3.0,36.0
bcov_v4_r2_HEEH_19357_000000010_0001_0001_44_64_H____ems_3hM_250_0001_0002_0001_0001,IL7Ra,0,Cao et al IL7Ra,63.0,0.562,0.745,0.328,0.606,0.85,0.86,0.89,5.133,1.2,0.316,0.805,3.09,4.94,-43.57,-3.03,1436.42,0.73,0.63,0.07,3.0,0.76,-59.21,-3.41,1738.81,0.62,814.442,47.619,4.0,42.0
carlos_bueno_WWB7,EGFR,0,Adaptyv binder comp round 1,200.0,0.0,0.0,0.0,0.0,0.2,0.21,0.46,28.127,25.0,0.0,0.0,33.91,52.22,-48.42,-1.73,2803.1,0.61,0.6,0.35,10.0,0.58,-32.72,-1.78,1842.65,0.6,1564.711,43.902,10.0,82.0
cside_mot_8c40777f775437e2e3363aa42b603b8f_0001_1_000000020_0001_18_27_H___p1_15H_GBL_16H_GABBL_16H_0041_0001_0001_0002_0001_0002_0001,EGFR,0,Cao et al EGFR,55.0,0.015,0.029,0.013,0.147,0.41,0.45,0.82,12.577,25.0,0.151,0.074,18.5,31.63,-31.65,-2.18,1448.87,0.52,0.55,0.2,5.0,0.8,-59.39,-3.64,1630.77,0.63,879.84,47.727,3.0,44.0
csplice_r1_4b397ff321495f1cf064223b6ad1b1e1_0001_000000002_0001_0001_24_33_H____60091493e9a1e78a97af177fbdf76fb6_0001_1_0001_0002_0001_0001_4_32_HHH_25_08780_25_0001,VirB8,0,Cao et al VirB8,65.0,0.013,0.017,0.012,0.105,0.34,0.46,0.73,14.702,25.0,0.217,0.04,46.99,35.43,-31.87,-1.75,1820.24,0.6,0.63,0.42,4.0,0.75,-55.29,-3.55,1558.44,0.72,965.649,53.061,5.0,49.0
csplice_r1_HEEH_00104_000000002_0001_0001_51_60_H____bcfe5f602c3a11759a1137071bf3b596_0001_1_0001_0002_0001_0001_4_34_HHH_28_29264_11_0001,VirB8,0,Cao et al VirB8,65.0,0.014,0.014,0.012,0.079,0.26,0.32,0.7,16.91,25.0,0.091,0.028,41.75,27.92,-37.13,-2.91,1276.81,0.65,0.62,0.24,2.0,0.78,-60.46,-3.82,1580.64,0.7,653.769,50.0,0.0,34.0
csplice_r1_HEEH_25006_000000001_0001_0001_43_52_H____ems_3hM_1129_0001_0003_0001_0001_24_63_HHH_39_33208_33_0001,VirB8,0,Cao et al VirB8,65.0,0.0,0.0,0.0,0.0,0.21,0.26,0.69,21.686,25.0,0.0,0.0,2.15,2.52,-44.06,-2.82,1564.3,0.57,0.52,0.1,0.0,0.65,-58.42,-3.5,1668.55,0.68,900.584,53.659,1.0,41.0
ems_3hM_3350_000000014_0001,FGFR2,0,Cao et al FGFR2,63.0,0.647,0.681,0.358,0.668,0.85,0.85,0.86,4.679,1.0,0.291,0.689,2.52,2.35,-45.34,-2.72,1665.29,0.59,0.58,0.06,4.0,0.68,-81.34,-4.02,2025.79,0.68,965.76,46.667,3.0,45.0
ems_3hM_480_000000000_0001,FGFR2,1,Cao et al FGFR2,64.0,0.302,0.38,0.193,0.467,0.69,0.7,0.79,7.14,2.6,0.256,0.374,19.35,16.97,-44.24,-2.93,1512.32,0.7,0.6,0.09,1.0,0.69,-65.11,-3.49,1866.4,0.69,888.121,59.091,1.0,44.0
ems_bGM_710_0002_000000002_0001,VirB8,0,Cao et al VirB8,52.0,0.043,0.052,0.014,0.143,0.48,0.5,0.77,13.184,5.7,0.083,0.139,18.22,24.28,-38.15,-3.01,1268.61,0.66,0.59,0.12,5.0,0.7,-54.72,-3.82,1434.32,0.73,655.578,43.75,4.0,32.0
fernando_meireles_design_hybrid_partial_diff_7_1_binder,EGFR,0,Adaptyv binder comp round 2,107.0,0.0,0.0,0.0,0.0,0.29,0.3,0.51,24.788,25.0,0.0,0.0,3.25,6.39,-81.86,-1.91,4294.91,0.6,0.58,0.21,16.0,0.64,-74.19,-1.87,3974.65,0.64,2385.354,39.64,19.0,111.0
il10ra_site1_sap_23_mot_HHH_b1_02708_af2_000000019_0001_23_39_H___HHH_eva_0544_af2_0002_0000100007_0000001_0_0001,IL10Ra,0,Bennet paper IL10Ra prospective,56.0,0.219,0.388,0.125,0.322,0.72,0.73,0.84,9.311,3.4,0.282,0.31,2.05,2.21,-49.12,-2.26,2175.39,0.61,0.59,0.17,9.0,0.62,-54.04,-2.71,1991.41,0.66,896.155,41.304,6.0,46.0
klima_jason_egfr_moxuu_0_27,EGFR,0,Adaptyv binder comp round 1,200.0,0.0,0.0,0.0,0.0,0.17,0.24,0.48,28.121,25.0,0.0,0.0,41.77,33.22,-44.21,-2.3,1919.52,0.61,0.61,0.38,9.0,0.54,-69.41,-2.19,3172.27,0.62,1054.619,42.373,12.0,59.0
longxing_Cationpi_ems_3hM_487_000000004_0001_0002,TrkA,1,Cao et al TrkA,62.0,0.573,0.681,0.359,0.672,0.82,0.82,0.87,4.656,1.3,0.446,0.845,2.29,2.12,-48.99,-2.88,1703.27,0.67,0.64,0.0,6.0,0.73,-65.65,-3.73,1760.09,0.77,944.069,42.222,5.0,45.0
longxing_Cationpi_ems_3hM_487_000000005_0001_0004,TrkA,1,Cao et al TrkA,62.0,0.58,0.646,0.36,0.676,0.82,0.83,0.87,4.523,1.3,0.442,0.82,2.33,2.17,-53.07,-3.34,1589.34,0.62,0.71,0.0,9.0,0.71,-58.58,-3.47,1686.18,0.73,918.331,48.837,5.0,43.0
longxing_HEEH_05274_000000000_0001_0001,IL7Ra,0,Cao et al IL7Ra,64.0,0.289,0.442,0.19,0.317,0.71,0.73,0.86,8.509,2.8,0.196,0.5,2.09,2.16,-50.1,-3.04,1645.85,0.72,0.63,0.16,5.0,0.67,-54.68,-3.19,1713.37,0.66,878.605,44.737,3.0,38.0
ltk_site1_sap_12_mot_HHH_b1_04032_000000026_0001_43_56_H___HHH_b2_05391_0001_0000400012_0000001_0_0001,LTK,0,Bennet paper LTK prospective,55.0,0.013,0.013,0.012,0.048,0.32,0.32,0.8,20.552,10.3,0.074,0.018,15.02,18.86,-34.75,-2.59,1341.1,0.62,0.66,0.07,2.0,0.62,-56.63,-2.69,2107.89,0.66,788.627,47.368,2.0,38.0
martin_pacesa_EGFR_l138_s90285_mpnn2,EGFR,1,Adaptyv binder comp round 1,138.0,0.711,0.723,0.388,0.484,0.9,0.91,0.71,13.986,1.3,0.549,0.81,3.7,4.43,-61.3,-2.67,2298.16,0.69,0.65,0.1,10.0,0.7,-57.62,-2.51,2297.19,0.62,1342.201,39.062,15.0,64.0
martin_pacesa_EGFR_l81_s82421_mpnn14,EGFR,0,Adaptyv binder comp round 1,81.0,0.41,0.53,0.214,0.375,0.87,0.87,0.69,15.121,2.8,0.45,0.525,31.05,40.21,-49.96,-2.34,2131.16,0.66,0.61,0.24,7.0,0.61,-62.51,-2.25,2774.94,0.57,1277.084,39.683,13.0,63.0
maxall4_EGFR_ED_BINDER_l124_s860500_mpnn1_model1_unrelaxed_rank_001_alphafold2_multimer_v3_model_1_seed_000_top1_mutation_D81N_round1_Chain_A,EGFR,0,Adaptyv binder comp round 2,124.0,0.675,0.698,0.38,0.443,0.9,0.9,0.73,13.614,1.3,0.577,0.569,2.8,3.35,-73.95,-2.51,2941.26,0.63,0.63,0.15,14.0,0.65,-77.38,-2.44,3176.69,0.63,1628.408,46.479,16.0,71.0
mlange05_A,EGFR,0,Adaptyv binder comp round 2,194.0,0.0,0.0,0.0,0.0,0.19,0.27,0.49,27.632,25.0,0.0,0.0,48.19,34.32,-51.8,-1.94,2665.39,0.63,0.6,0.17,11.0,0.62,-14.57,-1.16,1252.6,0.61,1643.129,40.58,10.0,69.0
mot_H_buried_3h_hb1_2089_000000001_0001_49_56_H___50d344021b34a33dba3234a2fcbcc026_0001_0001_0002_0001_0001,FGFR2,0,Cao et al FGFR2,65.0,0.0,0.0,0.0,0.0,0.22,0.23,0.59,18.627,25.0,0.0,0.0,16.22,19.59,-29.76,-1.89,1575.04,0.61,0.54,0.15,5.0,0.71,-45.71,-2.74,1668.35,0.7,890.299,42.222,2.0,45.0
mot_H_buried_ems_3hC_255_0002_000000000_0001_47_55_H___HEEHE_1676_0001_0001_0001_0001,FGFR2,0,Cao et al FGFR2,65.0,0.073,0.104,0.023,0.244,0.41,0.43,0.66,12.764,4.6,0.141,0.07,18.78,19.03,-46.34,-3.14,1474.87,0.6,0.6,0.18,4.0,0.74,-73.27,-4.01,1829.1,0.64,755.011,53.846,4.0,39.0
mot_H_fastrot_3h_hb1_1457_000000000_0001_52_57_H___0d703e27cee522efecfea81f24cf6490_0001_0001_0001,FGFR2,0,Cao et al FGFR2,65.0,0.015,0.032,0.013,0.117,0.32,0.35,0.64,14.102,25.0,0.116,0.052,19.74,19.9,-30.62,-2.43,1260.35,0.57,0.58,0.16,0.0,0.66,-49.0,-3.04,1613.96,0.62,716.816,52.941,0.0,34.0
mot_H_fastrot_HEEH_15960_000000006_0001_55_60_H___EHEE_hb1_5588_0001_0001_0001,FGFR2,0,Cao et al FGFR2,65.0,0.246,0.316,0.162,0.365,0.6,0.62,0.76,9.003,2.9,0.213,0.338,21.3,30.36,-46.92,-2.82,1663.72,0.66,0.63,0.15,3.0,0.7,-48.27,-2.77,1740.64,0.7,774.959,54.762,1.0,42.0
mot_H_fastrot_HEEH_15960_000000006_0001_56_63_H___3h_hb1_3503_0001_0002_0001_0001,FGFR2,0,Cao et al FGFR2,65.0,0.076,0.153,0.045,0.227,0.32,0.48,0.63,12.594,25.0,0.093,0.126,21.5,17.24,-61.76,-3.29,1877.21,0.76,0.64,0.16,5.0,0.73,-54.38,-3.42,1591.44,0.64,863.781,58.696,1.0,46.0
mot_H_fastrot_cor_3h_hb1_3344_000000002_0001_47_54_H___3h_hb1_211_0001_0002_0001,FGFR2,0,Cao et al FGFR2,64.0,0.017,0.038,0.014,0.162,0.32,0.4,0.63,13.204,5.7,0.133,0.046,15.8,13.71,-38.76,-2.41,1605.96,0.55,0.59,0.12,3.0,0.62,-49.51,-2.92,1692.75,0.67,871.782,55.102,2.0,49.0
mot_H_fastrot_cor_3h_hb1_3344_000000008_0001_48_54_H___3h_hb1_5395_0001_0003_0001,FGFR2,0,Cao et al FGFR2,61.0,0.112,0.125,0.056,0.28,0.41,0.51,0.68,10.626,4.1,0.197,0.108,16.56,12.28,-41.35,-2.97,1391.31,0.55,0.6,0.09,3.0,0.62,-49.29,-2.74,1796.03,0.56,803.885,52.381,2.0,42.0
mot_H_fastrot_cor_3h_hb1_5971_000000012_0001_53_59_H___EHEE_hb1_3891_0001_0002_0001_0001,FGFR2,0,Cao et al FGFR2,65.0,0.071,0.071,0.021,0.188,0.38,0.41,0.65,13.643,5.0,0.138,0.075,5.97,4.35,-37.4,-2.5,1493.58,0.61,0.61,0.11,4.0,0.76,-55.22,-3.19,1730.94,0.67,857.526,47.727,8.0,44.0
mot_H_fastrot_cor_3h_hb1_641_000000003_0001_49_56_H___EHEE_hb1_5424_0001_0001_0001_0001,FGFR2,0,Cao et al FGFR2,65.0,0.016,0.019,0.013,0.14,0.32,0.33,0.62,14.848,25.0,0.124,0.043,3.09,2.87,-43.52,-2.54,1710.84,0.68,0.65,0.09,5.0,0.67,-52.33,-3.26,1607.04,0.68,929.062,48.889,7.0,45.0
mot_H_fastrot_cor_6a0dbe623ca6136048b91531f2a2c636_0001_1_000000003_0001_18_23_H___4d48668ec67124b1bcc6255367f30348_0001_0001_0001_0001_0001,FGFR2,0,Cao et al FGFR2,65.0,0.21,0.237,0.111,0.285,0.48,0.59,0.7,8.942,3.9,0.122,0.167,10.06,15.16,-34.43,-2.45,1404.33,0.63,0.56,0.27,4.0,0.75,-52.17,-3.13,1668.95,0.67,785.962,52.273,4.0,44.0
mot_H_fastrot_cor_EHEE_hb1_1866_000000000_0001_16_22_H___EHEE_hb1_4468_0001_0001_0001,FGFR2,0,Cao et al FGFR2,65.0,0.017,0.022,0.015,0.16,0.32,0.38,0.63,13.361,6.0,0.141,0.042,23.91,16.04,-44.61,-2.6,1715.39,0.6,0.66,0.11,6.0,0.68,-50.92,-3.03,1680.49,0.73,983.802,54.0,2.0,50.0
mot_H_fastrot_cor_abde7b46eeb91f9ac4683c589f713694_0001_000000000_0001_42_46_H___01aba76299bddf24e9f15fe1efebf179_0001_1_0001_0001_0001,FGFR2,0,Cao et al FGFR2,65.0,0.017,0.043,0.015,0.159,0.31,0.4,0.62,13.217,25.0,0.136,0.037,10.16,14.32,-37.98,-2.44,1555.89,0.65,0.52,0.22,1.0,0.72,-54.75,-3.25,1687.07,0.62,848.375,52.273,5.0,44.0
mot_H_fastrot_ems_3hM_1605_000000001_0001_2_11_H___EHEE_hb1_2441_0001_0001_0001_0001,FGFR2,0,Cao et al FGFR2,65.0,0.117,0.148,0.039,0.201,0.47,0.5,0.68,11.98,4.5,0.169,0.081,26.42,18.04,-46.97,-2.61,1801.77,0.68,0.6,0.11,3.0,0.69,-60.14,-3.34,1798.04,0.66,988.586,50.98,7.0,51.0
mot_H_fastrot_ems_3hM_3092_000000000_0001_56_62_H___ems_3hM_1835_0001_0001_0001,FGFR2,0,Cao et al FGFR2,61.0,0.022,0.039,0.017,0.207,0.31,0.32,0.63,13.502,25.0,0.105,0.053,4.1,3.07,-36.48,-2.5,1458.14,0.54,0.52,0.16,5.0,0.68,-50.07,-2.99,1677.09,0.63,778.312,51.282,3.0,39.0
mot_H_normal_3h_hb1_3209_000000013_0001_59_63_H___8e34b14f644dc830159c9248e64060f7_0001_0001_0001,FGFR2,1,Cao et al FGFR2,65.0,0.639,0.716,0.363,0.66,0.83,0.84,0.85,5.021,1.0,0.263,0.784,2.87,2.62,-37.35,-3.17,1176.93,0.71,0.64,0.18,3.0,0.79,-56.83,-3.58,1585.35,0.63,705.72,45.714,6.0,35.0
mot_H_normal_3h_hb1_3627_000000010_0001_51_57_H___4bcee0fe17877636eff8393fb91a8ef2_0001_0001_0001_0001_0001,FGFR2,0,Cao et al FGFR2,65.0,0.567,0.623,0.34,0.647,0.79,0.8,0.82,5.484,1.4,0.193,0.543,15.55,29.97,-45.53,-2.79,1631.94,0.62,0.49,0.32,3.0,0.68,-58.89,-3.33,1770.0,0.73,819.479,45.238,1.0,42.0
mot_H_normal_3h_hb1_5890_000000015_0001_54_62_H___EHEE_hb1_4846_0001_0003_0001_0001,FGFR2,0,Cao et al FGFR2,65.0,0.101,0.139,0.039,0.191,0.48,0.51,0.67,12.475,4.8,0.154,0.116,33.44,16.27,-37.15,-2.83,1314.65,0.67,0.67,0.06,4.0,0.74,-58.55,-3.79,1545.41,0.65,714.818,56.41,6.0,39.0
mot_H_normal_4e0203f5ce0372eb70976b591e62cede_0001_000000001_0001_24_30_H___3h_hb1_2584_0001_0001,FGFR2,1,Cao et al FGFR2,63.0,0.7,0.739,0.401,0.699,0.87,0.87,0.87,4.232,1.0,0.407,0.74,1.58,2.02,-48.79,-2.69,1813.12,0.53,0.68,0.09,5.0,0.69,-59.97,-3.17,1890.92,0.68,971.217,48.936,1.0,47.0
mot_H_normal_HEEHE_2363_000000001_0001_43_52_H___3h_hb1_2456_0001_0001_1_0001_0001,FGFR2,0,Cao et al FGFR2,65.0,0.59,0.603,0.319,0.626,0.81,0.81,0.83,5.69,1.3,0.31,0.581,21.95,17.37,-38.59,-2.58,1496.95,0.46,0.6,0.06,3.0,0.67,-59.68,-3.36,1775.12,0.75,879.997,38.298,2.0,47.0
mot_H_normal_HEEHE_2363_000000001_0001_43_52_H___HEEHE_0441_0001_0001_0001,FGFR2,0,Cao et al FGFR2,65.0,0.447,0.552,0.238,0.447,0.75,0.76,0.81,7.531,1.6,0.237,0.442,6.94,5.14,-37.12,-2.92,1271.88,0.66,0.67,0.13,3.0,0.65,-44.73,-2.81,1594.2,0.6,676.189,58.824,3.0,34.0
mot_H_normal_HEEH_03871_000000004_0001_57_63_H___2555049b57843ae145f089eb00b2f747_0001_1_0001_0002_0001_0001,FGFR2,0,Cao et al FGFR2,65.0,0.014,0.014,0.012,0.079,0.26,0.28,0.59,18.221,25.0,0.136,0.022,19.01,21.63,-41.78,-2.82,1482.31,0.61,0.54,0.37,3.0,0.71,-56.48,-3.37,1675.16,0.7,774.791,57.5,1.0,40.0
mot_H_normal_HEEH_08897_000000013_0001_46_56_H___9b3d5dba02d3d8c24938c9abe2714735_0001_1_0001_0001_0001,FGFR2,0,Cao et al FGFR2,65.0,0.123,0.132,0.029,0.177,0.42,0.46,0.67,11.392,25.0,0.11,0.162,20.31,20.04,-22.58,-2.04,1107.84,0.6,0.61,0.16,0.0,0.73,-49.44,-3.21,1537.92,0.66,600.69,51.515,1.0,33.0
mot_H_normal_HEEH_08897_000000013_0001_46_56_H___EHEE_hb1_1026_0001_0002_0001_0001,FGFR2,0,Cao et al FGFR2,65.0,0.072,0.117,0.029,0.191,0.36,0.5,0.65,11.19,6.0,0.199,0.132,22.51,17.03,-43.38,-2.54,1707.6,0.64,0.61,0.21,5.0,0.78,-45.17,-2.83,1595.67,0.66,899.863,45.455,1.0,44.0
mot_H_normal_HEEH_08897_000000013_0001_46_56_H___EHEE_hb1_4740_0001_0003_0001_0001,FGFR2,0,Cao et al FGFR2,65.0,0.06,0.083,0.023,0.182,0.38,0.46,0.66,12.218,25.0,0.154,0.111,2.67,2.62,-39.11,-2.78,1405.48,0.71,0.71,0.12,4.0,0.73,-56.3,-3.19,1762.99,0.69,800.108,43.902,3.0,41.0
mot_H_normal_HEEH_08897_000000013_0001_46_56_H___ems_3hM_2401_0001_0001_0001_0001,FGFR2,0,Cao et al FGFR2,64.0,0.014,0.014,0.012,0.108,0.23,0.35,0.59,17.704,25.0,0.081,0.024,23.62,18.73,-41.62,-2.73,1524.91,0.57,0.56,0.18,2.0,0.73,-55.7,-3.56,1565.13,0.64,850.095,61.905,1.0,42.0
mot_H_normal_HHH_eva_0323_000000006_0001_54_61_H___ems_3hM_3637_0001_0001_0001,FGFR2,0,Cao et al FGFR2,61.0,0.013,0.013,0.012,0.065,0.23,0.26,0.61,16.272,25.0,0.088,0.034,36.27,19.71,-24.35,-2.07,1179.19,0.51,0.67,0.0,1.0,0.71,-66.17,-3.53,1875.3,0.68,687.689,42.105,4.0,38.0
mot_H_normal_a09e3fb96ff9cd68046938ae4fcfee02_0001_000000001_0001_3_8_H___05d7e7a5b5d8af15a10ef1c0ff679bce_0001_1_0001_0001_0001,FGFR2,0,Cao et al FGFR2,65.0,0.036,0.076,0.016,0.185,0.36,0.39,0.65,12.248,25.0,0.144,0.065,5.98,6.75,-41.54,-2.46,1687.87,0.59,0.57,0.17,4.0,0.74,-54.57,-3.25,1678.82,0.64,932.778,59.574,5.0,47.0
mot_H_normal_ems_3hC_187_0002_000000003_0001_25_31_H___3h_hb1_6630_0001_0001_0001,FGFR2,0,Cao et al FGFR2,63.0,0.019,0.032,0.015,0.153,0.4,0.41,0.63,17.543,25.0,0.111,0.053,37.91,23.45,-35.42,-3.04,1163.94,0.64,0.65,0.2,3.0,0.73,-64.95,-3.91,1662.8,0.67,708.792,50.0,2.0,36.0
mot_H_normal_ems_3hC_187_0002_000000003_0001_29_38_H___3h_hb1_884_0001_0002_0001_0001,FGFR2,0,Cao et al FGFR2,64.0,0.016,0.019,0.014,0.144,0.28,0.3,0.62,14.992,6.6,0.076,0.034,22.48,20.63,-39.51,-2.83,1394.38,0.58,0.61,0.07,1.0,0.65,-45.58,-3.07,1483.16,0.65,808.397,55.0,6.0,40.0
mot_H_normal_ems_3hM_1194_000000001_0001_2_11_H___cf656d8a858a0534e3f460bcc2f2cc61_0001_1_0001_0001,FGFR2,0,Cao et al FGFR2,65.0,0.015,0.028,0.012,0.101,0.27,0.36,0.62,14.404,25.0,0.094,0.044,18.55,23.52,-27.39,-2.03,1348.25,0.56,0.62,0.2,2.0,0.72,-66.01,-3.94,1677.38,0.65,776.318,51.22,1.0,41.0
mot_H_normal_f1959bc41105d49c5e38d92e8a10f31d_0001_1_000000002_0001_41_46_H___EHEE_hb1_6635_0001_0001_0001,FGFR2,0,Cao et al FGFR2,65.0,0.012,0.012,0.011,0.066,0.16,0.17,0.55,19.258,25.0,0.058,0.017,22.78,22.56,-25.64,-2.03,1262.96,0.47,0.59,0.08,4.0,0.62,-47.57,-3.26,1460.91,0.7,675.209,51.351,2.0,37.0
mot_P_fastrot_EHEE_hb1_2500_000000010_0001_46_52_59_63_P___EHEE_hb1_4126_0001_0001_0001,FGFR2,0,Cao et al FGFR2,65.0,0.014,0.017,0.012,0.11,0.28,0.32,0.61,15.37,25.0,0.124,0.036,19.55,9.7,-35.73,-2.63,1360.32,0.63,0.63,0.32,6.0,0.72,-52.04,-3.01,1728.53,0.61,746.008,45.238,5.0,42.0
mot_P_fastrot_cor_EHEE_hb1_1763_000000002_0001_3_5_57_63_P___EHEE_hb1_6532_0001_0001_0001,FGFR2,0,Cao et al FGFR2,65.0,0.264,0.32,0.172,0.362,0.62,0.67,0.77,8.166,3.0,0.348,0.272,27.78,29.06,-51.87,-2.49,2082.53,0.63,0.61,0.22,2.0,0.69,-51.85,-2.88,1802.1,0.67,1228.459,48.276,5.0,58.0
mot_P_normal_EHEE_hb1_2724_000000005_0001_46_48_59_63_P___EHEE_hb1_3044_0001_0001_0001,FGFR2,0,Cao et al FGFR2,65.0,0.016,0.016,0.013,0.118,0.23,0.24,0.56,18.062,25.0,0.081,0.023,29.28,29.24,-24.15,-2.06,1171.51,0.6,0.67,0.17,4.0,0.57,-48.99,-2.84,1726.24,0.6,668.766,47.222,2.0,36.0
mot_P_normal_ems_bGC_257_000000003_0001_41_43_46_50_P___EHEE_hb1_5290_0001_0001_0001,FGFR2,0,Cao et al FGFR2,65.0,0.012,0.013,0.012,0.055,0.23,0.29,0.59,17.619,25.0,0.142,0.026,18.26,30.85,-47.7,-2.52,1890.15,0.63,0.62,0.21,6.0,0.65,-41.88,-2.65,1582.46,0.69,1032.114,45.098,6.0,51.0
mot_P_normal_ferr_hb1_229_000000018_0001_4_8_56_62_P___EHEE_hb1_3133_0001_0001_0001,FGFR2,0,Cao et al FGFR2,65.0,0.025,0.052,0.016,0.207,0.33,0.35,0.63,13.284,25.0,0.12,0.043,12.81,9.54,-39.8,-2.61,1523.65,0.55,0.67,0.13,2.0,0.71,-47.77,-3.16,1509.47,0.62,768.044,47.5,1.0,40.0
nicholas_schnicker_schnick_04,EGFR,0,Adaptyv binder comp round 2,86.0,0.438,0.624,0.214,0.396,0.86,0.86,0.69,14.931,2.3,0.256,0.526,40.64,44.95,-62.15,-3.15,1972.19,0.67,0.65,0.2,6.0,0.68,-75.7,-2.86,2648.8,0.6,1114.184,43.137,11.0,51.0
nickboyd_Domain1_Seq2,EGFR,0,Adaptyv binder comp round 1,43.0,0.106,0.358,0.053,0.238,0.81,0.81,0.67,16.221,4.4,0.347,0.279,15.36,30.63,-39.82,-3.04,1308.46,0.74,0.58,0.18,2.0,0.73,-41.59,-2.52,1649.86,0.66,696.836,41.463,2.0,41.0
niklas_95B59203_B642_4754_BCD3_8E670A722C8D_l91_s349792600_mpnn2,EGFR,0,Adaptyv binder comp round 2,91.0,0.312,0.563,0.168,0.324,0.82,0.81,0.65,16.822,2.8,0.237,0.525,16.19,31.64,-37.94,-2.41,1577.39,0.63,0.54,0.15,6.0,0.68,-47.32,-2.3,2053.21,0.63,776.488,26.667,5.0,45.0
noah_holzleitner_Noah_EGFR_Binder_2,EGFR,0,Adaptyv binder comp round 2,60.0,0.58,0.719,0.269,0.511,0.94,0.94,0.69,13.066,1.5,0.477,0.738,34.75,46.74,-49.88,-2.36,2110.0,0.5,0.54,0.19,7.0,0.54,-52.72,-1.83,2884.14,0.56,1210.857,41.818,12.0,55.0
nsplice_r1_ems_3hM_1972_000000001_0001_0001_2_11_H____ems_3hM_444_0001_0004_0001_0001_24_63_HHH_04_01822_40_0001,VirB8,0,Cao et al VirB8,65.0,0.014,0.019,0.012,0.104,0.36,0.38,0.73,15.056,6.9,0.095,0.043,45.35,23.59,-41.51,-3.01,1380.81,0.76,0.67,0.22,3.0,0.77,-71.14,-3.6,1973.68,0.74,643.818,58.824,3.0,34.0
p53_AF2_29,Mdm2,1,Mdm2 Watson et al,120.0,0.663,0.789,0.386,0.622,0.9,0.9,0.84,4.749,0.9,0.428,0.733,2.32,1.82,-55.93,-2.85,1959.1,0.64,0.57,0.13,8.0,0.68,-59.16,-2.84,2080.72,0.57,1005.105,39.583,8.0,48.0
p53_AF2_40,Mdm2,1,Mdm2 Watson et al,103.0,0.676,0.789,0.453,0.667,0.89,0.89,0.85,4.327,0.9,0.5,0.791,1.65,1.46,-64.03,-2.87,2234.51,0.63,0.61,0.1,5.0,0.66,-74.22,-3.2,2316.34,0.54,1165.92,47.17,8.0,53.0
p53_AF2_42,Mdm2,1,Mdm2 Watson et al,108.0,0.646,0.798,0.401,0.622,0.89,0.9,0.84,4.738,0.9,0.376,0.815,2.48,1.76,-54.53,-3.09,1764.73,0.68,0.57,0.09,5.0,0.72,-55.32,-2.85,1942.02,0.57,927.101,42.222,7.0,45.0
p53_AF2_64,Mdm2,1,Mdm2 Watson et al,88.0,0.656,0.708,0.411,0.635,0.84,0.84,0.86,4.603,1.0,0.354,0.734,2.53,1.76,-49.81,-3.01,1654.49,0.62,0.56,0.12,6.0,0.68,-53.4,-3.03,1760.48,0.64,945.661,53.333,5.0,45.0
p53_AF2_73,Mdm2,1,Mdm2 Watson et al,118.0,0.644,0.706,0.357,0.599,0.86,0.86,0.83,5.064,1.0,0.396,0.609,5.69,3.19,-63.34,-2.89,2190.85,0.67,0.62,0.12,7.0,0.62,-60.83,-2.55,2383.59,0.54,1243.375,42.373,9.0,59.0
pol_3h_hb1_2115_000000007_0001_0001,FGFR2,1,Cao et al FGFR2,61.0,0.041,0.081,0.017,0.2,0.34,0.39,0.65,12.34,25.0,0.104,0.052,2.54,2.35,-38.18,-2.61,1462.52,0.5,0.61,0.1,3.0,0.76,-62.34,-3.93,1585.95,0.68,772.551,42.105,1.0,38.0
pol_3h_hb1_5495_000000015_0001,FGFR2,0,Cao et al FGFR2,63.0,0.244,0.269,0.155,0.364,0.62,0.68,0.76,8.338,3.9,0.253,0.265,23.12,25.58,-42.5,-2.56,1660.53,0.61,0.63,0.1,5.0,0.73,-64.83,-3.43,1888.11,0.71,968.353,42.857,9.0,49.0
pol_EHEE_hb1_3948_000000008_0001_0001,FGFR2,0,Cao et al FGFR2,65.0,0.189,0.213,0.105,0.313,0.48,0.59,0.7,9.474,3.3,0.207,0.239,6.94,4.47,-46.64,-3.29,1415.71,0.67,0.65,0.14,4.0,0.75,-49.42,-2.85,1736.79,0.71,763.331,45.0,4.0,40.0
pol_HEEHE_3222_000000017_0001_0001,FGFR2,0,Cao et al FGFR2,65.0,0.522,0.554,0.29,0.577,0.78,0.79,0.83,6.081,1.7,0.245,0.664,26.87,18.95,-58.67,-3.68,1592.38,0.65,0.57,0.09,2.0,0.71,-75.39,-4.12,1829.76,0.6,908.667,43.902,6.0,41.0
pol_e0e0651493743e9ca89b9b6d2ff66c1b_0001_1_000000011_0001,FGFR2,1,Cao et al FGFR2,65.0,0.466,0.514,0.27,0.589,0.75,0.75,0.82,5.841,2.0,0.279,0.593,9.56,9.86,-39.33,-2.74,1435.54,0.56,0.57,0.2,3.0,0.73,-61.13,-3.41,1790.42,0.65,863.28,62.791,4.0,43.0
pol_ems_3hC_866_000000000_0001,FGFR2,0,Cao et al FGFR2,64.0,0.016,0.019,0.014,0.165,0.28,0.29,0.61,15.406,25.0,0.081,0.03,7.95,5.81,-48.63,-2.93,1662.04,0.64,0.6,0.07,3.0,0.67,-63.38,-3.59,1764.15,0.6,852.746,50.0,1.0,42.0
rif_fastrot_13949fadef2b839675661303cf825130_0001_000000001_0001_0001,FGFR2,0,Cao et al FGFR2,65.0,0.012,0.014,0.012,0.066,0.22,0.29,0.59,16.448,25.0,0.118,0.028,11.5,10.55,-37.98,-2.43,1564.23,0.6,0.6,0.26,5.0,0.59,-38.47,-2.34,1643.22,0.59,788.333,53.659,3.0,41.0
rif_fastrot_265286c572ddb344a2291428ece0d611_0001_1_000000013_0001_0001,FGFR2,0,Cao et al FGFR2,65.0,0.055,0.064,0.021,0.174,0.42,0.45,0.67,11.839,25.0,0.201,0.05,9.56,9.55,-52.16,-2.51,2081.81,0.6,0.59,0.21,1.0,0.67,-52.83,-2.83,1864.86,0.65,1044.515,53.846,3.0,52.0
rif_fastrot_6f10f171e258a16133a1e7ff65db1d94_0001_000000001_0001_0001,FGFR2,0,Cao et al FGFR2,65.0,0.099,0.103,0.028,0.205,0.44,0.46,0.68,11.916,5.1,0.135,0.097,18.2,24.33,-36.78,-2.41,1526.14,0.51,0.57,0.21,4.0,0.69,-50.76,-3.04,1671.19,0.69,849.378,48.837,4.0,43.0
rif_fastrot_EHEE_03648_000000013_0001_0001,FGFR2,0,Cao et al FGFR2,65.0,0.024,0.032,0.014,0.152,0.44,0.45,0.65,13.631,6.6,0.234,0.056,18.74,8.28,-47.36,-3.02,1567.45,0.61,0.71,0.08,5.0,0.76,-56.47,-3.35,1685.5,0.74,892.613,51.111,3.0,45.0
rif_fastrot_EHEE_hb1_1055_000000026_0001_0001,FGFR2,0,Cao et al FGFR2,65.0,0.056,0.071,0.026,0.193,0.42,0.44,0.68,12.381,5.9,0.158,0.057,12.75,8.82,-57.32,-3.04,1887.17,0.71,0.65,0.09,7.0,0.74,-52.1,-2.96,1758.2,0.66,960.969,46.809,1.0,47.0
rif_fastrot_cor_3h_hb1_5320_000000012_0001_0001,FGFR2,0,Cao et al FGFR2,64.0,0.274,0.309,0.169,0.371,0.51,0.67,0.72,7.895,25.0,0.202,0.249,15.05,20.55,-32.75,-2.57,1274.42,0.62,0.6,0.16,2.0,0.74,-57.53,-3.2,1795.39,0.67,815.191,48.78,3.0,41.0
rif_fastrot_cor_EHEE_hb1_1441_000000004_0001_0001,FGFR2,0,Cao et al FGFR2,65.0,0.017,0.018,0.014,0.171,0.31,0.34,0.61,14.298,7.2,0.141,0.051,30.65,22.95,-43.13,-2.88,1499.86,0.66,0.54,0.03,4.0,0.73,-50.25,-2.99,1683.06,0.7,858.762,47.727,5.0,44.0
rif_fastrot_cor_EHEE_hb1_3857_000000005_0001_0001,FGFR2,0,Cao et al FGFR2,65.0,0.168,0.199,0.087,0.248,0.46,0.58,0.7,9.978,25.0,0.169,0.119,24.99,27.18,-40.57,-2.24,1810.54,0.53,0.5,0.24,2.0,0.69,-49.78,-2.78,1792.29,0.6,973.78,52.941,0.0,51.0
rif_fastrot_cor_ems_ferrC_415_000000003_0001_0001,FGFR2,0,Cao et al FGFR2,64.0,0.014,0.068,0.012,0.114,0.39,0.4,0.67,13.517,25.0,0.093,0.07,7.29,11.06,-31.28,-2.47,1266.19,0.6,0.69,0.2,2.0,0.65,-52.63,-2.92,1799.56,0.62,719.991,59.459,3.0,37.0
rif_fastrot_cor_f516499f45b4225f57482e4adf8ddded_0001_000000004_0001_0001,FGFR2,0,Cao et al FGFR2,65.0,0.016,0.039,0.013,0.125,0.34,0.38,0.64,14.21,25.0,0.142,0.047,20.6,22.06,-35.94,-2.9,1238.38,0.65,0.59,0.31,1.0,0.72,-59.45,-3.01,1975.14,0.61,707.061,59.091,1.0,44.0
rif_fastrot_cor_proteinG_5918_000000000_0001,FGFR2,0,Cao et al FGFR2,57.0,0.016,0.019,0.013,0.113,0.29,0.32,0.64,16.128,25.0,0.114,0.034,17.35,15.42,-38.64,-2.41,1602.03,0.68,0.59,0.17,2.0,0.71,-54.39,-3.32,1636.06,0.64,881.541,46.341,2.0,41.0
rif_fastrot_ems_ferrM_5813_0002_000000028_0001_0001,FGFR2,0,Cao et al FGFR2,63.0,0.195,0.22,0.078,0.256,0.54,0.56,0.73,9.681,3.9,0.127,0.137,20.18,18.22,-46.78,-2.76,1692.26,0.7,0.65,0.19,5.0,0.67,-48.15,-2.47,1945.37,0.65,855.586,47.727,2.0,44.0
rif_fastrot_ems_ferrM_985_0002_000000019_0001_0001,FGFR2,0,Cao et al FGFR2,64.0,0.026,0.051,0.015,0.174,0.34,0.39,0.64,12.772,6.5,0.128,0.05,15.43,8.85,-30.95,-1.84,1682.7,0.56,0.61,0.08,0.0,0.7,-46.9,-2.55,1842.47,0.66,899.787,50.0,0.0,44.0
rif_normal_90afbc9fac26663a5a9687690f6c0a95_0001_1_000000005_0001,FGFR2,0,Cao et al FGFR2,65.0,0.214,0.256,0.13,0.37,0.58,0.59,0.74,8.558,2.8,0.161,0.273,2.27,2.23,-50.2,-3.5,1435.15,0.62,0.61,0.28,4.0,0.69,-52.78,-3.31,1595.65,0.7,806.277,51.22,3.0,41.0
rif_normal_EHEE_hb1_2420_000000000_0001_0001,FGFR2,0,Cao et al FGFR2,65.0,0.041,0.06,0.016,0.159,0.39,0.48,0.67,12.469,25.0,0.131,0.077,16.45,12.66,-26.79,-2.23,1199.84,0.56,0.52,0.12,1.0,0.72,-59.18,-3.31,1786.73,0.65,651.59,43.243,2.0,37.0
rif_normal_EHEE_hb1_3096_000000009_0001_0001,FGFR2,0,Cao et al FGFR2,65.0,0.088,0.097,0.043,0.185,0.53,0.56,0.71,11.179,25.0,0.279,0.1,26.52,27.36,-35.21,-2.02,1741.62,0.52,0.6,0.16,3.0,0.75,-62.93,-3.46,1821.14,0.71,1002.962,51.064,2.0,47.0
rif_normal_EHEE_hb1_5777_000000016_0001_0001,FGFR2,0,Cao et al FGFR2,65.0,0.038,0.064,0.02,0.19,0.32,0.35,0.62,12.754,6.6,0.068,0.061,26.32,24.1,-33.35,-2.91,1147.46,0.69,0.71,0.15,1.0,0.67,-50.84,-3.03,1677.67,0.74,679.828,50.0,3.0,36.0
rif_normal_EHEE_hb1_800_000000000_0001,FGFR2,0,Cao et al FGFR2,65.0,0.097,0.112,0.034,0.247,0.5,0.51,0.71,11.584,4.0,0.15,0.077,26.66,16.81,-39.48,-2.84,1389.22,0.62,0.66,0.11,4.0,0.67,-57.28,-3.43,1671.12,0.65,772.753,46.341,6.0,41.0
rif_normal_ems_ferrM_2690_000000002_0001_0001,FGFR2,0,Cao et al FGFR2,64.0,0.267,0.285,0.146,0.333,0.51,0.63,0.7,8.791,3.5,0.343,0.281,19.58,12.68,-50.97,-2.65,1926.67,0.66,0.52,0.38,4.0,0.69,-52.47,-3.12,1680.78,0.66,1012.206,50.0,4.0,44.0
rif_normal_ems_ferrM_3735_0002_000000024_0001_0001,FGFR2,0,Cao et al FGFR2,63.0,0.026,0.047,0.014,0.137,0.42,0.45,0.66,12.681,6.8,0.178,0.063,23.35,20.03,-33.0,-2.24,1473.5,0.63,0.63,0.17,4.0,0.68,-49.59,-2.87,1726.32,0.6,791.052,44.186,3.0,43.0
salireza111_mini_1_0_,EGFR,0,Adaptyv binder comp round 1,20.0,0.132,0.601,0.05,0.418,0.89,0.9,0.7,13.54,1.9,0.282,0.516,14.84,31.82,-45.38,-3.26,1390.89,0.7,0.64,0.0,10.0,0.58,-35.86,-2.25,1596.98,0.57,675.301,27.778,15.0,36.0
x_rustamov_m_15_28,EGFR,0,Adaptyv binder comp round 1,100.0,0.576,0.647,0.296,0.452,0.9,0.9,0.69,14.393,1.9,0.504,0.63,34.02,42.13,-49.71,-2.04,2442.49,0.66,0.65,0.21,5.0,0.62,-61.5,-2.02,3039.19,0.66,1426.232,40.625,8.0,64.0
2bnr_18_49_0_21,pMHC_NY1,0,pMHC screening NY1,118.0,0.546,0.785,0.365,0.687,0.94,0.94,0.94,4.362,1.2,0.416,0.904,1.11,1.55,-66.49,-2.5,2659.52,0.58,0.62,0.57,9.0,0.57,-48.72,-1.76,2771.28,0.65,1598.658,42.683,8.0,82.0
2bnr_27_70_2_27,pMHC_NY1,0,pMHC screening NY1,120.0,0.588,0.81,0.396,0.711,0.94,0.95,0.95,3.897,1.0,0.356,0.916,0.98,1.36,-69.08,-2.46,2808.19,0.59,0.55,0.26,6.0,0.59,-72.26,-2.54,2843.63,0.67,1459.711,45.833,7.0,72.0
2bnr_27_7_3_9_temp001_dldesign_748_af2pred,pMHC_NY1,1,pMHC screening NY2,145.0,0.614,0.838,0.401,0.695,0.94,0.94,0.95,4.074,0.9,0.426,0.932,1.2,1.42,-74.43,-2.68,2777.77,0.66,0.68,0.59,11.0,0.67,-74.4,-2.59,2867.92,0.69,1469.652,43.836,8.0,73.0
2bnr_27_7_3_9_temp003_dldesign_138_af2pred,pMHC_NY1,0,pMHC screening NY2,145.0,0.648,0.871,0.441,0.724,0.95,0.95,0.95,3.714,0.8,0.44,0.938,1.17,1.43,-72.62,-2.62,2771.25,0.7,0.73,0.43,10.0,0.65,-68.72,-2.47,2777.62,0.67,1502.902,45.833,12.0,72.0
2bnr_27_7_3_9_temp01_dldesign_848_af2pred,pMHC_NY1,0,pMHC screening NY2,145.0,0.664,0.871,0.437,0.72,0.95,0.95,0.95,3.7,0.8,0.458,0.944,1.08,1.31,-60.55,-2.12,2851.1,0.64,0.69,0.22,9.0,0.62,-77.47,-2.61,2972.06,0.65,1502.803,42.254,8.0,71.0
2bnr_27_7_3_9_temp01_dldesign_959_af2pred,pMHC_NY1,1,pMHC screening NY2,145.0,0.666,0.87,0.437,0.727,0.95,0.95,0.95,3.803,0.8,0.431,0.946,1.0,1.31,-72.66,-2.54,2856.9,0.68,0.63,0.31,12.0,0.6,-69.6,-2.48,2803.01,0.65,1460.996,43.478,12.0,69.0
AKAP9_binder_16_dldesign_29_af2pred,pMHC_SILSY1,0,pMHC screening SILSY1,124.0,0.482,0.692,0.304,0.581,0.92,0.93,0.93,5.058,1.3,0.384,0.84,1.85,3.99,-65.14,-2.2,2966.8,0.62,0.66,0.22,9.0,0.6,-60.18,-1.96,3073.95,0.68,1476.203,38.356,8.0,73.0
AKAP9_binder_16_renumb_35_dldesign_0_af2pred,pMHC_SILSY1,0,pMHC screening SILSY1,124.0,0.58,0.78,0.37,0.675,0.94,0.94,0.95,4.35,1.0,0.411,0.909,1.67,2.53,-62.97,-2.14,2945.07,0.55,0.63,0.21,11.0,0.63,-66.58,-2.24,2967.3,0.6,1599.971,36.986,9.0,73.0
AKAP9_binder_20_renumb_15_dldesign_0_af2pred,pMHC_SILSY1,0,pMHC screening SILSY1,124.0,0.474,0.684,0.305,0.573,0.92,0.93,0.93,5.183,1.4,0.358,0.816,2.56,4.75,-64.65,-2.26,2856.81,0.57,0.59,0.21,9.0,0.57,-68.4,-2.33,2940.02,0.58,1561.131,35.135,15.0,74.0
AKAP9_binder_2_renumb_18_dldesign_0_af2pred,pMHC_SILSY1,0,pMHC screening SILSY1,124.0,0.626,0.837,0.39,0.717,0.94,0.94,0.95,4.156,0.9,0.385,0.919,1.87,2.58,-66.95,-2.25,2978.97,0.58,0.63,0.13,15.0,0.57,-71.3,-2.39,2984.81,0.65,1646.383,28.767,13.0,73.0
AKAP9_binder_4_dldesign_9_af2pred,pMHC_SILSY1,0,pMHC screening SILSY1,124.0,0.606,0.816,0.394,0.692,0.94,0.95,0.95,4.06,1.0,0.422,0.918,1.13,1.35,-71.0,-2.43,2918.25,0.65,0.6,0.12,16.0,0.69,-70.49,-2.54,2773.31,0.58,1575.518,42.667,13.0,75.0
Grafting_Motif0042_bcov_4helix_09335_0001,FGFR2,1,Cao et al FGFR2,65.0,0.103,0.144,0.051,0.247,0.39,0.45,0.66,10.598,4.7,0.134,0.144,12.5,11.74,-32.85,-2.53,1297.83,0.54,0.58,0.16,0.0,0.72,-69.32,-3.34,2076.69,0.62,758.583,45.946,2.0,37.0
Grafting_Motif0042_ems_3hC_963_0001_0001,FGFR2,0,Cao et al FGFR2,63.0,0.029,0.046,0.015,0.186,0.32,0.37,0.62,13.322,5.9,0.098,0.073,25.83,23.5,-37.64,-3.14,1197.97,0.66,0.63,0.12,2.0,0.68,-65.72,-3.53,1864.13,0.7,597.1,50.0,3.0,36.0
Grafting_Motif0072_ems_3hC_714_0001_0001,FGFR2,0,Cao et al FGFR2,64.0,0.047,0.062,0.02,0.216,0.34,0.4,0.64,12.961,25.0,0.119,0.043,21.82,24.19,-41.4,-2.7,1532.48,0.6,0.6,0.0,3.0,0.64,-52.31,-3.2,1636.52,0.64,786.247,53.659,0.0,41.0
Grafting_Motif0182_ems_3hM_77_0001_0001,FGFR2,0,Cao et al FGFR2,61.0,0.014,0.017,0.012,0.111,0.25,0.27,0.61,15.503,25.0,0.098,0.036,15.91,12.08,-46.45,-3.29,1413.41,0.68,0.62,0.2,3.0,0.71,-64.18,-3.83,1675.44,0.71,761.283,53.846,3.0,39.0
Grafting_Motif0184_bcov_4helix_13735_0001_0002,FGFR2,0,Cao et al FGFR2,65.0,0.054,0.065,0.02,0.211,0.4,0.43,0.67,12.528,25.0,0.109,0.074,20.34,22.39,-47.21,-3.06,1544.02,0.7,0.64,0.19,3.0,0.68,-55.62,-3.32,1673.22,0.64,772.522,55.0,3.0,40.0
Grafting_Motif0204_bcov_4helix_03028_0001,FGFR2,0,Cao et al FGFR2,65.0,0.015,0.034,0.014,0.134,0.37,0.39,0.65,13.659,25.0,0.118,0.041,2.56,2.66,-35.23,-2.65,1326.96,0.52,0.59,0.21,5.0,0.71,-56.46,-3.05,1851.33,0.75,809.726,47.619,4.0,42.0
Grafting_Motif0355_bcov_4helix_00159_0001,FGFR2,0,Cao et al FGFR2,65.0,0.027,0.029,0.016,0.184,0.37,0.4,0.64,13.587,25.0,0.142,0.06,17.89,17.28,-25.0,-2.22,1127.61,0.55,0.56,0.21,0.0,0.72,-50.57,-2.83,1789.36,0.63,724.465,51.429,2.0,35.0
Grafting_Motif0355_bcov_4helix_09659_0001,FGFR2,0,Cao et al FGFR2,65.0,0.247,0.304,0.162,0.432,0.61,0.64,0.74,7.983,3.1,0.202,0.287,24.02,17.34,-39.63,-2.96,1340.29,0.71,0.69,0.18,4.0,0.7,-65.24,-3.37,1937.39,0.69,734.003,55.0,4.0,40.0
Grafting_Motif0374_bcov_4helix_05493_0001_0002,FGFR2,0,Cao et al FGFR2,65.0,0.014,0.016,0.012,0.091,0.27,0.29,0.61,16.572,25.0,0.105,0.023,20.04,21.71,-48.66,-2.55,1910.85,0.63,0.54,0.25,5.0,0.69,-56.73,-3.41,1663.33,0.63,1114.283,44.898,3.0,49.0
Grafting_Motif0388_ems_3hM_5_0001_0003,FGFR2,0,Cao et al FGFR2,63.0,0.588,0.628,0.342,0.608,0.81,0.82,0.85,5.241,1.4,0.476,0.668,4.49,2.83,-45.89,-2.67,1720.25,0.66,0.6,0.04,4.0,0.72,-56.67,-3.4,1667.43,0.62,923.432,51.064,3.0,47.0
Grafting_Motif0394_bcov_4helix_08697_0001,FGFR2,0,Cao et al FGFR2,65.0,0.064,0.068,0.026,0.181,0.45,0.47,0.66,12.097,5.9,0.132,0.067,16.6,21.06,-29.29,-1.98,1479.86,0.56,0.56,0.37,3.0,0.68,-57.58,-3.61,1594.22,0.72,806.663,48.78,2.0,41.0
Grafting_Motif0601_bcov_4helix_10794_0001,FGFR2,0,Cao et al FGFR2,65.0,0.012,0.015,0.011,0.078,0.22,0.23,0.59,17.166,25.0,0.039,0.025,17.02,15.81,-27.33,-2.42,1128.47,0.72,0.62,0.3,2.0,0.69,-52.01,-3.02,1722.77,0.72,625.725,50.0,1.0,30.0
HEEHE_0250_000000002_0001,FGFR2,0,Cao et al FGFR2,65.0,0.012,0.015,0.011,0.085,0.23,0.24,0.59,17.099,25.0,0.077,0.021,21.94,17.81,-29.5,-2.29,1288.3,0.66,0.6,0.21,4.0,0.74,-72.87,-3.92,1857.73,0.66,679.108,50.0,1.0,38.0
HEEHE_2863_000000001_0001,FGFR2,0,Cao et al FGFR2,65.0,0.013,0.014,0.012,0.112,0.3,0.33,0.63,15.362,25.0,0.102,0.027,12.39,12.93,-49.54,-2.91,1702.91,0.69,0.49,0.43,9.0,0.71,-75.36,-4.01,1876.94,0.69,914.502,57.447,7.0,47.0
HEEHE_3082_000000008_0001,FGFR2,0,Cao et al FGFR2,65.0,0.016,0.116,0.014,0.144,0.49,0.52,0.7,12.667,25.0,0.181,0.076,26.32,26.4,-43.73,-3.09,1413.56,0.68,0.65,0.19,6.0,0.73,-65.82,-3.97,1659.24,0.64,838.492,50.0,5.0,46.0
IL7Ra_binder_AF2_15,IL7Ra,0,IL7Ra Watson et al,66.0,0.677,0.798,0.399,0.668,0.89,0.9,0.9,4.5,1.1,0.456,0.885,1.36,1.49,-55.01,-3.0,1835.43,0.65,0.61,0.14,6.0,0.67,-51.13,-3.09,1653.51,0.62,1014.091,42.553,0.0,47.0
IL7Ra_binder_AF2_24,IL7Ra,0,IL7Ra Watson et al,68.0,0.509,0.592,0.274,0.496,0.81,0.82,0.87,6.243,1.5,0.32,0.574,2.01,1.65,-51.92,-2.51,2067.56,0.54,0.6,0.07,9.0,0.63,-62.14,-3.31,1879.87,0.57,983.651,50.0,9.0,48.0
IL7Ra_binder_AF2_38,IL7Ra,0,IL7Ra Watson et al,78.0,0.5,0.587,0.297,0.507,0.78,0.79,0.86,6.334,1.5,0.238,0.668,1.99,2.95,-42.01,-2.83,1482.49,0.67,0.56,0.02,5.0,0.68,-45.02,-2.75,1635.95,0.59,896.31,39.535,4.0,43.0
IL7Ra_binder_AF2_83,IL7Ra,0,IL7Ra Watson et al,65.0,0.433,0.607,0.239,0.44,0.78,0.79,0.87,6.849,1.8,0.245,0.648,2.52,2.6,-49.0,-3.29,1491.38,0.75,0.59,0.16,4.0,0.74,-46.75,-2.94,1589.07,0.6,815.035,46.341,6.0,41.0
IL7Ra_binder_AF2_86,IL7Ra,0,IL7Ra Watson et al,85.0,0.52,0.569,0.284,0.486,0.8,0.81,0.86,6.588,1.5,0.304,0.675,1.89,1.82,-47.69,-2.65,1801.02,0.62,0.61,0.07,8.0,0.61,-54.34,-2.95,1843.41,0.59,1012.478,38.636,8.0,44.0
IL7Ra_binder_AF2_93,IL7Ra,0,IL7Ra Watson et al,74.0,0.622,0.739,0.364,0.59,0.85,0.86,0.89,5.619,1.3,0.33,0.813,2.0,1.56,-45.81,-2.81,1629.25,0.6,0.53,0.16,8.0,0.51,-51.72,-3.0,1721.28,0.56,883.375,31.818,6.0,44.0
Insulin_receptor_binder_AF2_37,InsulinR,0,InsulinR Watson et al,88.0,0.462,0.541,0.315,0.453,0.76,0.76,0.86,6.67,2.0,0.32,0.662,2.84,2.65,-67.59,-3.35,2019.22,0.62,0.65,0.18,12.0,0.65,-53.93,-2.53,2134.56,0.63,1088.346,42.593,10.0,54.0
Insulin_receptor_binder_AF2_54,InsulinR,0,InsulinR Watson et al,99.0,0.762,0.818,0.54,0.665,0.88,0.88,0.91,4.439,1.0,0.3,0.842,2.32,2.22,-64.35,-3.43,1878.59,0.7,0.64,0.09,13.0,0.78,-60.19,-3.19,1889.35,0.59,1039.153,39.216,16.0,51.0
Insulin_receptor_binder_AF2_56,InsulinR,1,InsulinR Watson et al,94.0,0.766,0.812,0.506,0.689,0.88,0.89,0.92,3.859,1.1,0.339,0.858,3.17,3.54,-47.27,-2.4,1972.14,0.58,0.62,0.17,7.0,0.58,-54.01,-3.0,1803.23,0.66,1140.845,36.207,11.0,58.0
Insulin_receptor_binder_AF2_65,InsulinR,0,InsulinR Watson et al,91.0,0.543,0.627,0.381,0.586,0.78,0.8,0.87,5.59,2.0,0.291,0.726,1.24,1.79,-52.46,-3.04,1725.24,0.65,0.58,0.09,7.0,0.56,-53.88,-2.92,1848.37,0.65,1010.389,38.298,9.0,47.0
Insulin_receptor_binder_AF2_72,InsulinR,0,InsulinR Watson et al,95.0,0.251,0.315,0.155,0.297,0.61,0.63,0.79,9.183,3.6,0.127,0.344,1.89,2.45,-40.79,-2.33,1753.72,0.55,0.61,0.16,3.0,0.66,-52.24,-2.8,1868.02,0.67,1059.171,42.857,4.0,49.0
Insulin_receptor_binder_AF2_93,InsulinR,1,InsulinR Watson et al,91.0,0.77,0.803,0.518,0.705,0.89,0.89,0.92,3.944,1.2,0.321,0.844,2.11,1.9,-52.6,-2.45,2148.33,0.59,0.64,0.13,6.0,0.7,-61.58,-3.09,1990.01,0.68,1267.97,36.842,8.0,57.0
Motif0010_HEEHE_2660_0001_5178_0001,FGFR2,0,Cao et al FGFR2,65.0,0.02,0.025,0.015,0.178,0.28,0.31,0.62,14.342,5.2,0.055,0.062,27.17,22.59,-34.18,-2.86,1196.72,0.73,0.66,0.18,0.0,0.72,-70.27,-3.73,1885.28,0.64,572.449,56.25,0.0,32.0
Motif0021_HEEHE_0316_0001_0004_7560_0001,FGFR2,0,Cao et al FGFR2,65.0,0.014,0.016,0.012,0.095,0.34,0.35,0.63,16.73,25.0,0.105,0.034,26.1,27.15,-32.11,-2.67,1201.97,0.72,0.69,0.19,7.0,0.77,-63.62,-3.31,1922.41,0.66,658.864,52.778,9.0,36.0
Motif0025_ems_3hM_2462_0001_0001,SARS_CoV2_RBD,0,Cao et al SARS_CoV2_RBD,63.0,0.0,0.0,0.0,0.0,0.19,0.21,0.71,22.202,25.0,0.0,0.0,22.03,39.84,-28.38,-2.41,1179.41,0.5,0.64,0.1,4.0,0.61,-54.31,-2.85,1902.98,0.66,633.112,36.111,1.0,36.0
Motif0030_ems_3hC_714_0001_0003_6877_0001,FGFR2,0,Cao et al FGFR2,64.0,0.239,0.263,0.156,0.359,0.49,0.64,0.71,8.012,3.5,0.189,0.337,20.95,19.54,-34.35,-2.91,1180.45,0.62,0.67,0.03,2.0,0.72,-60.51,-3.47,1744.13,0.74,616.334,54.839,2.0,31.0
Motif0034_ems_3hC_1017_0001_0001_5279_0001,FGFR2,0,Cao et al FGFR2,62.0,0.015,0.016,0.013,0.118,0.25,0.27,0.61,15.213,25.0,0.074,0.029,23.5,15.03,-39.77,-2.62,1516.39,0.57,0.58,0.03,3.0,0.69,-68.05,-3.5,1944.2,0.63,880.42,51.163,5.0,43.0
Motif0041_HEEHE_2746_0001_0002_9013_0001,FGFR2,0,Cao et al FGFR2,65.0,0.014,0.02,0.012,0.097,0.32,0.34,0.64,15.224,25.0,0.12,0.035,19.72,18.48,-38.42,-2.59,1482.44,0.63,0.57,0.19,1.0,0.74,-76.2,-4.11,1853.8,0.72,840.924,53.333,0.0,45.0
Motif0041_bcov_4helix_08091_0001_0001_2551_0001,FGFR2,0,Cao et al FGFR2,65.0,0.018,0.018,0.015,0.157,0.35,0.36,0.63,14.0,25.0,0.164,0.042,18.14,18.66,-46.81,-2.83,1655.08,0.68,0.57,0.23,4.0,0.69,-71.2,-3.67,1942.18,0.7,827.769,58.537,4.0,41.0
Motif0041_ems_3hC_830_0001_0001_0002_8731_0001,FGFR2,1,Cao et al FGFR2,64.0,0.735,0.759,0.422,0.695,0.87,0.88,0.88,4.586,0.9,0.39,0.857,2.71,2.95,-53.91,-3.58,1505.15,0.69,0.63,0.09,6.0,0.72,-64.38,-4.05,1591.2,0.69,871.094,50.0,5.0,38.0
Motif0046_bcov_4helix_06742_0001_6413_0001,FGFR2,0,Cao et al FGFR2,65.0,0.034,0.037,0.017,0.191,0.35,0.38,0.62,13.548,25.0,0.114,0.047,20.26,25.29,-45.27,-3.01,1504.01,0.61,0.6,0.19,4.0,0.78,-65.56,-3.67,1786.74,0.72,796.5,54.545,2.0,44.0
Motif0063_ems_3hM_441_0001_0001_0001,EGFR,0,Cao et al EGFR,64.0,0.53,0.743,0.295,0.606,0.84,0.84,0.9,5.252,1.4,0.3,0.729,5.44,3.63,-42.16,-2.69,1569.75,0.78,0.61,0.16,5.0,0.69,-65.62,-3.1,2118.77,0.6,803.649,47.5,7.0,40.0
Motif0104_p1_15H_GBL_16H_GABBL_15H_0356_0001_0001_0001_0001_0001,EGFR,0,Cao et al EGFR,54.0,0.014,0.015,0.013,0.122,0.37,0.44,0.81,13.666,25.0,0.209,0.054,12.4,15.56,-24.17,-1.92,1261.97,0.57,0.53,0.18,3.0,0.66,-57.75,-3.35,1726.37,0.69,641.62,55.263,1.0,38.0
Motif0123_bcov_4helix_06931_0001_0001,EGFR,0,Cao et al EGFR,65.0,0.012,0.012,0.011,0.03,0.22,0.28,0.74,19.146,25.0,0.093,0.018,20.53,26.19,-33.78,-2.12,1592.8,0.55,0.65,0.3,4.0,0.74,-48.97,-2.91,1683.55,0.7,862.567,50.0,4.0,42.0
Motif0162_HEEHE_3108_0001_4032_0001,FGFR2,0,Cao et al FGFR2,65.0,0.015,0.015,0.013,0.139,0.31,0.35,0.63,14.413,25.0,0.09,0.039,15.34,10.81,-35.32,-2.67,1322.37,0.59,0.54,0.19,0.0,0.74,-63.41,-3.61,1756.84,0.71,771.165,57.143,1.0,35.0
Motif0173_bcov_4helix_14531_0001_0002_0001,EGFR,1,Cao et al EGFR,65.0,0.0,0.0,0.0,0.0,0.21,0.23,0.75,20.286,25.0,0.0,0.0,22.04,22.81,-26.27,-2.03,1291.11,0.49,0.53,0.13,2.0,0.69,-50.7,-2.98,1699.0,0.66,708.777,40.0,3.0,35.0
Motif0177_HEEHE_1041_0001_9856_0001,FGFR2,0,Cao et al FGFR2,65.0,0.014,0.015,0.012,0.094,0.26,0.3,0.62,16.278,25.0,0.094,0.029,21.01,18.84,-40.86,-2.59,1579.6,0.55,0.53,0.26,3.0,0.67,-72.84,-3.82,1905.57,0.69,873.637,53.659,2.0,41.0
Motif0234_bcov_4helix_12905_0001_0002_8813_0001,FGFR2,0,Cao et al FGFR2,65.0,0.022,0.041,0.015,0.178,0.34,0.36,0.64,13.474,25.0,0.132,0.059,7.06,6.4,-39.81,-2.62,1518.26,0.67,0.58,0.12,2.0,0.74,-62.05,-3.7,1677.66,0.65,805.806,55.814,1.0,43.0
Motif0255_ems_3hM_2799_0001_0001,EGFR,0,Cao et al EGFR,61.0,0.0,0.0,0.0,0.0,0.16,0.17,0.74,23.316,25.0,0.0,0.0,20.36,42.99,-13.42,-1.78,753.05,0.59,0.63,0.27,2.0,0.7,-65.01,-3.49,1863.48,0.66,349.048,41.667,3.0,24.0
Motif0287_HHH_b2_04412_0001_0001,SARS_CoV2_RBD,0,Cao et al SARS_CoV2_RBD,56.0,0.606,0.79,0.352,0.643,0.89,0.89,0.89,5.714,1.1,0.231,0.776,1.9,3.06,-45.31,-2.9,1564.86,0.73,0.68,0.03,7.0,0.74,-58.44,-3.52,1660.42,0.74,879.584,36.364,4.0,44.0
Motif0367_bcov_4helix_07706_0001_0001,EGFR,0,Cao et al EGFR,65.0,0.017,0.025,0.014,0.14,0.37,0.47,0.78,13.525,25.0,0.25,0.076,22.79,17.33,-33.04,-2.13,1553.06,0.62,0.7,0.15,8.0,0.68,-58.82,-3.68,1598.9,0.69,789.028,41.463,5.0,41.0
Motif0394_bcov_4helix_13957_0001_1570_0001,FGFR2,0,Cao et al FGFR2,65.0,0.017,0.021,0.013,0.134,0.28,0.32,0.61,14.99,25.0,0.077,0.038,21.07,18.41,-40.73,-2.84,1432.78,0.66,0.65,0.19,2.0,0.75,-58.96,-3.48,1694.22,0.68,749.489,56.41,2.0,39.0
Motif0472_bcov_4helix_08915_0001_6815_0001,FGFR2,0,Cao et al FGFR2,65.0,0.253,0.348,0.142,0.345,0.61,0.63,0.72,10.035,2.8,0.136,0.216,9.54,14.02,-45.0,-3.12,1442.08,0.72,0.54,0.4,3.0,0.8,-67.12,-3.52,1907.87,0.68,749.671,55.263,2.0,38.0
Motif0627_HHH_b1_06609_0001,SARS_CoV2_RBD,0,Cao et al SARS_CoV2_RBD,57.0,0.0,0.0,0.0,0.0,0.1,0.11,0.7,26.402,25.0,0.0,0.0,19.72,54.13,-23.19,-1.73,1342.54,0.53,0.66,0.33,7.0,0.65,-47.7,-2.47,1930.23,0.71,750.771,24.39,3.0,41.0
Motif0650_bcov_4helix_06626_0001_0001,EGFR,0,Cao et al EGFR,65.0,0.012,0.015,0.012,0.064,0.32,0.37,0.78,15.384,25.0,0.161,0.044,11.19,21.74,-31.53,-2.18,1448.34,0.6,0.49,0.17,3.0,0.7,-56.12,-3.25,1726.05,0.59,754.767,47.727,3.0,44.0
Motif0752_ems_3hM_1756_0001_2948_0001,FGFR2,0,Cao et al FGFR2,63.0,0.046,0.063,0.018,0.219,0.33,0.39,0.63,12.894,4.9,0.154,0.05,11.52,11.0,-50.42,-3.15,1599.89,0.68,0.61,0.12,1.0,0.71,-63.99,-3.46,1849.34,0.71,930.401,52.381,1.0,42.0
Motif1002_HEEHE_0529_0001_1097_0001,FGFR2,0,Cao et al FGFR2,65.0,0.015,0.015,0.013,0.119,0.32,0.33,0.63,14.85,8.5,0.154,0.04,8.86,5.61,-37.81,-2.48,1527.35,0.44,0.5,0.13,2.0,0.74,-74.24,-3.64,2036.77,0.73,825.933,51.22,2.0,41.0
Motif1004_HEEHE_2538_0001_0003_2196_0001,FGFR2,0,Cao et al FGFR2,65.0,0.017,0.019,0.015,0.177,0.28,0.34,0.62,14.649,25.0,0.101,0.035,18.23,17.9,-38.62,-2.5,1545.48,0.58,0.63,0.16,2.0,0.78,-69.35,-3.77,1838.97,0.73,761.14,50.0,0.0,40.0
Motif1004_ems_3hM_3523_0001_0001_6050_0001,FGFR2,1,Cao et al FGFR2,64.0,0.017,0.04,0.015,0.185,0.29,0.3,0.62,13.442,6.6,0.121,0.063,27.57,25.78,-31.74,-2.4,1320.04,0.58,0.57,0.16,4.0,0.81,-70.11,-4.04,1736.35,0.7,727.457,43.59,6.0,39.0
Motif1014_HEEHE_1212_0001_0002_8521_0001,FGFR2,0,Cao et al FGFR2,65.0,0.085,0.088,0.023,0.188,0.45,0.46,0.69,12.375,5.0,0.125,0.067,2.14,2.18,-61.63,-3.86,1597.89,0.8,0.66,0.17,3.0,0.78,-73.23,-3.83,1914.49,0.66,825.924,60.0,1.0,40.0
Motif1014_HEEHE_2686_0001_0001_312_0001,FGFR2,0,Cao et al FGFR2,65.0,0.042,0.05,0.018,0.182,0.36,0.4,0.65,12.826,25.0,0.164,0.059,18.17,16.33,-50.52,-3.51,1439.52,0.62,0.6,0.13,2.0,0.8,-72.79,-4.02,1812.02,0.71,783.727,56.757,1.0,37.0
Motif1016_HEEHE_3368_0001_0002_5863_0001,FGFR2,0,Cao et al FGFR2,65.0,0.015,0.016,0.013,0.116,0.26,0.27,0.61,15.54,25.0,0.074,0.044,25.09,19.15,-36.13,-2.9,1243.72,0.65,0.74,0.18,3.0,0.73,-76.09,-3.67,2072.25,0.68,623.517,52.941,1.0,34.0
Motif1026_HEEHE_3217_0001_0001_1530_0001,FGFR2,0,Cao et al FGFR2,65.0,0.014,0.018,0.012,0.095,0.28,0.29,0.63,16.109,25.0,0.078,0.046,21.23,28.55,-25.94,-3.71,699.79,0.84,0.68,0.19,0.0,0.74,-67.68,-3.59,1882.68,0.67,540.279,60.0,0.0,30.0
Motif1045_HEEHE_2615_0001_0001_7460_0001,FGFR2,0,Cao et al FGFR2,65.0,0.041,0.05,0.016,0.181,0.39,0.4,0.67,12.918,6.6,0.141,0.069,22.27,19.65,-28.95,-2.2,1313.57,0.69,0.58,0.15,2.0,0.73,-71.32,-4.01,1777.66,0.66,778.953,52.778,3.0,36.0
Motif1061_bcov_4helix_06476_0001_0001_9779_0001,FGFR2,0,Cao et al FGFR2,65.0,0.0,0.0,0.0,0.0,0.19,0.22,0.58,19.138,25.0,0.0,0.0,16.14,10.32,-31.84,-2.65,1200.89,0.52,0.53,0.17,2.0,0.76,-57.73,-3.34,1728.77,0.73,756.53,45.238,2.0,42.0
Motif1062_ems_3hM_2866_0001_0002_1_1043_0001,FGFR2,0,Cao et al FGFR2,62.0,0.016,0.018,0.014,0.149,0.31,0.32,0.62,14.353,7.2,0.138,0.065,16.75,19.71,-35.17,-2.75,1280.11,0.62,0.61,0.11,4.0,0.72,-62.44,-2.97,2104.1,0.66,693.94,47.222,3.0,36.0
Motif1090_ems_3hM_2895_0001_2675_0001,FGFR2,0,Cao et al FGFR2,62.0,0.103,0.105,0.053,0.264,0.38,0.44,0.67,11.372,4.1,0.125,0.078,24.83,23.03,-33.88,-2.49,1360.98,0.72,0.58,0.12,3.0,0.73,-61.24,-3.44,1782.1,0.66,811.066,48.889,4.0,45.0
Motif1101_bcov_4helix_09231_0001_0001_9850_0001,FGFR2,0,Cao et al FGFR2,65.0,0.365,0.403,0.223,0.464,0.68,0.69,0.79,6.956,2.2,0.234,0.381,20.86,18.98,-38.54,-2.52,1531.79,0.5,0.6,0.23,1.0,0.8,-81.0,-4.04,2004.01,0.65,902.984,54.348,4.0,46.0
Motif1123_bcov_4helix_11854_0003_5496_0001,FGFR2,0,Cao et al FGFR2,65.0,0.014,0.016,0.013,0.116,0.29,0.31,0.61,15.155,25.0,0.115,0.031,23.95,16.65,-36.08,-2.22,1623.16,0.56,0.52,0.27,4.0,0.72,-61.5,-3.52,1746.74,0.66,888.522,50.0,1.0,44.0
Motif1188_bcov_4helix_08473_0001_0001_1546_0001,FGFR2,0,Cao et al FGFR2,65.0,0.264,0.312,0.165,0.351,0.63,0.65,0.76,8.543,2.9,0.238,0.312,18.8,26.18,-42.27,-2.89,1463.89,0.7,0.56,0.22,4.0,0.75,-55.67,-3.58,1556.61,0.66,750.239,51.282,2.0,39.0
Motif1200_HHH_eva_0330_0001_4073_0001,FGFR2,0,Cao et al FGFR2,64.0,0.473,0.573,0.267,0.53,0.73,0.75,0.81,6.195,1.5,0.213,0.582,3.99,3.38,-37.39,-3.37,1110.3,0.73,0.68,0.19,2.0,0.69,-62.48,-3.6,1733.32,0.71,653.604,38.889,1.0,36.0
Motif1208_bcov_4helix_05199_0001_5990_0001,FGFR2,0,Cao et al FGFR2,65.0,0.412,0.509,0.201,0.458,0.69,0.71,0.77,7.7,1.6,0.277,0.531,5.35,5.27,-43.58,-2.96,1472.55,0.7,0.56,0.14,3.0,0.73,-70.13,-3.99,1759.66,0.62,761.083,58.537,3.0,41.0
Motif1227_bcov_4helix_09562_0001_7212_0001,FGFR2,0,Cao et al FGFR2,65.0,0.037,0.055,0.015,0.161,0.35,0.42,0.64,12.523,25.0,0.184,0.079,21.87,17.6,-39.27,-3.17,1239.77,0.66,0.56,0.17,4.0,0.77,-61.89,-3.34,1855.45,0.68,734.397,51.282,0.0,39.0
Motif1267_HEEHE_1015_0001_2594_0001,FGFR2,0,Cao et al FGFR2,65.0,0.092,0.118,0.024,0.181,0.44,0.48,0.68,12.386,4.9,0.116,0.109,20.61,20.11,-49.03,-3.53,1388.65,0.71,0.71,0.15,5.0,0.77,-57.89,-4.09,1414.06,0.71,748.575,48.571,2.0,35.0
Motif1267_ems_3hC_923_0001_2872_0001,FGFR2,0,Cao et al FGFR2,64.0,0.414,0.475,0.246,0.541,0.73,0.74,0.81,6.588,1.9,0.308,0.406,20.72,13.66,-46.21,-2.69,1718.9,0.57,0.56,0.03,0.0,0.74,-64.38,-3.21,2004.83,0.66,886.215,52.083,0.0,48.0
Motif1316_HHH_eva_0545_0001_0002_5574_0001,FGFR2,1,Cao et al FGFR2,56.0,0.348,0.453,0.197,0.552,0.75,0.76,0.82,6.339,2.1,0.467,0.511,2.45,3.14,-57.98,-3.37,1719.65,0.68,0.51,0.12,2.0,0.69,-71.02,-3.72,1909.96,0.65,904.329,50.0,2.0,42.0
Motif1397_p1_15H_GBL_16H_GABBL_16H_0303_0001_0001_0002_0001_0001_1911_0001,FGFR2,0,Cao et al FGFR2,55.0,0.069,0.084,0.024,0.215,0.37,0.44,0.66,12.136,5.4,0.1,0.109,19.67,21.24,-34.86,-2.54,1374.6,0.59,0.68,0.19,2.0,0.72,-69.33,-3.58,1936.33,0.71,731.082,51.351,4.0,37.0
Motif1579_HHH_b1_01498_0001,SARS_CoV2_RBD,0,Cao et al SARS_CoV2_RBD,57.0,0.158,0.169,0.098,0.196,0.58,0.66,0.81,10.699,4.3,0.245,0.143,10.72,16.39,-37.51,-2.1,1789.62,0.64,0.71,0.1,4.0,0.68,-56.47,-3.34,1693.06,0.69,989.128,45.833,7.0,48.0
Motif2861_HHH_b1_07538_0001_0002,SARS_CoV2_RBD,0,Cao et al SARS_CoV2_RBD,57.0,0.0,0.0,0.0,0.0,0.19,0.2,0.73,22.048,25.0,0.0,0.0,5.31,8.98,-39.78,-2.1,1896.08,0.65,0.68,0.13,4.0,0.69,-51.54,-2.89,1780.9,0.7,890.991,47.826,5.0,46.0
NYESO_parent_binder_partial_10_2_222_dldesign_1_af2pred,pMHC_NY1,0,pMHC screening NY2,145.0,0.577,0.802,0.367,0.664,0.93,0.93,0.94,5.049,1.0,0.42,0.885,1.48,1.57,-67.05,-2.33,2873.44,0.58,0.61,0.52,8.0,0.64,-79.28,-2.82,2810.09,0.54,1617.59,46.154,8.0,78.0
Pdl1_binder_AF2_45,Pdl1,0,Pdl1 Watson et al,64.0,0.363,0.498,0.231,0.518,0.7,0.73,0.84,6.047,2.3,0.3,0.596,6.5,6.12,-48.16,-3.26,1475.87,0.73,0.72,0.32,6.0,0.71,-50.54,-3.24,1558.8,0.67,727.506,45.946,10.0,37.0
Pdl1_binder_AF2_55,Pdl1,0,Pdl1 Watson et al,94.0,0.757,0.772,0.526,0.708,0.87,0.87,0.9,3.586,1.0,0.499,0.826,1.47,1.51,-50.31,-2.88,1746.41,0.63,0.72,0.11,8.0,0.65,-50.24,-2.99,1681.07,0.67,1011.776,43.182,9.0,44.0
Pdl1_binder_AF2_64,Pdl1,0,Pdl1 Watson et al,88.0,0.606,0.664,0.387,0.626,0.81,0.82,0.87,4.792,1.5,0.49,0.787,8.71,6.72,-45.69,-2.62,1741.39,0.61,0.71,0.15,9.0,0.62,-44.11,-2.41,1832.76,0.67,962.25,38.0,8.0,50.0
Pdl1_binder_AF2_68,Pdl1,0,Pdl1 Watson et al,100.0,0.621,0.688,0.415,0.623,0.8,0.82,0.86,4.865,1.5,0.488,0.763,1.73,1.51,-47.39,-2.58,1834.09,0.62,0.62,0.1,10.0,0.61,-43.34,-2.54,1706.01,0.72,966.986,31.25,15.0,48.0
Pdl1_binder_AF2_81,Pdl1,0,Pdl1 Watson et al,100.0,0.513,0.551,0.342,0.549,0.75,0.75,0.83,5.794,1.8,0.496,0.672,2.57,1.72,-49.92,-2.76,1807.56,0.64,0.69,0.13,7.0,0.63,-43.15,-2.39,1806.48,0.66,949.615,40.909,7.0,44.0
Trka_binder_AF2_19,TrkA,0,TrkA Watson et al,65.0,0.66,0.794,0.427,0.705,0.86,0.86,0.89,3.962,1.0,0.286,0.867,1.43,1.98,-45.01,-3.26,1381.57,0.76,0.59,0.25,8.0,0.64,-36.76,-2.86,1285.01,0.58,732.308,40.0,6.0,40.0
Trka_binder_AF2_70,TrkA,0,TrkA Watson et al,62.0,0.494,0.662,0.294,0.624,0.78,0.79,0.84,5.063,1.3,0.301,0.743,1.55,2.12,-40.75,-3.06,1332.8,0.74,0.57,0.28,4.0,0.66,-39.92,-2.71,1471.96,0.64,699.67,53.846,5.0,39.0
Trka_binder_AF2_86,TrkA,0,TrkA Watson et al,65.0,0.673,0.778,0.407,0.691,0.85,0.86,0.88,4.114,1.0,0.417,0.879,3.2,3.47,-42.86,-3.07,1394.81,0.71,0.68,0.3,4.0,0.72,-37.52,-2.8,1341.02,0.56,748.299,42.5,3.0,40.0
aswini_clipgen30,EGFR,0,Adaptyv binder comp round 2,45.0,0.0,0.0,0.0,0.0,0.16,0.18,0.6,29.115,25.0,0.0,0.0,21.19,45.13,-24.99,-1.91,1306.55,0.67,0.61,0.29,2.0,0.65,-64.06,-2.17,2946.02,0.66,731.232,26.829,6.0,41.0
bcov_6ala_r1_HEEH_13973_000000000_0001_1_20_H____ems_p1_16H_GBL_16H_GABBL_16H_0008_0001_0001_0002_0001_0003_0001_0001,TrkA,0,Cao et al TrkA,56.0,0.199,0.249,0.132,0.357,0.57,0.6,0.78,7.896,4.0,0.183,0.323,10.48,15.42,-34.51,-2.55,1351.85,0.64,0.56,0.37,1.0,0.72,-64.79,-3.84,1685.52,0.59,774.208,57.5,1.0,40.0
bcov_v3_r3_HEEH_04578_000000011_0001_0001_44_64_H____ems_3hC_1310_0001_0001_0013_0001_0001_0001,IL7Ra,1,Cao et al IL7Ra,64.0,0.637,0.802,0.389,0.669,0.88,0.88,0.9,4.498,1.0,0.315,0.845,2.24,2.81,-62.74,-3.85,1628.69,0.76,0.64,0.06,5.0,0.8,-67.34,-4.07,1653.88,0.67,916.858,45.238,4.0,42.0
bcov_v3_r3_ems_3hM_2959_000000093_0001_0001_24_42_H____ems_3hM_1593_0001_0007_0001_0001_0001,IL7Ra,0,Cao et al IL7Ra,64.0,0.589,0.667,0.284,0.546,0.86,0.87,0.88,5.894,1.2,0.3,0.78,5.59,10.92,-54.03,-3.18,1699.75,0.79,0.69,0.11,4.0,0.81,-65.06,-3.67,1774.85,0.66,935.44,40.909,6.0,44.0
bundit_b_s18_manbaritone_Seq3_EGFR_binder_70_100_beta_303_dldesign_6_Lenght_71,EGFR,0,Adaptyv binder comp round 2,71.0,0.483,0.632,0.239,0.454,0.9,0.9,0.69,13.967,1.9,0.575,0.67,36.03,46.99,-66.72,-3.11,2144.22,0.68,0.6,0.2,9.0,0.6,-77.28,-2.38,3248.47,0.56,1120.068,49.123,9.0,57.0
cside_mot_03b081519ecc826b9176baecfd808505_0001_1_000000000_0001_59_65_H___ems_3hM_2899_0001_0001_0001,EGFR,0,Cao et al EGFR,60.0,0.0,0.0,0.0,0.0,0.21,0.26,0.72,20.112,25.0,0.0,0.0,16.95,38.82,-30.17,-1.7,1778.88,0.56,0.65,0.2,3.0,0.7,-66.13,-3.08,2148.85,0.62,985.671,46.0,3.0,50.0
cside_mot_0f931c1752ac0ad7c49fc8c67a1bb97d_0001_000000019_0001_20_24_H___bcov_4helix_10030_0001_0001_0001,EGFR,0,Cao et al EGFR,65.0,0.55,0.721,0.344,0.578,0.85,0.86,0.92,4.767,1.9,0.32,0.744,2.42,2.25,-48.05,-2.48,1936.42,0.7,0.61,0.11,8.0,0.71,-58.44,-3.26,1792.7,0.67,795.885,52.174,11.0,46.0
cside_pol_EHEE_hb1_1130_000000012_0001,EGFR,0,Cao et al EGFR,65.0,0.0,0.0,0.0,0.0,0.18,0.21,0.73,20.783,25.0,0.0,0.0,13.08,20.63,-25.56,-1.35,1897.08,0.53,0.6,0.17,8.0,0.62,-46.55,-2.46,1888.84,0.67,1000.212,41.176,7.0,51.0
csplice_r1_4b397ff321495f1cf064223b6ad1b1e1_0001_000000002_0001_0001_24_33_H____ems_3hC_1563_0001_0001_0001_0001_25_61_HHH_26_20522_24_0001,VirB8,0,Cao et al VirB8,65.0,0.0,0.0,0.0,0.0,0.2,0.21,0.68,21.316,25.0,0.0,0.0,41.01,22.62,-29.71,-2.12,1400.66,0.62,0.55,0.24,3.0,0.82,-53.54,-3.42,1567.0,0.76,813.605,54.762,0.0,42.0
csplice_r1_e89fb2437918932c2cfbe071013e3412_0001_000000004_0001_0001_56_65_H____ems_3hM_1021_0001_0003_0001_0001_4_40_HHH_30_26692_28_0001_22_crosslinked,VirB8,0,Cao et al VirB8,65.0,0.013,0.014,0.012,0.086,0.31,0.34,0.71,16.83,25.0,0.075,0.033,45.87,25.25,-34.68,-3.42,1013.73,0.75,0.62,0.26,1.0,0.76,-63.91,-3.68,1737.3,0.78,507.936,65.517,0.0,29.0
csplice_r1_ems_3hM_1972_000000001_0001_0001_2_11_H____ems_3hM_2998_0001_0001_0001_0001_4_38_HHH_33_02711_13_0001,VirB8,0,Cao et al VirB8,65.0,0.017,0.017,0.015,0.126,0.27,0.29,0.71,18.438,25.0,0.102,0.026,39.28,21.24,-41.54,-2.61,1589.08,0.6,0.62,0.29,2.0,0.73,-58.09,-3.5,1660.7,0.72,750.975,62.857,0.0,35.0
ems_3hC_370_0001_000000009_0001,FGFR2,0,Cao et al FGFR2,61.0,0.017,0.044,0.014,0.147,0.36,0.4,0.66,13.874,25.0,0.132,0.048,19.69,17.4,-37.43,-2.5,1497.8,0.6,0.6,0.1,2.0,0.71,-65.81,-3.42,1923.88,0.72,878.654,53.488,4.0,43.0
ems_3hC_414_000000016_0001,FGFR2,0,Cao et al FGFR2,64.0,0.369,0.454,0.213,0.533,0.72,0.73,0.79,6.634,2.0,0.315,0.322,3.09,2.98,-53.42,-2.98,1792.41,0.71,0.59,0.07,4.0,0.68,-67.38,-3.69,1823.88,0.68,915.203,57.778,1.0,45.0
ems_3hM_2987_000000013_0001,FGFR2,0,Cao et al FGFR2,63.0,0.016,0.017,0.014,0.157,0.26,0.28,0.6,15.504,25.0,0.066,0.037,25.02,24.14,-44.99,-2.71,1662.66,0.64,0.64,0.09,2.0,0.73,-63.21,-3.73,1693.91,0.7,806.212,48.837,1.0,43.0
ems_3hM_985_000000005_0001,FGFR2,1,Cao et al FGFR2,60.0,0.657,0.693,0.357,0.662,0.85,0.85,0.84,5.257,1.0,0.354,0.826,3.6,3.44,-54.61,-3.41,1600.15,0.76,0.66,0.03,4.0,0.76,-63.38,-3.5,1811.8,0.72,852.926,52.5,3.0,40.0
ems_p1_16H_GBL_16H_GABBL_16H_0429_0001_0001_0001_000000013_0001,FGFR2,1,Cao et al FGFR2,56.0,0.658,0.687,0.363,0.68,0.86,0.86,0.86,4.672,1.0,0.375,0.808,3.5,3.04,-44.64,-3.41,1309.25,0.65,0.56,0.15,5.0,0.68,-64.24,-3.32,1935.33,0.65,722.927,46.154,5.0,39.0
eugene_valkov_rfdiff_design_88_34_dldesign_1_af2pred,EGFR,0,Adaptyv binder comp round 1,83.0,0.0,0.0,0.0,0.0,0.38,0.51,0.63,22.178,12.0,0.0,0.0,2.81,6.65,-56.98,-2.27,2513.9,0.65,0.52,0.15,8.0,0.61,-44.3,-1.97,2251.32,0.62,1169.178,43.333,9.0,60.0
gitter_yolo23,EGFR,0,Adaptyv binder comp round 2,54.0,0.4,0.642,0.185,0.42,0.89,0.89,0.71,14.039,1.7,0.442,0.616,34.84,45.19,-55.25,-2.26,2443.46,0.7,0.62,0.21,4.0,0.66,-71.37,-2.37,3008.79,0.56,1211.291,39.286,14.0,56.0
il10ra_site1_normal_mot_HHH_b1_02397_af2_000000085_0001_39_57_H___HHH_b2_00311_0001_0000300020_0000002_0,IL10Ra,0,Bennet paper IL10Ra prospective,52.0,0.0,0.0,0.0,0.0,0.23,0.3,0.75,19.426,25.0,0.0,0.0,41.72,53.78,-10.23,-1.54,666.37,0.48,0.61,0.34,4.0,0.68,-61.52,-3.13,1965.32,0.62,478.874,16.0,5.0,25.0
jvogt4_hotspots_only_302_00,EGFR,0,Adaptyv binder comp round 1,170.0,0.672,0.684,0.407,0.446,0.9,0.9,0.73,13.892,1.7,0.611,0.755,28.79,32.73,-63.86,-2.22,2878.77,0.6,0.62,0.05,15.0,0.63,-69.64,-2.19,3173.18,0.61,1564.148,43.056,19.0,72.0
longxing_Grafting2_ems_3hC_306_0002_0016_0001_0001,IL7Ra,0,Cao et al IL7Ra,60.0,0.573,0.758,0.315,0.563,0.86,0.86,0.89,6.21,1.1,0.33,0.776,2.61,2.84,-55.01,-3.22,1710.65,0.69,0.67,0.04,6.0,0.78,-64.18,-4.12,1557.16,0.67,970.025,44.186,9.0,43.0
longxing_Motif1_ems_3hM_1278_0001_0002_0002,TrkA,0,Cao et al TrkA,60.0,0.014,0.014,0.013,0.083,0.3,0.37,0.6,17.134,25.0,0.183,0.029,44.11,22.14,-27.57,-2.27,1216.89,0.7,0.69,0.06,0.0,0.74,-68.53,-3.86,1774.06,0.67,631.68,56.25,1.0,32.0
longxing_Motif3_HHH_eva_0651_0001_0003_0004,TrkA,0,Cao et al TrkA,56.0,0.013,0.014,0.012,0.074,0.25,0.36,0.59,16.056,25.0,0.215,0.033,15.79,16.64,-47.53,-2.45,1942.63,0.52,0.5,0.11,1.0,0.73,-73.9,-3.74,1974.4,0.59,977.829,53.846,0.0,52.0
longxing_Motif3_ems_3hC_1216_0002_0001_0003_0004,TrkA,0,Cao et al TrkA,64.0,0.014,0.017,0.012,0.082,0.33,0.35,0.64,14.644,25.0,0.142,0.049,20.04,33.16,-40.34,-3.04,1324.94,0.63,0.65,0.21,7.0,0.72,-72.92,-3.77,1934.45,0.64,697.955,48.571,3.0,35.0
ltk_site1_normal_mot_HHH_b1_03479_af2_000000128_0001_1_19_H___HHH_b1_06858_0001_0000200017_0000001_0_af2pred_0001,LTK,0,Bennet paper LTK prospective,56.0,0.0,0.0,0.0,0.0,0.2,0.25,0.8,21.435,25.0,0.0,0.0,21.3,38.84,-38.0,-2.14,1774.66,0.59,0.66,0.14,7.0,0.62,-52.68,-2.53,2078.36,0.67,931.901,43.182,6.0,44.0
minji_lee_111,EGFR,0,Adaptyv binder comp round 2,63.0,0.0,0.0,0.0,0.0,0.12,0.15,0.57,29.747,25.0,0.0,0.0,62.38,64.46,-27.45,-2.12,1295.55,0.54,0.63,0.29,3.0,0.5,-33.85,-1.42,2383.46,0.58,729.668,35.897,4.0,39.0
mot_H_buried_3h_hb1_1810_000000005_0001_6_10_H___b8c619eb629cd462085b6ea7dbb9ab40_0001_1_0001_0001_0001_0001,FGFR2,0,Cao et al FGFR2,65.0,0.013,0.013,0.012,0.068,0.26,0.29,0.6,16.912,25.0,0.146,0.023,17.63,20.72,-44.57,-2.41,1852.25,0.6,0.52,0.23,6.0,0.79,-62.21,-3.63,1714.15,0.62,1078.918,50.0,4.0,50.0
mot_H_buried_3h_hb1_4542_000000001_0001_54_63_H___90f7e52654b3001af3b9dc0f2b7cde24_0001_0001_0001,FGFR2,0,Cao et al FGFR2,65.0,0.081,0.09,0.029,0.162,0.45,0.53,0.68,12.01,25.0,0.151,0.095,21.03,36.1,-30.77,-2.27,1352.95,0.61,0.58,0.34,2.0,0.71,-58.19,-3.41,1708.5,0.59,709.766,45.946,2.0,37.0
mot_H_buried_3h_hb1_6532_000000000_0001_11_18_H___ems_3hM_3215_0001_0002_0001_0001,FGFR2,0,Cao et al FGFR2,64.0,0.016,0.047,0.015,0.164,0.34,0.39,0.65,12.692,25.0,0.202,0.066,2.58,2.99,-42.23,-2.4,1756.78,0.57,0.59,0.04,3.0,0.67,-59.87,-2.99,1999.09,0.65,929.572,42.553,3.0,47.0
mot_H_buried_HHH_eva_0156_000000001_0001_26_30_H___EHEE_hb1_784_0001_0001_0001,FGFR2,0,Cao et al FGFR2,65.0,0.164,0.248,0.074,0.276,0.56,0.58,0.7,10.136,3.2,0.129,0.163,2.75,2.83,-48.17,-3.09,1557.91,0.68,0.63,0.08,4.0,0.73,-54.86,-3.04,1806.31,0.71,814.725,48.78,6.0,41.0
mot_H_fastrot_3h_hb1_3344_000000001_0001_48_55_H___3h_hb1_3382_0001_0003_0001_0001,FGFR2,0,Cao et al FGFR2,64.0,0.516,0.583,0.308,0.628,0.79,0.8,0.82,5.682,1.6,0.217,0.653,20.01,8.38,-33.52,-2.5,1341.7,0.71,0.65,0.18,2.0,0.69,-48.48,-2.7,1797.37,0.69,749.278,37.5,6.0,40.0
mot_H_fastrot_cor_3h_hb1_3344_000000008_0001_48_55_H___3h_hb1_5277_0001_0001_0001,FGFR2,0,Cao et al FGFR2,61.0,0.015,0.018,0.013,0.132,0.26,0.29,0.62,15.641,25.0,0.103,0.034,20.24,26.41,-36.17,-2.5,1448.74,0.57,0.6,0.18,1.0,0.7,-58.96,-3.14,1877.61,0.64,803.103,46.154,4.0,39.0
mot_H_fastrot_cor_ems_3hM_199_000000020_0001_56_61_H___EHEE_hb1_1179_0001_0001,FGFR2,0,Cao et al FGFR2,65.0,0.663,0.712,0.403,0.626,0.85,0.85,0.86,5.506,1.1,0.398,0.726,17.85,25.39,-67.68,-3.44,1964.87,0.73,0.6,0.34,8.0,0.79,-56.06,-3.39,1654.93,0.72,1082.334,59.615,7.0,52.0
mot_H_fastrot_cor_ems_3hM_199_000000020_0001_56_61_H___EHEE_hb1_6410_0001_0001_0001,FGFR2,0,Cao et al FGFR2,65.0,0.016,0.019,0.013,0.137,0.25,0.26,0.61,16.978,25.0,0.063,0.029,26.44,19.04,-47.72,-3.07,1554.08,0.74,0.62,0.08,4.0,0.76,-67.49,-3.99,1691.97,0.67,780.2,62.791,2.0,43.0
mot_H_fastrot_cor_ems_3hM_199_000000020_0001_57_61_H___HEEHE_2585_0001_0001_0001,FGFR2,0,Cao et al FGFR2,65.0,0.199,0.21,0.074,0.235,0.54,0.59,0.73,9.662,5.0,0.149,0.17,4.16,3.59,-35.22,-2.63,1338.99,0.67,0.62,0.25,2.0,0.72,-46.47,-3.27,1422.05,0.68,636.818,54.054,3.0,37.0
mot_H_fastrot_cor_f8f8a4152cc90f14bb898546c27f9520_0001_000000007_0001_34_38_H___EHEE_hb1_1914_0001_0001_0001,FGFR2,0,Cao et al FGFR2,65.0,0.026,0.062,0.019,0.196,0.33,0.36,0.62,14.162,4.6,0.093,0.053,26.14,21.41,-42.02,-2.76,1520.31,0.65,0.62,0.16,1.0,0.72,-53.22,-3.21,1659.02,0.66,831.245,57.778,6.0,45.0
mot_H_fastrot_cor_f8f8a4152cc90f14bb898546c27f9520_0001_000000007_0001_34_42_H___EHEE_hb1_2857_0001_0001,FGFR2,0,Cao et al FGFR2,65.0,0.051,0.074,0.022,0.18,0.4,0.44,0.66,12.497,25.0,0.12,0.108,23.69,18.64,-30.17,-2.47,1223.81,0.71,0.64,0.15,0.0,0.73,-44.27,-2.9,1526.12,0.69,611.896,43.59,3.0,39.0
mot_H_fastrot_ems_3hM_1605_000000001_0001_2_11_H___EHEE_hb1_721_0001_0001_0001_0001,FGFR2,0,Cao et al FGFR2,65.0,0.499,0.632,0.292,0.53,0.75,0.76,0.79,7.613,1.1,0.355,0.469,26.7,17.98,-61.11,-3.21,1902.58,0.68,0.63,0.17,4.0,0.76,-62.42,-3.73,1674.7,0.68,999.203,58.0,3.0,50.0
mot_H_fastrot_ems_4hC_2953_0001_000000001_0001_2_11_H___96ab5c276f273dfcc071b3a2c983e24a_0001_0001_0001,FGFR2,0,Cao et al FGFR2,65.0,0.301,0.329,0.137,0.41,0.65,0.68,0.74,8.208,2.7,0.29,0.272,2.01,2.08,-57.4,-3.25,1763.77,0.68,0.63,0.21,6.0,0.67,-69.14,-3.89,1776.88,0.66,810.1,55.556,4.0,45.0
mot_H_normal_08dd35154ab242ac59caf189bac741ae_0001_000000004_0001_43_48_H___3h_hb1_1351_0001_0001,FGFR2,0,Cao et al FGFR2,63.0,0.342,0.354,0.198,0.449,0.72,0.72,0.79,7.334,2.1,0.264,0.423,2.93,2.42,-55.08,-3.72,1482.58,0.73,0.73,0.07,6.0,0.69,-61.97,-4.0,1547.3,0.65,857.093,46.341,3.0,41.0
mot_H_normal_3h_hb1_2296_000000001_0001_3_9_H___7c769e10ce47d5f1c5e7e12fcd1f3703_0001_1_0001_0001_0001,FGFR2,0,Cao et al FGFR2,65.0,0.021,0.038,0.017,0.222,0.3,0.31,0.61,14.151,4.2,0.113,0.044,2.79,3.21,-29.31,-2.66,1103.53,0.59,0.54,0.31,0.0,0.69,-53.27,-3.3,1612.83,0.66,672.033,58.974,0.0,39.0
mot_H_normal_3h_hb1_3209_000000013_0001_58_63_H___EHEE_hb1_2591_0001_0001_0001,FGFR2,0,Cao et al FGFR2,65.0,0.047,0.09,0.023,0.232,0.35,0.37,0.64,13.306,4.0,0.082,0.102,11.99,17.44,-35.96,-3.04,1184.48,0.69,0.62,0.19,1.0,0.69,-61.73,-3.29,1874.04,0.66,663.904,36.364,2.0,33.0
mot_H_normal_3h_hb1_3627_000000010_0001_51_57_H___EHEE_hb1_6012_0001_0001_0001,FGFR2,0,Cao et al FGFR2,65.0,0.014,0.016,0.013,0.119,0.23,0.24,0.6,17.245,25.0,0.054,0.024,26.27,22.97,-30.84,-2.28,1355.53,0.52,0.55,0.2,4.0,0.72,-49.87,-2.86,1746.31,0.66,721.424,51.163,3.0,43.0
mot_H_normal_3h_hb1_3627_000000010_0001_51_57_H___ems_3hM_2470_0001_0003_0001_0001,FGFR2,0,Cao et al FGFR2,64.0,0.102,0.157,0.045,0.23,0.38,0.48,0.64,11.493,3.9,0.088,0.12,21.63,22.6,-26.87,-2.25,1194.86,0.59,0.64,0.09,1.0,0.76,-59.12,-3.56,1658.75,0.72,688.448,54.054,1.0,37.0
mot_H_normal_3h_hb1_3627_000000010_0001_51_57_H___ems_3hM_3532_0001_0002_0001,FGFR2,0,Cao et al FGFR2,62.0,0.017,0.018,0.014,0.153,0.29,0.3,0.63,14.453,6.8,0.083,0.04,22.78,24.59,-36.86,-2.54,1451.81,0.61,0.56,0.1,2.0,0.73,-64.73,-3.56,1820.73,0.68,854.613,56.818,1.0,44.0
mot_H_normal_3h_hb1_5890_000000015_0001_54_62_H___3h_hb1_3902_0001_0001_0001_0001,FGFR2,0,Cao et al FGFR2,63.0,0.014,0.033,0.012,0.102,0.32,0.38,0.64,14.241,25.0,0.135,0.044,18.13,14.27,-44.15,-2.59,1704.91,0.57,0.6,0.12,3.0,0.62,-50.53,-2.96,1708.67,0.7,945.489,53.333,3.0,45.0
mot_H_normal_3h_hb1_5890_000000015_0001_54_62_H___9c226c44012da1f7daf4cabc00bdd6c9_0001_0001_0001_0001,FGFR2,1,Cao et al FGFR2,65.0,0.488,0.594,0.254,0.484,0.75,0.76,0.81,6.864,1.3,0.28,0.545,2.08,3.09,-40.32,-3.4,1185.93,0.71,0.59,0.23,4.0,0.69,-47.7,-3.08,1551.12,0.72,723.787,55.0,3.0,40.0
mot_H_normal_3h_hb1_6816_000000000_0001_50_58_H___HHH_eva_0354_0001_0001_0001_0001,FGFR2,0,Cao et al FGFR2,61.0,0.307,0.395,0.183,0.457,0.66,0.69,0.76,7.911,2.2,0.152,0.286,25.78,23.92,-37.04,-2.73,1358.4,0.7,0.65,0.09,2.0,0.75,-51.65,-3.24,1595.58,0.63,726.219,57.5,1.0,40.0
mot_H_normal_85931e5ecd843587efdb8cd577e0fb5b_0001_000000017_0001_37_43_H___37510ab0be5803994f004517b81f95d4_0001_1_0001_0001_0001,FGFR2,0,Cao et al FGFR2,65.0,0.08,0.087,0.028,0.199,0.32,0.46,0.61,11.914,25.0,0.205,0.097,14.58,16.04,-43.8,-2.87,1526.15,0.66,0.58,0.28,5.0,0.7,-47.94,-3.13,1531.26,0.65,921.238,59.184,3.0,49.0
mot_H_normal_85931e5ecd843587efdb8cd577e0fb5b_0001_000000017_0001_37_43_H___a5af7fda9936c3448022740dda542bc7_0001_0001_0001_0001_0001,FGFR2,0,Cao et al FGFR2,65.0,0.317,0.351,0.171,0.378,0.62,0.69,0.74,8.174,2.6,0.287,0.314,3.81,3.52,-53.39,-3.44,1553.84,0.72,0.66,0.2,4.0,0.73,-61.39,-4.01,1530.57,0.72,748.851,51.22,3.0,41.0
mot_H_normal_HEEHE_3358_000000009_0001_51_55_H___EHEE_hb1_1233_0001_0001_0001_0001,FGFR2,0,Cao et al FGFR2,65.0,0.371,0.473,0.22,0.471,0.65,0.7,0.76,7.131,1.7,0.152,0.318,11.11,16.74,-49.64,-3.31,1499.22,0.77,0.72,0.14,7.0,0.77,-60.8,-3.74,1624.33,0.71,655.516,46.154,3.0,39.0
mot_H_normal_HEEH_08727_000000002_0001_46_56_H___EHEE_hb1_1782_0001_0001_0001,FGFR2,0,Cao et al FGFR2,65.0,0.02,0.02,0.014,0.144,0.33,0.35,0.63,14.114,25.0,0.088,0.068,32.41,30.07,-37.77,-2.83,1335.86,0.7,0.58,0.19,4.0,0.71,-58.22,-3.12,1865.43,0.69,670.909,48.571,4.0,35.0
mot_H_normal_HHH_eva_0047_000000004_0001_10_18_H___EHEE_hb1_1171_0001_0001_0001,FGFR2,0,Cao et al FGFR2,65.0,0.016,0.019,0.013,0.134,0.25,0.37,0.61,15.768,25.0,0.079,0.04,25.32,30.45,-45.98,-3.04,1512.3,0.7,0.59,0.07,2.0,0.75,-63.04,-3.58,1760.22,0.71,813.601,52.632,3.0,38.0
mot_H_normal_HHH_eva_0053_000000019_0001_25_31_H___3h_hb1_2183_0001_0002_1_0001_0001,FGFR2,0,Cao et al FGFR2,64.0,0.081,0.082,0.034,0.228,0.38,0.43,0.67,11.779,25.0,0.142,0.084,16.35,17.19,-32.76,-2.42,1351.09,0.48,0.62,0.0,1.0,0.76,-56.87,-3.33,1709.72,0.73,832.485,44.186,2.0,43.0
mot_H_normal_HHH_eva_0323_000000006_0001_47_55_H___efa8ae74387188550afcb6b12936f556_0001_0001_0001_0001,FGFR2,0,Cao et al FGFR2,65.0,0.095,0.106,0.046,0.233,0.48,0.51,0.69,11.419,4.7,0.209,0.127,18.09,25.21,-42.04,-2.91,1444.58,0.66,0.62,0.21,7.0,0.73,-68.36,-3.91,1749.03,0.68,733.131,54.054,1.0,37.0
mot_H_normal_d828b9a9cb6a11aadad07c4d64fcbd75_0001_1_000000007_0001_27_32_H___1354074a24d03aaa959c50ebf6b0731f_0001_0001_0002_0001_0001,FGFR2,0,Cao et al FGFR2,65.0,0.27,0.317,0.156,0.356,0.59,0.61,0.72,9.04,2.5,0.239,0.226,20.91,22.75,-32.84,-2.34,1401.94,0.6,0.52,0.19,2.0,0.68,-56.44,-3.16,1785.17,0.69,782.294,51.111,1.0,45.0
mot_H_normal_ems_4hM_3459_000000001_0001_49_54_H___EHEE_hb1_4677_0001_0002_0001_0001,FGFR2,0,Cao et al FGFR2,65.0,0.016,0.019,0.013,0.145,0.26,0.29,0.61,15.527,25.0,0.07,0.031,26.91,21.02,-38.42,-2.9,1326.15,0.57,0.53,0.14,1.0,0.78,-58.15,-3.71,1565.37,0.71,749.45,58.537,1.0,41.0
mot_P_fastrot_cor_EHEE_hb1_3161_000000005_0001_46_52_55_61_P___EHEE_hb1_657_0001_0001_0001,FGFR2,0,Cao et al FGFR2,65.0,0.095,0.126,0.04,0.219,0.46,0.48,0.69,12.202,4.8,0.229,0.147,24.58,19.04,-42.57,-2.43,1750.92,0.67,0.65,0.04,10.0,0.68,-52.75,-3.3,1597.26,0.62,858.339,38.095,1.0,42.0
mot_P_fastrot_ems_ferrM_4671_000000000_0001_27_29_32_34_P___EHEE_hb1_1139_0001_0001_0001,FGFR2,0,Cao et al FGFR2,65.0,0.012,0.013,0.011,0.052,0.28,0.33,0.62,16.548,25.0,0.103,0.027,28.42,29.11,-36.65,-2.72,1345.46,0.53,0.67,0.14,4.0,0.65,-52.58,-3.2,1642.19,0.67,812.82,48.837,6.0,43.0
mot_P_normal_EHEE_09196_000000018_0001_3_7_59_63_P___EHEE_hb1_3115_0001_0001_0001,FGFR2,0,Cao et al FGFR2,65.0,0.031,0.045,0.015,0.139,0.39,0.4,0.67,13.854,25.0,0.162,0.048,29.35,27.76,-48.21,-2.25,2138.64,0.61,0.56,0.14,4.0,0.73,-50.29,-3.13,1607.74,0.68,1201.72,49.18,2.0,61.0
mot_P_normal_EHEE_hb1_1194_000000002_0001_48_50_55_57_P___HEEHE_3157_0001_0001_0001,FGFR2,0,Cao et al FGFR2,65.0,0.048,0.06,0.02,0.164,0.45,0.45,0.69,12.45,25.0,0.118,0.078,24.54,36.37,-29.94,-1.99,1505.77,0.55,0.54,0.23,3.0,0.77,-48.58,-2.99,1623.75,0.65,774.839,48.649,6.0,37.0
mot_P_normal_EHEE_hb1_2724_000000005_0001_46_52_59_63_P___EHEE_hb1_1077_0001_0001_0001,FGFR2,0,Cao et al FGFR2,65.0,0.015,0.017,0.012,0.088,0.27,0.29,0.61,17.005,25.0,0.087,0.028,21.87,30.92,-38.52,-2.87,1341.05,0.67,0.58,0.25,3.0,0.64,-47.4,-2.84,1668.45,0.64,787.031,54.545,6.0,44.0
mot_P_normal_EHEE_hb1_2910_000000004_0001_46_48_59_61_P___EHEE_hb1_1526_0001_0001_0001,FGFR2,0,Cao et al FGFR2,65.0,0.28,0.339,0.159,0.406,0.62,0.68,0.75,8.028,2.5,0.252,0.386,10.25,9.5,-41.81,-2.85,1466.85,0.68,0.56,0.12,2.0,0.68,-49.23,-3.34,1473.49,0.66,779.078,39.474,3.0,38.0
mot_P_normal_EHEE_hb1_2910_000000004_0001_46_48_59_61_P___EHEE_hb1_5578_0001_0001,FGFR2,0,Cao et al FGFR2,65.0,0.0,0.0,0.0,0.0,0.21,0.23,0.55,19.616,25.0,0.0,0.0,14.64,8.47,-47.21,-2.52,1873.69,0.59,0.59,0.19,7.0,0.79,-52.71,-3.38,1557.64,0.65,975.019,42.0,6.0,50.0
mot_P_normal_EHEE_hb1_5581_000000001_0001_5_9_55_59_P___ferr_hb1_2185_0001_0001_0001,FGFR2,0,Cao et al FGFR2,64.0,0.016,0.048,0.013,0.12,0.35,0.37,0.65,14.26,25.0,0.105,0.053,21.47,34.6,-34.96,-2.7,1296.77,0.72,0.61,0.12,3.0,0.66,-53.42,-2.96,1807.56,0.65,715.846,43.59,2.0,39.0
mot_P_normal_EHEE_hb1_6533_000000025_0001_48_50_55_57_P___HEEHE_0502_0001_0001,FGFR2,0,Cao et al FGFR2,65.0,0.409,0.456,0.244,0.492,0.72,0.73,0.8,6.886,1.9,0.156,0.43,2.81,3.82,-37.85,-2.58,1466.91,0.68,0.66,0.17,4.0,0.74,-53.12,-3.45,1540.2,0.73,751.571,34.211,6.0,38.0
mot_P_normal_ems_ferrM_3505_0001_000000001_0001_2_6_35_39_P___EHEE_hb1_4901_0001_0001_0001,FGFR2,0,Cao et al FGFR2,65.0,0.0,0.0,0.0,0.0,0.2,0.22,0.58,19.462,25.0,0.0,0.0,25.37,20.01,-37.63,-2.63,1430.29,0.7,0.6,0.26,3.0,0.73,-57.67,-3.26,1769.6,0.74,780.043,35.0,7.0,40.0
nickboyd_Domain1_Seq4,EGFR,0,Adaptyv binder comp round 1,43.0,0.108,0.363,0.055,0.228,0.8,0.8,0.67,16.358,4.1,0.263,0.299,15.75,32.37,-23.63,-1.83,1290.77,0.66,0.71,0.27,5.0,0.59,-29.43,-1.69,1738.18,0.56,645.295,41.667,10.0,36.0
noah_holzleitner_Noah_EGFR_Binder_1,EGFR,0,Adaptyv binder comp round 2,60.0,0.447,0.649,0.212,0.446,0.91,0.91,0.7,13.42,1.9,0.47,0.664,9.29,18.04,-51.1,-2.37,2158.75,0.59,0.62,0.04,10.0,0.57,-51.61,-2.35,2194.32,0.58,1230.598,42.105,15.0,57.0
nsplice_r1_4b397ff321495f1cf064223b6ad1b1e1_0001_000000002_0001_0001_24_33_H____3ac7d78215c8b8ff113874ab4ffdd1e7_0001_0001_0002_0001_0001_15_51_HHH_04_26886_38_0001,VirB8,0,Cao et al VirB8,65.0,0.014,0.035,0.012,0.098,0.33,0.39,0.73,14.492,25.0,0.131,0.055,41.37,24.29,-37.93,-2.58,1471.54,0.53,0.65,0.29,2.0,0.8,-59.88,-3.97,1507.43,0.75,798.704,58.537,1.0,41.0
nsplice_r1_ems_3hC_870_000000000_0001_0001_47_56_H____2f6d77bac752999760d1d16f631ac1a9_0001_1_0001_0003_0001_0001_16_48_HHH_04_28424_39_0001,VirB8,0,Cao et al VirB8,65.0,0.013,0.018,0.012,0.094,0.28,0.36,0.7,16.657,25.0,0.168,0.034,43.7,28.83,-43.95,-2.32,1890.43,0.59,0.59,0.27,2.0,0.78,-60.61,-3.57,1696.55,0.72,1055.682,58.333,2.0,48.0
p53_AF2_20,Mdm2,1,Mdm2 Watson et al,87.0,0.733,0.84,0.48,0.676,0.9,0.91,0.88,3.925,0.9,0.456,0.893,3.52,2.39,-49.19,-2.84,1733.88,0.65,0.56,0.2,5.0,0.7,-54.38,-2.95,1846.53,0.57,881.083,44.444,4.0,45.0
p53_AF2_21,Mdm2,1,Mdm2 Watson et al,96.0,0.508,0.589,0.301,0.549,0.81,0.82,0.77,8.557,1.5,0.398,0.767,3.07,2.44,-44.7,-2.84,1575.86,0.69,0.52,0.1,4.0,0.65,-51.14,-2.88,1776.28,0.49,857.054,44.186,6.0,43.0
p53_AF2_66,Mdm2,0,Mdm2 Watson et al,80.0,0.703,0.809,0.497,0.687,0.89,0.89,0.88,4.362,0.9,0.453,0.82,1.71,1.44,-62.54,-3.17,1971.23,0.67,0.65,0.21,5.0,0.63,-67.45,-3.14,2144.82,0.56,1100.784,43.137,6.0,51.0
p53_AF2_81,Mdm2,1,Mdm2 Watson et al,103.0,0.648,0.716,0.466,0.658,0.85,0.86,0.86,4.402,1.1,0.429,0.76,2.07,1.5,-51.36,-2.69,1908.5,0.64,0.62,0.1,4.0,0.63,-49.95,-2.52,1979.9,0.56,995.418,46.809,3.0,47.0
p53_AF2_91,Mdm2,1,Mdm2 Watson et al,110.0,0.792,0.84,0.556,0.732,0.92,0.92,0.9,3.51,0.8,0.452,0.926,1.25,1.27,-57.33,-2.89,1982.24,0.68,0.55,0.11,4.0,0.69,-61.05,-3.06,1995.18,0.59,1058.262,43.478,4.0,46.0
pol_3h_hb1_1778_000000003_0001_0001,FGFR2,0,Cao et al FGFR2,61.0,0.014,0.014,0.013,0.084,0.24,0.26,0.61,17.162,25.0,0.06,0.03,25.89,21.24,-25.26,-2.16,1169.78,0.62,0.62,0.09,2.0,0.74,-48.3,-2.89,1670.27,0.67,644.821,54.839,5.0,31.0
pol_3h_hb1_5299_000000003_0001,FGFR2,0,Cao et al FGFR2,63.0,0.015,0.019,0.014,0.154,0.27,0.29,0.62,15.237,7.1,0.072,0.03,18.86,17.29,-41.28,-2.74,1504.53,0.6,0.63,0.07,3.0,0.7,-59.87,-3.11,1927.32,0.68,716.175,51.515,2.0,33.0
pol_c7281ef620e1310f0f65d63ede3ac77f_0001_000000023_0001,FGFR2,0,Cao et al FGFR2,65.0,0.027,0.035,0.016,0.189,0.3,0.34,0.62,13.456,5.9,0.076,0.045,15.85,7.01,-43.77,-3.32,1318.71,0.72,0.66,0.2,1.0,0.67,-57.82,-2.97,1943.62,0.58,773.096,57.5,1.0,40.0
pol_cd3b9d195f30b890c64722c090cf8477_0001_000000006_0001_0001,FGFR2,0,Cao et al FGFR2,65.0,0.016,0.054,0.013,0.134,0.36,0.43,0.65,13.688,25.0,0.109,0.04,15.68,34.7,-47.37,-2.98,1591.24,0.68,0.61,0.36,3.0,0.72,-63.17,-3.31,1905.87,0.71,916.88,59.184,2.0,49.0
pol_e0e0651493743e9ca89b9b6d2ff66c1b_0001_1_000000002_0001,FGFR2,1,Cao et al FGFR2,65.0,0.674,0.741,0.378,0.678,0.86,0.86,0.87,4.511,1.1,0.394,0.704,1.81,2.1,-52.76,-3.16,1667.98,0.75,0.64,0.2,4.0,0.66,-57.3,-3.3,1734.68,0.64,932.208,53.333,4.0,45.0
pol_ems_p1_16H_GBL_16H_GABBL_15H_0203_0001_0001_0001_000000012_0001,FGFR2,1,Cao et al FGFR2,55.0,0.288,0.338,0.178,0.431,0.66,0.69,0.78,7.122,2.8,0.296,0.335,2.84,2.34,-46.21,-3.05,1517.06,0.74,0.64,0.13,5.0,0.74,-64.1,-3.61,1776.15,0.67,784.77,41.86,7.0,43.0
qilin_y_test4,EGFR,0,Adaptyv binder comp round 2,75.0,0.0,0.0,0.0,0.0,0.17,0.21,0.53,28.32,25.0,0.0,0.0,3.16,7.49,-54.11,-2.14,2534.16,0.56,0.57,0.21,6.0,0.61,-66.22,-1.95,3395.22,0.55,1500.742,40.964,9.0,83.0
rif_fastrot_EHEE_hb1_2580_000000009_0001,FGFR2,0,Cao et al FGFR2,65.0,0.552,0.585,0.309,0.577,0.76,0.81,0.8,6.256,1.3,0.32,0.449,17.81,12.56,-59.82,-3.23,1851.2,0.69,0.53,0.11,8.0,0.8,-50.72,-3.51,1445.78,0.67,1074.384,50.0,4.0,50.0
rif_fastrot_EHEE_hb1_4928_000000006_0001_0001,FGFR2,0,Cao et al FGFR2,65.0,0.015,0.021,0.013,0.148,0.33,0.39,0.64,13.835,25.0,0.136,0.056,28.87,18.64,-30.49,-2.67,1140.59,0.51,0.6,0.1,2.0,0.69,-43.61,-3.16,1381.17,0.64,631.368,42.105,4.0,38.0
rif_fastrot_EHEE_hb1_6422_000000029_0001_0001,FGFR2,0,Cao et al FGFR2,65.0,0.014,0.015,0.012,0.094,0.36,0.41,0.64,14.532,25.0,0.096,0.035,28.16,22.84,-49.44,-2.94,1680.14,0.69,0.57,0.14,7.0,0.72,-37.1,-2.35,1579.55,0.6,836.464,53.488,5.0,43.0
rif_fastrot_cor_EHEE_hb1_2481_000000011_0001_0001,FGFR2,0,Cao et al FGFR2,65.0,0.013,0.014,0.012,0.096,0.2,0.22,0.59,17.628,25.0,0.07,0.018,17.69,27.59,-24.42,-1.85,1317.65,0.5,0.62,0.27,3.0,0.71,-43.56,-2.67,1633.88,0.69,613.603,55.556,3.0,36.0
rif_fastrot_cor_EHEE_hb1_2550_000000002_0001_0001,FGFR2,0,Cao et al FGFR2,65.0,0.162,0.203,0.1,0.282,0.5,0.51,0.71,9.925,4.1,0.181,0.18,7.32,5.66,-38.79,-2.72,1424.03,0.66,0.6,0.17,4.0,0.79,-56.45,-3.74,1508.27,0.67,863.673,40.816,5.0,49.0
rif_fastrot_cor_EHEE_hb1_3810_000000027_0001_0001,FGFR2,0,Cao et al FGFR2,65.0,0.064,0.108,0.026,0.244,0.41,0.46,0.67,12.251,5.0,0.226,0.085,25.47,18.69,-33.87,-2.22,1525.94,0.54,0.57,0.13,3.0,0.68,-51.34,-3.17,1620.76,0.69,881.642,42.857,2.0,49.0
rif_fastrot_cor_ferr_hb1_2407_000000022_0001,FGFR2,0,Cao et al FGFR2,63.0,0.016,0.017,0.014,0.142,0.28,0.32,0.62,15.142,25.0,0.058,0.031,17.58,21.09,-31.34,-2.33,1342.48,0.61,0.65,0.1,3.0,0.68,-47.16,-2.95,1600.58,0.73,688.472,51.351,2.0,37.0
rif_fastrot_ems_ferrM_3664_000000003_0001_0001,FGFR2,0,Cao et al FGFR2,64.0,0.015,0.017,0.014,0.158,0.27,0.28,0.61,15.508,6.4,0.061,0.033,27.15,19.1,-40.92,-2.79,1464.04,0.7,0.62,0.26,2.0,0.77,-45.57,-2.6,1751.09,0.6,740.15,46.154,2.0,39.0
rif_normal_05704e1fd9caa56bbe7e60a05d7e4425_0001_000000002_0001,FGFR2,0,Cao et al FGFR2,65.0,0.348,0.375,0.197,0.482,0.65,0.7,0.77,7.099,2.3,0.198,0.389,6.2,5.13,-33.99,-2.76,1233.11,0.77,0.65,0.21,2.0,0.71,-60.26,-3.17,1899.88,0.71,709.244,56.757,2.0,37.0
rif_normal_9442500acf019894063f3733bf7b38a2_0001_1_000000000_0001_0001,FGFR2,1,Cao et al FGFR2,65.0,0.664,0.719,0.374,0.668,0.84,0.85,0.86,4.924,1.1,0.41,0.764,2.88,3.02,-48.91,-3.0,1630.93,0.73,0.63,0.23,4.0,0.75,-67.55,-3.68,1833.36,0.66,875.792,50.0,6.0,46.0
rif_normal_EHEE_07709_000000002_0001_0001,FGFR2,0,Cao et al FGFR2,65.0,0.312,0.376,0.14,0.337,0.64,0.67,0.77,8.262,2.7,0.243,0.302,3.4,3.3,-40.84,-2.88,1418.12,0.71,0.6,0.09,3.0,0.76,-65.49,-3.61,1813.45,0.74,860.439,48.78,6.0,41.0
rif_normal_EHEE_hb1_3995_000000012_0001_0001,FGFR2,0,Cao et al FGFR2,65.0,0.014,0.016,0.012,0.108,0.23,0.29,0.58,16.513,25.0,0.107,0.029,20.12,31.53,-23.44,-2.3,1017.84,0.61,0.53,0.18,2.0,0.65,-49.11,-3.05,1611.35,0.68,788.142,48.718,6.0,39.0
rif_normal_EHEE_hb1_5777_000000004_0001_0001,FGFR2,0,Cao et al FGFR2,65.0,0.015,0.016,0.013,0.142,0.27,0.3,0.6,15.57,25.0,0.083,0.04,26.14,24.13,-33.58,-2.41,1391.99,0.54,0.56,0.17,2.0,0.66,-45.31,-2.51,1807.21,0.62,699.194,46.154,3.0,39.0
rif_normal_EHEE_hb1_6480_000000001_0001_0001,FGFR2,0,Cao et al FGFR2,65.0,0.015,0.015,0.012,0.122,0.24,0.28,0.6,15.811,25.0,0.079,0.033,34.23,25.12,-40.23,-2.71,1485.19,0.59,0.62,0.2,5.0,0.69,-54.11,-3.16,1713.21,0.61,822.015,41.86,2.0,43.0
rif_normal_HEEH_02372_000000005_0001_0001,FGFR2,0,Cao et al FGFR2,64.0,0.016,0.018,0.013,0.131,0.33,0.37,0.64,14.721,25.0,0.118,0.033,14.48,15.54,-47.44,-2.55,1862.52,0.65,0.51,0.13,4.0,0.63,-53.24,-3.16,1685.01,0.69,973.338,50.0,6.0,46.0
rif_normal_ems_ferrM_1076_000000005_0001_0001,FGFR2,0,Cao et al FGFR2,64.0,0.602,0.691,0.332,0.552,0.8,0.82,0.84,6.368,1.2,0.422,0.715,10.14,4.52,-48.24,-2.95,1635.28,0.72,0.67,0.27,3.0,0.71,-51.82,-3.26,1591.02,0.66,886.767,51.163,4.0,43.0
tadej_satler_1DI7,EGFR,0,Adaptyv binder comp round 1,52.0,0.0,0.0,0.0,0.0,0.41,0.54,0.65,21.479,12.6,0.0,0.0,33.15,45.01,-48.41,-2.66,1819.83,0.64,0.68,0.24,9.0,0.58,-52.54,-2.0,2630.68,0.57,968.172,43.75,9.0,48.0
tadej_satler_1PZ2,EGFR,0,Adaptyv binder comp round 1,60.0,0.184,0.404,0.103,0.282,0.8,0.8,0.7,16.242,3.9,0.356,0.257,38.07,44.72,-46.91,-2.28,2061.47,0.61,0.66,0.13,4.0,0.55,-45.45,-1.68,2706.13,0.62,1038.879,48.077,4.0,52.0
theraven_sequence24,EGFR,0,Adaptyv binder comp round 1,71.0,0.261,0.428,0.135,0.267,0.81,0.81,0.7,15.533,3.8,0.395,0.36,49.32,54.02,-61.03,-3.08,1980.97,0.67,0.69,0.17,6.0,0.25,10869.46,697.96,1557.31,0.64,1082.312,47.273,6.0,55.0
x_rustamov_s_11_5,EGFR,0,Adaptyv binder comp round 1,100.0,0.631,0.689,0.329,0.465,0.91,0.91,0.71,13.621,1.5,0.532,0.729,38.25,44.87,-78.87,-2.67,2950.51,0.61,0.61,0.18,12.0,0.54,-73.72,-2.2,3353.74,0.57,1451.369,35.294,14.0,68.0
zulfatmi_pocket1pep78,EGFR,0,Adaptyv binder comp round 2,16.0,0.013,0.014,0.012,0.097,0.52,0.53,0.76,19.63,25.0,0.166,0.028,8.56,51.25,-56.38,-2.51,2242.97,0.69,0.69,0.67,6.0,0.69,9.48,0.51,1861.65,0.64,1153.549,40.0,10.0,60.0
2bnr_04_4600_48_0_26,pMHC_NY1,0,pMHC screening NY1,105.0,0.432,0.636,0.262,0.577,0.91,0.92,0.93,5.645,1.5,0.278,0.763,3.28,4.61,-60.59,-2.78,2179.56,0.72,0.68,0.57,4.0,0.63,-68.45,-2.69,2543.9,0.62,1126.387,50.847,4.0,59.0
2bnr_27_7_3_9_temp001_dldesign_29_af2pred,pMHC_NY1,1,pMHC screening NY2,145.0,0.643,0.865,0.432,0.719,0.95,0.95,0.95,3.883,0.8,0.461,0.937,1.17,1.49,-77.64,-2.73,2848.26,0.62,0.7,0.35,12.0,0.68,-75.78,-2.6,2910.99,0.63,1484.25,46.479,13.0,71.0
2bnr_27_7_3_9_temp001_dldesign_924_af2pred,pMHC_NY1,0,pMHC screening NY2,145.0,0.632,0.869,0.431,0.712,0.95,0.95,0.95,3.798,0.9,0.454,0.935,1.23,1.72,-74.3,-2.64,2809.48,0.65,0.67,0.33,10.0,0.65,-74.58,-2.58,2891.54,0.69,1454.463,45.946,11.0,74.0
2bnr_27_7_3_9_temp01_dldesign_191_af2pred,pMHC_NY1,0,pMHC screening NY2,145.0,0.595,0.852,0.413,0.695,0.94,0.95,0.95,4.03,0.9,0.43,0.921,1.0,1.32,-74.25,-2.7,2752.95,0.65,0.71,0.27,12.0,0.67,-75.23,-2.64,2850.2,0.72,1421.824,45.588,13.0,68.0
2bnr_27_7_3_9_temp01_dldesign_762_af2pred,pMHC_NY1,1,pMHC screening NY2,145.0,0.635,0.857,0.42,0.708,0.95,0.95,0.95,4.036,0.9,0.453,0.932,1.14,1.45,-67.17,-2.38,2823.66,0.63,0.7,0.46,10.0,0.61,-73.44,-2.56,2867.72,0.64,1469.881,42.254,8.0,71.0
AKAP9_binder_10_renumb_96_dldesign_0_af2pred,pMHC_SILSY1,0,pMHC screening SILSY1,124.0,0.593,0.801,0.366,0.686,0.94,0.94,0.94,4.232,1.0,0.416,0.912,1.74,1.86,-69.86,-2.21,3165.06,0.63,0.57,0.31,13.0,0.58,-64.56,-2.05,3154.99,0.63,1765.004,33.333,17.0,78.0
AKAP9_binder_24,pMHC_SILSY1,0,pMHC screening SILSY1,124.0,0.522,0.706,0.342,0.62,0.93,0.94,0.94,4.643,1.1,0.42,0.875,1.45,1.6,-58.82,-2.07,2837.73,0.6,0.61,0.27,9.0,0.63,-70.7,-2.42,2915.55,0.64,1484.344,40.845,10.0,71.0
AKAP9_binder_25_dldesign_11_af2pred,pMHC_SILSY1,0,pMHC screening SILSY1,124.0,0.659,0.865,0.42,0.733,0.94,0.95,0.95,3.603,0.9,0.424,0.934,1.56,2.53,-67.45,-2.28,2956.2,0.63,0.61,0.28,17.0,0.62,-71.26,-2.29,3117.99,0.65,1567.484,39.189,13.0,74.0
AKAP9_binder_6_dldesign_29_af2pred,pMHC_SILSY1,0,pMHC screening SILSY1,124.0,0.645,0.84,0.43,0.717,0.95,0.95,0.95,3.587,0.8,0.439,0.936,1.12,1.16,-78.32,-2.65,2953.88,0.66,0.6,0.4,19.0,0.68,-75.44,-2.55,2959.96,0.62,1557.66,41.558,9.0,77.0
AKAP9_binder_7,pMHC_SILSY1,0,pMHC screening SILSY1,124.0,0.608,0.789,0.401,0.691,0.95,0.95,0.95,4.003,0.9,0.433,0.926,1.19,1.86,-69.92,-2.49,2803.04,0.57,0.64,0.2,11.0,0.59,-68.52,-2.38,2876.42,0.63,1574.295,42.466,15.0,73.0
EEHEE_26950_000000020_0001,VirB8,0,Cao et al VirB8,65.0,0.311,0.398,0.197,0.397,0.7,0.7,0.85,8.131,2.6,0.231,0.296,45.03,25.81,-49.61,-2.76,1799.64,0.71,0.65,0.21,4.0,0.74,-62.37,-3.87,1611.43,0.69,878.131,48.78,3.0,41.0
EHEE_10654_000000013_0001,VirB8,0,Cao et al VirB8,65.0,0.014,0.019,0.012,0.107,0.35,0.36,0.74,15.015,7.9,0.109,0.038,43.41,23.98,-37.12,-2.34,1587.84,0.63,0.57,0.15,3.0,0.7,-57.14,-3.86,1478.66,0.67,840.385,50.0,1.0,42.0
Grafting_Motif0042_bcov_4helix_12529_0001,FGFR2,0,Cao et al FGFR2,65.0,0.063,0.105,0.018,0.161,0.44,0.46,0.67,11.693,6.3,0.152,0.072,3.88,4.56,-40.88,-2.88,1419.96,0.62,0.57,0.21,1.0,0.69,-60.75,-4.04,1504.69,0.68,745.734,52.381,1.0,42.0
Grafting_Motif0070_ems_3hM_67_0001,FGFR2,0,Cao et al FGFR2,64.0,0.015,0.016,0.014,0.147,0.26,0.3,0.61,15.146,25.0,0.145,0.029,19.48,17.8,-38.24,-2.16,1766.87,0.52,0.64,0.18,1.0,0.68,-64.72,-3.31,1957.38,0.68,948.649,51.111,4.0,45.0
Grafting_Motif0176_ems_3hC_723_0001,FGFR2,0,Cao et al FGFR2,59.0,0.582,0.694,0.352,0.654,0.83,0.83,0.86,4.999,1.3,0.313,0.776,12.42,12.58,-51.67,-3.3,1564.25,0.7,0.7,0.17,5.0,0.63,-61.53,-3.37,1825.2,0.66,806.0,46.512,4.0,43.0
Grafting_Motif0184_bcov_4helix_03901_0001_0001,FGFR2,0,Cao et al FGFR2,65.0,0.046,0.054,0.021,0.187,0.36,0.38,0.66,12.646,6.5,0.109,0.064,21.29,21.97,-32.46,-2.15,1511.21,0.52,0.53,0.18,4.0,0.63,-57.37,-2.91,1969.37,0.72,820.554,52.632,3.0,38.0
Grafting_Motif0263_ems_3hM_731_0001_0001,FGFR2,0,Cao et al FGFR2,63.0,0.26,0.331,0.142,0.403,0.57,0.6,0.74,8.173,2.4,0.119,0.279,9.14,6.3,-40.23,-2.65,1518.75,0.65,0.6,0.14,6.0,0.7,-68.96,-3.23,2136.57,0.65,785.664,43.59,2.0,39.0
Grafting_Motif0272_HHH_eva_0324_0001_0002,FGFR2,0,Cao et al FGFR2,62.0,0.016,0.018,0.013,0.133,0.26,0.27,0.61,16.071,25.0,0.055,0.028,10.21,8.62,-31.54,-2.61,1208.68,0.62,0.71,0.16,1.0,0.68,-60.74,-3.27,1854.86,0.68,800.768,47.5,1.0,40.0
Grafting_Motif0272_bcov_4helix_06775_0001_0001,FGFR2,0,Cao et al FGFR2,65.0,0.217,0.234,0.126,0.3,0.57,0.6,0.74,8.962,3.2,0.2,0.242,19.0,23.17,-42.32,-2.88,1470.82,0.63,0.67,0.14,1.0,0.77,-59.18,-3.58,1652.91,0.69,779.135,46.341,4.0,41.0
Grafting_Motif0409_ems_3hM_3174_0001_0001,FGFR2,0,Cao et al FGFR2,62.0,0.072,0.081,0.02,0.194,0.38,0.4,0.66,12.653,4.7,0.166,0.059,21.8,21.47,-35.09,-2.26,1552.94,0.6,0.62,0.03,1.0,0.75,-69.87,-3.61,1934.47,0.7,808.254,54.762,2.0,42.0
Grafting_Motif0413_ems_3hM_1038_0001,FGFR2,0,Cao et al FGFR2,60.0,0.015,0.02,0.013,0.135,0.28,0.29,0.63,15.197,25.0,0.096,0.028,15.71,19.73,-43.98,-2.69,1635.23,0.63,0.62,0.2,4.0,0.75,-72.13,-3.76,1916.31,0.64,816.333,61.538,1.0,39.0
Grafting_Motif0612_ems_3hM_1700_0001_0002,FGFR2,0,Cao et al FGFR2,61.0,0.037,0.045,0.015,0.162,0.36,0.44,0.66,12.992,25.0,0.16,0.089,18.24,22.34,-40.98,-2.78,1476.73,0.69,0.65,0.13,3.0,0.69,-69.84,-3.31,2111.69,0.65,862.586,48.718,0.0,39.0
Grafting_Motif1034_HHH_eva_0168_0001,FGFR2,0,Cao et al FGFR2,60.0,0.056,0.093,0.026,0.258,0.42,0.43,0.67,12.195,5.2,0.129,0.089,14.43,9.33,-34.58,-2.6,1332.68,0.72,0.63,0.17,3.0,0.68,-64.81,-3.4,1907.9,0.72,806.647,40.0,6.0,40.0
Grafting_Motif1153_ems_3hM_1099_0001_0002,FGFR2,0,Cao et al FGFR2,64.0,0.013,0.014,0.012,0.074,0.27,0.29,0.62,16.025,25.0,0.091,0.03,19.16,18.87,-30.91,-2.5,1234.54,0.63,0.63,0.22,1.0,0.71,-60.16,-3.65,1647.99,0.7,703.036,45.946,1.0,37.0
Grafting_Motif1491_bcov_4helix_08090_0001,FGFR2,1,Cao et al FGFR2,65.0,0.569,0.617,0.3,0.598,0.8,0.8,0.83,5.734,1.3,0.228,0.518,20.37,19.99,-40.97,-2.97,1378.11,0.76,0.7,0.21,2.0,0.72,-60.57,-4.01,1508.89,0.71,790.832,52.5,2.0,40.0
IL7Ra_binder_AF2_27,IL7Ra,0,IL7Ra Watson et al,65.0,0.638,0.743,0.368,0.612,0.88,0.88,0.9,5.022,1.1,0.318,0.824,1.64,2.85,-41.63,-2.73,1526.64,0.62,0.66,0.21,2.0,0.68,-46.56,-3.21,1450.98,0.58,797.91,47.368,4.0,38.0
IL7Ra_binder_AF2_53,IL7Ra,1,IL7Ra Watson et al,99.0,0.616,0.663,0.372,0.547,0.82,0.83,0.87,5.904,1.4,0.497,0.692,1.52,1.75,-57.84,-2.56,2254.83,0.53,0.62,0.02,10.0,0.59,-64.11,-2.85,2246.94,0.54,1227.87,45.455,6.0,55.0
IL7Ra_binder_AF2_69,IL7Ra,0,IL7Ra Watson et al,81.0,0.703,0.768,0.421,0.613,0.88,0.88,0.9,5.143,1.1,0.442,0.728,1.7,2.12,-57.75,-2.79,2069.8,0.64,0.62,0.12,1.0,0.66,-56.16,-2.81,1999.12,0.53,1062.099,52.174,2.0,46.0
IL7Ra_binder_AF2_73,IL7Ra,0,IL7Ra Watson et al,71.0,0.479,0.595,0.263,0.498,0.79,0.8,0.86,6.649,2.0,0.322,0.648,1.93,1.95,-54.29,-2.96,1836.1,0.7,0.62,0.17,7.0,0.71,-63.02,-3.59,1755.95,0.66,918.41,46.667,5.0,45.0
IL7Ra_binder_AF2_76,IL7Ra,0,IL7Ra Watson et al,92.0,0.452,0.523,0.273,0.454,0.76,0.78,0.85,6.914,1.9,0.372,0.636,2.43,3.22,-45.54,-2.58,1766.09,0.68,0.57,0.1,5.0,0.58,-49.39,-2.62,1884.28,0.65,963.125,37.5,2.0,48.0
IL7Ra_binder_AF2_91,IL7Ra,0,IL7Ra Watson et al,77.0,0.515,0.668,0.312,0.528,0.8,0.81,0.87,6.056,1.6,0.296,0.691,1.72,2.15,-42.46,-2.13,1994.0,0.67,0.68,0.03,9.0,0.63,-56.59,-3.06,1849.41,0.51,966.649,31.915,8.0,47.0
Insulin_receptor_binder_AF2_15,InsulinR,0,InsulinR Watson et al,63.0,0.739,0.816,0.409,0.679,0.91,0.91,0.91,4.389,0.9,0.344,0.847,2.12,2.23,-57.35,-3.1,1848.89,0.74,0.64,0.27,5.0,0.65,-52.3,-3.05,1712.16,0.6,1004.669,43.478,7.0,46.0
Insulin_receptor_binder_AF2_57,InsulinR,0,InsulinR Watson et al,86.0,0.689,0.788,0.468,0.653,0.86,0.86,0.91,4.814,1.3,0.286,0.83,1.61,1.96,-51.34,-2.66,1928.34,0.68,0.6,0.15,4.0,0.66,-60.73,-3.03,2003.63,0.62,1119.928,35.088,8.0,57.0
Insulin_receptor_binder_AF2_7,InsulinR,1,InsulinR Watson et al,88.0,0.799,0.854,0.565,0.72,0.9,0.91,0.92,4.125,1.0,0.489,0.89,3.58,3.1,-56.76,-2.41,2350.57,0.64,0.6,0.02,7.0,0.64,-64.08,-2.71,2365.14,0.58,1181.062,43.103,8.0,58.0
Insulin_receptor_binder_AF2_90,InsulinR,1,InsulinR Watson et al,88.0,0.636,0.713,0.422,0.646,0.82,0.84,0.88,4.965,1.7,0.296,0.791,3.55,3.75,-49.88,-3.47,1436.53,0.73,0.61,0.03,4.0,0.71,-53.09,-3.18,1671.9,0.61,985.772,46.809,5.0,47.0
LaMBO2_8_39,pMHC_NY1,0,pMHC screening NY1,124.0,0.0,0.0,0.0,0.0,0.64,0.65,0.67,21.391,25.0,0.0,0.0,53.03,25.59,-41.24,-2.04,2022.17,0.54,0.73,0.48,5.0,0.54,-58.46,-2.47,2368.71,0.68,1014.773,40.385,7.0,52.0
Motif0003_HEEHE_0928_0001_0003_4728_0001,FGFR2,0,Cao et al FGFR2,65.0,0.022,0.054,0.016,0.177,0.34,0.35,0.63,13.771,6.7,0.042,0.071,22.2,18.98,-23.64,-2.64,896.4,0.7,0.6,0.15,2.0,0.81,-70.2,-3.87,1816.29,0.66,579.703,51.613,1.0,31.0
Motif0003_HEEHE_1599_0001_0003_4459_0001,FGFR2,0,Cao et al FGFR2,65.0,0.015,0.018,0.013,0.15,0.3,0.3,0.63,15.799,25.0,0.07,0.027,15.43,13.97,-36.07,-2.67,1352.16,0.66,0.67,0.13,2.0,0.74,-70.59,-3.86,1830.25,0.66,780.094,42.5,1.0,40.0
Motif0003_HEEHE_2006_0001_0001_5423_0001,FGFR2,0,Cao et al FGFR2,65.0,0.015,0.036,0.013,0.133,0.35,0.35,0.64,14.866,8.3,0.1,0.035,15.7,11.73,-42.89,-2.91,1471.57,0.66,0.54,0.19,1.0,0.74,-74.45,-3.83,1943.92,0.66,864.396,50.0,1.0,44.0
Motif0003_HEEHE_3044_0001_0002_6416_0001,FGFR2,1,Cao et al FGFR2,65.0,0.018,0.021,0.015,0.176,0.26,0.32,0.61,14.528,6.5,0.095,0.036,15.57,12.86,-39.49,-3.12,1263.96,0.63,0.66,0.12,3.0,0.76,-71.79,-3.83,1873.54,0.69,746.229,55.0,1.0,40.0
Motif0004_HEEHE_1394_0001_0002_569_0001,FGFR2,0,Cao et al FGFR2,65.0,0.068,0.099,0.023,0.232,0.37,0.44,0.66,12.037,3.5,0.193,0.078,19.54,18.99,-48.23,-2.93,1645.8,0.64,0.6,0.11,3.0,0.75,-73.19,-3.6,2032.41,0.69,904.12,50.0,3.0,40.0
Motif0012_bcov_4helix_12651_0001_0002_0001,InsulinR,0,Cao et al Insulin receptor,65.0,0.209,0.321,0.131,0.241,0.5,0.61,0.79,9.03,3.8,0.118,0.258,4.5,5.68,-40.51,-2.92,1389.55,0.72,0.61,0.23,3.0,0.67,-56.17,-3.57,1572.52,0.61,779.415,51.282,2.0,39.0
Motif0016_ems_3hM_2866_0001_0001_1632_0001,FGFR2,0,Cao et al FGFR2,62.0,0.608,0.678,0.392,0.692,0.83,0.83,0.87,4.593,1.2,0.416,0.739,17.35,12.96,-43.27,-2.4,1806.49,0.64,0.61,0.06,2.0,0.77,-64.69,-2.98,2168.53,0.71,936.044,54.348,0.0,46.0
Motif0021_HEEHE_0260_0001_0002_8700_0001,FGFR2,0,Cao et al FGFR2,65.0,0.022,0.052,0.015,0.177,0.38,0.4,0.65,13.658,25.0,0.108,0.04,15.9,11.6,-40.77,-2.7,1512.0,0.52,0.65,0.17,3.0,0.74,-70.58,-3.76,1876.96,0.66,836.948,53.659,3.0,41.0
Motif0025_bcov_4helix_09424_0001_7890_0001,FGFR2,0,Cao et al FGFR2,65.0,0.515,0.577,0.287,0.603,0.77,0.79,0.82,5.647,1.5,0.339,0.711,2.75,3.41,-38.88,-2.95,1317.64,0.77,0.64,0.18,4.0,0.8,-63.97,-4.08,1567.99,0.67,707.331,47.5,4.0,40.0
Motif0041_bcov_4helix_10871_0001_2215_0001,FGFR2,0,Cao et al FGFR2,65.0,0.098,0.13,0.045,0.246,0.44,0.46,0.67,11.18,25.0,0.169,0.104,22.6,16.06,-36.48,-2.59,1411.26,0.58,0.6,0.18,0.0,0.66,-57.82,-3.17,1822.39,0.6,774.67,57.5,0.0,40.0
Motif0052_bcov_4helix_01833_0001,SARS_CoV2_RBD,0,Cao et al SARS_CoV2_RBD,65.0,0.013,0.013,0.012,0.067,0.36,0.37,0.75,16.912,25.0,0.088,0.026,18.26,38.5,-29.51,-2.03,1454.97,0.55,0.64,0.14,1.0,0.63,-61.91,-3.28,1888.01,0.7,783.286,42.5,3.0,40.0
Motif0078_bcov_4helix_12578_0001_0001,SARS_CoV2_RBD,0,Cao et al SARS_CoV2_RBD,65.0,0.4,0.601,0.245,0.52,0.8,0.81,0.86,7.241,2.6,0.308,0.639,2.05,2.53,-41.95,-2.47,1697.97,0.64,0.68,0.19,8.0,0.71,-56.9,-3.45,1649.13,0.72,835.841,39.623,9.0,53.0
Motif0118_HEEHE_0351_0001_0001,EGFR,0,Cao et al EGFR,65.0,0.0,0.0,0.0,0.0,0.22,0.23,0.74,20.505,25.0,0.0,0.0,13.36,29.56,-16.25,-1.22,1328.62,0.64,0.6,0.27,2.0,0.65,-63.27,-3.3,1915.67,0.64,762.166,45.238,6.0,42.0
Motif0123_ems_3hM_211_0001_0003_0001,EGFR,0,Cao et al EGFR,64.0,0.014,0.019,0.013,0.112,0.31,0.35,0.77,16.564,8.2,0.11,0.07,30.72,36.8,-32.14,-1.92,1673.9,0.55,0.62,0.38,3.0,0.66,-55.97,-2.86,1953.85,0.67,961.274,41.176,3.0,51.0
Motif0139_bcov_4helix_06705_0001_0001,InsulinR,0,Cao et al Insulin receptor,65.0,0.428,0.608,0.26,0.484,0.77,0.78,0.88,6.202,2.2,0.155,0.62,3.3,3.86,-54.82,-3.7,1482.8,0.78,0.62,0.16,2.0,0.8,-59.59,-3.85,1548.74,0.64,810.951,52.381,1.0,42.0
Motif0156_ems_3hC_107_0001_0001,EGFR,0,Cao et al EGFR,61.0,0.015,0.018,0.013,0.114,0.35,0.44,0.79,13.942,25.0,0.192,0.046,19.71,22.37,-40.86,-2.14,1913.78,0.67,0.61,0.04,5.0,0.71,-74.93,-3.8,1970.79,0.66,887.281,45.098,5.0,51.0
Motif0163_bcov_4helix_14639_0001_1180_0001,FGFR2,0,Cao et al FGFR2,65.0,0.162,0.169,0.084,0.248,0.49,0.55,0.71,10.083,4.6,0.163,0.172,18.32,26.27,-42.0,-2.72,1542.25,0.57,0.63,0.38,4.0,0.79,-61.13,-3.77,1622.67,0.66,802.439,56.41,4.0,39.0
Motif0182_p1_14H_GBL_16H_GABBL_15H_0252_0001_0001_0002_0001_8517_0001,FGFR2,0,Cao et al FGFR2,53.0,0.017,0.032,0.015,0.187,0.3,0.33,0.64,13.66,25.0,0.088,0.045,9.32,11.47,-40.27,-2.8,1440.25,0.65,0.63,0.17,3.0,0.77,-64.85,-3.6,1799.84,0.59,612.996,61.111,0.0,36.0
Motif0191_bcov_4helix_01162_0001_0001_8514_0001,FGFR2,0,Cao et al FGFR2,65.0,0.424,0.469,0.251,0.545,0.72,0.75,0.81,6.118,1.9,0.324,0.374,2.73,2.69,-54.83,-3.27,1677.55,0.71,0.61,0.14,6.0,0.7,-69.94,-3.98,1758.48,0.7,901.879,46.667,6.0,45.0
Motif0205_ems_3hM_501_0001_1381_0001,FGFR2,0,Cao et al FGFR2,62.0,0.035,0.042,0.018,0.227,0.32,0.36,0.63,13.35,5.3,0.125,0.068,21.44,26.45,-39.15,-2.67,1467.22,0.62,0.6,0.14,1.0,0.72,-70.48,-3.64,1934.12,0.66,780.999,51.163,3.0,43.0
Motif0230_bcov_4helix_11131_0001_0001,SARS_CoV2_RBD,0,Cao et al SARS_CoV2_RBD,65.0,0.016,0.016,0.013,0.085,0.29,0.31,0.73,20.221,25.0,0.033,0.025,13.69,26.42,-22.27,-2.06,1082.09,0.62,0.63,0.33,4.0,0.65,-47.23,-2.77,1706.82,0.65,578.433,48.485,6.0,33.0
Motif0234_ems_3hM_621_0001_0001_0001,EGFR,0,Cao et al EGFR,64.0,0.192,0.196,0.088,0.181,0.57,0.63,0.83,9.316,5.3,0.245,0.217,4.29,3.73,-45.86,-2.22,2065.18,0.63,0.65,0.06,5.0,0.69,-61.19,-3.03,2020.79,0.65,1173.11,43.137,3.0,51.0
Motif0234_ems_3hM_688_0001_0002_5567_0001,FGFR2,0,Cao et al FGFR2,61.0,0.015,0.038,0.013,0.132,0.38,0.39,0.65,13.579,25.0,0.09,0.062,25.43,18.54,-31.46,-2.48,1269.84,0.49,0.57,0.06,1.0,0.72,-73.91,-4.02,1837.18,0.63,745.423,45.714,2.0,35.0
Motif0298_ems_3hM_2044_0001_3611_0001,FGFR2,1,Cao et al FGFR2,64.0,0.707,0.743,0.411,0.688,0.87,0.87,0.88,4.376,1.1,0.351,0.777,2.07,2.92,-55.24,-3.41,1620.26,0.77,0.59,0.06,6.0,0.77,-69.17,-4.32,1602.55,0.73,779.691,50.0,6.0,38.0
Motif0379_ems_3hM_448_0001_7633_0001,FGFR2,0,Cao et al FGFR2,64.0,0.043,0.067,0.02,0.196,0.44,0.44,0.68,12.844,5.7,0.13,0.069,20.54,24.11,-47.55,-2.75,1729.83,0.63,0.52,0.07,8.0,0.7,-56.51,-3.19,1771.36,0.63,853.36,51.111,4.0,45.0
Motif0456_ems_4hM_5269_0001_6151_0001,FGFR2,0,Cao et al FGFR2,60.0,0.103,0.106,0.027,0.198,0.41,0.47,0.67,11.459,25.0,0.217,0.081,6.28,5.52,-45.24,-2.37,1907.69,0.67,0.62,0.1,4.0,0.74,-64.91,-3.25,1994.72,0.67,1043.223,55.102,2.0,49.0
Motif0608_bcov_4helix_10871_0001_0001,EGFR,0,Cao et al EGFR,65.0,0.513,0.704,0.324,0.559,0.82,0.83,0.9,5.11,1.8,0.213,0.732,4.49,5.66,-44.45,-2.75,1617.2,0.75,0.52,0.16,5.0,0.71,-47.62,-2.63,1811.98,0.62,838.392,41.463,4.0,41.0
Motif1004_HEEHE_2546_0001_0001_8840_0001,FGFR2,0,Cao et al FGFR2,65.0,0.028,0.051,0.017,0.202,0.38,0.4,0.66,12.954,25.0,0.109,0.07,21.96,18.27,-30.41,-2.53,1199.98,0.52,0.63,0.13,1.0,0.77,-68.39,-3.58,1908.27,0.69,689.08,52.778,1.0,36.0
Motif1004_bcov_4helix_04116_0001_0003_2436_0001,FGFR2,1,Cao et al FGFR2,65.0,0.015,0.022,0.013,0.12,0.35,0.36,0.65,15.1,25.0,0.117,0.034,20.86,18.03,-45.09,-2.75,1639.47,0.67,0.57,0.19,3.0,0.73,-70.1,-3.57,1961.43,0.62,915.202,50.0,7.0,46.0
Motif1005_HEEHE_2312_0001_0002_1927_0001,FGFR2,0,Cao et al FGFR2,65.0,0.015,0.019,0.013,0.121,0.32,0.36,0.64,14.232,25.0,0.103,0.039,3.47,3.41,-39.33,-2.41,1634.44,0.58,0.65,0.11,4.0,0.76,-75.8,-3.93,1931.03,0.66,876.451,48.837,4.0,43.0
Motif1005_bcov_4helix_06077_0001_0001_5154_0001,FGFR2,0,Cao et al FGFR2,65.0,0.201,0.234,0.123,0.286,0.53,0.61,0.71,9.445,4.3,0.188,0.162,18.0,18.32,-44.17,-2.89,1527.03,0.65,0.52,0.31,4.0,0.76,-72.74,-4.24,1716.44,0.66,857.333,59.091,2.0,44.0
Motif1011_HEEHE_0768_0001_3656_0001,FGFR2,0,Cao et al FGFR2,65.0,0.013,0.016,0.012,0.078,0.24,0.26,0.6,17.057,25.0,0.074,0.028,21.78,24.64,-47.68,-3.35,1424.29,0.74,0.7,0.19,4.0,0.77,-69.84,-4.07,1714.95,0.7,751.851,57.895,5.0,38.0
Motif1011_HEEHE_2300_0001_1157_0001,FGFR2,0,Cao et al FGFR2,65.0,0.592,0.662,0.345,0.598,0.8,0.81,0.84,5.867,1.2,0.331,0.731,20.1,18.69,-47.0,-3.34,1408.45,0.67,0.64,0.23,3.0,0.82,-65.97,-3.84,1719.12,0.65,799.698,50.0,4.0,38.0
Motif1011_HEEHE_2334_0001_0002_2559_0001,FGFR2,0,Cao et al FGFR2,65.0,0.015,0.019,0.013,0.116,0.29,0.35,0.63,15.242,25.0,0.056,0.042,19.41,20.04,-40.89,-3.29,1241.46,0.75,0.64,0.22,1.0,0.74,-60.97,-3.58,1703.23,0.68,688.566,55.556,2.0,36.0
Motif1016_HEEHE_1548_0001_8334_0001,FGFR2,0,Cao et al FGFR2,65.0,0.015,0.015,0.013,0.136,0.25,0.34,0.61,13.992,25.0,0.078,0.06,27.16,21.59,-36.14,-3.14,1152.02,0.71,0.7,0.13,1.0,0.74,-62.48,-3.52,1776.75,0.67,562.993,50.0,0.0,32.0
Motif1019_ems_3hM_2342_0001_0002_3299_0001,FGFR2,0,Cao et al FGFR2,63.0,0.016,0.02,0.014,0.156,0.31,0.33,0.63,14.941,25.0,0.155,0.038,13.06,6.82,-40.69,-2.49,1635.93,0.63,0.56,0.11,3.0,0.71,-56.2,-3.47,1617.71,0.66,801.006,58.537,1.0,41.0
Motif1040_bcov_4helix_06763_0001_0001_4061_0001,FGFR2,0,Cao et al FGFR2,65.0,0.021,0.034,0.016,0.186,0.32,0.34,0.62,14.571,25.0,0.113,0.042,11.08,8.3,-40.32,-2.87,1407.18,0.68,0.64,0.19,2.0,0.74,-60.84,-3.51,1732.17,0.7,720.61,52.5,0.0,40.0
Motif1045_HEEHE_0873_0001_0002_4858_0001,FGFR2,0,Cao et al FGFR2,65.0,0.409,0.447,0.259,0.516,0.73,0.75,0.82,6.426,2.0,0.353,0.644,15.53,12.32,-44.66,-2.91,1533.44,0.67,0.63,0.13,2.0,0.8,-80.82,-4.37,1850.95,0.67,766.523,52.632,1.0,38.0
Motif1049_bcov_4helix_08412_0001_9074_0001,FGFR2,0,Cao et al FGFR2,65.0,0.282,0.373,0.161,0.399,0.61,0.63,0.74,8.231,2.5,0.224,0.214,5.59,5.83,-54.38,-3.64,1493.89,0.71,0.62,0.22,4.0,0.68,-68.39,-3.78,1809.46,0.64,827.411,52.083,3.0,48.0
Motif1053_HEEHE_2867_0001_289_0001,FGFR2,0,Cao et al FGFR2,65.0,0.093,0.102,0.038,0.24,0.39,0.48,0.67,11.872,25.0,0.127,0.071,11.54,10.12,-49.71,-3.16,1572.63,0.68,0.66,0.13,2.0,0.81,-85.12,-4.6,1848.98,0.74,814.767,53.659,0.0,41.0
Motif1061_HEEHE_0638_0001_1143_0001,FGFR2,0,Cao et al FGFR2,65.0,0.317,0.376,0.195,0.42,0.63,0.65,0.76,7.811,2.5,0.175,0.294,23.36,17.25,-37.1,-2.56,1449.08,0.58,0.63,0.21,2.0,0.75,-85.94,-4.15,2070.02,0.69,796.67,50.0,5.0,38.0
Motif1061_HEEHE_2997_0001_0002_5416_0001,FGFR2,0,Cao et al FGFR2,65.0,0.126,0.203,0.042,0.212,0.48,0.57,0.71,10.584,25.0,0.114,0.113,22.55,19.67,-41.46,-2.73,1518.38,0.7,0.58,0.24,1.0,0.74,-69.49,-3.64,1908.9,0.62,859.719,51.22,1.0,41.0
Motif1078_bcov_4helix_12097_0001_9305_0001,FGFR2,0,Cao et al FGFR2,65.0,0.647,0.701,0.353,0.655,0.84,0.84,0.87,4.816,1.0,0.369,0.546,1.98,1.92,-66.11,-3.92,1686.99,0.76,0.59,0.19,5.0,0.75,-76.28,-4.08,1870.78,0.64,818.666,52.273,3.0,44.0
Motif1086_HEEHE_0774_0001_0001_4827_0001,FGFR2,0,Cao et al FGFR2,65.0,0.014,0.015,0.012,0.096,0.27,0.28,0.61,17.692,25.0,0.138,0.023,26.45,25.95,-31.73,-2.5,1269.03,0.59,0.64,0.22,6.0,0.66,-64.74,-3.64,1777.03,0.66,808.284,52.381,4.0,42.0
Motif1108_HEEHE_1756_0001_1618_0001,FGFR2,0,Cao et al FGFR2,65.0,0.024,0.093,0.014,0.141,0.42,0.45,0.68,12.823,25.0,0.14,0.053,18.18,17.17,-48.33,-2.84,1700.13,0.71,0.7,0.2,2.0,0.76,-73.81,-4.13,1785.55,0.68,986.944,47.917,1.0,48.0
Motif1108_HEEHE_2342_0001_0002_1722_0001,FGFR2,0,Cao et al FGFR2,65.0,0.018,0.021,0.015,0.169,0.32,0.34,0.63,14.28,25.0,0.169,0.062,5.25,4.21,-45.57,-2.86,1590.65,0.72,0.6,0.17,2.0,0.75,-67.64,-3.74,1809.52,0.72,750.657,56.757,3.0,37.0
Motif1108_p1_14H_GBL_14H_GBL_16H_0618_0001_0001_0002_0001_9353_0001,FGFR2,0,Cao et al FGFR2,50.0,0.579,0.657,0.304,0.669,0.84,0.85,0.86,4.976,1.2,0.387,0.655,3.56,3.08,-55.92,-3.23,1731.52,0.71,0.67,0.17,4.0,0.79,-71.14,-3.36,2116.13,0.71,904.556,47.619,3.0,42.0
Motif1129_ems_3hM_2646_0001_7694_0001,FGFR2,0,Cao et al FGFR2,61.0,0.04,0.048,0.016,0.179,0.34,0.38,0.65,13.009,25.0,0.168,0.05,3.57,4.55,-49.82,-2.96,1684.69,0.64,0.61,0.07,4.0,0.74,-69.47,-3.68,1885.49,0.68,912.521,50.0,2.0,46.0
Motif1134_HHH_eva_0478_0001_366_0001,FGFR2,0,Cao et al FGFR2,52.0,0.595,0.735,0.336,0.68,0.84,0.85,0.87,4.541,1.1,0.309,0.797,3.87,3.74,-55.38,-3.62,1531.97,0.83,0.58,0.15,8.0,0.8,-71.65,-4.17,1719.48,0.69,683.265,46.154,3.0,39.0
Motif1134_bcov_4helix_01016_0001_9021_0001,FGFR2,0,Cao et al FGFR2,65.0,0.014,0.015,0.012,0.085,0.27,0.31,0.61,15.396,25.0,0.081,0.032,19.5,19.42,-32.97,-2.52,1306.07,0.64,0.53,0.26,5.0,0.77,-66.86,-4.1,1630.86,0.63,684.883,52.632,6.0,38.0
Motif1188_bcov_4helix_02499_0001_0001_5403_0001,FGFR2,0,Cao et al FGFR2,65.0,0.172,0.216,0.092,0.322,0.47,0.51,0.69,9.804,3.3,0.188,0.165,21.3,21.93,-25.41,-1.96,1295.57,0.6,0.58,0.23,2.0,0.73,-59.81,-3.27,1829.81,0.68,796.767,50.0,0.0,42.0
Motif1208_bcov_4helix_08576_0001_0001_3470_0001,FGFR2,0,Cao et al FGFR2,65.0,0.015,0.026,0.012,0.114,0.3,0.37,0.62,14.63,25.0,0.097,0.034,17.55,25.57,-30.15,-1.9,1587.15,0.6,0.6,0.24,1.0,0.69,-61.17,-3.72,1645.26,0.72,918.123,58.696,0.0,46.0
Motif1214_bcov_4helix_05220_0001_7332_0001,FGFR2,0,Cao et al FGFR2,65.0,0.647,0.673,0.35,0.648,0.84,0.85,0.85,5.076,1.0,0.311,0.794,13.68,12.27,-35.18,-2.73,1288.92,0.72,0.59,0.31,2.0,0.75,-66.77,-3.93,1700.93,0.68,757.146,56.757,2.0,37.0
Motif1222_HEEHE_2372_0001_1454_0001,FGFR2,0,Cao et al FGFR2,65.0,0.227,0.232,0.101,0.283,0.55,0.6,0.74,9.306,3.4,0.151,0.178,18.78,18.97,-40.83,-2.36,1732.03,0.67,0.6,0.13,3.0,0.8,-61.76,-3.54,1742.98,0.69,843.35,56.41,1.0,39.0
Motif1309_bcov_4helix_14201_0001_0002_6143_0001,FGFR2,0,Cao et al FGFR2,65.0,0.051,0.086,0.019,0.163,0.34,0.4,0.65,11.939,25.0,0.102,0.063,22.98,32.24,-22.75,-1.55,1464.06,0.45,0.58,0.25,2.0,0.71,-62.65,-3.93,1594.66,0.72,913.342,51.163,0.0,43.0
Motif1365_HHH_eva_0135_0002_6477_0001,FGFR2,0,Cao et al FGFR2,63.0,0.054,0.085,0.018,0.168,0.4,0.42,0.67,12.114,5.7,0.154,0.068,21.62,17.28,-50.36,-2.73,1844.31,0.63,0.6,0.21,5.0,0.72,-64.74,-3.37,1922.49,0.68,914.524,50.0,3.0,46.0
Motif1365_bcov_4helix_05739_0001_7334_0001,FGFR2,0,Cao et al FGFR2,65.0,0.621,0.685,0.363,0.638,0.83,0.83,0.86,5.253,1.2,0.294,0.795,4.2,3.12,-52.68,-3.44,1529.73,0.8,0.61,0.19,8.0,0.73,-61.23,-3.76,1629.89,0.71,831.262,46.154,8.0,39.0
Motif1389_bcov_4helix_06403_0001,SARS_CoV2_RBD,0,Cao et al SARS_CoV2_RBD,65.0,0.012,0.012,0.011,0.052,0.3,0.32,0.73,18.644,25.0,0.06,0.029,10.86,25.6,-28.45,-2.66,1068.16,0.66,0.64,0.09,2.0,0.62,-45.66,-2.56,1783.25,0.64,577.467,35.484,2.0,31.0
Motif1472_HEEHE_0500_0001_1149_0001,FGFR2,0,Cao et al FGFR2,65.0,0.019,0.025,0.014,0.152,0.34,0.36,0.64,15.201,25.0,0.07,0.05,22.73,22.44,-30.56,-2.86,1068.52,0.67,0.64,0.19,3.0,0.7,-61.91,-3.35,1850.72,0.64,721.203,51.515,4.0,33.0
Motif1495_bcov_4helix_11401_0001_4381_0001,FGFR2,0,Cao et al FGFR2,65.0,0.011,0.015,0.011,0.055,0.23,0.26,0.61,17.631,25.0,0.064,0.024,8.15,8.81,-38.11,-3.01,1264.2,0.64,0.62,0.38,3.0,0.75,-70.54,-3.76,1875.63,0.64,684.35,64.706,0.0,34.0
Motif2853_HHH_eva_0282_0001,SARS_CoV2_RBD,0,Cao et al SARS_CoV2_RBD,62.0,0.0,0.0,0.0,0.0,0.13,0.16,0.7,24.79,25.0,0.0,0.0,21.15,44.85,-31.5,-1.81,1744.7,0.65,0.72,0.2,3.0,0.74,-58.67,-3.24,1809.54,0.63,902.243,38.0,6.0,50.0
NYESO_parent_binder_partial_10_3_60_dldesign_0_af2pred,pMHC_NY1,1,pMHC screening NY2,145.0,0.674,0.875,0.445,0.737,0.95,0.96,0.95,3.662,0.8,0.436,0.933,1.22,1.87,-63.13,-2.23,2829.3,0.63,0.64,0.51,6.0,0.62,-66.3,-2.29,2889.9,0.7,1494.309,49.333,12.0,75.0
Pdl1_binder_AF2_73,Pdl1,0,Pdl1 Watson et al,85.0,0.362,0.406,0.243,0.486,0.65,0.68,0.79,6.729,2.1,0.427,0.557,2.03,1.92,-47.84,-2.91,1645.62,0.69,0.68,0.17,6.0,0.66,-44.07,-2.82,1561.22,0.62,924.552,43.478,5.0,46.0
Pdl1_binder_AF2_75,Pdl1,0,Pdl1 Watson et al,97.0,0.253,0.293,0.157,0.317,0.62,0.63,0.77,8.831,3.4,0.355,0.259,1.78,1.36,-50.89,-2.7,1883.01,0.6,0.6,0.1,14.0,0.66,-43.0,-2.29,1875.24,0.62,940.243,37.5,5.0,48.0
Pdl1_binder_AF2_8,Pdl1,1,Pdl1 Watson et al,62.0,0.296,0.44,0.181,0.458,0.65,0.66,0.81,6.64,2.2,0.239,0.434,1.83,1.89,-44.32,-3.04,1459.43,0.71,0.72,0.32,10.0,0.64,-45.8,-3.24,1412.95,0.67,685.571,34.286,7.0,35.0
Pdl1_binder_AF2_91,Pdl1,0,Pdl1 Watson et al,65.0,0.293,0.346,0.204,0.4,0.61,0.65,0.8,7.081,2.9,0.276,0.343,7.42,7.64,-38.16,-2.4,1587.68,0.64,0.6,0.23,7.0,0.68,-36.65,-2.2,1669.48,0.64,775.317,44.444,7.0,45.0
Pdl1_binder_AF2_92,Pdl1,0,Pdl1 Watson et al,62.0,0.283,0.424,0.187,0.44,0.65,0.66,0.8,6.643,2.5,0.291,0.51,1.27,1.43,-37.01,-2.64,1403.92,0.61,0.67,0.22,8.0,0.58,-38.42,-2.74,1402.98,0.62,676.905,40.0,9.0,35.0
Trka_binder_AF2_10,TrkA,1,TrkA Watson et al,93.0,0.845,0.853,0.609,0.753,0.91,0.92,0.93,2.936,0.9,0.537,0.905,1.98,2.01,-54.82,-2.65,2065.2,0.64,0.67,0.14,8.0,0.71,-40.43,-2.46,1643.97,0.63,1043.049,42.0,10.0,50.0
Trka_binder_AF2_23,TrkA,1,TrkA Watson et al,94.0,0.805,0.831,0.582,0.735,0.9,0.9,0.92,3.564,0.9,0.553,0.879,2.36,2.22,-48.38,-2.77,1743.93,0.63,0.68,0.12,7.0,0.64,-48.21,-2.67,1807.45,0.63,955.352,41.304,7.0,46.0
Trka_binder_AF2_34,TrkA,0,TrkA Watson et al,55.0,0.697,0.808,0.445,0.752,0.88,0.88,0.9,3.107,1.0,0.438,0.896,1.73,2.36,-41.34,-2.61,1581.93,0.68,0.68,0.16,2.0,0.68,-37.89,-2.56,1480.89,0.62,813.061,47.222,4.0,36.0
Trka_binder_AF2_49,TrkA,0,TrkA Watson et al,81.0,0.723,0.768,0.488,0.703,0.85,0.86,0.89,3.822,1.0,0.366,0.827,1.86,2.1,-50.45,-3.03,1666.53,0.69,0.65,0.15,12.0,0.61,-44.36,-2.59,1714.47,0.51,957.454,37.209,11.0,43.0
Trka_binder_AF2_56,TrkA,0,TrkA Watson et al,65.0,0.638,0.697,0.391,0.688,0.85,0.85,0.84,6.165,1.0,0.36,0.448,3.06,2.48,-48.78,-3.05,1596.94,0.68,0.59,0.2,9.0,0.64,-43.86,-2.92,1504.04,0.59,817.345,45.0,10.0,40.0
Trka_binder_AF2_83,TrkA,0,TrkA Watson et al,92.0,0.784,0.787,0.552,0.718,0.88,0.88,0.91,3.601,1.0,0.447,0.931,1.87,1.91,-37.9,-2.85,1332.01,0.66,0.66,0.2,2.0,0.69,-40.19,-2.82,1423.79,0.56,756.782,42.857,2.0,42.0
Trka_binder_AF2_89,TrkA,0,TrkA Watson et al,93.0,0.744,0.767,0.488,0.681,0.86,0.86,0.89,4.512,1.0,0.526,0.901,2.21,2.03,-48.69,-2.65,1836.97,0.69,0.57,0.12,11.0,0.69,-45.92,-2.6,1765.62,0.58,981.022,39.583,10.0,48.0
bcov_v4_r3_HEEH_15440_000000053_0001_0001_1_21_H____ems_3hM_1700_0001_0001_0001_0001,IL7Ra,0,Cao et al IL7Ra,61.0,0.011,0.013,0.011,0.05,0.28,0.3,0.75,19.333,25.0,0.089,0.024,2.68,3.4,-38.89,-2.86,1357.87,0.69,0.62,0.16,5.0,0.76,-49.24,-3.41,1445.72,0.67,742.475,48.571,1.0,35.0
begonia_sp_13_EGFR_l88_s11832_mpnn1_model2,EGFR,1,Adaptyv binder comp round 2,88.0,0.572,0.692,0.286,0.451,0.9,0.9,0.69,14.662,1.5,0.433,0.598,36.92,42.79,-53.31,-2.52,2119.35,0.7,0.62,0.23,5.0,0.54,-58.53,-1.78,3280.17,0.6,1251.936,44.262,7.0,61.0
cameron_kroll_Gertrude_gen5,EGFR,0,Adaptyv binder comp round 2,147.0,0.614,0.631,0.361,0.43,0.88,0.88,0.7,14.558,1.7,0.472,0.662,52.54,49.43,-64.39,-2.67,2413.96,0.61,0.51,0.09,9.0,0.31,-17.35,-1.04,1672.49,0.58,1456.949,29.688,16.0,64.0
chris_j_frank_GPU_0_Binder_106_seq_2_B_m,EGFR,0,Adaptyv binder comp round 1,180.0,0.256,0.317,0.103,0.168,0.72,0.72,0.67,18.203,5.6,0.554,0.084,33.18,44.52,-63.97,-1.99,3221.78,0.53,0.61,0.15,9.0,0.58,-62.97,-1.64,3850.97,0.62,1840.332,44.681,14.0,94.0
christoph_gruber_UpperBinder_Scaffold1_LowerBinder,EGFR,0,Adaptyv binder comp round 2,142.0,0.012,0.012,0.011,0.037,0.35,0.35,0.51,26.158,8.2,0.323,0.013,18.07,25.13,-93.61,-2.16,4328.99,0.63,0.58,0.18,11.0,0.63,-98.61,-2.12,4642.99,0.54,2324.082,35.897,21.0,117.0
coreyhowe99_egfr_binder2,EGFR,0,Adaptyv binder comp round 1,50.0,0.222,0.5,0.109,0.313,0.84,0.84,0.7,14.812,3.3,0.357,0.547,52.09,57.71,-38.32,-2.54,1507.14,0.7,0.63,0.11,3.0,0.65,-21.58,-1.6,1351.83,0.6,859.352,37.778,10.0,45.0
coreyhowe99_egfr_binder6,EGFR,0,Adaptyv binder comp round 1,20.0,0.0,0.0,0.0,0.0,0.46,0.49,0.6,23.581,25.0,0.0,0.0,16.39,49.91,-33.39,-2.37,1411.79,0.63,0.6,0.17,3.0,0.49,-24.66,-1.77,1393.09,0.59,832.973,30.769,7.0,39.0
cside_mot_3h_hb1_3805_000000014_0001_5_12_H___bcov_4helix_13061_0001_0001,EGFR,0,Cao et al EGFR,65.0,0.505,0.69,0.334,0.538,0.81,0.83,0.9,5.121,1.9,0.398,0.59,2.69,3.57,-35.5,-1.89,1877.96,0.56,0.6,0.21,5.0,0.72,-58.8,-3.09,1904.73,0.61,994.405,47.458,7.0,59.0
cside_mot_3h_hb1_642_000000011_0001_3_12_H___HEEHE_0331_0001_0001_0001,EGFR,0,Cao et al EGFR,65.0,0.241,0.318,0.143,0.248,0.66,0.68,0.86,9.225,3.2,0.184,0.274,11.22,17.94,-44.17,-2.91,1517.58,0.62,0.66,0.1,3.0,0.72,-51.11,-2.81,1821.77,0.7,826.378,55.0,5.0,40.0
cside_mot_902bd2d794eda2c58461ea262bc623ba_0001_000000010_0001_17_22_H___bcov_4helix_05363_0001_0001_0001,EGFR,0,Cao et al EGFR,65.0,0.0,0.0,0.0,0.0,0.31,0.32,0.76,19.88,25.0,0.0,0.0,16.66,32.4,-39.9,-2.86,1396.68,0.68,0.59,0.23,9.0,0.64,-51.01,-2.78,1836.91,0.66,727.366,40.541,9.0,37.0
cside_rif_75fa223c16e2c67987a7aecf519a2142_0001_000000006_0001,EGFR,0,Cao et al EGFR,65.0,0.013,0.025,0.012,0.076,0.43,0.51,0.8,13.773,25.0,0.284,0.047,3.63,4.67,-41.42,-2.08,1989.68,0.67,0.64,0.28,7.0,0.7,-60.76,-2.96,2053.2,0.62,1095.932,45.614,8.0,57.0
csplice_r1_4b397ff321495f1cf064223b6ad1b1e1_0001_000000002_0001_0001_24_33_H____ems_3hC_902_0001_0002_0001_0001_22_58_HHH_35_08703_33_0001,VirB8,0,Cao et al VirB8,65.0,0.012,0.016,0.011,0.088,0.26,0.29,0.71,17.496,25.0,0.067,0.03,42.72,23.86,-34.99,-2.46,1419.43,0.6,0.65,0.3,0.0,0.82,-63.42,-3.69,1716.62,0.69,775.753,58.974,2.0,39.0
ems_3hC_807_000000023_0001,FGFR2,0,Cao et al FGFR2,63.0,0.068,0.083,0.023,0.192,0.39,0.41,0.65,11.681,6.2,0.218,0.077,3.95,4.25,-30.21,-1.81,1670.86,0.56,0.62,0.03,5.0,0.66,-56.94,-3.09,1844.85,0.69,888.929,45.833,5.0,48.0
ems_3hM_1576_000000028_0001,FGFR2,0,Cao et al FGFR2,63.0,0.015,0.019,0.013,0.13,0.25,0.26,0.61,16.59,25.0,0.048,0.024,19.11,19.82,-36.24,-2.58,1403.24,0.62,0.66,0.19,2.0,0.85,-65.85,-4.22,1559.02,0.76,659.543,58.333,0.0,36.0
ems_3hM_682_000000018_0001,FGFR2,1,Cao et al FGFR2,64.0,0.639,0.717,0.398,0.683,0.83,0.84,0.86,4.917,1.1,0.216,0.716,1.74,2.18,-50.66,-3.21,1580.24,0.75,0.62,0.03,3.0,0.75,-63.87,-3.72,1718.45,0.69,849.425,56.098,0.0,41.0
il10ra_site1_normal_mot_HHH_b2_02053_af2_000000006_0001_3_19_H___HHH_b1_00687_0001_0000200013_0000001_0_af2pred_0001,IL10Ra,0,Bennet paper IL10Ra prospective,55.0,0.0,0.0,0.0,0.0,0.35,0.36,0.74,19.27,13.4,0.0,0.0,53.22,41.88,-41.73,-2.83,1475.6,0.69,0.65,0.19,6.0,0.59,-44.5,-2.51,1774.29,0.58,781.184,44.444,2.0,36.0
jakublala_full_dibinder_45aa_pdb,EGFR,0,Adaptyv binder comp round 2,45.0,0.012,0.014,0.011,0.069,0.42,0.48,0.67,22.028,9.6,0.198,0.021,7.15,10.82,-61.53,-2.39,2576.65,0.63,0.59,0.25,5.0,0.61,-60.37,-2.19,2757.79,0.55,1325.324,41.667,7.0,72.0
lennart_nickel_EGFR_l139_s63093_mpnn2,EGFR,0,Adaptyv binder comp round 2,139.0,0.238,0.315,0.086,0.182,0.73,0.74,0.63,19.714,4.6,0.344,0.182,4.61,16.42,-43.98,-2.35,1871.88,0.61,0.66,0.3,4.0,0.64,-54.48,-2.73,1994.74,0.64,1035.668,38.462,7.0,52.0
lennart_nickel_EGFR_l179_s82283_mpnn1,EGFR,1,Adaptyv binder comp round 2,179.0,0.595,0.641,0.339,0.412,0.84,0.84,0.71,16.383,2.0,0.44,0.739,40.02,38.61,-51.8,-2.69,1928.81,0.69,0.65,0.27,7.0,0.65,-64.17,-2.32,2764.11,0.67,1094.836,42.857,9.0,56.0
lhallee_lhallee_128_driveid_3_4,EGFR,0,Adaptyv binder comp round 2,128.0,0.0,0.0,0.0,0.0,0.25,0.26,0.66,26.443,25.0,0.0,0.0,16.37,13.15,-81.03,-2.18,3715.68,0.57,0.59,0.31,6.0,0.55,-50.36,-1.84,2733.55,0.63,1990.979,44.118,6.0,102.0
longxing_Grafting2_ems_3hM_1272_0001_0009_0001_0001,IL7Ra,0,Cao et al IL7Ra,62.0,0.309,0.439,0.163,0.344,0.75,0.77,0.84,8.186,2.5,0.199,0.565,2.12,2.8,-48.97,-3.37,1453.91,0.69,0.52,0.12,4.0,0.73,-61.22,-4.08,1499.88,0.63,706.889,50.0,4.0,34.0
longxing_ems_3hM_2159_000000000_0001_0001,IL7Ra,0,Cao et al IL7Ra,60.0,0.013,0.015,0.012,0.094,0.37,0.43,0.76,15.207,25.0,0.166,0.042,15.31,13.86,-41.84,-2.19,1908.27,0.58,0.61,0.17,4.0,0.73,-52.06,-3.42,1523.9,0.61,993.755,38.0,4.0,50.0
ltk_site1_normal_mot_HHH_b2_01613_000000243_0001_39_52_H___HHH_b2_04346_0001_0000100003_0000002_0_af2pred_0001,LTK,0,Bennet paper LTK prospective,52.0,0.012,0.012,0.011,0.037,0.34,0.37,0.81,19.592,25.0,0.064,0.018,17.27,24.1,-28.44,-2.31,1232.13,0.59,0.68,0.0,0.0,0.61,-54.81,-2.87,1910.4,0.64,860.143,51.351,1.0,37.0
maxall4_EGFR_ED_BINDER_l132_s581930_mpnn1_model1_unrelaxed_rank_001_alphafold2_multimer_v3_model_1_seed_000_top1_mutation_R79A_round1_Chain_A,EGFR,0,Adaptyv binder comp round 2,132.0,0.582,0.694,0.31,0.455,0.87,0.87,0.69,15.102,1.5,0.54,0.713,2.33,3.4,-61.72,-2.83,2184.02,0.65,0.57,0.31,9.0,0.67,-60.08,-2.79,2157.07,0.65,1289.432,43.75,9.0,64.0
mot_H_buried_ems_ferrM_2475_0001_000000000_0001_42_52_H___3h_hb1_3301_0001_0001,FGFR2,0,Cao et al FGFR2,60.0,0.014,0.017,0.013,0.118,0.29,0.3,0.63,16.064,25.0,0.129,0.03,28.53,19.59,-37.62,-2.42,1551.98,0.56,0.57,0.18,1.0,0.68,-63.27,-3.53,1793.1,0.66,834.819,48.837,2.0,43.0
mot_H_fastrot_3h_hb1_3344_000000001_0001_47_55_H___06ade0613b12f76812317c78160698dc_0001_1_0001_0001_0001,FGFR2,0,Cao et al FGFR2,65.0,0.261,0.309,0.154,0.347,0.6,0.62,0.74,8.907,2.8,0.198,0.302,11.79,10.41,-45.86,-3.25,1411.86,0.79,0.64,0.2,5.0,0.7,-61.56,-3.49,1765.22,0.66,787.928,50.0,2.0,38.0
mot_H_fastrot_3h_hb1_3344_000000001_0001_47_55_H___3h_hb1_4796_0001_0001_0001_0001,FGFR2,0,Cao et al FGFR2,60.0,0.016,0.017,0.015,0.16,0.28,0.29,0.62,14.611,6.2,0.104,0.038,22.14,24.44,-27.44,-2.01,1364.93,0.46,0.61,0.2,2.0,0.59,-51.33,-2.98,1723.89,0.69,768.296,58.537,0.0,41.0
mot_H_fastrot_af86a77e12a6d000c40019900632522e_0001_000000000_0001_57_64_H___119aff9b4b54a8b7f9257dbe8a983e52_0001_0001_0001_0001,FGFR2,0,Cao et al FGFR2,65.0,0.036,0.05,0.018,0.208,0.33,0.39,0.63,12.834,25.0,0.146,0.048,7.98,9.02,-33.23,-2.63,1263.63,0.69,0.63,0.14,3.0,0.64,-46.27,-3.0,1542.77,0.63,713.756,55.0,2.0,40.0
mot_H_fastrot_cor_0bc44f8b96f7b902a8a276c56ab75a77_0001_000000002_0001_40_46_H___0e649e4a48cf8ac8cbe06b763a6f7b82_0001_0001_0001_0001_0001,FGFR2,0,Cao et al FGFR2,65.0,0.065,0.078,0.028,0.198,0.4,0.45,0.67,12.497,5.3,0.362,0.112,11.9,16.04,-29.1,-1.97,1474.87,0.55,0.59,0.19,3.0,0.66,-42.78,-2.64,1618.48,0.69,769.907,50.0,0.0,42.0
mot_H_fastrot_cor_3h_hb1_3344_000000001_0001_48_54_H___3h_hb1_361_0001_0001_0001_0001,FGFR2,0,Cao et al FGFR2,63.0,0.011,0.011,0.011,0.045,0.23,0.26,0.6,17.467,25.0,0.102,0.024,23.93,23.56,-27.3,-2.2,1243.71,0.59,0.61,0.11,2.0,0.69,-55.32,-2.88,1919.68,0.71,757.854,44.444,2.0,36.0
mot_H_fastrot_cor_3h_hb1_3344_000000008_0001_48_58_H___15c47e58ec034675cea8361068b03205_0001_0001_0001_0001,FGFR2,0,Cao et al FGFR2,65.0,0.03,0.039,0.015,0.174,0.41,0.42,0.65,13.187,6.3,0.125,0.055,16.62,34.78,-34.21,-2.33,1467.9,0.48,0.51,0.32,1.0,0.68,-44.65,-3.24,1379.56,0.76,846.658,53.659,1.0,41.0
mot_H_fastrot_cor_3h_hb1_5971_000000012_0001_53_59_H___4ffabe699aa629b13a2ee3405aa9778b_0001_1_0001_0001_0001,FGFR2,0,Cao et al FGFR2,65.0,0.708,0.76,0.43,0.698,0.87,0.87,0.88,4.321,0.9,0.377,0.819,1.83,2.34,-43.84,-3.07,1426.74,0.8,0.59,0.28,4.0,0.78,-61.36,-3.62,1693.53,0.65,717.664,44.737,6.0,38.0
mot_H_fastrot_cor_3h_hb1_5971_000000012_0001_53_59_H___ems_3hC_1452_0001_0002_0001_0001,FGFR2,0,Cao et al FGFR2,63.0,0.126,0.134,0.065,0.244,0.5,0.52,0.7,11.021,4.3,0.212,0.085,18.49,24.03,-47.72,-2.5,1905.38,0.59,0.58,0.09,6.0,0.7,-45.8,-2.71,1689.51,0.7,1054.113,53.846,5.0,52.0
mot_H_fastrot_cor_ems_3hC_1462_0001_000000008_0001_26_30_H___df338073d221ed15f61596982b880397_0001_1_0001_0001_0001,FGFR2,0,Cao et al FGFR2,65.0,0.071,0.094,0.03,0.211,0.35,0.44,0.65,11.649,5.2,0.173,0.118,3.4,5.22,-40.89,-3.04,1344.25,0.67,0.59,0.11,1.0,0.68,-50.89,-3.2,1588.94,0.68,732.2,56.818,0.0,44.0
mot_H_fastrot_cor_ems_3hM_199_000000020_0001_56_61_H___3h_hb1_450_0001_0002_0001_0001,FGFR2,0,Cao et al FGFR2,61.0,0.721,0.802,0.45,0.72,0.87,0.88,0.9,3.651,0.9,0.457,0.881,1.69,3.1,-55.66,-3.11,1792.06,0.74,0.67,0.07,3.0,0.73,-59.12,-3.29,1795.04,0.64,956.723,44.444,5.0,45.0
mot_H_fastrot_cor_ems_3hM_199_000000020_0001_57_61_H___EHEE_hb1_2610_0001_0001_0001,FGFR2,0,Cao et al FGFR2,65.0,0.016,0.016,0.014,0.163,0.25,0.27,0.6,15.606,25.0,0.085,0.031,12.81,12.53,-31.44,-2.02,1556.96,0.45,0.61,0.15,3.0,0.73,-56.36,-3.1,1818.73,0.66,929.553,47.826,6.0,46.0
mot_H_fastrot_cor_f8f8a4152cc90f14bb898546c27f9520_0001_000000007_0001_34_38_H___4h_hb1_4608_0001_0001_0001,FGFR2,0,Cao et al FGFR2,62.0,0.066,0.073,0.023,0.172,0.38,0.44,0.66,12.646,25.0,0.231,0.114,16.24,11.28,-37.99,-2.42,1569.61,0.67,0.61,0.24,4.0,0.69,-47.78,-2.91,1639.89,0.66,849.25,53.488,6.0,43.0
mot_H_fastrot_ems_3hM_3402_000000020_0001_49_59_H___3h_hb1_6312_0001_0001_0001_0001,FGFR2,0,Cao et al FGFR2,62.0,0.046,0.088,0.02,0.245,0.37,0.42,0.66,12.203,4.4,0.178,0.06,21.62,24.32,-44.03,-2.75,1599.0,0.61,0.58,0.14,2.0,0.75,-62.85,-3.48,1803.87,0.67,891.401,57.143,2.0,49.0
mot_H_normal_3h_hb1_2296_000000001_0001_3_9_H___3h_hb1_5652_0001_0002_0001,FGFR2,0,Cao et al FGFR2,60.0,0.471,0.543,0.27,0.593,0.77,0.77,0.82,6.023,1.6,0.184,0.494,11.49,10.76,-40.31,-2.99,1346.61,0.77,0.61,0.07,1.0,0.69,-54.43,-2.99,1820.25,0.69,773.375,50.0,2.0,40.0
mot_H_normal_3h_hb1_3209_000000013_0001_58_63_H___3h_hb1_309_0001_0001_0001,FGFR2,1,Cao et al FGFR2,65.0,0.529,0.559,0.282,0.595,0.79,0.8,0.82,5.973,1.4,0.404,0.601,6.0,3.84,-41.97,-2.38,1764.56,0.68,0.63,0.03,5.0,0.71,-63.45,-3.16,2009.38,0.62,939.884,50.943,8.0,53.0
mot_H_normal_3h_hb1_3209_000000013_0001_58_63_H___da9e5f86e81fca48f449e0e79ace5297_0001_1_0001_0001_0001,FGFR2,1,Cao et al FGFR2,65.0,0.163,0.169,0.057,0.22,0.51,0.53,0.71,10.607,4.4,0.149,0.149,3.98,2.88,-36.43,-2.51,1449.69,0.68,0.64,0.28,4.0,0.67,-60.18,-3.27,1838.85,0.69,749.305,56.41,7.0,39.0
mot_H_normal_3h_hb1_3209_000000013_0001_58_63_H___ems_3hC_1249_0001_0001_0001,FGFR2,1,Cao et al FGFR2,64.0,0.673,0.769,0.392,0.693,0.85,0.86,0.87,4.274,1.1,0.392,0.8,3.56,2.74,-44.08,-3.21,1372.0,0.7,0.61,0.0,5.0,0.69,-53.43,-3.32,1608.13,0.68,734.462,47.619,3.0,42.0
mot_H_normal_3h_hb1_3209_000000013_0001_59_63_H___HEEHE_2331_0001_0001_0001,FGFR2,0,Cao et al FGFR2,65.0,0.648,0.75,0.373,0.63,0.82,0.84,0.85,5.014,0.9,0.29,0.633,2.95,2.17,-42.4,-2.98,1420.73,0.63,0.67,0.08,3.0,0.69,-54.14,-2.95,1832.98,0.69,818.071,47.5,6.0,40.0
mot_H_normal_3h_hb1_3627_000000010_0001_51_57_H___3h_hb1_2016_0001_0001_0001,FGFR2,1,Cao et al FGFR2,62.0,0.657,0.736,0.344,0.66,0.84,0.85,0.86,4.991,1.0,0.354,0.829,2.97,2.63,-49.94,-3.52,1418.15,0.71,0.65,0.09,4.0,0.73,-52.54,-3.28,1602.5,0.66,778.459,52.632,4.0,38.0
mot_H_normal_3h_hb1_3627_000000010_0001_51_57_H___3h_hb1_6707_0001_0001_0001_0001,FGFR2,0,Cao et al FGFR2,61.0,0.017,0.017,0.015,0.169,0.29,0.31,0.63,14.416,25.0,0.081,0.046,28.59,24.72,-29.48,-2.33,1265.36,0.58,0.63,0.03,2.0,0.75,-54.57,-3.06,1784.03,0.66,726.398,47.368,6.0,38.0
mot_H_normal_3h_hb1_4705_000000000_0001_24_34_H___2051c93d6f136ab5bac26191f104723f_0001_1_0001_0002_0001_0001,FGFR2,0,Cao et al FGFR2,65.0,0.592,0.606,0.334,0.62,0.79,0.81,0.83,5.499,1.3,0.356,0.55,3.23,2.5,-47.38,-3.26,1451.9,0.62,0.68,0.11,2.0,0.73,-58.96,-3.83,1540.83,0.66,756.05,50.0,2.0,44.0
mot_H_normal_HEEHE_2363_000000001_0001_43_52_H___ems_3hM_2750_0001_0001_0001,FGFR2,0,Cao et al FGFR2,62.0,0.317,0.459,0.172,0.456,0.67,0.69,0.77,8.803,1.9,0.207,0.238,6.03,5.64,-33.45,-2.2,1523.28,0.64,0.64,0.09,1.0,0.68,-58.9,-3.57,1649.95,0.65,879.284,50.0,4.0,44.0
mot_H_normal_HEEH_10310_000000009_0001_53_58_H___3h_hb1_5862_0001_0001_0001,FGFR2,0,Cao et al FGFR2,62.0,0.014,0.017,0.012,0.099,0.24,0.27,0.61,15.949,25.0,0.078,0.042,16.03,36.67,-17.01,-1.79,948.83,0.58,0.67,0.16,1.0,0.68,-62.97,-3.28,1918.93,0.74,618.746,56.667,1.0,30.0
mot_H_normal_HHH_eva_0053_000000019_0001_25_31_H___ems_3hC_142_0002_0001_0001_0001,FGFR2,0,Cao et al FGFR2,63.0,0.016,0.019,0.014,0.156,0.34,0.35,0.65,13.813,25.0,0.102,0.072,9.6,13.49,-27.26,-2.11,1292.8,0.66,0.65,0.0,2.0,0.74,-57.49,-3.21,1791.58,0.66,696.601,42.857,5.0,35.0
mot_H_normal_ems_3hC_160_000000005_0001_13_19_H___ems_3hM_2462_0001_0001_0001,FGFR2,0,Cao et al FGFR2,63.0,0.125,0.146,0.046,0.273,0.43,0.44,0.67,12.106,2.8,0.081,0.047,21.75,20.23,-29.61,-2.85,1037.59,0.71,0.63,0.08,1.0,0.65,-64.73,-3.3,1958.95,0.72,616.695,52.941,2.0,34.0
mot_H_normal_f8f8a4152cc90f14bb898546c27f9520_0001_000000018_0001_34_43_H___46f9699afc1ef2f3302f39e8a6d525e7_0001_0001_0001_0001,FGFR2,0,Cao et al FGFR2,65.0,0.019,0.019,0.016,0.209,0.28,0.33,0.6,14.081,5.3,0.127,0.05,1.97,2.19,-39.38,-3.12,1260.7,0.66,0.62,0.23,3.0,0.76,-58.68,-3.82,1535.38,0.69,632.799,48.571,2.0,35.0
mot_P_fastrot_EHEE_hb1_1763_000000022_0001_5_7_61_63_P___EHEE_hb1_5186_0001_0001_0001,FGFR2,0,Cao et al FGFR2,65.0,0.233,0.265,0.113,0.306,0.61,0.64,0.74,9.641,3.6,0.195,0.126,28.66,28.95,-53.21,-2.55,2089.79,0.66,0.59,0.21,5.0,0.76,-56.45,-3.42,1652.58,0.67,1155.387,42.593,4.0,54.0
mot_P_fastrot_cor_HEEHE_1766_000000005_0001_21_25_32_34_P___HEEHE_2870_0001_0001_0001,FGFR2,0,Cao et al FGFR2,65.0,0.098,0.162,0.033,0.184,0.45,0.52,0.69,10.708,5.0,0.134,0.145,3.86,4.6,-37.91,-2.42,1564.18,0.53,0.6,0.11,5.0,0.74,-58.75,-3.61,1626.46,0.66,792.114,46.512,5.0,43.0
mot_P_normal_EHEE_hb1_164_000000001_0001_5_7_61_63_P___EHEE_hb1_6144_0001_0001_0001,FGFR2,0,Cao et al FGFR2,65.0,0.013,0.016,0.012,0.089,0.25,0.28,0.6,16.985,25.0,0.106,0.02,28.55,27.07,-55.85,-2.83,1974.26,0.61,0.6,0.15,4.0,0.73,-49.35,-3.03,1631.42,0.63,1031.351,53.061,2.0,49.0
mot_P_normal_EHEE_hb1_6037_000000001_0001_46_52_57_59_P___EHEE_hb1_2211_0001_0001_0001,FGFR2,0,Cao et al FGFR2,65.0,0.0,0.0,0.0,0.0,0.13,0.16,0.56,24.188,25.0,0.0,0.0,50.76,28.19,-33.28,-3.21,1037.08,0.73,0.59,0.14,5.0,0.68,-53.52,-3.71,1444.17,0.67,576.851,59.259,6.0,27.0
mot_P_normal_ems_bGC_257_000000013_0001_39_43_46_50_P___ems_ferrM_1386_0001_0001_0001,FGFR2,0,Cao et al FGFR2,63.0,0.2,0.209,0.121,0.317,0.52,0.57,0.73,9.318,3.5,0.142,0.211,5.64,6.63,-38.68,-2.68,1444.7,0.57,0.6,0.36,3.0,0.71,-47.72,-3.15,1515.2,0.72,732.398,55.0,5.0,40.0
mot_P_normal_ems_ferrM_3505_0001_000000001_0001_2_6_59_63_P___EHEE_hb1_5233_0001_0001_0001,FGFR2,0,Cao et al FGFR2,65.0,0.0,0.0,0.0,0.0,0.18,0.19,0.57,20.41,25.0,0.0,0.0,16.17,9.8,-37.87,-3.45,1097.77,0.78,0.73,0.11,4.0,0.57,-41.72,-2.66,1569.42,0.55,675.261,47.5,5.0,40.0
nasr_kaveh_ZistRayaneshDesign_07,EGFR,0,Adaptyv binder comp round 1,80.0,0.197,0.455,0.105,0.254,0.78,0.79,0.65,17.373,4.0,0.254,0.354,15.63,31.41,-40.65,-2.65,1534.42,0.62,0.6,0.43,9.0,0.58,-40.62,-1.99,2036.26,0.61,887.518,27.273,5.0,44.0
noah_holzleitner_Noah_EGFR_Binder_3,EGFR,0,Adaptyv binder comp round 2,60.0,0.518,0.687,0.249,0.472,0.92,0.93,0.7,12.966,1.6,0.569,0.729,35.5,46.91,-53.45,-2.29,2330.99,0.65,0.6,0.15,9.0,0.61,-52.81,-2.0,2638.6,0.64,1271.117,42.857,17.0,56.0
nsplice_r1_ems_3hM_1972_000000001_0001_0001_2_11_H____ae44d3806856075a6ba911062890e997_0001_1_0001_0002_0001_0001_18_50_HHH_04_28803_37_0001,VirB8,0,Cao et al VirB8,65.0,0.015,0.019,0.012,0.115,0.4,0.44,0.74,14.018,7.9,0.156,0.049,39.85,23.29,-45.5,-3.01,1512.81,0.63,0.72,0.13,1.0,0.72,-58.89,-3.82,1541.68,0.77,768.18,53.846,1.0,39.0
p53_AF2_1,Mdm2,1,Mdm2 Watson et al,103.0,0.728,0.791,0.463,0.666,0.89,0.89,0.87,4.317,0.9,0.429,0.859,2.08,1.42,-49.91,-2.65,1880.5,0.59,0.52,0.02,5.0,0.69,-55.28,-2.87,1925.33,0.59,919.781,39.583,4.0,48.0
p53_AF2_39,Mdm2,0,Mdm2 Watson et al,103.0,0.748,0.836,0.494,0.69,0.91,0.92,0.88,3.931,0.8,0.415,0.874,3.3,2.14,-44.99,-2.72,1655.66,0.73,0.61,0.14,4.0,0.67,-55.18,-3.0,1839.5,0.6,805.156,45.0,4.0,40.0
p53_AF2_44,Mdm2,0,Mdm2 Watson et al,104.0,0.683,0.779,0.455,0.669,0.89,0.89,0.88,4.316,1.0,0.424,0.82,2.16,1.73,-51.4,-2.8,1838.5,0.63,0.65,0.12,3.0,0.68,-47.41,-2.73,1735.18,0.63,870.471,52.174,4.0,46.0
p53_AF2_6,Mdm2,0,Mdm2 Watson et al,104.0,0.713,0.811,0.445,0.648,0.9,0.9,0.87,4.705,0.9,0.414,0.887,2.9,2.52,-50.28,-2.72,1850.54,0.61,0.55,0.17,6.0,0.71,-52.69,-3.03,1741.02,0.54,801.714,39.535,4.0,43.0
p53_AF2_95,Mdm2,0,Mdm2 Watson et al,78.0,0.746,0.804,0.552,0.739,0.88,0.89,0.89,3.491,0.8,0.46,0.92,2.98,2.24,-42.65,-2.65,1607.93,0.68,0.64,0.09,3.0,0.71,-47.04,-2.63,1786.02,0.62,961.631,43.75,4.0,48.0
pol_1da4daf099010d13226b9a09d6b2785d_0001_000000004_0001,FGFR2,0,Cao et al FGFR2,65.0,0.067,0.079,0.031,0.226,0.4,0.43,0.67,11.46,25.0,0.176,0.096,18.0,17.75,-36.38,-2.83,1287.5,0.67,0.52,0.21,1.0,0.7,-60.87,-3.58,1701.96,0.7,684.123,57.895,2.0,38.0
pol_3h_hb1_5199_000000022_0001_0001,FGFR2,1,Cao et al FGFR2,55.0,0.69,0.779,0.402,0.721,0.87,0.88,0.88,4.132,1.0,0.4,0.79,3.09,3.17,-42.07,-3.0,1400.53,0.72,0.68,0.19,3.0,0.58,-50.16,-2.86,1751.28,0.61,758.847,50.0,2.0,40.0
pol_3h_hb1_6517_000000016_0001,FGFR2,0,Cao et al FGFR2,62.0,0.012,0.015,0.012,0.064,0.25,0.32,0.62,15.957,25.0,0.094,0.032,15.28,16.92,-40.36,-2.52,1601.97,0.51,0.55,0.15,4.0,0.7,-50.1,-3.33,1506.01,0.62,919.27,53.333,4.0,45.0
pol_9813f7cba61baaded2c12b9730155868_0001_000000016_0001,FGFR2,0,Cao et al FGFR2,65.0,0.012,0.013,0.012,0.063,0.25,0.31,0.59,16.177,25.0,0.173,0.026,16.48,29.65,-44.01,-2.68,1640.68,0.66,0.64,0.22,5.0,0.65,-47.73,-2.68,1779.88,0.59,769.347,53.488,3.0,43.0
pol_9b993c960601502970b22f978beba8ac_0001_000000019_0001_0001,FGFR2,0,Cao et al FGFR2,65.0,0.731,0.772,0.462,0.726,0.88,0.88,0.9,4.309,0.9,0.352,0.892,8.2,4.87,-53.89,-3.21,1677.28,0.69,0.55,0.25,2.0,0.63,-58.05,-3.26,1783.35,0.57,851.888,57.143,4.0,42.0
pol_a27a4c0ab073566d644215d00d29d3c0_0001_1_000000000_0001,FGFR2,0,Cao et al FGFR2,65.0,0.088,0.094,0.037,0.203,0.4,0.46,0.67,11.674,25.0,0.122,0.097,13.65,19.25,-31.58,-2.39,1318.57,0.63,0.64,0.17,0.0,0.69,-67.9,-3.71,1827.76,0.67,757.326,57.895,0.0,38.0
pol_b74c8ae2d0bd5465b4653028b4f29b39_0001_000000016_0001_0001,FGFR2,0,Cao et al FGFR2,65.0,0.628,0.629,0.351,0.632,0.82,0.83,0.84,5.353,1.1,0.377,0.76,2.36,2.34,-47.64,-3.3,1445.24,0.73,0.68,0.16,2.0,0.64,-56.72,-3.56,1595.53,0.7,711.249,61.765,1.0,34.0
pol_c839b00de2d74b58ead539899b931618_0001_000000000_0001_0001,FGFR2,1,Cao et al FGFR2,65.0,0.054,0.058,0.021,0.211,0.32,0.33,0.64,13.62,5.1,0.096,0.059,19.9,23.23,-38.36,-2.65,1450.09,0.66,0.63,0.19,1.0,0.68,-58.52,-3.31,1767.13,0.7,705.454,52.632,2.0,38.0
pol_e0e0651493743e9ca89b9b6d2ff66c1b_0001_1_000000006_0001,FGFR2,1,Cao et al FGFR2,65.0,0.617,0.7,0.345,0.654,0.82,0.83,0.86,4.854,1.2,0.327,0.571,3.5,4.14,-60.64,-3.32,1827.23,0.74,0.53,0.2,4.0,0.68,-52.36,-3.2,1635.51,0.65,972.963,52.083,5.0,48.0
pol_ems_ferrM_4801_000000015_0001_0001,FGFR2,0,Cao et al FGFR2,64.0,0.177,0.229,0.11,0.313,0.5,0.54,0.7,9.358,4.0,0.122,0.14,20.51,19.43,-37.62,-3.01,1249.7,0.66,0.65,0.11,3.0,0.64,-53.65,-2.98,1800.53,0.61,684.757,53.846,5.0,39.0
r1_ems_3hM_1972_000000001_0001_0001_2_11_H____4271555111f650dfcc09ceace45bed71_0001_1_0001_0001_0001_0001,VirB8,0,Cao et al VirB8,65.0,0.015,0.073,0.013,0.125,0.35,0.5,0.72,14.022,25.0,0.106,0.056,44.58,31.11,-42.99,-2.7,1589.94,0.7,0.64,0.17,2.0,0.69,-57.87,-3.57,1622.46,0.63,799.202,54.762,2.0,42.0
rif_fastrot_EHEE_hb1_2374_000000002_0001_0001,FGFR2,0,Cao et al FGFR2,65.0,0.013,0.015,0.012,0.078,0.22,0.26,0.59,17.81,25.0,0.105,0.022,13.65,10.07,-34.52,-2.17,1589.07,0.63,0.6,0.11,7.0,0.68,-54.77,-3.26,1678.19,0.74,750.477,46.341,7.0,41.0
rif_fastrot_EHEE_hb1_816_000000007_0001_0001,FGFR2,0,Cao et al FGFR2,65.0,0.015,0.016,0.013,0.118,0.23,0.26,0.59,17.235,25.0,0.089,0.022,21.78,28.82,-35.1,-2.16,1626.71,0.45,0.55,0.11,2.0,0.72,-49.93,-3.09,1614.76,0.72,964.111,53.488,2.0,43.0
rif_fastrot_HEEH_05974_000000004_0001_0001,FGFR2,0,Cao et al FGFR2,64.0,0.013,0.014,0.012,0.073,0.24,0.27,0.6,17.127,25.0,0.075,0.023,21.4,30.67,-41.79,-2.82,1482.75,0.6,0.61,0.19,4.0,0.77,-46.63,-2.9,1605.63,0.68,848.423,48.889,5.0,45.0
rif_fastrot_cor_86f9468596a205bcd86bbfe95fb0a0f7_0001_000000010_0001_0001,FGFR2,0,Cao et al FGFR2,65.0,0.013,0.013,0.012,0.066,0.22,0.25,0.6,18.024,25.0,0.097,0.019,20.42,24.56,-37.58,-2.48,1513.01,0.7,0.64,0.31,1.0,0.72,-56.39,-3.78,1490.84,0.69,822.515,61.702,1.0,47.0
rif_fastrot_cor_EHEE_09209_000000012_0001_0001,FGFR2,0,Cao et al FGFR2,65.0,0.109,0.11,0.032,0.202,0.39,0.5,0.66,12.058,4.8,0.154,0.12,14.11,5.95,-46.16,-3.11,1485.81,0.66,0.59,0.11,5.0,0.82,-44.03,-2.87,1535.5,0.68,728.646,38.462,4.0,39.0
rif_fastrot_cor_EHEE_hb1_3353_000000027_0001_0001,FGFR2,0,Cao et al FGFR2,65.0,0.015,0.015,0.013,0.136,0.27,0.28,0.61,16.379,25.0,0.127,0.024,27.12,28.94,-41.82,-2.26,1854.01,0.59,0.6,0.22,9.0,0.76,-52.93,-3.13,1693.55,0.68,937.43,46.939,3.0,49.0
rif_fastrot_cor_proteinG_5777_000000006_0001_0001,FGFR2,0,Cao et al FGFR2,57.0,0.347,0.401,0.178,0.41,0.62,0.68,0.76,9.017,1.8,0.192,0.26,20.36,31.36,-32.77,-2.15,1522.13,0.61,0.65,0.39,4.0,0.69,-54.64,-3.25,1679.45,0.64,796.12,41.463,4.0,41.0
rif_normal_EHEE_hb1_4933_000000010_0001_0001,FGFR2,0,Cao et al FGFR2,65.0,0.015,0.016,0.013,0.126,0.26,0.34,0.6,15.694,25.0,0.119,0.045,25.28,27.02,-30.83,-2.38,1297.36,0.68,0.65,0.13,7.0,0.71,-50.6,-3.06,1654.87,0.6,732.897,46.512,8.0,43.0
rif_normal_EHEE_hb1_5357_000000009_0001,FGFR2,0,Cao et al FGFR2,65.0,0.013,0.016,0.012,0.078,0.21,0.25,0.58,17.153,25.0,0.067,0.031,31.88,26.74,-29.72,-2.37,1256.04,0.59,0.57,0.22,2.0,0.72,-56.19,-3.35,1676.5,0.68,620.636,57.143,1.0,28.0
rif_normal_EHEE_hb1_6533_000000015_0001_0001,FGFR2,0,Cao et al FGFR2,65.0,0.013,0.016,0.012,0.105,0.23,0.24,0.59,17.297,25.0,0.042,0.03,13.06,8.53,-27.82,-2.37,1175.02,0.66,0.62,0.22,1.0,0.75,-57.12,-3.45,1653.3,0.66,624.751,50.0,1.0,34.0
salireza111_mini_6_1_,EGFR,0,Adaptyv binder comp round 1,19.0,0.033,0.039,0.015,0.124,0.7,0.7,0.73,19.175,5.6,0.099,0.101,15.32,27.67,-28.46,-2.51,1134.24,0.69,0.6,0.0,4.0,0.69,-16.79,-1.37,1227.66,0.64,670.721,29.73,10.0,37.0
toluwase_fatoki_Toluwase_Sequence3_119,EGFR,0,Adaptyv binder comp round 2,119.0,0.0,0.0,0.0,0.0,0.18,0.18,0.53,29.333,25.0,0.0,0.0,27.52,48.24,-20.4,-1.38,1478.71,0.43,0.53,0.35,1.0,0.56,-65.67,-1.86,3532.1,0.58,794.787,36.735,5.0,49.0
2bnr_02_2800_21_2_1,pMHC_NY1,0,pMHC screening NY1,104.0,0.518,0.752,0.332,0.64,0.93,0.94,0.94,4.776,1.2,0.414,0.867,1.15,1.45,-59.95,-2.42,2474.09,0.56,0.62,0.17,7.0,0.65,-65.09,-2.56,2545.71,0.63,1344.088,48.438,6.0,64.0
2bnr_150_2_56_0_17,pMHC_NY1,0,pMHC screening NY1,130.0,0.219,0.365,0.125,0.309,0.86,0.87,0.89,9.195,3.1,0.349,0.422,1.53,2.25,-67.94,-2.2,3090.75,0.57,0.59,0.26,9.0,0.63,-76.64,-2.47,3105.79,0.67,1785.088,40.909,6.0,88.0
2bnr_27_7_3_9_temp001_dldesign_775_af2pred,pMHC_NY1,1,pMHC screening NY2,145.0,0.641,0.865,0.429,0.715,0.95,0.95,0.95,3.78,0.8,0.439,0.935,1.29,1.97,-75.55,-2.7,2799.04,0.67,0.64,0.21,10.0,0.62,-67.41,-2.46,2744.83,0.65,1438.338,44.286,11.0,70.0
2bnr_27_7_3_9_temp003_dldesign_170_af2pred,pMHC_NY1,0,pMHC screening NY2,145.0,0.619,0.841,0.4,0.698,0.94,0.94,0.95,4.273,0.9,0.44,0.928,1.66,2.65,-66.52,-2.32,2866.31,0.62,0.71,0.38,10.0,0.63,-69.84,-2.48,2812.27,0.67,1429.469,43.478,9.0,69.0
2bnr_27_7_3_9_temp003_dldesign_76_af2pred,pMHC_NY1,0,pMHC screening NY2,145.0,0.621,0.857,0.415,0.705,0.94,0.95,0.95,4.023,0.9,0.434,0.931,1.21,1.68,-69.2,-2.41,2866.49,0.67,0.74,0.42,10.0,0.67,-74.8,-2.5,2989.58,0.71,1464.811,45.07,13.0,71.0
2bnr_27_7_3_9_temp01_dldesign_302_af2pred,pMHC_NY1,0,pMHC screening NY2,145.0,0.655,0.866,0.431,0.709,0.95,0.95,0.95,4.121,0.8,0.454,0.936,1.24,1.54,-78.32,-2.77,2829.16,0.72,0.71,0.67,12.0,0.67,-61.1,-2.18,2797.85,0.62,1511.518,43.478,10.0,69.0
2bnr_27_7_3_9_temp03_dldesign_167_af2pred,pMHC_NY1,1,pMHC screening NY2,145.0,0.671,0.88,0.452,0.727,0.95,0.95,0.95,3.647,0.8,0.442,0.944,0.9,1.56,-70.93,-2.47,2869.86,0.64,0.66,0.4,10.0,0.7,-66.82,-2.33,2864.06,0.65,1436.186,44.444,8.0,72.0
AKAP9_binder_18_dldesign_3_af2pred,pMHC_SILSY1,0,pMHC screening SILSY1,124.0,0.608,0.806,0.397,0.697,0.94,0.95,0.95,3.788,0.9,0.403,0.923,2.68,4.67,-51.1,-1.77,2884.98,0.53,0.66,0.24,11.0,0.64,-70.65,-2.37,2975.96,0.66,1478.953,34.783,11.0,69.0
AKAP9_binder_26_renumb_32_dldesign_0_af2pred,pMHC_SILSY1,0,pMHC screening SILSY1,124.0,0.548,0.76,0.357,0.657,0.94,0.94,0.94,4.526,1.1,0.404,0.895,1.19,1.2,-58.66,-2.08,2825.47,0.55,0.65,0.29,11.0,0.5,-62.05,-2.08,2987.34,0.61,1614.996,37.5,14.0,72.0
AKAP9_binder_28_renumb_52_dldesign_0_af2pred,pMHC_SILSY1,0,pMHC screening SILSY1,124.0,0.604,0.797,0.383,0.685,0.94,0.95,0.94,4.151,0.9,0.418,0.909,2.63,4.78,-68.76,-2.21,3111.14,0.55,0.67,0.29,11.0,0.58,-68.8,-2.22,3099.48,0.65,1669.715,38.961,17.0,77.0
AKAP9_binder_9,pMHC_SILSY1,0,pMHC screening SILSY1,124.0,0.558,0.77,0.383,0.649,0.95,0.95,0.95,4.017,1.0,0.395,0.888,2.26,3.09,-60.69,-2.12,2863.04,0.53,0.61,0.3,9.0,0.68,-76.35,-2.57,2974.68,0.64,1547.887,38.356,12.0,73.0
AKAP9_binder_9_renumb_95_dldesign_0_af2pred,pMHC_SILSY1,0,pMHC screening SILSY1,124.0,0.599,0.805,0.398,0.681,0.95,0.95,0.95,3.913,0.9,0.418,0.922,1.26,2.14,-66.55,-2.2,3018.81,0.59,0.62,0.48,10.0,0.63,-71.96,-2.41,2981.04,0.6,1580.834,36.986,11.0,73.0
EHEE_07394_000000011_0001,VirB8,0,Cao et al VirB8,65.0,0.013,0.013,0.012,0.054,0.27,0.28,0.7,19.265,25.0,0.09,0.018,46.64,25.04,-39.62,-2.2,1800.64,0.56,0.65,0.22,8.0,0.71,-54.17,-3.41,1586.97,0.7,894.166,46.667,5.0,45.0
Grafting_Motif0176_bcov_4helix_02903_0001_0001,FGFR2,0,Cao et al FGFR2,65.0,0.012,0.015,0.011,0.068,0.21,0.24,0.6,18.415,25.0,0.045,0.026,21.75,29.35,-26.27,-2.43,1081.54,0.66,0.59,0.29,1.0,0.68,-63.63,-3.48,1827.54,0.69,513.115,57.692,1.0,26.0
Grafting_Motif0176_bcov_4helix_09212_0001,FGFR2,0,Cao et al FGFR2,65.0,0.012,0.013,0.011,0.065,0.2,0.23,0.56,17.036,25.0,0.081,0.019,5.65,3.68,-31.4,-2.11,1488.61,0.64,0.59,0.25,2.0,0.72,-60.77,-3.54,1718.7,0.65,771.168,53.846,2.0,39.0
Grafting_Motif0176_ems_3hC_760_0002_0001_0002,FGFR2,0,Cao et al FGFR2,60.0,0.025,0.06,0.018,0.158,0.33,0.41,0.65,15.185,25.0,0.151,0.045,24.47,22.17,-43.15,-2.41,1791.32,0.63,0.59,0.14,0.0,0.62,-58.08,-3.08,1888.69,0.68,895.706,58.333,0.0,48.0
Grafting_Motif0355_ems_3hM_3276_0001_0003,FGFR2,0,Cao et al FGFR2,61.0,0.015,0.015,0.013,0.143,0.28,0.31,0.62,14.482,25.0,0.1,0.03,7.77,9.36,-40.23,-2.84,1415.59,0.72,0.61,0.09,4.0,0.66,-59.56,-3.31,1799.31,0.67,829.853,41.026,3.0,39.0
Grafting_Motif0413_ems_3hM_3324_0001_0001,FGFR2,0,Cao et al FGFR2,63.0,0.014,0.017,0.013,0.117,0.21,0.24,0.59,16.794,25.0,0.075,0.029,21.87,22.91,-32.8,-2.69,1218.84,0.69,0.62,0.03,2.0,0.65,-75.81,-3.86,1962.53,0.69,764.694,48.649,4.0,37.0
Grafting_Motif0460_ems_3hC_1734_0001,FGFR2,0,Cao et al FGFR2,63.0,0.017,0.021,0.014,0.144,0.28,0.29,0.63,14.9,25.0,0.083,0.04,22.56,26.54,-37.18,-3.55,1048.28,0.74,0.62,0.09,1.0,0.77,-60.36,-3.87,1559.94,0.68,699.12,41.667,2.0,36.0
Grafting_Motif0612_ems_3hC_1249_0001_0002,FGFR2,0,Cao et al FGFR2,64.0,0.042,0.061,0.019,0.198,0.33,0.4,0.64,12.961,25.0,0.152,0.062,19.82,20.63,-41.45,-2.75,1506.96,0.72,0.61,0.07,4.0,0.71,-60.52,-3.27,1849.94,0.65,849.465,52.5,5.0,40.0
Grafting_Motif1196_bcov_4helix_06282_0001,FGFR2,0,Cao et al FGFR2,65.0,0.121,0.172,0.039,0.225,0.46,0.48,0.67,11.758,3.5,0.11,0.133,19.81,20.88,-34.56,-2.83,1221.66,0.61,0.54,0.13,3.0,0.66,-57.35,-3.44,1666.41,0.7,743.197,50.0,7.0,40.0
HEEHE_1219_000000014_0001,FGFR2,0,Cao et al FGFR2,65.0,0.629,0.668,0.363,0.565,0.84,0.85,0.86,6.013,1.0,0.418,0.634,2.37,2.65,-58.67,-3.3,1780.13,0.72,0.58,0.1,7.0,0.73,-62.0,-3.75,1654.85,0.7,856.638,54.762,7.0,42.0
HEEHE_1749_000000004_0001,FGFR2,0,Cao et al FGFR2,65.0,0.032,0.057,0.018,0.204,0.33,0.38,0.63,13.248,25.0,0.122,0.046,10.24,12.2,-41.98,-2.63,1598.89,0.58,0.59,0.17,0.0,0.77,-66.95,-3.88,1726.79,0.76,803.884,60.976,0.0,41.0
HEEH_11001_000000020_0001,VirB8,0,Cao et al VirB8,64.0,0.014,0.02,0.012,0.111,0.25,0.26,0.7,18.951,7.8,0.048,0.032,47.3,23.86,-27.77,-2.34,1187.25,0.72,0.59,0.12,2.0,0.7,-48.79,-3.26,1496.3,0.66,592.261,48.387,1.0,31.0
HHH_eva_0456_000000005_0001,FGFR2,0,Cao et al FGFR2,50.0,0.629,0.677,0.312,0.669,0.86,0.87,0.86,4.727,1.0,0.401,0.728,2.63,3.02,-53.09,-3.45,1540.22,0.78,0.68,0.14,4.0,0.75,-68.03,-3.96,1717.08,0.74,788.064,48.78,3.0,41.0
IL10raBind_cb17,IL10Ra,1,Bennet paper IL10Ra prospective,56.0,0.011,0.011,0.011,0.029,0.29,0.36,0.73,18.267,25.0,0.088,0.024,53.33,39.7,-32.85,-2.54,1295.4,0.66,0.57,0.14,2.0,0.66,-65.23,-3.19,2044.34,0.67,617.538,53.125,4.0,32.0
IL7Ra_binder_AF2_37,IL7Ra,1,IL7Ra Watson et al,90.0,0.544,0.618,0.321,0.518,0.8,0.81,0.87,6.194,1.7,0.438,0.616,1.29,1.57,-52.29,-2.3,2275.61,0.65,0.59,0.05,8.0,0.64,-70.92,-3.29,2152.96,0.56,1171.66,46.296,13.0,54.0
IL7Ra_binder_AF2_88,IL7Ra,1,IL7Ra Watson et al,85.0,0.78,0.793,0.446,0.65,0.91,0.91,0.91,4.625,1.0,0.526,0.735,3.49,3.4,-67.84,-2.98,2278.46,0.6,0.67,0.14,10.0,0.65,-73.81,-3.15,2344.23,0.62,1216.537,46.774,10.0,62.0
IL7Ra_binder_AF2_89,IL7Ra,0,IL7Ra Watson et al,75.0,0.255,0.322,0.132,0.284,0.69,0.7,0.83,10.485,3.2,0.218,0.449,1.78,2.02,-45.79,-2.53,1810.05,0.63,0.62,0.07,5.0,0.66,-54.2,-2.86,1894.67,0.58,965.312,42.222,2.0,45.0
IL7Ra_binder_AF2_92,IL7Ra,1,IL7Ra Watson et al,97.0,0.769,0.788,0.444,0.626,0.9,0.9,0.89,5.157,1.0,0.352,0.869,1.88,2.45,-48.14,-2.99,1607.73,0.66,0.64,0.14,7.0,0.63,-51.83,-3.17,1637.14,0.57,783.146,44.186,5.0,43.0
Insulin_receptor_binder_AF2_13,InsulinR,0,InsulinR Watson et al,62.0,0.037,0.056,0.017,0.191,0.42,0.44,0.77,13.132,25.0,0.095,0.066,18.17,22.31,-34.7,-2.65,1309.55,0.7,0.64,0.28,2.0,0.7,-52.21,-3.21,1626.5,0.62,704.586,52.632,6.0,38.0
Insulin_receptor_binder_AF2_22,InsulinR,0,InsulinR Watson et al,55.0,0.35,0.499,0.209,0.479,0.76,0.78,0.87,6.686,2.8,0.248,0.621,2.07,2.44,-44.81,-2.45,1826.54,0.6,0.61,0.39,4.0,0.71,-51.59,-2.81,1835.74,0.65,1036.188,42.0,11.0,50.0
Insulin_receptor_binder_AF2_35,InsulinR,0,InsulinR Watson et al,99.0,0.574,0.633,0.371,0.54,0.78,0.79,0.85,6.6,1.9,0.275,0.519,1.71,2.09,-61.46,-3.09,1987.47,0.68,0.62,0.11,8.0,0.7,-60.9,-3.02,2015.93,0.57,1124.406,37.5,16.0,56.0
Insulin_receptor_binder_AF2_75,InsulinR,0,InsulinR Watson et al,88.0,0.664,0.706,0.435,0.633,0.83,0.85,0.89,4.935,1.6,0.272,0.796,1.51,2.15,-43.53,-2.28,1909.65,0.58,0.65,0.37,3.0,0.59,-54.28,-2.87,1893.25,0.61,1022.647,43.396,7.0,53.0
Motif0004_HEEHE_2129_0001_0001_5081_0001,FGFR2,0,Cao et al FGFR2,65.0,0.021,0.029,0.015,0.164,0.34,0.36,0.63,14.442,7.5,0.096,0.045,24.58,20.05,-44.8,-3.21,1395.53,0.75,0.63,0.16,4.0,0.73,-67.99,-3.96,1717.06,0.65,692.121,48.571,0.0,35.0
Motif0004_bcov_4helix_07329_0001_0001_1651_0001,FGFR2,0,Cao et al FGFR2,65.0,0.047,0.075,0.017,0.16,0.44,0.51,0.69,12.122,6.7,0.112,0.118,23.04,23.21,-35.59,-3.06,1164.88,0.77,0.61,0.25,1.0,0.78,-76.31,-4.24,1799.63,0.65,660.548,51.515,3.0,33.0
Motif0005_bcov_4helix_11255_0001_0002_9805_0001,FGFR2,0,Cao et al FGFR2,65.0,0.065,0.093,0.023,0.196,0.38,0.44,0.66,12.435,5.6,0.123,0.069,21.12,17.26,-55.63,-3.58,1555.63,0.72,0.59,0.15,3.0,0.79,-66.82,-3.84,1741.3,0.74,805.259,46.341,3.0,41.0
Motif0006_ems_3hM_1311_0001_8844_0001,FGFR2,0,Cao et al FGFR2,62.0,0.624,0.666,0.356,0.664,0.83,0.84,0.86,4.977,1.3,0.356,0.792,2.56,2.03,-40.67,-2.58,1574.35,0.69,0.6,0.04,3.0,0.77,-63.68,-3.79,1680.3,0.7,836.491,48.936,2.0,47.0
Motif0013_HHH_eva_0070_0001_7722_0001,FGFR2,0,Cao et al FGFR2,65.0,0.014,0.017,0.012,0.105,0.29,0.31,0.63,15.988,25.0,0.083,0.035,21.91,22.21,-36.54,-2.18,1676.71,0.55,0.58,0.17,2.0,0.73,-68.35,-3.8,1796.24,0.69,900.584,54.348,2.0,46.0
Motif0016_ems_thioC_266_0001_6865_0001,FGFR2,0,Cao et al FGFR2,58.0,0.017,0.018,0.014,0.165,0.28,0.31,0.62,14.241,25.0,0.087,0.069,18.58,23.05,-31.98,-2.68,1195.38,0.66,0.72,0.29,0.0,0.74,-65.19,-3.76,1731.7,0.67,659.708,58.065,0.0,31.0
Motif0017_bcov_4helix_07521_0001_0001_0001,EGFR,0,Cao et al EGFR,65.0,0.295,0.441,0.2,0.288,0.67,0.7,0.85,8.02,2.6,0.252,0.188,12.95,9.8,-37.93,-2.17,1748.94,0.54,0.61,0.2,4.0,0.66,-57.16,-3.27,1747.8,0.66,981.527,47.273,9.0,55.0
Motif0018_HEEHE_0177_0001_0002_6834_0001,FGFR2,0,Cao et al FGFR2,65.0,0.089,0.105,0.024,0.192,0.39,0.41,0.65,14.416,4.9,0.126,0.054,19.2,14.19,-41.09,-2.53,1621.51,0.57,0.62,0.12,1.0,0.72,-64.56,-3.82,1689.18,0.67,831.896,62.5,1.0,48.0
Motif0022_bcov_4helix_06739_0001_4601_0001,FGFR2,0,Cao et al FGFR2,65.0,0.017,0.018,0.013,0.139,0.3,0.33,0.62,15.041,25.0,0.127,0.031,19.66,16.86,-32.75,-1.94,1683.68,0.61,0.5,0.15,2.0,0.76,-57.52,-3.47,1655.35,0.71,941.163,57.778,4.0,45.0
Motif0022_ems_3hM_2033_0001_0001_8251_0001,FGFR2,0,Cao et al FGFR2,61.0,0.015,0.019,0.013,0.106,0.27,0.33,0.63,15.298,25.0,0.091,0.047,26.94,31.82,-24.21,-2.25,1074.23,0.62,0.62,0.13,0.0,0.73,-64.51,-3.23,1996.65,0.67,741.582,45.0,4.0,40.0
Motif0031_HEEHE_3140_0001_0002_949_0001,FGFR2,0,Cao et al FGFR2,65.0,0.097,0.144,0.028,0.186,0.34,0.49,0.64,11.784,25.0,0.097,0.067,19.13,20.15,-45.09,-2.65,1701.13,0.61,0.61,0.18,1.0,0.75,-73.07,-3.38,2159.27,0.75,840.691,53.488,1.0,43.0
Motif0034_HEEHE_0153_0001_8736_0001,FGFR2,0,Cao et al FGFR2,65.0,0.124,0.165,0.057,0.259,0.53,0.53,0.73,10.701,3.6,0.227,0.115,18.71,19.68,-41.18,-2.58,1597.51,0.67,0.62,0.2,4.0,0.72,-72.17,-3.92,1841.22,0.72,868.515,51.163,3.0,43.0
Motif0097_HHH_b2_05571_0001_0001,SARS_CoV2_RBD,0,Cao et al SARS_CoV2_RBD,56.0,0.013,0.03,0.012,0.073,0.37,0.52,0.76,14.525,25.0,0.145,0.038,43.81,26.73,-32.62,-2.47,1323.31,0.69,0.68,0.18,4.0,0.71,-54.37,-3.23,1681.3,0.67,720.619,44.737,5.0,38.0
Motif0099_ems_3hM_3264_0001_4545_0001,FGFR2,1,Cao et al FGFR2,62.0,0.248,0.277,0.153,0.353,0.58,0.62,0.75,8.65,2.9,0.238,0.203,3.05,2.46,-49.75,-2.94,1693.89,0.7,0.67,0.21,3.0,0.72,-62.13,-3.49,1778.58,0.72,849.4,53.191,1.0,47.0
Motif0125_bcov_4helix_13885_0001_3515_0001,FGFR2,0,Cao et al FGFR2,65.0,0.013,0.021,0.012,0.1,0.29,0.32,0.62,14.995,25.0,0.074,0.035,19.15,16.73,-41.31,-3.17,1304.42,0.68,0.64,0.29,2.0,0.75,-80.09,-3.99,2007.85,0.64,729.033,55.556,1.0,36.0
Motif0138_ems_3hM_1925_0001_0003_3681_0001,FGFR2,0,Cao et al FGFR2,63.0,0.225,0.248,0.112,0.294,0.55,0.57,0.72,9.56,3.1,0.183,0.222,7.28,5.5,-42.01,-3.1,1355.43,0.66,0.66,0.16,2.0,0.7,-60.11,-3.11,1930.41,0.7,803.713,56.818,1.0,44.0
Motif0138_ems_3hM_737_0001_0001_0001,InsulinR,0,Cao et al Insulin receptor,62.0,0.446,0.628,0.259,0.567,0.8,0.8,0.88,5.761,1.9,0.142,0.705,11.79,15.07,-43.59,-3.56,1225.79,0.81,0.67,0.16,2.0,0.71,-55.06,-3.63,1518.45,0.66,693.181,51.429,3.0,35.0
Motif0153_bcov_4helix_04487_0001_3246_0001,FGFR2,1,Cao et al FGFR2,65.0,0.061,0.108,0.019,0.186,0.44,0.48,0.67,12.317,4.9,0.158,0.069,19.41,20.16,-48.64,-3.05,1592.25,0.67,0.66,0.13,5.0,0.77,-66.01,-3.76,1753.28,0.7,899.853,54.545,4.0,44.0
Motif0154_ems_3hC_1212_0001_0001,EGFR,0,Cao et al EGFR,62.0,0.162,0.258,0.109,0.236,0.6,0.63,0.85,9.095,4.2,0.168,0.23,8.29,9.27,-37.62,-2.25,1669.58,0.6,0.63,0.03,5.0,0.67,-66.66,-3.24,2054.35,0.67,934.031,41.667,6.0,48.0
Motif0170_ems_3hM_3393_0001_0001,EGFR,0,Cao et al EGFR,61.0,0.014,0.015,0.012,0.094,0.32,0.44,0.78,14.426,25.0,0.138,0.052,21.68,26.65,-40.7,-2.31,1761.49,0.63,0.62,0.16,7.0,0.64,-58.57,-2.97,1972.47,0.67,891.356,53.488,4.0,43.0
Motif0180_HHH_eva_0267_0001_0001_3855_0001,FGFR2,1,Cao et al FGFR2,62.0,0.536,0.622,0.288,0.623,0.79,0.8,0.83,5.402,1.4,0.336,0.495,2.23,3.5,-58.54,-3.23,1809.88,0.62,0.63,0.27,4.0,0.68,-64.22,-3.4,1889.58,0.63,947.996,58.537,2.0,41.0
Motif0207_bcov_4helix_01750_0001_0001_6622_0001,FGFR2,0,Cao et al FGFR2,65.0,0.017,0.058,0.015,0.171,0.36,0.39,0.65,13.485,25.0,0.126,0.042,17.19,16.91,-36.02,-2.14,1683.75,0.6,0.58,0.09,2.0,0.69,-50.59,-3.12,1622.5,0.66,913.95,55.319,0.0,47.0
Motif0228_bcov_4helix_11729_0001_0002_0001,EGFR,0,Cao et al EGFR,65.0,0.223,0.359,0.141,0.288,0.66,0.69,0.85,8.224,3.7,0.291,0.271,5.35,6.21,-40.42,-2.46,1645.06,0.58,0.6,0.22,4.0,0.63,-68.28,-3.58,1909.52,0.67,1072.025,53.061,7.0,49.0
Motif0242_p1_15H_GBL_16H_GBL_14H_0732_0001_0001_0001_0001_0002_1300_0001,FGFR2,1,Cao et al FGFR2,51.0,0.087,0.133,0.049,0.252,0.49,0.5,0.72,10.049,5.0,0.185,0.145,17.62,17.75,-41.53,-2.85,1456.5,0.7,0.64,0.21,2.0,0.72,-68.17,-3.66,1864.35,0.71,746.602,51.429,0.0,35.0
Motif0265_HHH_b2_06816_0001_0001,SARS_CoV2_RBD,0,Cao et al SARS_CoV2_RBD,52.0,0.368,0.564,0.208,0.452,0.8,0.81,0.87,7.233,2.2,0.277,0.562,2.53,1.97,-44.43,-2.35,1889.89,0.55,0.6,0.1,9.0,0.72,-54.37,-2.82,1925.35,0.67,922.458,42.0,5.0,50.0
Motif0367_ems_3hC_474_0002_0001_8937_0001,FGFR2,0,Cao et al FGFR2,60.0,0.627,0.669,0.333,0.645,0.84,0.84,0.85,5.376,1.0,0.224,0.767,8.35,12.89,-38.75,-2.7,1434.68,0.59,0.65,0.11,2.0,0.7,-56.92,-3.44,1655.33,0.72,758.577,55.556,1.0,36.0
Motif0388_ems_3hM_2958_0001_0005_1262_0001,FGFR2,0,Cao et al FGFR2,62.0,0.499,0.527,0.262,0.579,0.79,0.79,0.81,6.178,1.7,0.298,0.631,24.38,22.17,-59.35,-3.7,1604.45,0.63,0.6,0.09,6.0,0.69,-61.01,-3.23,1887.86,0.64,800.272,54.762,3.0,42.0
Motif0437_p1_14H_GBL_16H_GABBL_15H_0498_0001_0001_0001_0001_8154_0001,FGFR2,1,Cao et al FGFR2,53.0,0.624,0.733,0.348,0.691,0.85,0.86,0.88,4.586,1.1,0.26,0.818,2.33,4.23,-48.14,-4.01,1199.19,0.8,0.64,0.08,6.0,0.76,-56.79,-3.89,1460.72,0.71,636.949,44.444,3.0,36.0
Motif0549_ems_3hM_784_0001_132_0001,FGFR2,0,Cao et al FGFR2,61.0,0.543,0.581,0.275,0.606,0.8,0.82,0.81,5.784,1.3,0.437,0.597,2.76,2.72,-58.31,-3.66,1592.36,0.74,0.73,0.13,5.0,0.67,-62.66,-3.8,1648.72,0.7,817.746,50.0,3.0,42.0
Motif0582_bcov_4helix_11155_0001_1166_0001,FGFR2,0,Cao et al FGFR2,65.0,0.014,0.021,0.012,0.097,0.3,0.33,0.63,14.76,25.0,0.112,0.047,10.98,11.5,-40.83,-3.32,1231.62,0.75,0.59,0.27,1.0,0.79,-63.31,-3.47,1823.19,0.67,727.065,58.974,2.0,39.0
Motif0601_bcov_4helix_07127_0001_5344_0001,FGFR2,0,Cao et al FGFR2,65.0,0.017,0.017,0.014,0.08,0.22,0.23,0.6,18.276,25.0,0.093,0.025,19.8,18.32,-33.25,-2.76,1202.47,0.74,0.67,0.23,1.0,0.76,-55.37,-3.52,1571.33,0.66,706.861,48.649,2.0,37.0
Motif0848_bcov_4helix_04696_0001_0003_8726_0001,FGFR2,1,Cao et al FGFR2,65.0,0.565,0.586,0.298,0.533,0.79,0.8,0.82,6.672,1.2,0.223,0.667,3.93,4.71,-48.4,-3.29,1472.8,0.79,0.58,0.29,3.0,0.76,-55.02,-3.55,1549.56,0.69,733.838,51.429,2.0,35.0
Motif1002_HEEHE_0431_0001_0001_8657_0001,FGFR2,0,Cao et al FGFR2,65.0,0.02,0.029,0.015,0.169,0.28,0.37,0.62,13.871,25.0,0.109,0.044,21.66,19.29,-43.49,-3.02,1439.01,0.7,0.7,0.12,2.0,0.74,-66.59,-3.35,1986.08,0.58,822.454,51.22,0.0,41.0
Motif1002_HEEHE_0645_0001_3959_0001,FGFR2,0,Cao et al FGFR2,65.0,0.018,0.025,0.016,0.195,0.32,0.35,0.63,14.095,25.0,0.155,0.041,7.47,4.96,-38.87,-2.45,1588.25,0.59,0.53,0.12,1.0,0.76,-75.5,-3.85,1961.48,0.68,886.575,53.488,1.0,43.0
Motif1002_HEEHE_1396_0001_0001_3466_0001,FGFR2,0,Cao et al FGFR2,65.0,0.015,0.018,0.013,0.139,0.26,0.26,0.61,15.649,25.0,0.052,0.053,11.25,13.57,-34.38,-3.23,1063.1,0.79,0.69,0.16,0.0,0.77,-76.17,-3.93,1935.69,0.73,528.785,60.0,0.0,25.0
Motif1002_HEEHE_2879_0001_0003_4797_0001,FGFR2,0,Cao et al FGFR2,65.0,0.014,0.014,0.012,0.094,0.27,0.31,0.61,15.847,25.0,0.068,0.027,20.19,19.54,-44.48,-3.21,1387.0,0.65,0.64,0.24,2.0,0.77,-76.2,-4.26,1790.26,0.7,721.41,62.162,3.0,37.0
Motif1005_HEEHE_1584_0001_0001_9119_0001,FGFR2,0,Cao et al FGFR2,65.0,0.042,0.052,0.018,0.2,0.37,0.39,0.65,13.265,5.9,0.143,0.056,21.62,17.07,-36.96,-2.54,1455.12,0.55,0.61,0.1,4.0,0.75,-75.19,-3.87,1940.6,0.67,814.493,50.0,3.0,38.0
Motif1005_ems_ferrM_877_0001_0001_4112_0001,FGFR2,0,Cao et al FGFR2,63.0,0.302,0.353,0.176,0.405,0.66,0.66,0.77,8.192,2.4,0.275,0.403,18.97,17.23,-50.16,-3.37,1488.96,0.7,0.58,0.26,3.0,0.72,-67.09,-3.99,1681.73,0.65,769.736,46.154,0.0,39.0
Motif1008_ems_3hC_897_0001_0001_0002_4659_0001,FGFR2,0,Cao et al FGFR2,61.0,0.132,0.149,0.071,0.276,0.49,0.52,0.71,10.25,4.7,0.163,0.162,22.49,26.06,-42.34,-2.67,1588.4,0.72,0.63,0.1,2.0,0.72,-63.42,-3.33,1906.36,0.71,822.993,51.282,3.0,39.0
Motif1016_HEEHE_2110_0001_0002_4373_0001,FGFR2,0,Cao et al FGFR2,65.0,0.057,0.057,0.019,0.186,0.36,0.4,0.65,13.19,25.0,0.117,0.051,20.29,18.89,-45.38,-2.69,1689.09,0.65,0.56,0.13,1.0,0.75,-79.68,-4.28,1861.12,0.74,846.429,59.524,3.0,42.0
Motif1021_ems_3hM_3132_0001_0002_4976_0001,FGFR2,0,Cao et al FGFR2,63.0,0.135,0.184,0.055,0.228,0.49,0.5,0.69,10.906,4.0,0.067,0.151,8.6,10.76,-38.94,-3.23,1204.33,0.79,0.65,0.07,2.0,0.74,-59.45,-3.52,1686.88,0.64,632.905,53.125,2.0,32.0
Motif1026_HEEHE_0493_0001_0002_4357_0001,FGFR2,0,Cao et al FGFR2,65.0,0.017,0.035,0.015,0.17,0.31,0.35,0.63,13.647,25.0,0.094,0.047,20.5,28.67,-49.42,-3.86,1278.73,0.72,0.74,0.18,3.0,0.79,-76.14,-3.88,1963.15,0.64,760.801,66.667,3.0,36.0
Motif1026_HEEHE_3227_0001_7617_0001,FGFR2,0,Cao et al FGFR2,65.0,0.014,0.018,0.013,0.118,0.31,0.33,0.64,15.19,25.0,0.085,0.036,18.66,18.5,-48.84,-3.24,1508.07,0.75,0.6,0.3,3.0,0.75,-73.56,-3.58,2057.0,0.66,720.552,52.778,1.0,36.0
Motif1053_HEEHE_2878_0001_9269_0001,FGFR2,0,Cao et al FGFR2,65.0,0.015,0.018,0.013,0.134,0.3,0.31,0.63,15.918,25.0,0.084,0.031,22.05,17.88,-32.98,-2.18,1510.41,0.62,0.69,0.13,2.0,0.72,-63.96,-3.25,1967.57,0.64,831.841,53.659,2.0,41.0
Motif1135_HEEHE_0439_0001_5000_0001,FGFR2,0,Cao et al FGFR2,65.0,0.179,0.222,0.101,0.301,0.58,0.6,0.74,9.486,3.5,0.213,0.202,2.91,2.77,-49.34,-3.03,1630.18,0.71,0.57,0.16,3.0,0.75,-70.32,-3.93,1787.84,0.71,847.731,56.098,3.0,41.0
Motif1159_ems_3hM_1509_0001_9227_0001,FGFR2,0,Cao et al FGFR2,62.0,0.078,0.11,0.036,0.207,0.36,0.44,0.66,11.469,25.0,0.196,0.131,6.83,10.38,-32.25,-2.14,1504.92,0.6,0.58,0.07,2.0,0.76,-58.7,-3.48,1684.98,0.61,841.339,58.974,6.0,39.0
Motif1200_ems_3hM_3074_0001_180_0001,FGFR2,0,Cao et al FGFR2,64.0,0.086,0.117,0.025,0.185,0.42,0.5,0.69,11.292,25.0,0.164,0.117,26.06,27.72,-40.83,-2.98,1369.93,0.62,0.61,0.09,3.0,0.79,-64.7,-3.87,1672.95,0.72,858.092,52.273,5.0,44.0
Motif1222_HEEHE_2917_0001_0002_7722_0001,FGFR2,0,Cao et al FGFR2,65.0,0.039,0.04,0.017,0.184,0.35,0.42,0.64,12.883,25.0,0.138,0.071,12.91,13.33,-38.63,-2.55,1515.5,0.64,0.61,0.13,3.0,0.77,-53.28,-3.53,1511.24,0.72,762.171,52.778,1.0,36.0
Motif1278_HEEHE_1912_0001_6437_0001,FGFR2,0,Cao et al FGFR2,65.0,0.014,0.021,0.012,0.109,0.31,0.33,0.63,15.572,8.1,0.072,0.027,15.12,15.79,-36.15,-2.47,1461.72,0.67,0.61,0.25,1.0,0.8,-74.2,-4.38,1695.75,0.75,766.908,55.814,3.0,43.0
Motif1351_HHH_b1_08618_0001_0002,SARS_CoV2_RBD,0,Cao et al SARS_CoV2_RBD,57.0,0.098,0.119,0.033,0.166,0.54,0.55,0.78,12.828,6.1,0.138,0.054,50.88,30.27,-60.5,-2.74,2206.25,0.68,0.56,0.12,2.0,0.79,-52.53,-3.57,1472.83,0.7,988.745,55.556,3.0,54.0
Motif1379_HEEHE_1025_0001_0001_3478_0001,FGFR2,0,Cao et al FGFR2,65.0,0.63,0.697,0.375,0.623,0.84,0.84,0.87,5.337,1.2,0.397,0.794,3.09,3.03,-49.91,-3.32,1502.55,0.74,0.6,0.18,4.0,0.72,-62.07,-3.56,1743.65,0.75,812.282,56.757,5.0,37.0
Motif1399_bcov_4helix_14058_0002_3662_0001,FGFR2,1,Cao et al FGFR2,65.0,0.017,0.019,0.014,0.164,0.3,0.32,0.62,15.415,25.0,0.107,0.042,1.99,3.06,-34.17,-2.54,1346.49,0.61,0.62,0.16,1.0,0.77,-58.83,-3.83,1537.95,0.7,726.297,51.351,1.0,37.0
Motif1543_HHH_b1_05327_0001_0003,SARS_CoV2_RBD,0,Cao et al SARS_CoV2_RBD,55.0,0.0,0.0,0.0,0.0,0.22,0.23,0.74,22.125,25.0,0.0,0.0,17.58,43.27,-32.0,-1.95,1638.03,0.55,0.67,0.27,4.0,0.73,-54.79,-3.0,1826.91,0.66,964.411,43.478,10.0,46.0
Motif2420_ems_3hM_638_0001,SARS_CoV2_RBD,1,Cao et al SARS_CoV2_RBD,61.0,0.0,0.0,0.0,0.0,0.19,0.21,0.71,22.916,25.0,0.0,0.0,18.52,37.07,-36.17,-2.24,1615.35,0.62,0.63,0.19,6.0,0.71,-59.2,-3.03,1955.41,0.68,827.932,41.86,4.0,43.0
Pdl1_binder_AF2_14,Pdl1,0,Pdl1 Watson et al,100.0,0.513,0.577,0.362,0.565,0.77,0.77,0.85,5.754,1.8,0.499,0.645,5.87,3.97,-49.83,-2.76,1804.79,0.66,0.61,0.14,7.0,0.55,-48.48,-2.69,1801.2,0.62,947.847,38.776,10.0,49.0
Pdl1_binder_AF2_21,Pdl1,0,Pdl1 Watson et al,91.0,0.797,0.846,0.552,0.73,0.9,0.9,0.92,3.27,0.9,0.511,0.887,1.84,1.91,-45.1,-2.55,1768.21,0.63,0.73,0.19,7.0,0.64,-39.38,-2.53,1558.63,0.63,801.46,34.884,5.0,43.0
Pdl1_binder_AF2_24,Pdl1,0,Pdl1 Watson et al,91.0,0.774,0.778,0.525,0.711,0.88,0.89,0.9,3.497,1.1,0.479,0.83,19.92,16.63,-42.63,-2.56,1663.51,0.62,0.64,0.14,8.0,0.66,-59.02,-2.85,2070.31,0.66,833.499,43.478,3.0,46.0
Pdl1_binder_AF2_39,Pdl1,1,Pdl1 Watson et al,95.0,0.795,0.837,0.537,0.712,0.9,0.9,0.92,3.595,0.9,0.426,0.864,2.24,2.25,-40.24,-2.41,1672.37,0.63,0.6,0.18,4.0,0.71,-55.8,-3.04,1836.1,0.6,875.206,40.0,6.0,45.0
Pdl1_binder_AF2_89,Pdl1,0,Pdl1 Watson et al,98.0,0.638,0.67,0.444,0.647,0.8,0.8,0.87,4.635,1.5,0.43,0.735,1.75,1.67,-46.77,-2.56,1828.11,0.64,0.69,0.19,9.0,0.52,-44.49,-2.45,1813.15,0.59,976.831,35.556,5.0,45.0
Trka_binder_AF2_15,TrkA,0,TrkA Watson et al,62.0,0.423,0.614,0.256,0.593,0.73,0.76,0.82,5.54,1.7,0.29,0.737,1.86,2.15,-42.49,-3.42,1243.83,0.73,0.64,0.3,6.0,0.73,-47.26,-3.68,1283.43,0.64,738.193,40.541,4.0,37.0
Trka_binder_AF2_30,TrkA,0,TrkA Watson et al,80.0,0.759,0.785,0.505,0.721,0.88,0.88,0.9,3.751,0.9,0.464,0.832,1.95,2.1,-51.92,-2.9,1788.93,0.66,0.66,0.34,5.0,0.6,-51.85,-2.62,1980.61,0.6,1048.055,44.444,8.0,54.0
Trka_binder_AF2_37,TrkA,0,TrkA Watson et al,91.0,0.809,0.828,0.554,0.721,0.9,0.9,0.92,3.416,0.9,0.541,0.908,1.76,1.75,-48.18,-2.96,1629.16,0.67,0.73,0.35,5.0,0.69,-48.97,-2.77,1771.06,0.55,858.08,49.02,5.0,51.0
Trka_binder_AF2_44,TrkA,0,TrkA Watson et al,55.0,0.23,0.343,0.117,0.367,0.65,0.67,0.77,8.431,2.8,0.282,0.398,1.79,2.27,-43.8,-3.18,1376.44,0.68,0.7,0.31,6.0,0.7,-43.24,-3.15,1373.84,0.67,717.006,52.632,5.0,38.0
Trka_binder_AF2_48,TrkA,0,TrkA Watson et al,65.0,0.554,0.712,0.349,0.641,0.81,0.81,0.86,4.889,1.2,0.329,0.874,2.17,2.28,-42.35,-3.11,1360.11,0.67,0.67,0.28,7.0,0.7,-38.98,-3.04,1281.12,0.66,716.233,44.118,6.0,34.0
Trka_binder_AF2_80,TrkA,0,TrkA Watson et al,73.0,0.798,0.827,0.522,0.738,0.91,0.91,0.92,3.207,0.9,0.424,0.908,1.9,2.08,-49.31,-2.85,1730.21,0.62,0.67,0.22,10.0,0.67,-51.54,-2.73,1890.28,0.64,751.271,47.619,5.0,42.0
alessio_daddio_AD_9,EGFR,0,Adaptyv binder comp round 2,150.0,0.578,0.647,0.337,0.418,0.87,0.87,0.68,16.031,1.8,0.48,0.696,42.92,41.18,-51.12,-2.57,1987.96,0.7,0.66,0.57,5.0,0.66,-71.24,-2.52,2826.2,0.68,1103.699,41.818,8.0,55.0
amelie_schreiber_model_60_151_9,EGFR,0,Adaptyv binder comp round 2,58.0,0.156,0.296,0.085,0.211,0.77,0.78,0.69,16.72,4.1,0.377,0.198,33.93,44.18,-44.46,-2.05,2170.33,0.65,0.63,0.16,5.0,0.58,-67.56,-2.14,3149.79,0.57,1199.406,47.619,8.0,63.0
aqamar_seq8,EGFR,0,Adaptyv binder comp round 1,85.0,0.059,0.068,0.014,0.11,0.62,0.67,0.61,19.724,7.0,0.197,0.09,26.77,43.27,-34.97,-2.51,1393.16,0.65,0.6,0.3,3.0,0.45,-26.68,-1.34,1986.51,0.6,711.986,39.024,7.0,41.0
bcov_6ala_r1_ems_3hM_1717_000000004_0001_1_19_H____ems_p1_16H_GBL_16H_GABBL_15H_0060_0001_0001_0001_0001_0004_0001_0001,TrkA,0,Cao et al TrkA,55.0,0.079,0.131,0.031,0.185,0.54,0.57,0.75,10.762,25.0,0.228,0.101,1.97,2.28,-34.08,-2.39,1426.57,0.66,0.57,0.11,5.0,0.73,-48.16,-3.48,1384.8,0.66,825.776,37.5,5.0,40.0
bcov_r3_ems_ferrM_5651_0001_000000016_0001_0001,IL7Ra,0,Cao et al IL7Ra,62.0,0.0,0.0,0.0,0.0,0.23,0.28,0.73,20.913,25.0,0.0,0.0,12.37,25.17,-24.02,-2.08,1154.19,0.57,0.68,0.22,3.0,0.69,-51.41,-3.35,1535.92,0.67,598.171,54.054,5.0,37.0
blyncha_sequence42,EGFR,0,Adaptyv binder comp round 1,98.0,0.0,0.0,0.0,0.0,0.43,0.44,0.55,24.439,11.4,0.0,0.0,18.39,27.56,-37.41,-2.22,1685.21,0.5,0.62,0.29,5.0,0.5,-50.26,-2.01,2498.2,0.64,880.064,32.653,3.0,49.0
ccalia_conf58_111_0,EGFR,0,Adaptyv binder comp round 1,110.0,0.488,0.566,0.274,0.4,0.87,0.88,0.69,14.496,2.5,0.583,0.595,53.8,58.15,-60.93,-2.09,2912.1,0.59,0.63,0.24,4.0,0.47,-54.37,-1.83,2964.11,0.61,1532.785,51.948,12.0,77.0
cside_mot_04f553e7864e028d93b0880fe8f24b4e_0001_1_000000005_0001_46_51_H___HHH_eva_0412_0001_0001_0001,EGFR,0,Cao et al EGFR,61.0,0.0,0.0,0.0,0.0,0.2,0.22,0.75,21.631,25.0,0.0,0.0,21.5,22.59,-31.89,-1.95,1635.02,0.56,0.58,0.06,4.0,0.65,-66.81,-2.69,2486.36,0.67,811.212,42.222,2.0,45.0
cside_mot_3h_hb1_2807_000000002_0001_31_39_H___bcov_4helix_05082_0001_0001_0001,EGFR,0,Cao et al EGFR,65.0,0.556,0.724,0.351,0.546,0.84,0.85,0.92,5.068,1.6,0.408,0.718,2.92,3.76,-44.02,-2.38,1851.05,0.68,0.62,0.11,10.0,0.7,-45.86,-2.56,1789.91,0.67,839.37,44.681,6.0,47.0
cside_mot_c03d5e5f0cc0065613cf1a769bf40bad_0001_1_000000008_0001_40_45_H___ems_3hM_1109_0001_0004_0001,EGFR,0,Cao et al EGFR,64.0,0.356,0.479,0.236,0.383,0.73,0.75,0.88,6.775,2.5,0.387,0.388,26.36,26.42,-44.71,-2.25,1986.99,0.58,0.55,0.1,4.0,0.62,-55.21,-2.87,1921.78,0.66,1132.649,49.057,5.0,53.0
cside_mot_e0145147a46a99bf52938354812e8700_0001_000000006_0001_36_44_H___ems_3hM_3434_0001_0001_0001,EGFR,0,Cao et al EGFR,58.0,0.375,0.465,0.149,0.418,0.84,0.86,0.88,7.165,2.2,0.297,0.7,34.79,21.52,-26.65,-3.44,775.61,0.71,0.64,0.07,2.0,0.63,-54.4,-2.86,1903.1,0.63,463.262,45.833,3.0,24.0
cside_mot_e92372819080c05333c2398450cc1aaf_0001_000000009_0001_39_47_H___bcov_4helix_09163_0001_0002_0001,EGFR,0,Cao et al EGFR,65.0,0.0,0.0,0.0,0.0,0.17,0.21,0.72,22.582,25.0,0.0,0.0,15.94,43.08,-20.02,-1.47,1365.33,0.51,0.58,0.29,5.0,0.67,-42.71,-2.52,1691.52,0.61,719.92,38.889,4.0,36.0
ems_3hC_1225_0001_000000022_0001,FGFR2,0,Cao et al FGFR2,62.0,0.075,0.089,0.024,0.195,0.35,0.44,0.65,12.299,25.0,0.091,0.075,10.54,16.49,-36.06,-2.22,1627.14,0.67,0.59,0.25,4.0,0.75,-63.28,-3.32,1904.79,0.68,787.782,57.895,6.0,38.0
ems_3hC_897_0001_000000008_0001,FGFR2,0,Cao et al FGFR2,61.0,0.125,0.154,0.074,0.258,0.42,0.52,0.69,10.06,4.8,0.184,0.182,23.22,18.21,-39.19,-3.07,1277.71,0.67,0.72,0.07,2.0,0.69,-78.69,-3.95,1992.92,0.68,766.807,53.846,0.0,39.0
ems_3hM_2978_000000028_0001,FGFR2,1,Cao et al FGFR2,60.0,0.637,0.652,0.342,0.624,0.84,0.85,0.83,5.672,1.0,0.235,0.414,2.49,2.3,-53.44,-3.33,1605.78,0.66,0.68,0.0,6.0,0.68,-56.0,-3.24,1728.46,0.64,761.989,53.659,3.0,41.0
ems_p1_14H_GBL_14H_GABBL_16H_0763_0001_0001_0002_000000013_0001,FGFR2,0,Cao et al FGFR2,52.0,0.019,0.021,0.014,0.156,0.31,0.37,0.65,13.8,25.0,0.13,0.045,2.83,2.57,-47.61,-2.8,1698.13,0.66,0.73,0.12,3.0,0.78,-63.58,-3.44,1850.85,0.67,760.733,63.158,1.0,38.0
ems_p1_14H_GBL_16H_GABBL_16H_0060_0001_0001_0002_000000005_0001,FGFR2,0,Cao et al FGFR2,54.0,0.142,0.218,0.083,0.294,0.45,0.47,0.71,9.432,3.5,0.14,0.189,23.26,31.08,-36.96,-2.55,1451.12,0.68,0.69,0.42,1.0,0.73,-55.29,-3.24,1704.77,0.69,697.937,53.846,2.0,39.0
longxing_Grafting2_ems_3hM_596_0001_0021_0001_0001,IL7Ra,0,Cao et al IL7Ra,63.0,0.768,0.839,0.435,0.7,0.93,0.93,0.91,4.023,0.9,0.433,0.909,1.74,2.46,-59.09,-3.29,1794.05,0.69,0.55,0.13,8.0,0.75,-69.36,-3.86,1796.2,0.67,945.8,42.222,6.0,45.0
longxing_ems_3hC_836_0002_000000016_0001_0001,IL7Ra,0,Cao et al IL7Ra,61.0,0.0,0.0,0.0,0.0,0.26,0.27,0.73,20.796,25.0,0.0,0.0,16.26,59.46,-22.03,-1.85,1190.86,0.59,0.59,0.23,3.0,0.8,-51.07,-3.39,1507.05,0.64,699.623,37.838,2.0,37.0
longxing_ems_3hM_1317_000000043_0001_0001,IL7Ra,0,Cao et al IL7Ra,62.0,0.417,0.702,0.238,0.431,0.77,0.78,0.87,8.078,1.2,0.265,0.442,5.15,5.08,-37.92,-2.23,1699.37,0.64,0.64,0.06,5.0,0.7,-60.25,-3.63,1658.05,0.57,827.947,46.809,8.0,47.0
longxing_ems_p1_15H_GBBL_14H_GBL_16H_0035_0001_0001_0001_000000003_0001_0001,IL7Ra,0,Cao et al IL7Ra,52.0,0.5,0.627,0.267,0.572,0.85,0.86,0.89,5.438,1.5,0.26,0.625,3.49,3.96,-55.52,-3.4,1631.36,0.73,0.57,0.08,8.0,0.79,-68.56,-3.86,1778.0,0.66,835.407,47.5,5.0,40.0
ltk_site1_sap_13_mot_HHH_b1_00294_af2_000000002_0001_40_54_H___HHH_b1_07700_0002_0000100005_0000002_0_0001,LTK,0,Bennet paper LTK prospective,54.0,0.0,0.0,0.0,0.0,0.31,0.33,0.81,19.874,25.0,0.0,0.0,16.68,22.13,-37.69,-2.48,1521.95,0.58,0.7,0.13,2.0,0.76,-54.88,-2.83,1938.75,0.7,878.239,50.0,2.0,38.0
mchrnwsk_marta_chronowska_dom1_l99_s666690_mpnn16,EGFR,0,Adaptyv binder comp round 2,99.0,0.636,0.657,0.31,0.372,0.91,0.91,0.71,12.216,1.6,0.351,0.363,5.76,7.76,-76.62,-2.42,3161.22,0.64,0.51,0.12,14.0,0.61,-62.77,-2.24,2807.55,0.6,1724.4,27.273,11.0,77.0
mot_H_buried_ems_3hC_255_0002_000000000_0001_47_55_H___EHEE_hb1_5187_0001_0001_0001,FGFR2,0,Cao et al FGFR2,65.0,0.038,0.071,0.02,0.179,0.32,0.39,0.62,14.091,25.0,0.099,0.102,35.41,20.23,-39.2,-3.04,1290.71,0.68,0.56,0.14,1.0,0.73,-67.32,-3.78,1778.62,0.67,643.056,58.333,1.0,36.0
mot_H_d4416e50ce8986ef13b8fe02f5b667a3_0001_1_000000012_0001_25_31_H___EHEE_hb1_6450_0001_0001,InsulinR,0,Cao et al Insulin receptor,65.0,0.014,0.019,0.012,0.111,0.26,0.28,0.71,17.786,25.0,0.07,0.026,23.65,18.84,-35.45,-2.23,1589.18,0.6,0.59,0.11,1.0,0.63,-51.78,-3.02,1714.04,0.67,896.521,45.652,5.0,46.0
mot_H_fastrot_3h_hb1_1508_000000000_0001_52_57_H___e059f2b14e46759c18ca96c75a9987c4_0001_0001_0001_0001,FGFR2,0,Cao et al FGFR2,65.0,0.107,0.109,0.032,0.198,0.44,0.49,0.69,11.23,25.0,0.317,0.079,19.44,18.52,-67.53,-2.76,2443.78,0.65,0.52,0.34,5.0,0.63,-51.72,-3.4,1522.08,0.61,1358.84,63.636,5.0,66.0
mot_H_fastrot_3h_hb1_3344_000000001_0001_47_55_H___3h_hb1_2183_0001_0002_0001_0001,FGFR2,0,Cao et al FGFR2,64.0,0.304,0.368,0.169,0.471,0.66,0.67,0.76,7.511,2.6,0.304,0.382,18.38,21.9,-55.29,-2.97,1859.08,0.56,0.61,0.06,8.0,0.71,-49.65,-3.09,1607.16,0.67,933.127,50.0,4.0,44.0
mot_H_fastrot_3h_hb1_4237_000000009_0001_47_56_H___EHEE_hb1_1686_0001_0001_0001_0001,FGFR2,0,Cao et al FGFR2,65.0,0.136,0.212,0.076,0.251,0.49,0.54,0.7,10.333,3.9,0.2,0.121,25.28,23.76,-56.89,-3.17,1792.54,0.65,0.58,0.14,6.0,0.72,-49.37,-2.84,1741.24,0.58,986.211,51.064,4.0,47.0
mot_H_fastrot_HHH_eva_0040_000000000_0001_50_60_H___3h_hb1_6449_0001_0001,FGFR2,0,Cao et al FGFR2,63.0,0.403,0.439,0.226,0.52,0.74,0.75,0.8,6.418,2.1,0.38,0.426,2.23,2.65,-67.51,-3.46,1952.37,0.67,0.6,0.03,8.0,0.67,-67.69,-3.29,2057.5,0.64,986.767,44.681,5.0,47.0
mot_H_fastrot_cor_3c06db0087383a8ea5c94fb00883e66c_0001_000000001_0001_25_29_H___ems_3hC_382_0001_0003_0001_0001,FGFR2,0,Cao et al FGFR2,64.0,0.016,0.036,0.015,0.162,0.31,0.36,0.63,13.008,25.0,0.102,0.052,8.49,6.48,-24.92,-1.9,1310.85,0.63,0.55,0.1,0.0,0.67,-58.46,-3.11,1881.32,0.64,722.395,52.632,1.0,38.0
mot_H_fastrot_cor_3h_hb1_5971_000000012_0001_53_59_H___9f10cf7de5dd1b792a2e4225e3e8ddaa_0001_1_0001_0001_0001,FGFR2,0,Cao et al FGFR2,65.0,0.013,0.013,0.012,0.083,0.22,0.24,0.59,17.129,25.0,0.076,0.023,6.29,7.5,-36.32,-2.35,1547.78,0.67,0.58,0.21,5.0,0.74,-56.61,-3.49,1620.96,0.65,789.074,52.632,3.0,38.0
mot_H_fastrot_cor_abde7b46eeb91f9ac4683c589f713694_0001_000000000_0001_42_46_H___ems_3hC_372_0001_0001_0001_0001,FGFR2,0,Cao et al FGFR2,64.0,0.256,0.265,0.134,0.326,0.61,0.65,0.77,9.325,3.1,0.163,0.398,22.68,21.64,-35.31,-2.54,1392.51,0.63,0.63,0.24,4.0,0.72,-60.38,-3.33,1813.19,0.64,812.878,41.86,4.0,43.0
mot_H_fastrot_cor_abde7b46eeb91f9ac4683c589f713694_0001_000000000_0001_42_46_H___ems_3hM_2703_0001_0001_0001,FGFR2,0,Cao et al FGFR2,62.0,0.013,0.014,0.012,0.1,0.23,0.24,0.59,16.291,25.0,0.087,0.028,16.06,16.48,-25.12,-1.71,1472.84,0.49,0.54,0.1,6.0,0.73,-53.61,-3.51,1528.47,0.68,758.724,42.5,6.0,40.0
mot_H_fastrot_cor_ems_3hM_199_000000020_0001_56_61_H___0ee86c6c6722f32eb3fc24c5cd274ac4_0001_1_0001_0002_0001_0001,FGFR2,0,Cao et al FGFR2,65.0,0.092,0.094,0.038,0.194,0.44,0.46,0.69,12.985,4.9,0.151,0.119,18.23,22.17,-38.47,-2.52,1523.62,0.54,0.55,0.16,3.0,0.77,-59.12,-3.65,1618.0,0.73,826.459,46.512,2.0,43.0
mot_H_fastrot_cor_ems_3hM_199_000000020_0001_56_61_H___3h_hb1_5488_0001_0001,FGFR2,0,Cao et al FGFR2,62.0,0.675,0.731,0.385,0.69,0.85,0.86,0.86,4.694,1.0,0.348,0.742,3.02,3.0,-60.88,-3.18,1916.82,0.76,0.65,0.12,10.0,0.75,-74.77,-3.6,2074.39,0.64,984.662,51.02,4.0,49.0
mot_H_fastrot_cor_ems_3hM_199_000000020_0001_56_61_H___EHEE_hb1_2363_0001_0002_0001_0001,FGFR2,0,Cao et al FGFR2,65.0,0.014,0.015,0.012,0.089,0.26,0.34,0.61,16.752,25.0,0.121,0.025,19.46,15.2,-46.43,-2.37,1961.55,0.6,0.6,0.22,4.0,0.73,-55.99,-2.97,1887.4,0.64,1088.416,56.364,5.0,55.0
mot_H_fastrot_cor_ems_3hM_199_000000020_0001_56_61_H___EHEE_hb1_4207_0001_0001_0001_0001,FGFR2,0,Cao et al FGFR2,65.0,0.016,0.019,0.013,0.144,0.26,0.27,0.61,16.339,6.3,0.088,0.025,10.84,11.41,-41.31,-2.47,1670.69,0.53,0.57,0.14,3.0,0.74,-51.75,-3.1,1666.82,0.59,897.403,51.111,3.0,45.0
mot_H_fastrot_cor_ems_3hM_199_000000020_0001_56_61_H___EHEE_hb1_600_0001_0001_0001,FGFR2,0,Cao et al FGFR2,65.0,0.328,0.335,0.168,0.359,0.62,0.69,0.76,7.781,25.0,0.234,0.242,14.75,27.01,-38.74,-2.35,1651.93,0.64,0.61,0.12,5.0,0.81,-57.52,-3.13,1838.88,0.64,981.667,52.0,6.0,50.0
mot_H_fastrot_cor_ems_3hM_199_000000020_0001_57_61_H___HHH_eva_0067_0001_0002_0001_0001,FGFR2,0,Cao et al FGFR2,64.0,0.118,0.154,0.07,0.248,0.5,0.52,0.7,10.331,4.7,0.176,0.138,3.31,3.16,-37.22,-2.44,1524.48,0.65,0.6,0.13,6.0,0.74,-57.69,-3.63,1588.75,0.67,781.053,51.351,3.0,37.0
mot_H_fastrot_cor_f8f8a4152cc90f14bb898546c27f9520_0001_000000007_0001_34_38_H___4cb04d656150eaecd5ce9ba47ed0b431_0001_0001_0001_0001_0001,FGFR2,0,Cao et al FGFR2,65.0,0.016,0.026,0.013,0.109,0.37,0.4,0.64,13.952,25.0,0.171,0.059,4.75,4.1,-47.67,-2.69,1774.7,0.72,0.61,0.16,5.0,0.79,-54.09,-3.52,1534.9,0.68,893.258,50.0,4.0,42.0
mot_H_normal_00f30cc23cac9283997a0e2eb419e367_0001_000000003_0001_20_29_H___663ca1163215425a4a168286310d81fd_0001_0001_0001_0001,FGFR2,0,Cao et al FGFR2,65.0,0.584,0.616,0.297,0.6,0.8,0.81,0.83,6.13,1.3,0.359,0.524,2.27,2.19,-47.64,-3.56,1336.54,0.77,0.63,0.17,3.0,0.75,-63.24,-3.67,1721.16,0.69,852.014,52.273,5.0,44.0
mot_H_normal_08dd35154ab242ac59caf189bac741ae_0001_000000004_0001_43_48_H___EHEE_hb1_2592_0001_0001,FGFR2,0,Cao et al FGFR2,65.0,0.023,0.05,0.017,0.199,0.28,0.34,0.61,14.782,4.6,0.119,0.052,21.28,15.24,-39.1,-2.66,1471.07,0.57,0.59,0.05,3.0,0.61,-51.46,-3.52,1460.13,0.63,838.504,56.41,1.0,39.0
mot_H_normal_3h_hb1_2146_000000000_0001_28_36_H___84eb204753e74c7ce90bc07cf4e4337a_0001_1_0001_0001_0001,FGFR2,0,Cao et al FGFR2,65.0,0.173,0.212,0.106,0.29,0.4,0.55,0.68,9.218,3.9,0.192,0.176,14.71,17.29,-40.33,-2.48,1624.86,0.59,0.59,0.19,6.0,0.73,-51.21,-3.33,1539.95,0.7,883.262,51.282,2.0,39.0
mot_H_normal_3h_hb1_3209_000000013_0001_58_63_H___35dcbd115de07dbbf217dc88f3818538_0001_0001_0002_0001,FGFR2,1,Cao et al FGFR2,65.0,0.654,0.723,0.358,0.647,0.84,0.84,0.86,5.176,1.0,0.392,0.846,2.34,2.21,-45.44,-3.17,1431.09,0.78,0.68,0.19,7.0,0.66,-60.43,-3.52,1715.03,0.67,834.823,50.0,9.0,40.0
mot_H_normal_3h_hb1_3209_000000013_0001_58_63_H___3h_hb1_3436_0001_0001_0001,FGFR2,0,Cao et al FGFR2,63.0,0.016,0.042,0.014,0.13,0.39,0.39,0.67,13.723,25.0,0.156,0.044,20.21,31.76,-52.42,-2.71,1932.4,0.55,0.61,0.15,5.0,0.53,-49.61,-2.61,1900.58,0.66,1115.427,49.091,5.0,55.0
mot_H_normal_3h_hb1_3209_000000013_0001_59_63_H___3h_hb1_3934_0001_0001_0001,FGFR2,1,Cao et al FGFR2,65.0,0.314,0.396,0.175,0.36,0.61,0.65,0.75,8.311,2.4,0.176,0.314,3.91,3.14,-41.85,-2.68,1558.82,0.65,0.57,0.16,4.0,0.72,-53.58,-3.22,1664.26,0.64,829.891,53.846,4.0,39.0
mot_H_normal_3h_hb1_3627_000000010_0001_51_57_H___3h_hb1_5723_0001_0003_0001_0001,FGFR2,0,Cao et al FGFR2,64.0,0.015,0.016,0.014,0.147,0.24,0.26,0.6,15.017,25.0,0.069,0.044,21.58,21.57,-30.11,-2.26,1332.87,0.72,0.66,0.0,2.0,0.76,-56.01,-3.42,1637.43,0.7,637.748,54.286,0.0,35.0
mot_H_normal_3h_hb1_3627_000000010_0001_51_57_H___6872876d1e066348e9eb56a6e2a95915_0001_1_0001_0001,FGFR2,0,Cao et al FGFR2,65.0,0.015,0.015,0.013,0.116,0.25,0.29,0.6,15.346,25.0,0.058,0.041,26.06,26.9,-17.15,-2.11,812.95,0.71,0.62,0.16,3.0,0.7,-46.53,-2.78,1670.96,0.71,563.768,39.394,2.0,33.0
mot_H_normal_3h_hb1_5890_000000015_0001_54_62_H___EHEE_hb1_487_0001_0002_0001,FGFR2,0,Cao et al FGFR2,65.0,0.013,0.014,0.012,0.093,0.19,0.2,0.57,19.3,25.0,0.088,0.018,13.51,11.33,-28.12,-2.55,1104.5,0.71,0.58,0.13,1.0,0.76,-55.96,-3.49,1602.41,0.69,674.497,57.5,1.0,40.0
mot_H_normal_3h_hb1_6816_000000000_0001_50_58_H___3h_hb1_6881_0001_0005_0001_0001,FGFR2,0,Cao et al FGFR2,65.0,0.548,0.594,0.333,0.633,0.76,0.81,0.82,5.421,1.7,0.23,0.724,20.07,35.52,-24.23,-2.06,1177.1,0.7,0.63,0.12,0.0,0.63,-43.8,-3.14,1395.6,0.69,761.171,43.902,2.0,41.0
mot_H_normal_3h_hb1_6816_000000000_0001_50_58_H___aaf2e391a92c8a31be0cdf860b3872e7_0001_0001_0001_0001,FGFR2,0,Cao et al FGFR2,65.0,0.015,0.016,0.013,0.102,0.29,0.31,0.63,14.459,25.0,0.104,0.037,19.98,14.91,-34.85,-2.62,1332.72,0.47,0.62,0.13,0.0,0.7,-53.21,-3.18,1674.17,0.66,660.09,58.333,1.0,36.0
mot_H_normal_9e7327e3a91079700a0ccaae3576c8f4_0001_000000006_0001_22_26_H___188398008c1bb62ca4f3282b3ce23c1d_0001_0001_0002_0001_0001,FGFR2,0,Cao et al FGFR2,65.0,0.014,0.016,0.013,0.105,0.32,0.38,0.63,14.192,25.0,0.078,0.043,15.43,21.33,-28.18,-2.87,983.66,0.63,0.61,0.27,2.0,0.69,-42.29,-2.74,1543.43,0.65,566.305,46.875,4.0,32.0
mot_H_normal_HEEH_06813_000000019_0001_52_62_H___a018c15928f351c43b00908d5a7ba3e0_0001_0001_0001,FGFR2,0,Cao et al FGFR2,65.0,0.015,0.032,0.013,0.13,0.33,0.41,0.63,13.357,25.0,0.132,0.048,12.16,22.01,-36.22,-2.16,1678.84,0.56,0.55,0.31,5.0,0.68,-51.11,-3.58,1425.76,0.6,822.225,48.837,1.0,43.0
mot_H_normal_HEEH_08897_000000013_0001_46_56_H___HEEHE_2810_0001_0001_0001_0001,FGFR2,0,Cao et al FGFR2,65.0,0.21,0.247,0.136,0.31,0.43,0.59,0.68,9.085,25.0,0.136,0.317,22.16,22.7,-37.77,-3.01,1253.52,0.77,0.65,0.09,2.0,0.75,-56.25,-3.57,1573.55,0.62,623.745,62.069,2.0,29.0
mot_H_normal_HHH_eva_0053_000000019_0001_25_31_H___3h_hb1_2183_0001_0002_0001_0001,FGFR2,0,Cao et al FGFR2,64.0,0.108,0.114,0.053,0.27,0.41,0.46,0.68,11.187,25.0,0.147,0.086,16.84,19.16,-37.24,-2.46,1512.79,0.45,0.54,0.03,3.0,0.74,-51.98,-3.16,1644.77,0.7,835.011,46.512,2.0,43.0
mot_H_normal_HHH_eva_0053_000000019_0001_25_31_H___EHEE_hb1_1151_0001_0001_0001_0001,FGFR2,0,Cao et al FGFR2,65.0,0.0,0.0,0.0,0.0,0.17,0.19,0.56,20.254,25.0,0.0,0.0,20.53,17.74,-43.56,-2.5,1740.0,0.61,0.55,0.13,1.0,0.77,-57.5,-3.43,1675.96,0.7,986.566,53.061,3.0,49.0
mot_H_normal_cf0768f3acfb5f6faa02b7828d906f37_0001_000000002_0001_40_44_H___3h_hb1_6734_0001_0002_0001,FGFR2,0,Cao et al FGFR2,63.0,0.015,0.018,0.013,0.101,0.3,0.31,0.63,15.349,25.0,0.101,0.029,21.62,22.76,-44.04,-2.64,1670.43,0.57,0.55,0.07,5.0,0.61,-63.06,-3.83,1647.63,0.69,870.202,47.727,3.0,44.0
mot_H_normal_ems_3hC_187_0002_000000003_0001_29_38_H___3be42bb0f4612a8c7d501f24346c42c2_0001_0001_0002_0001,FGFR2,0,Cao et al FGFR2,65.0,0.016,0.033,0.014,0.161,0.32,0.35,0.63,13.711,25.0,0.126,0.048,20.78,18.06,-42.18,-2.91,1451.49,0.65,0.61,0.14,6.0,0.71,-53.88,-3.27,1646.35,0.64,859.653,52.273,2.0,44.0
mot_H_normal_ems_3hM_1194_000000001_0001_2_11_H___HEEHE_2981_0001_0001_0001,FGFR2,0,Cao et al FGFR2,65.0,0.013,0.016,0.012,0.094,0.27,0.29,0.61,15.843,25.0,0.104,0.045,21.52,25.63,-38.0,-2.7,1408.29,0.65,0.63,0.1,2.0,0.66,-56.31,-3.11,1809.63,0.59,682.783,51.515,0.0,33.0
mot_H_normal_ems_3hM_2193_000000002_0001_54_61_H___3h_hb1_3384_0001_0001_0001_0001,FGFR2,0,Cao et al FGFR2,61.0,0.17,0.187,0.109,0.265,0.59,0.6,0.75,9.311,4.3,0.308,0.171,4.89,7.7,-44.27,-2.66,1664.73,0.62,0.58,0.11,3.0,0.75,-58.59,-3.53,1661.2,0.66,867.235,46.809,1.0,47.0
mot_H_normal_ems_3hM_3531_000000014_0001_50_59_H___3h_hb1_704_0001_0002_0001_0001,FGFR2,0,Cao et al FGFR2,61.0,0.054,0.075,0.02,0.175,0.4,0.43,0.68,11.949,6.3,0.194,0.083,22.54,24.81,-50.44,-3.1,1629.54,0.64,0.62,0.12,5.0,0.68,-64.88,-3.34,1944.05,0.68,905.723,47.727,1.0,44.0
mot_H_normal_ems_f4m_87_000000001_0001_24_33_H___4h_hb1_1880_0001_0001,FGFR2,0,Cao et al FGFR2,64.0,0.018,0.04,0.014,0.158,0.33,0.34,0.65,14.487,5.0,0.08,0.054,22.78,22.68,-26.13,-1.98,1320.44,0.54,0.61,0.06,3.0,0.75,-56.37,-3.02,1865.45,0.72,693.597,52.941,2.0,34.0
mot_P_normal_EHEE_hb1_1288_000000022_0001_3_7_61_63_P___EHEE_hb1_3256_0001_0001_0001,FGFR2,0,Cao et al FGFR2,65.0,0.309,0.367,0.155,0.366,0.65,0.66,0.77,8.678,2.9,0.27,0.229,25.93,27.3,-59.68,-2.69,2217.85,0.68,0.56,0.19,5.0,0.7,-54.28,-3.4,1594.25,0.7,1323.869,44.262,9.0,61.0
mot_P_normal_EHEE_hb1_2910_000000004_0001_44_50_59_61_P___EHEE_hb1_3985_0001_0001_0001,FGFR2,0,Cao et al FGFR2,65.0,0.018,0.02,0.013,0.132,0.26,0.27,0.62,16.477,6.2,0.069,0.054,29.56,26.65,-32.49,-2.86,1134.07,0.65,0.66,0.23,2.0,0.76,-66.07,-3.97,1664.82,0.67,646.18,46.875,1.0,32.0
mot_P_normal_ems_ferrM_3505_0001_000000001_0001_2_4_59_63_P___EHEE_hb1_1138_0001_0001,FGFR2,0,Cao et al FGFR2,65.0,0.012,0.013,0.011,0.067,0.21,0.31,0.59,16.062,25.0,0.116,0.026,27.59,27.13,-28.1,-1.87,1499.6,0.55,0.63,0.19,2.0,0.74,-47.52,-2.75,1730.25,0.71,703.746,47.5,1.0,40.0
mot_P_normal_ems_ferrM_3700_000000002_0001_1_7_62_64_P___HEEHE_0082_0001_0001_0001,FGFR2,0,Cao et al FGFR2,65.0,0.097,0.13,0.039,0.252,0.47,0.49,0.69,11.722,4.9,0.201,0.093,11.04,8.52,-40.63,-3.11,1307.52,0.64,0.6,0.18,2.0,0.78,-56.02,-3.68,1522.07,0.68,741.392,53.846,3.0,39.0
mw88_8_BACK_FULL_ENERGY4,EGFR,0,Adaptyv binder comp round 1,200.0,0.0,0.0,0.0,0.0,0.15,0.14,0.48,30.047,25.0,0.0,0.0,23.04,42.26,-22.34,-1.41,1580.45,0.55,0.63,0.25,3.0,0.43,-15.37,-0.88,1755.86,0.62,758.848,28.0,1.0,50.0
nasr_kaveh_ZistRayaneshDesign_04,EGFR,0,Adaptyv binder comp round 1,80.0,0.0,0.0,0.0,0.0,0.29,0.3,0.58,26.8,25.0,0.0,0.0,18.54,46.75,-27.27,-1.62,1680.29,0.43,0.59,0.35,3.0,0.61,-38.05,-1.67,2279.79,0.58,919.369,26.531,7.0,49.0
nickboyd_Domain1_Seq5,EGFR,0,Adaptyv binder comp round 1,43.0,0.086,0.42,0.048,0.244,0.78,0.79,0.64,16.804,4.1,0.226,0.317,21.67,64.58,-39.58,-3.11,1274.8,0.78,0.68,0.24,4.0,0.63,-27.41,-1.8,1525.95,0.57,608.883,42.424,3.0,33.0
niklas_E5A28FA3_3501_41C2_922C_EC848E0BC020_l81_s514858345_mpnn4,EGFR,0,Adaptyv binder comp round 2,81.0,0.515,0.626,0.256,0.446,0.9,0.9,0.67,15.211,1.6,0.516,0.637,38.32,45.4,-72.74,-2.66,2738.8,0.7,0.7,0.18,8.0,0.67,-78.98,-2.33,3391.08,0.64,1508.646,52.239,7.0,67.0
nsplice_r1_4b397ff321495f1cf064223b6ad1b1e1_0001_000000002_0001_0001_24_33_H____6357206e42d978b946eb7942e3526b2f_0001_1_0001_0002_0001_0001_18_50_HHH_06_17364_41_0001,VirB8,0,Cao et al VirB8,65.0,0.015,0.056,0.013,0.111,0.42,0.44,0.75,14.134,8.2,0.115,0.069,45.46,23.75,-40.96,-2.86,1429.88,0.61,0.63,0.14,4.0,0.78,-57.31,-3.47,1649.68,0.7,695.835,63.889,0.0,36.0
nsplice_r1_4b397ff321495f1cf064223b6ad1b1e1_0001_000000002_0001_0001_24_33_H____7b85b248b02270658cb572d4be61dda1_0001_0001_0002_0001_0001_16_48_HHH_06_02403_42_0001,VirB8,0,Cao et al VirB8,65.0,0.014,0.015,0.012,0.103,0.37,0.43,0.72,15.999,25.0,0.11,0.045,34.61,24.31,-31.83,-2.25,1413.63,0.57,0.65,0.2,4.0,0.8,-64.3,-3.94,1631.94,0.76,737.68,56.757,8.0,37.0
nsplice_r1_EHEE_01784_000000022_0001_0001_27_36_H____e378ad5b99f69d69c82cdd59948ed3bd_0001_1_0001_0001_0001_0001_18_51_HHH_04_34385_37_0001,VirB8,0,Cao et al VirB8,65.0,0.034,0.092,0.016,0.183,0.48,0.49,0.76,12.972,5.2,0.161,0.072,42.08,24.39,-36.23,-2.12,1710.07,0.52,0.56,0.16,2.0,0.7,-56.25,-3.41,1651.03,0.69,835.981,53.488,4.0,43.0
p53_AF2_10,Mdm2,1,Mdm2 Watson et al,71.0,0.697,0.83,0.499,0.713,0.9,0.9,0.89,3.698,0.8,0.426,0.869,2.88,2.05,-48.14,-2.78,1731.95,0.7,0.63,0.13,4.0,0.74,-53.25,-2.88,1849.53,0.59,910.505,40.0,8.0,45.0
p53_AF2_48,Mdm2,0,Mdm2 Watson et al,74.0,0.632,0.776,0.457,0.682,0.87,0.87,0.87,4.239,0.9,0.43,0.752,2.99,2.05,-52.1,-2.61,1994.15,0.65,0.5,0.19,5.0,0.58,-50.01,-2.68,1863.73,0.59,996.641,44.0,3.0,50.0
p53_AF2_60,Mdm2,1,Mdm2 Watson et al,103.0,0.698,0.777,0.46,0.647,0.88,0.88,0.87,4.816,0.9,0.343,0.769,3.64,1.8,-59.84,-3.08,1940.21,0.71,0.65,0.21,6.0,0.66,-53.73,-2.67,2013.3,0.56,925.836,42.857,4.0,42.0
p53_AF2_67,Mdm2,0,Mdm2 Watson et al,71.0,0.552,0.707,0.36,0.613,0.83,0.83,0.84,5.058,1.0,0.304,0.695,2.2,1.72,-54.32,-2.82,1925.53,0.69,0.63,0.19,7.0,0.71,-52.17,-2.79,1868.7,0.55,994.067,42.857,9.0,42.0
p53_AF2_90,Mdm2,1,Mdm2 Watson et al,103.0,0.622,0.693,0.394,0.609,0.84,0.84,0.84,5.169,1.2,0.368,0.736,2.23,1.77,-39.57,-2.28,1734.53,0.61,0.57,0.15,3.0,0.72,-53.22,-2.87,1856.39,0.62,886.861,44.444,5.0,45.0
pol_07b01b63cad2c4be2d3ef0bedfca1f73_0001_000000018_0001_0001,FGFR2,0,Cao et al FGFR2,65.0,0.014,0.018,0.013,0.114,0.28,0.29,0.62,16.199,25.0,0.081,0.046,20.73,21.36,-39.35,-2.63,1494.54,0.54,0.45,0.16,1.0,0.7,-74.07,-3.77,1962.91,0.64,769.2,52.5,5.0,40.0
pol_2f9561dfc383f15dec894b052fc29d6a_0001_000000006_0001_0001,FGFR2,0,Cao et al FGFR2,65.0,0.015,0.017,0.013,0.143,0.29,0.33,0.62,15.224,25.0,0.109,0.031,19.43,20.88,-37.74,-2.77,1362.42,0.69,0.57,0.16,2.0,0.63,-58.3,-3.23,1806.22,0.6,897.226,52.381,2.0,42.0
pol_6e1ea74cf7d123663e07b3b19f2f3aaf_0001_000000022_0001,FGFR2,0,Cao et al FGFR2,65.0,0.014,0.016,0.012,0.098,0.24,0.27,0.6,17.231,25.0,0.076,0.031,26.76,19.9,-27.77,-2.04,1360.92,0.63,0.5,0.21,4.0,0.69,-45.8,-2.89,1584.47,0.65,820.805,48.718,3.0,39.0
pol_8dc8e935950a1f8e5bdf62a2e89caa87_0001_000000010_0001_0001,FGFR2,1,Cao et al FGFR2,65.0,0.618,0.742,0.379,0.599,0.82,0.83,0.86,5.25,1.1,0.412,0.607,5.56,8.43,-60.41,-3.42,1768.97,0.7,0.6,0.29,4.0,0.63,-59.86,-3.66,1635.28,0.58,917.9,59.574,1.0,47.0
pol_ems_ferrC_243_000000016_0001_0001,FGFR2,0,Cao et al FGFR2,64.0,0.225,0.24,0.081,0.259,0.56,0.6,0.72,9.829,3.2,0.241,0.228,10.42,4.89,-40.63,-3.02,1346.31,0.71,0.63,0.22,1.0,0.67,-57.12,-3.33,1716.72,0.63,843.067,48.889,2.0,45.0
pol_proteinG_2451_000000020_0001_0001,FGFR2,0,Cao et al FGFR2,57.0,0.023,0.074,0.014,0.156,0.37,0.4,0.66,12.709,6.9,0.103,0.096,20.36,22.79,-30.14,-2.68,1123.87,0.68,0.63,0.11,1.0,0.75,-59.8,-3.69,1621.64,0.71,614.843,51.515,4.0,33.0
rif_fastrot_0f9d397e77a299db7739ec728874c888_0001_1_000000005_0001_0001,FGFR2,0,Cao et al FGFR2,65.0,0.092,0.105,0.046,0.247,0.4,0.46,0.66,11.231,25.0,0.193,0.078,5.15,5.31,-39.8,-2.47,1608.29,0.59,0.58,0.24,1.0,0.68,-48.02,-2.92,1642.68,0.65,896.013,55.319,0.0,47.0
rif_fastrot_cor_EHEE_hb1_1279_000000012_0001_0001,FGFR2,0,Cao et al FGFR2,65.0,0.072,0.095,0.024,0.174,0.34,0.55,0.65,11.799,25.0,0.214,0.094,26.47,26.94,-45.66,-2.4,1906.54,0.61,0.62,0.19,7.0,0.73,-49.38,-3.15,1567.46,0.59,1049.342,43.75,5.0,48.0
rif_fastrot_cor_EHEE_hb1_4624_000000020_0001_0001,FGFR2,0,Cao et al FGFR2,65.0,0.015,0.017,0.013,0.129,0.3,0.38,0.61,14.549,25.0,0.099,0.04,5.5,5.91,-35.68,-2.46,1449.74,0.63,0.57,0.24,5.0,0.73,-62.19,-3.14,1980.09,0.67,752.307,48.718,3.0,39.0
rif_fastrot_ems_ferrC_243_000000016_0001_0001,FGFR2,0,Cao et al FGFR2,64.0,0.014,0.014,0.013,0.077,0.22,0.26,0.6,17.451,25.0,0.083,0.024,22.06,17.88,-28.77,-2.57,1118.54,0.74,0.67,0.23,4.0,0.67,-49.72,-3.01,1650.9,0.63,588.363,57.143,2.0,35.0
rif_normal_3h_hb1_1346_000000004_0001,FGFR2,0,Cao et al FGFR2,62.0,0.394,0.469,0.225,0.52,0.72,0.75,0.8,6.802,2.1,0.188,0.547,15.12,26.62,-47.73,-3.05,1565.84,0.75,0.54,0.36,4.0,0.73,-75.34,-3.79,1989.34,0.71,845.579,44.186,6.0,43.0
rif_normal_EHEE_hb1_4581_000000004_0001_0001,FGFR2,0,Cao et al FGFR2,65.0,0.589,0.606,0.303,0.556,0.8,0.81,0.82,6.447,1.2,0.296,0.677,16.37,16.21,-38.73,-3.14,1231.79,0.61,0.62,0.24,2.0,0.75,-60.86,-3.57,1704.1,0.64,624.421,51.429,2.0,35.0
rif_normal_EHEE_hb1_553_000000004_0001_0001,FGFR2,0,Cao et al FGFR2,65.0,0.013,0.013,0.012,0.069,0.22,0.3,0.6,17.403,25.0,0.098,0.02,22.9,26.48,-41.99,-2.13,1972.11,0.49,0.51,0.24,3.0,0.77,-49.15,-3.3,1489.77,0.65,1023.829,47.059,2.0,51.0
rif_normal_ems_ferrM_2090_0001_000000000_0001_0001,FGFR2,0,Cao et al FGFR2,64.0,0.061,0.165,0.022,0.169,0.49,0.54,0.71,11.08,6.1,0.125,0.166,15.4,6.0,-39.49,-2.86,1380.09,0.71,0.52,0.3,5.0,0.61,-52.88,-2.97,1782.75,0.62,750.168,47.222,1.0,36.0
rif_normal_ems_ferrM_7064_0001_000000001_0001_0001,FGFR2,0,Cao et al FGFR2,62.0,0.0,0.0,0.0,0.0,0.21,0.23,0.59,19.429,25.0,0.0,0.0,17.74,32.2,-25.34,-2.0,1265.75,0.61,0.63,0.38,3.0,0.68,-53.87,-3.07,1755.22,0.71,751.13,55.556,4.0,36.0
salireza111_Seq119_3_001_8,EGFR,0,Adaptyv binder comp round 2,49.0,0.0,0.0,0.0,0.0,0.19,0.22,0.61,28.499,25.0,0.0,0.0,70.61,68.97,-29.76,-2.95,1007.15,0.59,0.65,0.42,4.0,0.59,-37.07,-2.1,1769.3,0.62,528.887,66.667,2.0,33.0
spacecruiser42_d2_prompt_binder_t1_0_139,EGFR,0,Adaptyv binder comp round 2,20.0,0.013,0.017,0.012,0.108,0.46,0.47,0.69,20.691,8.9,0.211,0.027,4.88,11.73,-57.79,-2.32,2492.76,0.64,0.65,0.22,4.0,0.63,-42.68,-1.99,2146.18,0.57,1123.828,41.667,7.0,60.0
theraven_sequence46,EGFR,0,Adaptyv binder comp round 1,71.0,0.291,0.459,0.144,0.288,0.82,0.83,0.64,15.311,3.7,0.402,0.396,49.3,50.37,-52.95,-2.96,1790.54,0.66,0.6,0.17,4.0,0.62,-31.52,-2.42,1301.81,0.68,1084.285,49.091,7.0,55.0
theraven_sequence47,EGFR,0,Adaptyv binder comp round 1,71.0,0.258,0.418,0.133,0.27,0.82,0.82,0.63,15.728,4.2,0.401,0.36,39.16,44.64,-60.08,-3.03,1984.47,0.71,0.61,0.17,4.0,0.65,-59.79,-2.34,2558.12,0.61,1082.438,51.786,7.0,56.0
vratinsrivastava10_sequence_7,EGFR,0,Adaptyv binder comp round 1,100.0,0.0,0.0,0.0,0.0,0.14,0.16,0.56,29.231,25.0,0.0,0.0,40.15,59.32,-19.96,-1.04,1915.47,0.54,0.67,0.55,1.0,0.57,-34.42,-2.21,1554.15,0.61,1242.16,37.288,11.0,59.0
SVT000__T10_C10_consensus_267_dldesign_0_cycle0_1_af2pred,sntx,1,Vazquez-Torres et al,100.0,0.736,0.836,0.536,0.758,0.89,0.89,0.91,2.862,0.9,0.62,0.935,0.99,0.97,-66.12,-3.35,1972.56,0.68,0.73,0.44,15.0,0.63,-56.54,-2.99,1893.43,0.64,1086.46,40.426,13.0,47.0
SVT000__short_native_hotspot_bulky_2_strand_5_46_dldesign_0_dldesign_0_cycle1_af2pred,sntx,0,Vazquez-Torres et al,200.0,0.557,0.759,0.333,0.591,0.86,0.87,0.89,4.732,1.3,0.583,0.815,2.36,1.44,-50.81,-2.78,1825.02,0.62,0.59,0.24,15.0,0.63,-43.02,-2.34,1836.87,0.62,992.627,38.889,11.0,54.0
SVT001__short_native_hotspot_bulky_2_strand_5_46_dldesign_7_dldesign_0_cycle1_af2pred,sntx,0,Vazquez-Torres et al,200.0,0.465,0.701,0.262,0.543,0.83,0.83,0.86,5.468,1.6,0.598,0.738,2.66,1.05,-53.07,-2.91,1820.75,0.59,0.6,0.51,8.0,0.63,-50.53,-2.73,1850.47,0.56,1032.893,45.614,8.0,57.0
SVT002__short_native_hotspot_bulky_2_strand_5_58_dldesign_1_dldesign_0_cycle1_af2pred,sntx,0,Vazquez-Torres et al,200.0,0.227,0.421,0.144,0.323,0.69,0.72,0.86,7.799,2.8,0.36,0.385,3.99,1.47,-38.53,-2.56,1502.38,0.63,0.54,0.19,9.0,0.69,-37.96,-2.89,1314.74,0.71,847.042,33.333,7.0,45.0
SVT003__short_native_hotspot_bulky_2_strand_5_62_dldesign_1_dldesign_0_cycle0_af2pred,sntx,0,Vazquez-Torres et al,200.0,0.423,0.633,0.245,0.385,0.79,0.79,0.88,7.342,1.5,0.497,0.771,1.43,1.33,-38.81,-2.91,1331.91,0.66,0.67,0.44,8.0,0.68,-44.61,-3.39,1317.21,0.54,705.312,42.857,9.0,42.0
SVT004__short_native_hotspot_bulky_2_strand_5_62_dldesign_2_dldesign_0_cycle1_af2pred,sntx,0,Vazquez-Torres et al,200.0,0.253,0.481,0.159,0.322,0.74,0.74,0.86,8.149,2.8,0.419,0.484,3.31,1.49,-43.25,-3.26,1324.93,0.66,0.6,0.14,7.0,0.65,-42.64,-3.26,1306.89,0.55,656.212,51.282,8.0,39.0
SVT005__short_native_hotspot_bulky_2_strand_5_62_dldesign_5_dldesign_0_cycle0_af2pred,sntx,0,Vazquez-Torres et al,200.0,0.283,0.526,0.165,0.358,0.72,0.75,0.86,7.747,2.2,0.443,0.487,2.54,1.65,-42.98,-2.96,1453.63,0.68,0.6,0.26,8.0,0.57,-36.49,-2.78,1311.04,0.53,716.876,47.5,8.0,40.0
SVT006__short_native_hotspot_bulky_2_strand_5_62_dldesign_5_dldesign_0_cycle1_af2pred,sntx,0,Vazquez-Torres et al,200.0,0.011,0.014,0.011,0.049,0.42,0.43,0.8,16.466,7.3,0.269,0.038,6.06,2.04,-36.48,-2.98,1224.6,0.59,0.5,0.23,8.0,0.67,-42.58,-3.0,1418.07,0.45,676.758,48.718,7.0,39.0
SVT007__short_native_hotspot_bulky_2_strand_5_62_dldesign_7_dldesign_0_cycle0_af2pred,sntx,0,Vazquez-Torres et al,200.0,0.227,0.36,0.141,0.259,0.67,0.69,0.86,9.363,3.0,0.385,0.398,3.27,1.73,-35.48,-3.02,1173.11,0.66,0.5,0.13,8.0,0.7,-41.11,-3.25,1265.92,0.57,650.149,48.649,9.0,37.0
SVT008__short_native_hotspot_bulky_2_strand_5_89_dldesign_3_dldesign_0_cycle1_af2pred,sntx,0,Vazquez-Torres et al,200.0,0.372,0.591,0.249,0.443,0.77,0.78,0.89,6.001,1.9,0.36,0.55,2.84,1.81,-49.62,-3.16,1570.7,0.61,0.63,0.28,11.0,0.57,-34.39,-2.11,1626.8,0.62,855.089,43.182,9.0,44.0
SVT009__short_native_hotspot_bulky_2_strand_5_95_dldesign_3_dldesign_0_cycle1_af2pred,sntx,0,Vazquez-Torres et al,200.0,0.509,0.718,0.307,0.516,0.84,0.85,0.9,5.54,1.4,0.552,0.759,3.54,2.19,-48.92,-3.04,1610.19,0.61,0.57,0.22,9.0,0.62,-49.14,-3.03,1622.09,0.61,838.815,45.833,6.0,48.0
SVT010__T10_C10_consensus_832_dldesign_0_cycle0_1_af2pred,sntx,1,Vazquez-Torres et al,100.0,0.779,0.871,0.573,0.765,0.91,0.91,0.92,2.741,0.8,0.606,0.942,1.82,1.32,-55.94,-3.16,1769.08,0.67,0.69,0.24,12.0,0.6,-55.42,-3.03,1828.78,0.64,1015.316,45.652,12.0,46.0
SVT010__short_native_hotspot_bulky_2_strand_5_95_dldesign_5_dldesign_0_cycle1_af2pred,sntx,0,Vazquez-Torres et al,200.0,0.206,0.455,0.128,0.334,0.64,0.66,0.81,8.179,3.4,0.416,0.298,3.29,1.62,-47.81,-2.85,1677.49,0.57,0.6,0.17,9.0,0.62,-46.12,-2.62,1758.17,0.52,922.823,47.917,8.0,48.0
SVT011__short_native_hotspot_bulky_2_strand_5_95_dldesign_6_dldesign_0_cycle1_af2pred,sntx,0,Vazquez-Torres et al,200.0,0.54,0.639,0.233,0.501,0.86,0.86,0.81,6.094,1.4,0.584,0.737,3.08,2.26,-52.17,-3.0,1737.86,0.67,0.56,0.26,11.0,0.65,-53.18,-3.0,1772.82,0.62,929.713,47.17,8.0,53.0
SVT012__short_native_hotspot_bulky_2_strand_5_95_dldesign_7_dldesign_0_cycle1_af2pred,sntx,0,Vazquez-Torres et al,200.0,0.45,0.673,0.23,0.514,0.81,0.82,0.86,5.917,1.8,0.538,0.655,3.16,1.64,-49.9,-3.18,1570.19,0.67,0.59,0.18,8.0,0.68,-47.5,-2.91,1634.3,0.6,930.179,42.0,11.0,50.0
SVT013__short_native_hotspot_bulky_2_strand_5_95_dldesign_8_dldesign_0_cycle0_af2pred,sntx,0,Vazquez-Torres et al,200.0,0.484,0.652,0.224,0.484,0.83,0.84,0.82,6.334,1.5,0.553,0.68,2.43,1.93,-44.58,-2.84,1570.72,0.68,0.47,0.19,8.0,0.66,-47.84,-3.2,1495.75,0.43,790.121,48.837,6.0,43.0
SVT014__short_native_hotspot_bulky_2_strand_5_95_dldesign_8_dldesign_0_cycle1_af2pred,sntx,0,Vazquez-Torres et al,200.0,0.431,0.632,0.217,0.443,0.81,0.82,0.84,6.648,1.8,0.562,0.621,2.39,1.61,-48.56,-3.26,1489.0,0.66,0.67,0.23,9.0,0.64,-46.79,-3.17,1478.31,0.54,855.855,45.652,9.0,46.0
SVT015__short_native_hotspot_bulky_2_strand_5_95_dldesign_9_dldesign_0_cycle1_af2pred,sntx,0,Vazquez-Torres et al,200.0,0.28,0.513,0.172,0.359,0.73,0.75,0.86,7.788,2.3,0.491,0.434,3.56,1.65,-46.68,-3.13,1492.27,0.7,0.62,0.22,8.0,0.64,-47.74,-2.96,1610.33,0.62,919.69,44.681,10.0,47.0
SVT016__short_native_hotspot_bulky_strand_5_144_dldesign_0_cycle1_af2pred,sntx,0,Vazquez-Torres et al,200.0,0.459,0.608,0.246,0.421,0.84,0.84,0.87,6.722,1.5,0.469,0.744,4.61,1.68,-48.45,-3.46,1398.37,0.74,0.58,0.27,13.0,0.7,-41.44,-2.94,1410.28,0.64,716.846,51.282,14.0,39.0
SVT017__short_native_hotspot_bulky_strand_5_156_dldesign_0_cycle1_af2pred,sntx,0,Vazquez-Torres et al,200.0,0.67,0.864,0.454,0.65,0.9,0.91,0.94,3.805,1.0,0.627,0.895,8.57,6.3,-51.77,-2.9,1784.82,0.61,0.54,0.42,12.0,0.68,-53.12,-3.0,1771.35,0.65,947.356,50.0,8.0,48.0
SVT018__short_native_hotspot_bulky_strand_5_165_dldesign_0_cycle1_af2pred,sntx,0,Vazquez-Torres et al,200.0,0.455,0.65,0.255,0.429,0.84,0.84,0.89,7.056,1.5,0.407,0.763,2.77,1.64,-51.84,-3.88,1335.61,0.76,0.64,0.14,10.0,0.64,-49.45,-3.42,1447.89,0.59,683.858,52.778,8.0,36.0
SVT019__short_native_hotspot_bulky_strand_5_182_dldesign_0_cycle0_af2pred,sntx,0,Vazquez-Torres et al,200.0,0.365,0.624,0.223,0.435,0.8,0.8,0.86,6.548,2.0,0.508,0.454,10.03,4.01,-48.15,-2.42,1990.72,0.58,0.56,0.13,11.0,0.65,-43.18,-3.22,1341.8,0.46,1131.8,42.308,9.0,52.0
SVT020__short_native_hotspot_bulky_strand_5_200_dldesign_0_cycle1_af2pred,sntx,0,Vazquez-Torres et al,200.0,0.242,0.424,0.148,0.328,0.69,0.72,0.82,7.656,3.0,0.36,0.281,2.67,1.65,-50.9,-2.84,1794.35,0.61,0.61,0.22,10.0,0.6,-39.94,-2.6,1536.53,0.58,990.383,43.103,8.0,58.0
SVT021__short_native_hotspot_bulky_strand_5_205_dldesign_0_cycle1_af2pred,sntx,0,Vazquez-Torres et al,200.0,0.108,0.184,0.042,0.159,0.58,0.58,0.76,12.023,3.6,0.295,0.158,11.7,3.29,-34.75,-2.74,1269.26,0.68,0.64,0.39,8.0,0.66,-40.35,-2.93,1378.01,0.59,664.842,50.0,9.0,44.0
SVT022__short_native_hotspot_bulky_strand_5_208_dldesign_0_cycle0_af2pred,sntx,0,Vazquez-Torres et al,200.0,0.441,0.595,0.244,0.42,0.83,0.83,0.87,6.529,1.8,0.529,0.742,2.3,1.71,-41.83,-3.01,1389.35,0.68,0.69,0.16,11.0,0.67,-42.28,-2.95,1434.81,0.63,781.985,43.182,8.0,44.0
SVT023__short_native_hotspot_bulky_strand_5_21_dldesign_0_cycle1_af2pred,sntx,0,Vazquez-Torres et al,200.0,0.239,0.445,0.128,0.317,0.74,0.74,0.85,8.401,2.6,0.344,0.385,2.7,1.43,-44.69,-3.06,1459.03,0.63,0.57,0.09,10.0,0.69,-45.77,-2.97,1542.79,0.62,850.984,43.75,8.0,48.0
SVT024__short_native_hotspot_bulky_strand_5_27_dldesign_0_cycle1_af2pred,sntx,0,Vazquez-Torres et al,200.0,0.085,0.091,0.033,0.168,0.57,0.58,0.56,15.862,5.8,0.198,0.07,3.59,1.86,-52.43,-2.99,1753.32,0.68,0.66,0.62,10.0,0.72,-59.98,-3.37,1781.31,0.58,862.054,51.163,12.0,43.0
SVT025__short_native_hotspot_bulky_strand_5_32_dldesign_0_cycle1_af2pred,sntx,0,Vazquez-Torres et al,200.0,0.121,0.242,0.059,0.208,0.51,0.63,0.73,11.338,4.4,0.303,0.237,4.05,3.23,-44.56,-3.73,1194.63,0.84,0.68,0.2,9.0,0.72,-41.2,-3.37,1221.56,0.64,672.967,52.5,8.0,40.0
SVT026__short_native_hotspot_bulky_strand_5_95_dldesign_0_cycle1_af2pred,sntx,0,Vazquez-Torres et al,200.0,0.609,0.721,0.288,0.567,0.88,0.89,0.87,5.356,1.2,0.547,0.758,2.24,1.34,-49.72,-3.14,1585.79,0.71,0.61,0.18,10.0,0.64,-47.35,-2.96,1602.39,0.52,897.737,42.857,9.0,49.0
SVT027__short_native_strand_3_100_194_dldesign_0_cycle1_af2pred_0001,sntx,0,Vazquez-Torres et al,100.0,0.207,0.278,0.133,0.323,0.64,0.65,0.74,8.462,2.9,0.436,0.307,3.55,2.53,-46.62,-2.92,1598.22,0.57,0.6,0.23,11.0,0.57,-51.66,-3.07,1680.01,0.66,919.898,38.462,8.0,52.0
SVT028__T20_C10_consensus_927_dldesign_0_cycle0_af2pred,sntx,1,Vazquez-Torres et al,100.0,0.701,0.803,0.48,0.72,0.87,0.88,0.89,3.352,1.0,0.621,0.896,1.64,1.25,-56.9,-3.08,1849.04,0.66,0.64,0.27,11.0,0.67,-61.19,-3.15,1943.77,0.57,1010.506,42.857,9.0,49.0
SVT028__short_native_strand_3_120_130_dldesign_0_cycle0_af2pred_0001,sntx,0,Vazquez-Torres et al,120.0,0.437,0.62,0.263,0.571,0.75,0.8,0.82,5.129,1.8,0.513,0.584,1.91,1.6,-46.61,-2.65,1761.83,0.55,0.59,0.18,11.0,0.65,-56.87,-2.88,1977.05,0.63,871.256,45.652,9.0,46.0
SVT029__short_native_strand_3_150_142_dldesign_0_cycle1_af2pred_0001,sntx,0,Vazquez-Torres et al,150.0,0.662,0.761,0.317,0.616,0.89,0.89,0.87,4.944,1.0,0.633,0.868,1.54,1.24,-55.63,-3.34,1663.81,0.7,0.7,0.16,11.0,0.69,-56.34,-3.25,1735.38,0.65,869.967,48.889,7.0,45.0
SVT030__short_native_strand_3_150_81_dldesign_0_cycle0_af2pred_0001,sntx,0,Vazquez-Torres et al,150.0,0.713,0.838,0.502,0.686,0.9,0.91,0.9,3.931,0.9,0.58,0.91,1.6,1.2,-44.09,-2.68,1648.02,0.6,0.59,0.17,8.0,0.61,-47.34,-2.49,1899.63,0.6,975.882,39.623,7.0,53.0
SVT031__short_native_strand_3_150_82_dldesign_0_cycle0_af2pred_0001,sntx,0,Vazquez-Torres et al,150.0,0.0,0.0,0.0,0.0,0.16,0.23,0.53,20.766,25.0,0.0,0.0,38.42,12.39,-19.09,-1.43,1330.12,0.61,0.6,0.31,5.0,0.61,-55.43,-3.0,1850.18,0.58,733.448,31.818,4.0,44.0
SVT032__T20_C10_consensus_965_dldesign_0_cycle0_1_af2pred,sntx,1,Vazquez-Torres et al,100.0,0.742,0.84,0.517,0.758,0.89,0.9,0.9,3.008,0.9,0.606,0.916,1.98,1.47,-59.07,-3.14,1882.26,0.7,0.73,0.27,13.0,0.69,-60.44,-3.34,1810.65,0.67,1047.544,44.681,10.0,47.0
SVT032__short_native_strand_3_150_82_dldesign_0_cycle1_af2pred_0001,sntx,0,Vazquez-Torres et al,150.0,0.569,0.658,0.232,0.559,0.84,0.85,0.8,5.396,1.4,0.412,0.576,2.44,1.68,-61.22,-3.24,1886.7,0.67,0.58,0.26,12.0,0.65,-63.09,-3.18,1983.76,0.62,1031.31,48.077,10.0,52.0
SVT033__short_native_strand_5_100_183_dldesign_0_cycle1_af2pred_0001,sntx,1,Vazquez-Torres et al,100.0,0.742,0.846,0.514,0.739,0.89,0.9,0.91,3.055,0.9,0.628,0.934,1.87,1.42,-59.48,-3.5,1698.04,0.69,0.68,0.4,11.0,0.64,-55.36,-3.21,1725.3,0.71,859.542,50.0,7.0,46.0
SVT034__short_native_strand_5_120_127_dldesign_0_cycle1_af2pred_0001,sntx,0,Vazquez-Torres et al,120.0,0.436,0.618,0.292,0.566,0.81,0.81,0.85,5.046,1.8,0.587,0.648,2.14,1.53,-51.88,-2.87,1809.78,0.69,0.65,0.23,12.0,0.72,-67.65,-3.37,2004.83,0.68,1082.616,53.571,9.0,56.0
SVT035__short_native_strand_5_120_149_dldesign_0_cycle1_af2pred_0001,sntx,0,Vazquez-Torres et al,120.0,0.441,0.565,0.285,0.529,0.78,0.8,0.85,5.351,1.6,0.519,0.667,1.33,1.18,-49.51,-3.11,1591.63,0.74,0.65,0.1,9.0,0.72,-56.78,-3.33,1704.63,0.65,940.985,50.0,10.0,52.0
SVT036__short_native_strand_5_120_196_dldesign_0_cycle0_af2pred_0001,sntx,0,Vazquez-Torres et al,120.0,0.339,0.509,0.186,0.464,0.71,0.71,0.76,6.851,2.1,0.433,0.555,2.68,1.58,-46.94,-3.3,1423.29,0.71,0.66,0.25,9.0,0.69,-51.86,-3.39,1529.97,0.69,830.014,40.426,7.0,47.0
SVT037__short_native_strand_5_120_71_dldesign_0_cycle0_af2pred_0001,sntx,0,Vazquez-Torres et al,120.0,0.476,0.665,0.285,0.524,0.74,0.76,0.82,7.759,1.2,0.42,0.664,2.07,1.7,-48.77,-3.63,1341.8,0.78,0.64,0.09,13.0,0.72,-52.43,-3.95,1326.87,0.71,759.512,40.909,12.0,44.0
SVT038__short_native_strand_5_150_47_dldesign_0_cycle0_af2pred_0001,sntx,0,Vazquez-Torres et al,150.0,0.525,0.741,0.297,0.584,0.83,0.84,0.85,4.994,1.4,0.466,0.613,1.58,1.38,-56.94,-3.09,1844.37,0.62,0.66,0.2,14.0,0.69,-58.87,-3.29,1788.36,0.65,1085.997,35.714,10.0,56.0
SVT040__strand_3_short_native_100_102_dldesign_0_cycle1_af2pred_0001,sntx,0,Vazquez-Torres et al,100.0,0.719,0.797,0.457,0.728,0.89,0.89,0.89,3.522,1.0,0.599,0.836,2.18,1.74,-53.63,-2.65,2026.33,0.72,0.69,0.22,12.0,0.73,-65.38,-3.29,1989.4,0.69,1077.651,41.176,10.0,51.0
SVT041__strand_3_short_native_100_156_dldesign_0_cycle1_af2pred_0001,sntx,0,Vazquez-Torres et al,100.0,0.028,0.07,0.013,0.11,0.38,0.48,0.64,12.778,4.4,0.255,0.072,2.31,1.92,-45.57,-2.27,2010.5,0.65,0.69,0.19,9.0,0.64,-57.12,-2.73,2091.7,0.69,1109.716,39.286,8.0,56.0
SVT042__strand_3_short_native_100_19_dldesign_0_cycle0_af2pred_0001,sntx,0,Vazquez-Torres et al,100.0,0.099,0.204,0.049,0.236,0.54,0.55,0.66,10.244,5.0,0.342,0.122,1.15,1.05,-47.55,-3.02,1574.73,0.63,0.69,0.15,9.0,0.69,-47.81,-3.21,1489.21,0.66,837.24,44.444,6.0,45.0
SVT043__strand_3_short_native_100_21_dldesign_0_cycle0_af2pred_0001,sntx,0,Vazquez-Torres et al,100.0,0.619,0.713,0.38,0.668,0.85,0.85,0.87,4.073,1.2,0.563,0.868,1.51,1.37,-44.55,-3.02,1475.31,0.63,0.62,0.19,9.0,0.72,-51.45,-3.31,1553.39,0.65,838.164,40.0,10.0,45.0
SVT047__shortconsensusntx_A11_T20_460_dldesign_0_cycle1_af2pred,sntx,1,Vazquez-Torres et al,100.0,0.691,0.826,0.463,0.737,0.88,0.88,0.89,3.277,0.9,0.59,0.882,1.2,1.07,-55.58,-3.03,1833.26,0.65,0.72,0.39,12.0,0.65,-49.45,-2.81,1760.4,0.66,1071.784,38.298,11.0,47.0
SVT049__shortconsensusntx_A11_T20_659_dldesign_0_cycle1_af2pred,sntx,1,Vazquez-Torres et al,100.0,0.66,0.742,0.375,0.668,0.86,0.86,0.87,4.166,1.0,0.57,0.813,1.2,0.99,-58.07,-3.26,1779.19,0.68,0.71,0.28,11.0,0.69,-56.83,-3.13,1815.71,0.71,1014.757,39.216,14.0,51.0
IL2RaEarlyBind_lt1005,IL2Ra,1,Bennet paper IL2Ra prospective,56.0,0.717,0.794,0.345,0.655,0.91,0.91,0.79,8.427,0.9,0.48,0.637,4.73,9.92,-73.76,-3.18,2320.82,0.66,0.58,0.08,21.0,0.65,-61.06,-2.89,2112.92,0.69,1218.784,31.579,22.0,57.0
IL2RaEarlyBind_lt1006,IL2Ra,1,Bennet paper IL2Ra prospective,56.0,0.712,0.792,0.345,0.656,0.91,0.91,0.79,8.53,0.9,0.465,0.636,4.94,10.43,-66.88,-2.97,2250.17,0.59,0.54,0.07,22.0,0.62,-53.84,-2.42,2228.09,0.68,1277.097,31.148,20.0,61.0
IL2RaEarlyBind_lt1012,IL2Ra,1,Bennet paper IL2Ra prospective,56.0,0.713,0.783,0.336,0.653,0.91,0.91,0.79,8.497,0.9,0.46,0.618,4.84,9.61,-64.19,-2.89,2224.55,0.67,0.58,0.11,21.0,0.65,-59.72,-2.76,2163.41,0.61,1310.681,30.645,21.0,62.0
IL2raBeBind_lt2,IL2Ra,1,Bennet paper IL2Ra prospective,57.0,0.662,0.766,0.334,0.646,0.9,0.89,0.79,8.47,1.0,0.511,0.816,3.88,7.53,-66.75,-3.27,2040.9,0.61,0.6,0.07,17.0,0.62,-53.54,-2.9,1844.7,0.69,1138.096,32.143,15.0,56.0
IL2raBeBind_lt20,IL2Ra,1,Bennet paper IL2Ra prospective,57.0,0.644,0.755,0.325,0.631,0.89,0.89,0.78,8.902,1.0,0.47,0.821,5.45,10.31,-58.32,-3.09,1884.8,0.64,0.6,0.14,15.0,0.68,-39.42,-2.12,1860.37,0.65,1010.599,32.653,17.0,49.0
IL2raBeBind_lt8,IL2Ra,1,Bennet paper IL2Ra prospective,57.0,0.684,0.776,0.339,0.649,0.9,0.9,0.79,8.356,0.9,0.461,0.753,4.15,6.2,-58.35,-2.9,2010.7,0.72,0.64,0.07,20.0,0.7,-46.18,-2.47,1869.54,0.68,1041.774,29.412,19.0,51.0
il2ra_site1_1z92_normal_mot_0a54d8a7266968de9ae0346ffe2baff0_0001_af2_000000020_0001_37_50_H___84ee3a8f0a65711069ec53bc75935faa_0001_0001_0000100010_0000001_1,IL2Ra,0,Bennet paper IL2Ra prospective,65.0,0.584,0.706,0.299,0.596,0.85,0.85,0.77,9.44,1.3,0.304,0.683,4.01,8.55,-44.56,-2.78,1604.01,0.68,0.67,0.21,6.0,0.55,-60.23,-2.99,2011.49,0.64,829.617,46.512,6.0,43.0
il2ra_site1_1z92_normal_mot_54e474eed2d0515e81978198f0f96ec2_0001_000000202_0001_15_30_H___9e622f7d73aa0ff91040b48e8c7f7504_0001_1_af2_0001_0000100005_0000001_0_af2pred_0001_af2pred,IL2Ra,0,Bennet paper IL2Ra prospective,65.0,0.013,0.013,0.012,0.067,0.26,0.29,0.59,20.438,25.0,0.131,0.02,9.52,15.0,-32.34,-2.04,1583.19,0.54,0.57,0.2,2.0,0.66,-51.97,-2.75,1891.16,0.67,908.76,47.727,5.0,44.0
il2ra_site1_1z92_normal_mot_57fbbab2d607e533440bfb1b251026a3_0001_af2_000000189_0001_1_16_H___HHH_b1_03493_0001_0000200009_0000001_1,IL2Ra,0,Bennet paper IL2Ra prospective,54.0,0.0,0.0,0.0,0.0,0.18,0.23,0.58,22.599,25.0,0.0,0.0,4.87,9.58,-46.78,-2.62,1785.95,0.61,0.66,0.04,8.0,0.67,-52.93,-2.79,1897.37,0.63,1005.246,40.909,6.0,44.0
il2ra_site1_1z92_normal_mot_HHH_b1_02043_af2_000000156_0001_1_14_H___HHH_b1_03493_af2_0001_0000400016_0000001_0_af2pred_0001_af2pred_1,IL2Ra,0,Bennet paper IL2Ra prospective,54.0,0.432,0.602,0.186,0.497,0.81,0.82,0.74,10.395,1.4,0.376,0.634,4.98,8.18,-58.98,-3.15,1869.8,0.7,0.61,0.04,6.0,0.61,-51.28,-2.54,2016.21,0.57,1012.462,43.182,8.0,44.0
il2ra_site1_1z92_normal_mot_HHH_b1_05118_af2_000000199_0001_39_52_H___HHH_b2_07080_af2_0001_0000500027_0000001_0,IL2Ra,0,Bennet paper IL2Ra prospective,54.0,0.464,0.642,0.223,0.578,0.82,0.82,0.74,9.581,1.5,0.303,0.586,4.42,9.79,-46.89,-2.41,1945.21,0.55,0.63,0.0,9.0,0.53,-37.08,-2.14,1728.95,0.67,1055.594,33.333,8.0,48.0
il2ra_site1_1z92_normal_mot_HHH_b1_07537_af2_000000083_0001_43_56_H___HHH_b1_04022_af2_0001_0000200015_0000001_0_af2pred_0001_af2pred_1,IL2Ra,0,Bennet paper IL2Ra prospective,56.0,0.509,0.64,0.232,0.576,0.84,0.84,0.75,9.741,1.3,0.275,0.609,5.0,10.25,-47.11,-2.66,1773.14,0.69,0.64,0.14,8.0,0.63,-45.93,-2.4,1909.68,0.66,1014.879,43.75,12.0,48.0
il2ra_site1_1z92_normal_mot_HHH_b2_01414_000000212_0001_23_40_H___HHH_b2_03837_0001_0000200013_0000001_0_af2pred_0001_af2pred_1,IL2Ra,0,Bennet paper IL2Ra prospective,56.0,0.018,0.052,0.015,0.164,0.41,0.43,0.64,17.361,6.0,0.153,0.065,20.62,31.9,-33.04,-2.3,1438.04,0.52,0.65,0.07,4.0,0.73,-51.08,-2.85,1790.64,0.63,761.09,42.105,4.0,38.0
il2ra_site1_1z92_normal_mot_HHH_b2_01902_af2_000000252_0001_25_40_H___HHH_b2_05321_0001_0000200026_0000001_0,IL2Ra,0,Bennet paper IL2Ra prospective,57.0,0.359,0.452,0.175,0.456,0.78,0.79,0.74,10.58,2.5,0.437,0.568,4.57,7.88,-65.62,-3.78,1734.01,0.77,0.66,0.12,8.0,0.7,-51.47,-2.72,1888.85,0.67,923.813,44.444,7.0,45.0
il2ra_site1_1z92_normal_mot_HHH_b2_01902_af2_000000252_0001_25_40_H___HHH_b2_07470_0001_0000100017_0000001_0_af2pred_0001_af2pred,IL2Ra,0,Bennet paper IL2Ra prospective,55.0,0.014,0.014,0.012,0.081,0.29,0.31,0.61,19.781,25.0,0.107,0.03,8.16,10.54,-53.07,-2.99,1777.28,0.69,0.66,0.09,9.0,0.67,-44.73,-2.59,1724.55,0.63,901.245,44.444,9.0,45.0
il2ra_site1_1z92_normal_mot_HHH_b2_03374_af2_000000197_0001_1_19_H___HHH_b1_06808_0001_0000200013_0000001_0,IL2Ra,0,Bennet paper IL2Ra prospective,54.0,0.407,0.693,0.201,0.48,0.77,0.78,0.75,10.401,1.2,0.242,0.714,12.43,17.56,-46.55,-3.3,1410.22,0.69,0.66,0.12,8.0,0.69,-61.57,-3.36,1832.65,0.7,702.41,38.235,4.0,34.0
il2ra_site1_1z92_normal_mot_HHH_b2_05164_af2_000000137_0001_39_50_H___HHH_b1_04287_af2_0001_0000500033_0000001_0,IL2Ra,0,Bennet paper IL2Ra prospective,52.0,0.594,0.701,0.27,0.624,0.88,0.88,0.77,8.756,1.2,0.256,0.747,4.77,9.18,-47.27,-2.89,1632.88,0.73,0.69,0.08,7.0,0.61,-53.07,-2.66,1995.85,0.59,953.435,38.298,9.0,47.0
il2ra_site1_1z92_normal_mot_ae822554cddc87a57d04fcdb10ee4bf1_0001_1_000000099_0001_1_12_H___HHH_b2_01712_0001_0000100004_0000001_0,IL2Ra,0,Bennet paper IL2Ra prospective,56.0,0.339,0.482,0.177,0.442,0.75,0.76,0.73,10.985,2.2,0.366,0.442,7.71,10.14,-67.44,-2.95,2288.09,0.71,0.68,0.03,16.0,0.59,-55.2,-2.83,1950.44,0.66,1124.875,35.294,17.0,51.0
il2ra_site1_1z92_normal_mot_c9a8daa1dfea21d1414aecde54be4f54_0001_1_af2_000000024_0001_32_46_H___86e43a77a489429e2f53cc35fed9f0aa_0001_1_af2_0001_0000200014_0000001_1,IL2Ra,0,Bennet paper IL2Ra prospective,65.0,0.052,0.063,0.017,0.16,0.46,0.48,0.64,15.546,5.0,0.235,0.091,7.09,11.0,-50.36,-2.99,1682.14,0.7,0.67,0.13,6.0,0.55,-51.31,-3.06,1678.3,0.64,879.981,43.182,5.0,44.0
il2ra_site1_1z92_sap_14_mot_cda1634bf71a07e6bb6bfbc1e51fcdca_0001_af2_000000299_0001_1_14_H___HHH_b1_03988_0001_0000300022_0000001_0_0001_af2pred_0001_af2pred_1_swapped,IL2Ra,0,Bennet paper IL2Ra prospective,65.0,0.194,0.351,0.104,0.343,0.64,0.65,0.7,12.374,3.2,0.38,0.304,4.34,6.83,-46.96,-2.3,2042.92,0.61,0.59,0.23,9.0,0.61,-57.43,-2.93,1962.82,0.62,1023.729,47.059,10.0,51.0
il2ra_site1_1z92_sap_15_mot_HHH_b2_03658_000000138_0001_39_56_H___HHH_b2_00767_0001_0000100004_0000001_0_0001_af2pred_0001_af2pred_1,IL2Ra,0,Bennet paper IL2Ra prospective,65.0,0.704,0.751,0.359,0.646,0.9,0.9,0.79,8.443,1.1,0.488,0.865,4.19,7.3,-57.78,-3.13,1843.68,0.58,0.66,0.23,11.0,0.6,-63.05,-3.14,2007.16,0.61,894.01,39.535,11.0,43.0
il2ra_site1_1z92_sap_16_mot_ems_3hM_2197_000000181_0001_1_19_H___HHH_b1_04507_af2_0001_0000800028_0000001_0_0001_af2pred_0001_af2pred_1,IL2Ra,0,Bennet paper IL2Ra prospective,65.0,0.136,0.185,0.065,0.212,0.52,0.56,0.67,14.628,4.4,0.17,0.105,5.89,9.09,-42.95,-2.62,1639.63,0.68,0.6,0.21,5.0,0.67,-54.11,-2.56,2112.74,0.64,952.468,40.426,7.0,47.0
il2ra_site1_1z92_sap_17_mot_HHH_b1_00368_000000203_0001_23_39_H___HHH_b2_03798_0001_0000300020_0000001_1_0001_af2pred_0001_af2pred_1,IL2Ra,0,Bennet paper IL2Ra prospective,55.0,0.606,0.749,0.315,0.644,0.87,0.88,0.77,8.796,1.1,0.473,0.719,8.93,13.83,-73.69,-3.31,2226.65,0.69,0.66,0.0,15.0,0.56,-51.65,-2.69,1921.67,0.58,1126.724,34.615,8.0,52.0
il2ra_site1_1z92_sap_18_mot_HHH_b1_00927_000000000_0001_42_56_H___HHH_b1_02043_0001_0000100003_0000001_0_0001,IL2Ra,0,Bennet paper IL2Ra prospective,65.0,0.262,0.416,0.155,0.327,0.66,0.66,0.71,12.34,2.7,0.344,0.251,5.7,10.11,-61.06,-2.73,2235.33,0.61,0.65,0.24,13.0,0.65,-57.99,-3.09,1878.69,0.68,1100.664,43.86,11.0,57.0
il2ra_site1_1z92_sap_18_mot_HHH_b1_02756_000000071_0001_20_37_H___HHH_b2_08260_af2_0001_0000300017_0000001_0_0001_af2pred_0001_af2pred_1,IL2Ra,0,Bennet paper IL2Ra prospective,65.0,0.012,0.012,0.011,0.047,0.32,0.35,0.61,18.704,25.0,0.205,0.025,7.36,13.29,-43.62,-2.32,1883.78,0.59,0.63,0.11,8.0,0.61,-51.64,-2.65,1950.42,0.53,1061.161,44.643,13.0,56.0
il2ra_site1_1z92_sap_18_mot_HHH_b1_05118_af2_000000199_0001_39_52_H___HHH_b2_02507_0001_0000700027_0000001_0_0001_af2pred_0001_af2pred,IL2Ra,0,Bennet paper IL2Ra prospective,65.0,0.188,0.292,0.099,0.317,0.6,0.62,0.69,12.549,3.7,0.085,0.31,6.32,7.7,-37.49,-2.6,1441.44,0.54,0.66,0.25,11.0,0.66,-28.36,-2.42,1172.94,0.58,823.811,41.026,11.0,39.0
il2ra_site1_1z92_sap_19_mot_00a0fa73c9dbd8f1f8571bd9de0225d9_0001_af2_000000011_0001_1_12_H___00f30cc23cac9283997a0e2eb419e367_0001_af2_0001_0000100001_0000001_0_0001,IL2Ra,0,Bennet paper IL2Ra prospective,55.0,0.013,0.013,0.012,0.058,0.24,0.27,0.6,20.704,25.0,0.086,0.021,20.3,23.68,-36.38,-2.09,1741.3,0.57,0.55,0.28,7.0,0.74,-56.2,-3.04,1847.33,0.69,893.963,37.778,8.0,45.0
il2ra_site1_1z92_sap_19_mot_HHH_b1_06519_000000232_0001_23_40_H___HHH_b2_02374_0001_0000400018_0000001_0_0001_af2pred_0001_af2pred_1_swapped,IL2Ra,0,Bennet paper IL2Ra prospective,65.0,0.538,0.664,0.276,0.578,0.83,0.83,0.76,9.49,1.5,0.356,0.694,5.92,9.91,-57.23,-3.17,1805.15,0.65,0.66,0.14,11.0,0.63,-54.57,-2.87,1898.97,0.56,926.825,45.455,14.0,44.0
il2ra_site1_1z92_sap_20_mot_01209686ea234b34325f918445e6eade_0001_af2_000000144_0001_18_33_H___HHH_b2_05677_0001_0000400033_0000001_0_0001,IL2Ra,0,Bennet paper IL2Ra prospective,65.0,0.603,0.708,0.312,0.611,0.85,0.86,0.77,9.075,1.3,0.449,0.698,5.82,7.94,-65.49,-2.95,2223.48,0.58,0.65,0.14,17.0,0.58,-52.87,-2.5,2112.97,0.55,1083.49,36.0,15.0,50.0
il2ra_site1_1z92_sap_20_mot_0d89ad2be31940e41b8548213a5e2889_0001_000000090_0001_19_33_H___170279623b3219226b9a8ffbe09ff086_0001_1_af2_0002_0000100002_0000001_0_0001_af2pred_0001_af2pred,IL2Ra,0,Bennet paper IL2Ra prospective,56.0,0.173,0.34,0.101,0.341,0.7,0.7,0.72,11.995,3.3,0.202,0.408,9.13,11.35,-44.16,-2.94,1503.56,0.71,0.75,0.17,7.0,0.63,-40.02,-2.77,1442.46,0.7,702.847,51.351,6.0,37.0
il2ra_site1_1z92_sap_21_mot_35b94aac26684153dbcc4bf06a514b74_0001_1_000000068_0001_35_49_H___HEEHE_2006_af2_0001_0000400023_0000001_0_0001_af2pred_0001_af2pred,IL2Ra,0,Bennet paper IL2Ra prospective,56.0,0.344,0.467,0.172,0.453,0.76,0.77,0.74,10.934,2.4,0.428,0.487,4.85,9.65,-58.11,-2.82,2061.26,0.58,0.71,0.08,17.0,0.54,-49.84,-2.58,1928.36,0.59,1123.884,32.692,15.0,52.0
il2ra_site1_1z92_sap_23_mot_7cd355b931c3777444dbab6abe2c9f76_0001_000000112_0001_52_65_H___HEEHE_2292_0001_0000700021_0000001_0_0001_af2pred_0001_af2pred,IL2Ra,0,Bennet paper IL2Ra prospective,56.0,0.588,0.725,0.282,0.616,0.86,0.87,0.77,9.248,1.2,0.281,0.676,8.45,12.46,-48.2,-2.85,1692.61,0.71,0.58,0.12,7.0,0.62,-42.73,-2.47,1729.6,0.61,941.688,41.304,7.0,46.0
il2ra_site1_1z92_sap_29_mot_HHH_b2_05274_af2_000000237_0001_23_40_H___HHH_b1_05027_0001_0000100001_0000001_0_0001,IL2Ra,0,Bennet paper IL2Ra prospective,65.0,0.118,0.232,0.06,0.224,0.48,0.52,0.65,14.957,4.2,0.135,0.13,5.87,9.91,-63.54,-3.5,1814.29,0.69,0.64,0.13,16.0,0.63,-62.43,-3.08,2024.33,0.63,906.905,42.553,12.0,47.0
il2ra_site1_2b5i_normal_mot_0e5a94e4a5addaac739760efb25f0f5d_0001_000000246_0001_18_32_H___ems_3hC_807_af2_0001_0000200008_0000001_0_af2pred_dldesign_0_af2pred,IL2Ra,0,Bennet paper IL2Ra prospective,63.0,0.528,0.666,0.262,0.574,0.82,0.83,0.76,9.328,1.4,0.219,0.75,3.54,9.93,-40.63,-2.29,1775.73,0.6,0.66,0.13,6.0,0.56,-38.0,-1.99,1906.06,0.68,865.481,37.209,10.0,43.0
il2ra_site1_2b5i_normal_mot_0e5a94e4a5addaac739760efb25f0f5d_0001_000000289_0001_18_32_H___9d357ee8e4c3001c8713547a749ea8a2_0001_1_0001_0000200010_0000001_1_af2pred_dldesign_0_af2pred,IL2Ra,0,Bennet paper IL2Ra prospective,65.0,0.507,0.626,0.26,0.563,0.81,0.82,0.75,9.736,1.5,0.197,0.736,3.03,6.39,-41.26,-2.6,1589.63,0.63,0.62,0.3,10.0,0.62,-31.99,-2.2,1452.47,0.68,866.559,34.884,13.0,43.0
il2ra_site1_2b5i_normal_mot_22370d59370c406a0c205a431f537cfa_0001_af2_000000027_0001_1_31_H___HHH_b1_08295_0002_0000400052_0000001_0_af2pred_dldesign_0_af2pred,IL2Ra,0,Bennet paper IL2Ra prospective,58.0,0.613,0.73,0.279,0.601,0.88,0.88,0.77,8.742,1.1,0.456,0.765,1.54,3.22,-57.03,-3.02,1890.15,0.63,0.71,0.21,15.0,0.56,-49.73,-2.68,1857.31,0.65,902.305,37.037,15.0,54.0
il2ra_site1_2b5i_normal_mot_2cbe48e66a1f39b3fed734b245ab0a04_0001_000000015_0001_17_31_H___HHH_b1_00812_0001_0000200015_0000001_0_af2pred_dldesign_0_af2pred,IL2Ra,0,Bennet paper IL2Ra prospective,55.0,0.134,0.227,0.075,0.252,0.61,0.61,0.7,13.048,5.8,0.127,0.227,4.16,6.57,-32.54,-2.06,1578.5,0.65,0.66,0.34,3.0,0.73,-41.33,-2.41,1714.75,0.67,716.372,43.243,8.0,37.0
il2ra_site1_2b5i_normal_mot_HHH_b1_01495_af2_000000272_0001_42_56_H___HHH_b2_06515_af2_0001_0000200004_0000001_0,IL2Ra,0,Bennet paper IL2Ra prospective,56.0,0.691,0.793,0.347,0.665,0.91,0.91,0.79,8.365,1.0,0.428,0.804,3.1,6.34,-53.88,-2.74,1967.62,0.68,0.66,0.16,14.0,0.74,-56.58,-2.74,2061.44,0.7,1109.863,38.0,13.0,50.0
il2ra_site1_2b5i_normal_mot_HHH_b1_05188_af2_000000065_0001_43_56_H___HHH_b2_06122_af2_0001_0000500034_0000001_1,IL2Ra,0,Bennet paper IL2Ra prospective,57.0,0.684,0.781,0.342,0.656,0.91,0.9,0.79,8.588,1.0,0.519,0.771,5.69,10.91,-50.48,-2.21,2285.43,0.68,0.63,0.04,13.0,0.61,-48.13,-2.23,2153.63,0.63,1246.541,33.333,16.0,60.0
il2ra_site1_2b5i_normal_mot_HHH_b2_04910_000000118_0001_1_19_H___HHH_b1_00058_af2_0001_0000900023_0000001_0,IL2Ra,0,Bennet paper IL2Ra prospective,56.0,0.561,0.699,0.273,0.614,0.86,0.86,0.76,8.913,1.4,0.491,0.724,3.56,9.29,-39.17,-2.0,1960.51,0.6,0.72,0.12,8.0,0.61,-46.94,-2.28,2060.82,0.61,1091.013,37.037,6.0,54.0
il2ra_site1_2b5i_normal_mot_HHH_b2_04910_000000118_0001_1_19_H___HHH_b1_03377_af2_0001_0000100001_0000001_0_af2pred_dldesign_0_af2pred,IL2Ra,0,Bennet paper IL2Ra prospective,56.0,0.114,0.228,0.063,0.282,0.52,0.52,0.67,13.421,4.1,0.252,0.164,4.45,9.58,-37.75,-2.18,1732.71,0.61,0.73,0.19,5.0,0.56,-45.8,-2.44,1878.43,0.66,950.021,37.5,6.0,48.0
il2ra_site1_2b5i_normal_mot_HHH_b2_04910_000000118_0001_1_19_H___HHH_b1_03439_af2_0001_0000500022_0000001_0,IL2Ra,0,Bennet paper IL2Ra prospective,57.0,0.625,0.76,0.313,0.64,0.89,0.89,0.78,8.713,1.2,0.54,0.755,3.09,8.68,-50.79,-2.45,2072.51,0.63,0.65,0.14,11.0,0.44,-37.62,-1.91,1970.92,0.58,1047.102,39.623,13.0,53.0
il2ra_site1_2b5i_normal_mot_HHH_b2_04910_000000118_0001_1_19_H___HHH_b1_03439_af2_0001_0000500022_0000001_0_af2pred_dldesign_0_af2pred,IL2Ra,0,Bennet paper IL2Ra prospective,57.0,0.67,0.768,0.337,0.656,0.9,0.9,0.78,8.395,1.0,0.546,0.813,4.8,9.78,-56.24,-2.68,2095.78,0.69,0.67,0.19,13.0,0.61,-48.03,-2.41,1996.83,0.66,1104.591,41.176,14.0,51.0
il2ra_site1_2b5i_normal_mot_HHH_b2_04910_000000118_0001_1_19_H___HHH_b1_06851_af2_0001_0000100003_0000001_0_af2pred_dldesign_0_af2pred,IL2Ra,0,Bennet paper IL2Ra prospective,57.0,0.541,0.705,0.272,0.606,0.85,0.84,0.76,9.155,1.5,0.462,0.719,5.29,9.04,-47.15,-2.7,1746.17,0.6,0.69,0.19,6.0,0.67,-50.08,-2.56,1954.81,0.7,991.829,45.098,9.0,51.0
il2ra_site1_2b5i_normal_mot_HHH_b2_04910_000000118_0001_1_19_H___HHH_b1_08541_0001_0000600030_0000001_0_af2pred_dldesign_0_af2pred,IL2Ra,0,Bennet paper IL2Ra prospective,57.0,0.502,0.635,0.247,0.586,0.83,0.83,0.75,9.428,1.5,0.429,0.646,5.83,9.92,-47.01,-2.29,2051.14,0.61,0.65,0.17,11.0,0.57,-47.31,-2.19,2163.26,0.61,1098.872,42.857,11.0,49.0
il2ra_site1_2b5i_normal_mot_HHH_b2_04910_000000118_0001_1_19_H___HHH_b2_01555_af2_0001_0000200005_0000001_0_af2pred_dldesign_0_af2pred,IL2Ra,0,Bennet paper IL2Ra prospective,52.0,0.519,0.703,0.255,0.615,0.85,0.86,0.75,8.977,1.4,0.461,0.753,4.17,8.1,-54.11,-2.75,1964.85,0.7,0.67,0.17,10.0,0.62,-45.34,-2.69,1686.07,0.71,1003.269,44.681,11.0,47.0
il2ra_site1_2b5i_normal_mot_HHH_b2_04910_000000118_0001_1_19_H___HHH_b2_05178_0001_0000300014_0000001_0_af2pred_0001_af2pred,IL2Ra,0,Bennet paper IL2Ra prospective,56.0,0.473,0.669,0.246,0.588,0.83,0.83,0.76,9.313,1.5,0.394,0.752,4.33,9.25,-46.2,-2.72,1699.48,0.7,0.62,0.11,6.0,0.68,-61.27,-2.89,2118.66,0.74,960.021,36.364,12.0,44.0
il2ra_site1_2b5i_normal_mot_HHH_b2_06557_000000121_0001_42_56_H___375b083c3fa73620112447366e1c9e02_0001_1_0001_0000200028_0000001_0_af2pred_0001_af2pred,IL2Ra,0,Bennet paper IL2Ra prospective,65.0,0.56,0.699,0.29,0.593,0.85,0.84,0.76,9.487,1.3,0.399,0.747,4.59,8.7,-57.69,-2.8,2063.43,0.63,0.54,0.09,12.0,0.69,-53.3,-2.81,1893.46,0.61,1049.337,39.583,8.0,48.0
il2ra_site1_2b5i_normal_mot_HHH_b2_07920_000000157_0001_21_37_H___HHH_b2_02995_0001_0000100001_0000001_0_af2pred_dldesign_0_af2pred,IL2Ra,0,Bennet paper IL2Ra prospective,57.0,0.112,0.163,0.062,0.233,0.52,0.56,0.67,13.647,4.5,0.332,0.123,4.1,9.66,-51.63,-2.6,1986.81,0.63,0.68,0.31,10.0,0.6,-50.26,-2.27,2212.91,0.64,1043.296,43.137,10.0,51.0
il2ra_site1_2b5i_normal_mot_f5ff40796168375b462bec8614a1db4a_0001_1_000000138_0001_53_65_H___56b0b67d579d3eef2422ecd748522aa9_0001_0001_0000300038_0000001_0_af2pred_dldesign_0_af2pred,IL2Ra,0,Bennet paper IL2Ra prospective,65.0,0.393,0.58,0.197,0.495,0.77,0.78,0.74,10.373,1.8,0.162,0.754,3.82,8.24,-35.27,-2.62,1343.87,0.68,0.64,0.17,5.0,0.63,-39.24,-2.23,1762.39,0.62,686.423,35.294,7.0,34.0
il2ra_site1_2b5i_normal_mot_f5ff40796168375b462bec8614a1db4a_0001_1_000000138_0001_53_65_H___HHH_b1_07632_af2_0001_0000100004_0000001_0,IL2Ra,0,Bennet paper IL2Ra prospective,57.0,0.016,0.017,0.014,0.165,0.36,0.36,0.63,17.228,5.9,0.071,0.082,4.2,8.41,-24.79,-2.34,1060.32,0.62,0.66,0.17,5.0,0.68,-45.14,-2.56,1765.15,0.62,625.738,27.273,2.0,33.0
il2ra_site1_2b5i_sap_10_mot_HHH_b1_08157_af2_000000055_0001_42_55_H___HHH_b2_07786_af2_0001_0000400028_0000001_0_0001_af2pred_dldesign_0_af2pred,IL2Ra,0,Bennet paper IL2Ra prospective,55.0,0.131,0.301,0.066,0.301,0.59,0.6,0.69,12.927,3.4,0.167,0.366,4.69,9.43,-39.22,-2.59,1515.75,0.62,0.64,0.16,7.0,0.61,-30.35,-2.21,1375.2,0.69,879.401,28.571,10.0,42.0
il2ra_site1_2b5i_sap_11_mot_HHH_b1_01329_000000121_0001_1_19_H___HHH_b2_01541_0001_0000100002_0000001_1_0001_af2pred_dldesign_0_af2pred,IL2Ra,0,Bennet paper IL2Ra prospective,52.0,0.0,0.0,0.0,0.0,0.28,0.3,0.61,20.331,25.0,0.0,0.0,6.78,11.46,-30.71,-2.15,1428.58,0.65,0.71,0.18,5.0,0.65,-37.19,-2.29,1621.96,0.6,872.41,37.5,8.0,40.0
il2ra_site1_2b5i_sap_11_mot_HHH_b2_04633_000000097_0001_38_52_H___HHH_b2_06295_af2_0001_0000500028_0000001_0_0001_af2pred_dldesign_0_af2pred,IL2Ra,0,Bennet paper IL2Ra prospective,56.0,0.405,0.601,0.208,0.552,0.79,0.8,0.74,9.787,1.6,0.224,0.679,3.78,8.57,-39.5,-2.5,1582.79,0.74,0.52,0.28,6.0,0.7,-36.86,-2.25,1638.32,0.69,778.692,39.024,4.0,41.0
il2ra_site1_2b5i_sap_11_mot_HHH_b2_05260_af2_000000278_0001_1_17_H___HHH_b1_05687_0001_0000100015_0000001_1_0001_af2pred_dldesign_0_af2pred,IL2Ra,0,Bennet paper IL2Ra prospective,56.0,0.223,0.366,0.126,0.346,0.64,0.65,0.7,11.966,2.9,0.19,0.31,3.26,8.46,-41.78,-2.69,1555.3,0.54,0.59,0.27,8.0,0.62,-34.27,-1.79,1919.27,0.72,732.188,39.474,6.0,38.0
il2ra_site1_2b5i_sap_11_mot_cba4a12813b7fa75393bef4156802a3b_0001_af2_000000277_0001_36_50_H___HHH_b2_07873_0001_0000200007_0000001_0_0001_af2pred_dldesign_0_af2pred,IL2Ra,0,Bennet paper IL2Ra prospective,56.0,0.543,0.667,0.252,0.593,0.84,0.85,0.75,9.257,1.3,0.259,0.729,6.56,11.29,-39.8,-2.85,1395.63,0.58,0.63,0.27,6.0,0.65,-45.52,-2.8,1628.61,0.68,755.326,34.286,4.0,35.0
il2ra_site1_2b5i_sap_12_mot_HHH_b1_02616_af2_000000095_0001_3_18_H___HHH_b1_02194_0001_0000600035_0000001_0_0001_af2pred_0001_af2pred_1,IL2Ra,0,Bennet paper IL2Ra prospective,56.0,0.576,0.716,0.259,0.595,0.87,0.87,0.77,9.356,1.2,0.419,0.668,4.52,9.04,-60.53,-2.74,2207.07,0.65,0.73,0.12,14.0,0.64,-57.85,-3.04,1904.16,0.68,1104.853,34.694,15.0,49.0
il2ra_site1_2b5i_sap_13_mot_0e5a94e4a5addaac739760efb25f0f5d_0001_000000246_0001_18_32_H___82bec63df566f723086b918040f44202_0001_0001_0000200008_0000001_0_0001_af2pred_dldesign_0_af2pred,IL2Ra,0,Bennet paper IL2Ra prospective,56.0,0.077,0.109,0.026,0.194,0.48,0.51,0.66,14.947,5.2,0.246,0.11,5.74,10.53,-40.35,-2.16,1867.53,0.62,0.66,0.26,10.0,0.62,-45.96,-2.08,2207.23,0.71,971.835,35.556,5.0,45.0
il2ra_site1_2b5i_sap_16_mot_HHH_b1_01346_af2_000000027_0001_1_20_H___HHH_b1_01815_0001_0000500021_0000001_0_0001_af2pred_dldesign_0_af2pred,IL2Ra,0,Bennet paper IL2Ra prospective,57.0,0.454,0.547,0.196,0.535,0.81,0.82,0.73,9.999,1.5,0.236,0.598,5.27,10.5,-52.63,-2.63,1998.61,0.65,0.55,0.19,9.0,0.56,-45.42,-2.41,1886.81,0.57,1077.632,37.778,12.0,45.0
il2ra_site1_2b5i_sap_17_mot_HHH_b2_04373_af2_000000166_0001_1_14_H___8c5f9a2dfccdb4cb7998294fcbbf5e8a_0001_0001_0000200012_0000001_0_0001,IL2Ra,0,Bennet paper IL2Ra prospective,57.0,0.327,0.49,0.169,0.488,0.72,0.74,0.72,10.502,2.2,0.337,0.561,3.84,9.03,-61.21,-3.02,2023.73,0.71,0.71,0.08,12.0,0.62,-43.02,-2.08,2066.42,0.72,942.351,39.583,6.0,48.0
il2ra_site1_2b5i_sap_18_mot_0d834090f7fba59af90d965c6e866d42_0001_1_000000125_0001_35_49_H___HHH_b2_04370_af2_0001_0000500031_0000001_0_0001_af2pred_dldesign_0_af2pred,IL2Ra,0,Bennet paper IL2Ra prospective,57.0,0.626,0.721,0.283,0.608,0.88,0.89,0.77,8.948,1.1,0.431,0.838,2.9,6.59,-47.55,-2.54,1868.65,0.65,0.71,0.36,11.0,0.53,-33.92,-1.99,1703.98,0.66,959.328,38.776,15.0,49.0
il2ra_site1_2b5i_sap_19_mot_HHH_b2_06055_af2_000000048_0001_1_19_H___HHH_b1_03387_af2_0001_0000400021_0000001_0_0001_af2pred_dldesign_0_af2pred,IL2Ra,0,Bennet paper IL2Ra prospective,55.0,0.234,0.428,0.11,0.402,0.72,0.73,0.71,11.333,2.3,0.374,0.523,2.89,7.34,-55.03,-2.97,1852.33,0.6,0.72,0.05,13.0,0.64,-30.29,-1.77,1712.07,0.73,1006.78,37.255,11.0,51.0
il2ra_site1_2b5i_sap_20_mot_HHH_b1_01934_af2_000000023_0001_42_56_H___317e649a6280ec284eb7dfe5badee235_0001_af2_0001_0000600013_0000001_0_0001_af2pred_dldesign_0_af2pred,IL2Ra,0,Bennet paper IL2Ra prospective,56.0,0.44,0.612,0.222,0.564,0.8,0.81,0.74,9.896,1.6,0.366,0.66,4.38,7.73,-60.31,-3.18,1898.02,0.74,0.63,0.04,12.0,0.65,-53.42,-2.54,2100.92,0.68,1056.415,36.0,13.0,50.0
il2ra_site1_2b5i_sap_23_mot_88fc943612ced423dcb009f6e7ca9834_0001_000000059_0001_52_65_H___60fb664799c350b0a0cf2d90b88ec500_0001_0001_0000500036_0000001_0_0001_af2pred_dldesign_0_af2pred,IL2Ra,0,Bennet paper IL2Ra prospective,56.0,0.371,0.551,0.194,0.538,0.75,0.76,0.72,10.075,2.0,0.28,0.521,5.54,9.19,-33.49,-2.09,1601.71,0.7,0.67,0.21,8.0,0.63,-38.72,-2.01,1922.58,0.59,901.705,38.636,10.0,44.0
il2ra_site1_2b5i_sap_25_mot_HHH_b2_01943_000000094_0001_43_57_H___1445894803054b7e88127b9d9774255a_0001_0001_0000100003_0000001_0_0001_af2pred_dldesign_0_af2pred,IL2Ra,0,Bennet paper IL2Ra prospective,57.0,0.111,0.207,0.058,0.235,0.54,0.55,0.67,13.42,4.4,0.169,0.184,5.13,11.75,-34.82,-1.97,1767.41,0.58,0.61,0.44,8.0,0.67,-37.07,-2.02,1835.13,0.69,910.641,41.667,6.0,48.0
il2ra_site1_2b5i_sap_8_mot_HHH_b2_07920_000000157_0001_21_37_H___HHH_b1_08163_0001_0000600024_0000001_0_0001,IL2Ra,0,Bennet paper IL2Ra prospective,57.0,0.63,0.759,0.315,0.641,0.88,0.89,0.77,8.686,1.1,0.527,0.775,3.09,8.09,-44.68,-2.11,2117.3,0.64,0.7,0.15,15.0,0.61,-54.28,-2.44,2224.27,0.69,1095.925,44.231,13.0,52.0
